<gpx xmlns:ns3="http://www.garmin.com/xmlschemas/TrackPointExtension/v1" xmlns="http://www.topografix.com/GPX/1/1" xmlns:xsi="http://www.w3.org/2001/XMLSchema-instance" xmlns:ns2="http://www.garmin.com/xmlschemas/GpxExtensions/v3" creator="Garmin Connect" version="1.1" xsi:schemaLocation="http://www.topografix.com/GPX/1/1 http://www.topografix.com/GPX/11.xsd">
  <extensions>
<distance>8951.8</distance>
<average_hr>134.0</average_hr>
<average_speed>5.738999843597412</average_speed>
<start_time>2024-10-18T00:27:33+00:00</start_time>
<end_time>2024-10-18T00:53:32.701000+00:00</end_time>
<moving_time>1508.627</moving_time>
<elapsed_time>1675.699</elapsed_time>
</extensions>
<metadata>
    <link href="connect.garmin.com">
      <text>Garmin Connect</text>
    </link>
    <time>2024-10-18T00:27:33.000Z</time>
  </metadata>
  <trk>
    <name>深圳市 骑行</name>
    <type>cycling</type>
    <trkseg>
      <trkpt lat="22.58919208310544490814208984375" lon="114.25840786658227443695068359375">
        <ele>13.19999980926513671875</ele>
        <time>2024-10-18T00:27:33.000Z</time>
        <extensions>
          <ns3:TrackPointExtension>
            <ns3:atemp>32.0</ns3:atemp>
            <ns3:hr>93</ns3:hr>
          </ns3:TrackPointExtension>
        </extensions>
      </trkpt>
      <trkpt lat="22.5891953520476818084716796875" lon="114.25838691182434558868408203125">
        <ele>13.19999980926513671875</ele>
        <time>2024-10-18T00:27:34.000Z</time>
        <extensions>
          <ns3:TrackPointExtension>
            <ns3:atemp>32.0</ns3:atemp>
            <ns3:hr>93</ns3:hr>
          </ns3:TrackPointExtension>
        </extensions>
      </trkpt>
      <trkpt lat="22.5891453959047794342041015625" lon="114.2583786137402057647705078125">
        <ele>13.3999996185302734375</ele>
        <time>2024-10-18T00:27:35.000Z</time>
        <extensions>
          <ns3:TrackPointExtension>
            <ns3:atemp>32.0</ns3:atemp>
            <ns3:hr>92</ns3:hr>
          </ns3:TrackPointExtension>
        </extensions>
      </trkpt>
      <trkpt lat="22.58911714889109134674072265625" lon="114.2583960480988025665283203125">
        <ele>13.3999996185302734375</ele>
        <time>2024-10-18T00:27:36.000Z</time>
        <extensions>
          <ns3:TrackPointExtension>
            <ns3:atemp>32.0</ns3:atemp>
            <ns3:hr>92</ns3:hr>
          </ns3:TrackPointExtension>
        </extensions>
      </trkpt>
      <trkpt lat="22.5890642590820789337158203125" lon="114.25840652547776699066162109375">
        <ele>13.6000003814697265625</ele>
        <time>2024-10-18T00:27:37.000Z</time>
        <extensions>
          <ns3:TrackPointExtension>
            <ns3:atemp>32.0</ns3:atemp>
            <ns3:hr>93</ns3:hr>
          </ns3:TrackPointExtension>
        </extensions>
      </trkpt>
      <trkpt lat="22.58901589550077915191650390625" lon="114.2583923600614070892333984375">
        <ele>13.6000003814697265625</ele>
        <time>2024-10-18T00:27:38.000Z</time>
        <extensions>
          <ns3:TrackPointExtension>
            <ns3:atemp>32.0</ns3:atemp>
            <ns3:hr>95</ns3:hr>
          </ns3:TrackPointExtension>
        </extensions>
      </trkpt>
      <trkpt lat="22.58897666819393634796142578125" lon="114.258367717266082763671875">
        <ele>13.3999996185302734375</ele>
        <time>2024-10-18T00:27:39.000Z</time>
        <extensions>
          <ns3:TrackPointExtension>
            <ns3:atemp>32.0</ns3:atemp>
            <ns3:hr>98</ns3:hr>
          </ns3:TrackPointExtension>
        </extensions>
      </trkpt>
      <trkpt lat="22.5889573059976100921630859375" lon="114.2583236284554004669189453125">
        <ele>13.3999996185302734375</ele>
        <time>2024-10-18T00:27:40.000Z</time>
        <extensions>
          <ns3:TrackPointExtension>
            <ns3:atemp>32.0</ns3:atemp>
            <ns3:hr>100</ns3:hr>
          </ns3:TrackPointExtension>
        </extensions>
      </trkpt>
      <trkpt lat="22.5889663584530353546142578125" lon="114.258281886577606201171875">
        <ele>13.3999996185302734375</ele>
        <time>2024-10-18T00:27:41.000Z</time>
        <extensions>
          <ns3:TrackPointExtension>
            <ns3:atemp>32.0</ns3:atemp>
            <ns3:hr>103</ns3:hr>
          </ns3:TrackPointExtension>
        </extensions>
      </trkpt>
      <trkpt lat="22.588978596031665802001953125" lon="114.25824768841266632080078125">
        <ele>13.3999996185302734375</ele>
        <time>2024-10-18T00:27:42.000Z</time>
        <extensions>
          <ns3:TrackPointExtension>
            <ns3:atemp>32.0</ns3:atemp>
            <ns3:hr>105</ns3:hr>
          </ns3:TrackPointExtension>
        </extensions>
      </trkpt>
      <trkpt lat="22.5889911688864231109619140625" lon="114.25821307115256786346435546875">
        <ele>13.6000003814697265625</ele>
        <time>2024-10-18T00:27:43.000Z</time>
        <extensions>
          <ns3:TrackPointExtension>
            <ns3:atemp>32.0</ns3:atemp>
            <ns3:hr>107</ns3:hr>
          </ns3:TrackPointExtension>
        </extensions>
      </trkpt>
      <trkpt lat="22.58900432847440242767333984375" lon="114.25817652605473995208740234375">
        <ele>13.6000003814697265625</ele>
        <time>2024-10-18T00:27:44.000Z</time>
        <extensions>
          <ns3:TrackPointExtension>
            <ns3:atemp>32.0</ns3:atemp>
            <ns3:hr>108</ns3:hr>
          </ns3:TrackPointExtension>
        </extensions>
      </trkpt>
      <trkpt lat="22.5890206731855869293212890625" lon="114.25813847221434116363525390625">
        <ele>13.6000003814697265625</ele>
        <time>2024-10-18T00:27:45.000Z</time>
        <extensions>
          <ns3:TrackPointExtension>
            <ns3:atemp>32.0</ns3:atemp>
            <ns3:hr>107</ns3:hr>
          </ns3:TrackPointExtension>
        </extensions>
      </trkpt>
      <trkpt lat="22.5890397839248180389404296875" lon="114.25809186883270740509033203125">
        <ele>13.3999996185302734375</ele>
        <time>2024-10-18T00:27:46.000Z</time>
        <extensions>
          <ns3:TrackPointExtension>
            <ns3:atemp>32.0</ns3:atemp>
            <ns3:hr>106</ns3:hr>
          </ns3:TrackPointExtension>
        </extensions>
      </trkpt>
      <trkpt lat="22.58905931375920772552490234375" lon="114.2580463550984859466552734375">
        <ele>13.19999980926513671875</ele>
        <time>2024-10-18T00:27:47.000Z</time>
        <extensions>
          <ns3:TrackPointExtension>
            <ns3:atemp>32.0</ns3:atemp>
            <ns3:hr>105</ns3:hr>
          </ns3:TrackPointExtension>
        </extensions>
      </trkpt>
      <trkpt lat="22.58907976560294628143310546875" lon="114.25800285302102565765380859375">
        <ele>13</ele>
        <time>2024-10-18T00:27:48.000Z</time>
        <extensions>
          <ns3:TrackPointExtension>
            <ns3:atemp>32.0</ns3:atemp>
            <ns3:hr>103</ns3:hr>
          </ns3:TrackPointExtension>
        </extensions>
      </trkpt>
      <trkpt lat="22.58909870870411396026611328125" lon="114.257965385913848876953125">
        <ele>12.80000019073486328125</ele>
        <time>2024-10-18T00:27:49.000Z</time>
        <extensions>
          <ns3:TrackPointExtension>
            <ns3:atemp>32.0</ns3:atemp>
            <ns3:hr>102</ns3:hr>
          </ns3:TrackPointExtension>
        </extensions>
      </trkpt>
      <trkpt lat="22.58912066929042339324951171875" lon="114.25792691297829151153564453125">
        <ele>12.3999996185302734375</ele>
        <time>2024-10-18T00:27:50.000Z</time>
        <extensions>
          <ns3:TrackPointExtension>
            <ns3:atemp>32.0</ns3:atemp>
            <ns3:hr>100</ns3:hr>
          </ns3:TrackPointExtension>
        </extensions>
      </trkpt>
      <trkpt lat="22.58914514444768428802490234375" lon="114.25789539702236652374267578125">
        <ele>12.3999996185302734375</ele>
        <time>2024-10-18T00:27:51.000Z</time>
        <extensions>
          <ns3:TrackPointExtension>
            <ns3:atemp>32.0</ns3:atemp>
            <ns3:hr>99</ns3:hr>
          </ns3:TrackPointExtension>
        </extensions>
      </trkpt>
      <trkpt lat="22.5891769118607044219970703125" lon="114.25787963904440402984619140625">
        <ele>12.19999980926513671875</ele>
        <time>2024-10-18T00:27:52.000Z</time>
        <extensions>
          <ns3:TrackPointExtension>
            <ns3:atemp>32.0</ns3:atemp>
            <ns3:hr>98</ns3:hr>
          </ns3:TrackPointExtension>
        </extensions>
      </trkpt>
      <trkpt lat="22.5892070867121219635009765625" lon="114.25788885913789272308349609375">
        <ele>11.80000019073486328125</ele>
        <time>2024-10-18T00:27:53.000Z</time>
        <extensions>
          <ns3:TrackPointExtension>
            <ns3:atemp>32.0</ns3:atemp>
            <ns3:hr>97</ns3:hr>
          </ns3:TrackPointExtension>
        </extensions>
      </trkpt>
      <trkpt lat="22.5892384350299835205078125" lon="114.2578927986323833465576171875">
        <ele>11.6000003814697265625</ele>
        <time>2024-10-18T00:27:54.000Z</time>
        <extensions>
          <ns3:TrackPointExtension>
            <ns3:atemp>32.0</ns3:atemp>
            <ns3:hr>96</ns3:hr>
          </ns3:TrackPointExtension>
        </extensions>
      </trkpt>
      <trkpt lat="22.5892761535942554473876953125" lon="114.257903359830379486083984375">
        <ele>11.6000003814697265625</ele>
        <time>2024-10-18T00:27:55.000Z</time>
        <extensions>
          <ns3:TrackPointExtension>
            <ns3:atemp>32.0</ns3:atemp>
            <ns3:hr>95</ns3:hr>
          </ns3:TrackPointExtension>
        </extensions>
      </trkpt>
      <trkpt lat="22.58931420743465423583984375" lon="114.2579159326851367950439453125">
        <ele>11.6000003814697265625</ele>
        <time>2024-10-18T00:27:56.000Z</time>
        <extensions>
          <ns3:TrackPointExtension>
            <ns3:atemp>32.0</ns3:atemp>
            <ns3:hr>95</ns3:hr>
          </ns3:TrackPointExtension>
        </extensions>
      </trkpt>
      <trkpt lat="22.58935485966503620147705078125" lon="114.257935546338558197021484375">
        <ele>11.3999996185302734375</ele>
        <time>2024-10-18T00:27:57.000Z</time>
        <extensions>
          <ns3:TrackPointExtension>
            <ns3:atemp>32.0</ns3:atemp>
            <ns3:hr>95</ns3:hr>
          </ns3:TrackPointExtension>
        </extensions>
      </trkpt>
      <trkpt lat="22.589405737817287445068359375" lon="114.25795339979231357574462890625">
        <ele>11.19999980926513671875</ele>
        <time>2024-10-18T00:27:58.000Z</time>
        <extensions>
          <ns3:TrackPointExtension>
            <ns3:atemp>32.0</ns3:atemp>
            <ns3:hr>94</ns3:hr>
          </ns3:TrackPointExtension>
        </extensions>
      </trkpt>
      <trkpt lat="22.5894518382847309112548828125" lon="114.2579829879105091094970703125">
        <ele>11.19999980926513671875</ele>
        <time>2024-10-18T00:27:59.000Z</time>
        <extensions>
          <ns3:TrackPointExtension>
            <ns3:atemp>32.0</ns3:atemp>
            <ns3:hr>93</ns3:hr>
          </ns3:TrackPointExtension>
        </extensions>
      </trkpt>
      <trkpt lat="22.589503638446331024169921875" lon="114.25800637342035770416259765625">
        <ele>11</ele>
        <time>2024-10-18T00:28:00.000Z</time>
        <extensions>
          <ns3:TrackPointExtension>
            <ns3:atemp>32.0</ns3:atemp>
            <ns3:hr>92</ns3:hr>
          </ns3:TrackPointExtension>
        </extensions>
      </trkpt>
      <trkpt lat="22.5895540975034236907958984375" lon="114.2580339498817920684814453125">
        <ele>10.3999996185302734375</ele>
        <time>2024-10-18T00:28:01.000Z</time>
        <extensions>
          <ns3:TrackPointExtension>
            <ns3:atemp>32.0</ns3:atemp>
            <ns3:hr>91</ns3:hr>
          </ns3:TrackPointExtension>
        </extensions>
      </trkpt>
      <trkpt lat="22.58960816077888011932373046875" lon="114.258064292371273040771484375">
        <ele>10.19999980926513671875</ele>
        <time>2024-10-18T00:28:02.000Z</time>
        <extensions>
          <ns3:TrackPointExtension>
            <ns3:atemp>32.0</ns3:atemp>
            <ns3:hr>90</ns3:hr>
          </ns3:TrackPointExtension>
        </extensions>
      </trkpt>
      <trkpt lat="22.58966599591076374053955078125" lon="114.2580902762711048126220703125">
        <ele>10.19999980926513671875</ele>
        <time>2024-10-18T00:28:03.000Z</time>
        <extensions>
          <ns3:TrackPointExtension>
            <ns3:atemp>32.0</ns3:atemp>
            <ns3:hr>91</ns3:hr>
          </ns3:TrackPointExtension>
        </extensions>
      </trkpt>
      <trkpt lat="22.58972500450909137725830078125" lon="114.2581236362457275390625">
        <ele>10</ele>
        <time>2024-10-18T00:28:04.000Z</time>
        <extensions>
          <ns3:TrackPointExtension>
            <ns3:atemp>32.0</ns3:atemp>
            <ns3:hr>91</ns3:hr>
          </ns3:TrackPointExtension>
        </extensions>
      </trkpt>
      <trkpt lat="22.58978418074548244476318359375" lon="114.25815372727811336517333984375">
        <ele>10</ele>
        <time>2024-10-18T00:28:05.000Z</time>
        <extensions>
          <ns3:TrackPointExtension>
            <ns3:atemp>32.0</ns3:atemp>
            <ns3:hr>91</ns3:hr>
          </ns3:TrackPointExtension>
        </extensions>
      </trkpt>
      <trkpt lat="22.58983665145933628082275390625" lon="114.2581880092620849609375">
        <ele>9.80000019073486328125</ele>
        <time>2024-10-18T00:28:06.000Z</time>
        <extensions>
          <ns3:TrackPointExtension>
            <ns3:atemp>32.0</ns3:atemp>
            <ns3:hr>91</ns3:hr>
          </ns3:TrackPointExtension>
        </extensions>
      </trkpt>
      <trkpt lat="22.58987906388938426971435546875" lon="114.25823285244405269622802734375">
        <ele>9.80000019073486328125</ele>
        <time>2024-10-18T00:28:07.000Z</time>
        <extensions>
          <ns3:TrackPointExtension>
            <ns3:atemp>32.0</ns3:atemp>
            <ns3:hr>91</ns3:hr>
          </ns3:TrackPointExtension>
        </extensions>
      </trkpt>
      <trkpt lat="22.589909322559833526611328125" lon="114.25828984938561916351318359375">
        <ele>9.80000019073486328125</ele>
        <time>2024-10-18T00:28:08.000Z</time>
        <extensions>
          <ns3:TrackPointExtension>
            <ns3:atemp>32.0</ns3:atemp>
            <ns3:hr>92</ns3:hr>
          </ns3:TrackPointExtension>
        </extensions>
      </trkpt>
      <trkpt lat="22.589936815202236175537109375" lon="114.25834701396524906158447265625">
        <ele>9.80000019073486328125</ele>
        <time>2024-10-18T00:28:09.000Z</time>
        <extensions>
          <ns3:TrackPointExtension>
            <ns3:atemp>32.0</ns3:atemp>
            <ns3:hr>92</ns3:hr>
          </ns3:TrackPointExtension>
        </extensions>
      </trkpt>
      <trkpt lat="22.58995081298053264617919921875" lon="114.25841289572417736053466796875">
        <ele>9.80000019073486328125</ele>
        <time>2024-10-18T00:28:10.000Z</time>
        <extensions>
          <ns3:TrackPointExtension>
            <ns3:atemp>32.0</ns3:atemp>
            <ns3:hr>93</ns3:hr>
          </ns3:TrackPointExtension>
        </extensions>
      </trkpt>
      <trkpt lat="22.5899463705718517303466796875" lon="114.2584785260260105133056640625">
        <ele>9.80000019073486328125</ele>
        <time>2024-10-18T00:28:11.000Z</time>
        <extensions>
          <ns3:TrackPointExtension>
            <ns3:atemp>32.0</ns3:atemp>
            <ns3:hr>94</ns3:hr>
          </ns3:TrackPointExtension>
        </extensions>
      </trkpt>
      <trkpt lat="22.58993371389806270599365234375" lon="114.2585385404527187347412109375">
        <ele>9.80000019073486328125</ele>
        <time>2024-10-18T00:28:12.000Z</time>
        <extensions>
          <ns3:TrackPointExtension>
            <ns3:atemp>32.0</ns3:atemp>
            <ns3:hr>94</ns3:hr>
          </ns3:TrackPointExtension>
        </extensions>
      </trkpt>
      <trkpt lat="22.5899182073771953582763671875" lon="114.2585975490510463714599609375">
        <ele>9.80000019073486328125</ele>
        <time>2024-10-18T00:28:13.000Z</time>
        <extensions>
          <ns3:TrackPointExtension>
            <ns3:atemp>32.0</ns3:atemp>
            <ns3:hr>94</ns3:hr>
          </ns3:TrackPointExtension>
        </extensions>
      </trkpt>
      <trkpt lat="22.589899934828281402587890625" lon="114.2586545459926128387451171875">
        <ele>9.6000003814697265625</ele>
        <time>2024-10-18T00:28:14.000Z</time>
        <extensions>
          <ns3:TrackPointExtension>
            <ns3:atemp>32.0</ns3:atemp>
            <ns3:hr>94</ns3:hr>
          </ns3:TrackPointExtension>
        </extensions>
      </trkpt>
      <trkpt lat="22.5898794829845428466796875" lon="114.25871162675321102142333984375">
        <ele>9.19999980926513671875</ele>
        <time>2024-10-18T00:28:15.000Z</time>
        <extensions>
          <ns3:TrackPointExtension>
            <ns3:atemp>32.0</ns3:atemp>
            <ns3:hr>94</ns3:hr>
          </ns3:TrackPointExtension>
        </extensions>
      </trkpt>
      <trkpt lat="22.58985727094113826751708984375" lon="114.2587682045996189117431640625">
        <ele>8.80000019073486328125</ele>
        <time>2024-10-18T00:28:16.000Z</time>
        <extensions>
          <ns3:TrackPointExtension>
            <ns3:atemp>32.0</ns3:atemp>
            <ns3:hr>95</ns3:hr>
          </ns3:TrackPointExtension>
        </extensions>
      </trkpt>
      <trkpt lat="22.58983321487903594970703125" lon="114.25883064977824687957763671875">
        <ele>8.6000003814697265625</ele>
        <time>2024-10-18T00:28:17.000Z</time>
        <extensions>
          <ns3:TrackPointExtension>
            <ns3:atemp>32.0</ns3:atemp>
            <ns3:hr>95</ns3:hr>
          </ns3:TrackPointExtension>
        </extensions>
      </trkpt>
      <trkpt lat="22.58980899117887020111083984375" lon="114.2588915862143039703369140625">
        <ele>8.6000003814697265625</ele>
        <time>2024-10-18T00:28:18.000Z</time>
        <extensions>
          <ns3:TrackPointExtension>
            <ns3:atemp>32.0</ns3:atemp>
            <ns3:hr>96</ns3:hr>
          </ns3:TrackPointExtension>
        </extensions>
      </trkpt>
      <trkpt lat="22.5897824205458164215087890625" lon="114.25895067863166332244873046875">
        <ele>8.3999996185302734375</ele>
        <time>2024-10-18T00:28:19.000Z</time>
        <extensions>
          <ns3:TrackPointExtension>
            <ns3:atemp>32.0</ns3:atemp>
            <ns3:hr>96</ns3:hr>
          </ns3:TrackPointExtension>
        </extensions>
      </trkpt>
      <trkpt lat="22.5897566042840480804443359375" lon="114.2590139620006084442138671875">
        <ele>8.3999996185302734375</ele>
        <time>2024-10-18T00:28:20.000Z</time>
        <extensions>
          <ns3:TrackPointExtension>
            <ns3:atemp>32.0</ns3:atemp>
            <ns3:hr>97</ns3:hr>
          </ns3:TrackPointExtension>
        </extensions>
      </trkpt>
      <trkpt lat="22.5897321291267871856689453125" lon="114.259078502655029296875">
        <ele>8.19999980926513671875</ele>
        <time>2024-10-18T00:28:21.000Z</time>
        <extensions>
          <ns3:TrackPointExtension>
            <ns3:atemp>32.0</ns3:atemp>
            <ns3:hr>97</ns3:hr>
          </ns3:TrackPointExtension>
        </extensions>
      </trkpt>
      <trkpt lat="22.58971008472144603729248046875" lon="114.2591403611004352569580078125">
        <ele>8.19999980926513671875</ele>
        <time>2024-10-18T00:28:22.000Z</time>
        <extensions>
          <ns3:TrackPointExtension>
            <ns3:atemp>31.0</ns3:atemp>
            <ns3:hr>98</ns3:hr>
          </ns3:TrackPointExtension>
        </extensions>
      </trkpt>
      <trkpt lat="22.589684687554836273193359375" lon="114.25920230336487293243408203125">
        <ele>8.19999980926513671875</ele>
        <time>2024-10-18T00:28:23.000Z</time>
        <extensions>
          <ns3:TrackPointExtension>
            <ns3:atemp>31.0</ns3:atemp>
            <ns3:hr>99</ns3:hr>
          </ns3:TrackPointExtension>
        </extensions>
      </trkpt>
      <trkpt lat="22.58966214023530483245849609375" lon="114.25925888121128082275390625">
        <ele>8.19999980926513671875</ele>
        <time>2024-10-18T00:28:24.000Z</time>
        <extensions>
          <ns3:TrackPointExtension>
            <ns3:atemp>32.0</ns3:atemp>
            <ns3:hr>100</ns3:hr>
          </ns3:TrackPointExtension>
        </extensions>
      </trkpt>
      <trkpt lat="22.58964336477220058441162109375" lon="114.25931914709508419036865234375">
        <ele>8.19999980926513671875</ele>
        <time>2024-10-18T00:28:25.000Z</time>
        <extensions>
          <ns3:TrackPointExtension>
            <ns3:atemp>31.0</ns3:atemp>
            <ns3:hr>101</ns3:hr>
          </ns3:TrackPointExtension>
        </extensions>
      </trkpt>
      <trkpt lat="22.58961855433881282806396484375" lon="114.25937849096953868865966796875">
        <ele>8.3999996185302734375</ele>
        <time>2024-10-18T00:28:26.000Z</time>
        <extensions>
          <ns3:TrackPointExtension>
            <ns3:atemp>32.0</ns3:atemp>
            <ns3:hr>102</ns3:hr>
          </ns3:TrackPointExtension>
        </extensions>
      </trkpt>
      <trkpt lat="22.5895899720489978790283203125" lon="114.2594397626817226409912109375">
        <ele>8.80000019073486328125</ele>
        <time>2024-10-18T00:28:27.000Z</time>
        <extensions>
          <ns3:TrackPointExtension>
            <ns3:atemp>32.0</ns3:atemp>
            <ns3:hr>103</ns3:hr>
          </ns3:TrackPointExtension>
        </extensions>
      </trkpt>
      <trkpt lat="22.589563317596912384033203125" lon="114.25949986092746257781982421875">
        <ele>8.80000019073486328125</ele>
        <time>2024-10-18T00:28:28.000Z</time>
        <extensions>
          <ns3:TrackPointExtension>
            <ns3:atemp>31.0</ns3:atemp>
            <ns3:hr>103</ns3:hr>
          </ns3:TrackPointExtension>
        </extensions>
      </trkpt>
      <trkpt lat="22.58953775279223918914794921875" lon="114.25955702550709247589111328125">
        <ele>8.80000019073486328125</ele>
        <time>2024-10-18T00:28:29.000Z</time>
        <extensions>
          <ns3:TrackPointExtension>
            <ns3:atemp>32.0</ns3:atemp>
            <ns3:hr>104</ns3:hr>
          </ns3:TrackPointExtension>
        </extensions>
      </trkpt>
      <trkpt lat="22.58951562456786632537841796875" lon="114.259615279734134674072265625">
        <ele>8.80000019073486328125</ele>
        <time>2024-10-18T00:28:30.000Z</time>
        <extensions>
          <ns3:TrackPointExtension>
            <ns3:atemp>31.0</ns3:atemp>
            <ns3:hr>104</ns3:hr>
          </ns3:TrackPointExtension>
        </extensions>
      </trkpt>
      <trkpt lat="22.5894920714199542999267578125" lon="114.2596737854182720184326171875">
        <ele>8.6000003814697265625</ele>
        <time>2024-10-18T00:28:31.000Z</time>
        <extensions>
          <ns3:TrackPointExtension>
            <ns3:atemp>32.0</ns3:atemp>
            <ns3:hr>104</ns3:hr>
          </ns3:TrackPointExtension>
        </extensions>
      </trkpt>
      <trkpt lat="22.5894686020910739898681640625" lon="114.25973321311175823211669921875">
        <ele>8.3999996185302734375</ele>
        <time>2024-10-18T00:28:32.000Z</time>
        <extensions>
          <ns3:TrackPointExtension>
            <ns3:atemp>31.0</ns3:atemp>
            <ns3:hr>104</ns3:hr>
          </ns3:TrackPointExtension>
        </extensions>
      </trkpt>
      <trkpt lat="22.589443288743495941162109375" lon="114.259793646633625030517578125">
        <ele>8.3999996185302734375</ele>
        <time>2024-10-18T00:28:33.000Z</time>
        <extensions>
          <ns3:TrackPointExtension>
            <ns3:atemp>31.0</ns3:atemp>
            <ns3:hr>104</ns3:hr>
          </ns3:TrackPointExtension>
        </extensions>
      </trkpt>
      <trkpt lat="22.58941520936787128448486328125" lon="114.25984921865165233612060546875">
        <ele>8.19999980926513671875</ele>
        <time>2024-10-18T00:28:34.000Z</time>
        <extensions>
          <ns3:TrackPointExtension>
            <ns3:atemp>31.0</ns3:atemp>
            <ns3:hr>105</ns3:hr>
          </ns3:TrackPointExtension>
        </extensions>
      </trkpt>
      <trkpt lat="22.58938637562096118927001953125" lon="114.25990269519388675689697265625">
        <ele>8.19999980926513671875</ele>
        <time>2024-10-18T00:28:35.000Z</time>
        <extensions>
          <ns3:TrackPointExtension>
            <ns3:atemp>31.0</ns3:atemp>
            <ns3:hr>106</ns3:hr>
          </ns3:TrackPointExtension>
        </extensions>
      </trkpt>
      <trkpt lat="22.589362151920795440673828125" lon="114.25995633937418460845947265625">
        <ele>8.19999980926513671875</ele>
        <time>2024-10-18T00:28:36.000Z</time>
        <extensions>
          <ns3:TrackPointExtension>
            <ns3:atemp>31.0</ns3:atemp>
            <ns3:hr>108</ns3:hr>
          </ns3:TrackPointExtension>
        </extensions>
      </trkpt>
      <trkpt lat="22.5893403589725494384765625" lon="114.26000847481191158294677734375">
        <ele>8.3999996185302734375</ele>
        <time>2024-10-18T00:28:37.000Z</time>
        <extensions>
          <ns3:TrackPointExtension>
            <ns3:atemp>31.0</ns3:atemp>
            <ns3:hr>110</ns3:hr>
          </ns3:TrackPointExtension>
        </extensions>
      </trkpt>
      <trkpt lat="22.5893143750727176666259765625" lon="114.26006077788770198822021484375">
        <ele>8.3999996185302734375</ele>
        <time>2024-10-18T00:28:38.000Z</time>
        <extensions>
          <ns3:TrackPointExtension>
            <ns3:atemp>31.0</ns3:atemp>
            <ns3:hr>112</ns3:hr>
          </ns3:TrackPointExtension>
        </extensions>
      </trkpt>
      <trkpt lat="22.58928629569709300994873046875" lon="114.2601071298122406005859375">
        <ele>8.6000003814697265625</ele>
        <time>2024-10-18T00:28:39.000Z</time>
        <extensions>
          <ns3:TrackPointExtension>
            <ns3:atemp>31.0</ns3:atemp>
            <ns3:hr>114</ns3:hr>
          </ns3:TrackPointExtension>
        </extensions>
      </trkpt>
      <trkpt lat="22.58927070535719394683837890625" lon="114.2601575888693332672119140625">
        <ele>8.80000019073486328125</ele>
        <time>2024-10-18T00:28:40.000Z</time>
        <extensions>
          <ns3:TrackPointExtension>
            <ns3:atemp>31.0</ns3:atemp>
            <ns3:hr>114</ns3:hr>
          </ns3:TrackPointExtension>
        </extensions>
      </trkpt>
      <trkpt lat="22.5892671011388301849365234375" lon="114.26021114923059940338134765625">
        <ele>8.80000019073486328125</ele>
        <time>2024-10-18T00:28:41.000Z</time>
        <extensions>
          <ns3:TrackPointExtension>
            <ns3:atemp>31.0</ns3:atemp>
            <ns3:hr>114</ns3:hr>
          </ns3:TrackPointExtension>
        </extensions>
      </trkpt>
      <trkpt lat="22.58927355520427227020263671875" lon="114.26027082838118076324462890625">
        <ele>8.80000019073486328125</ele>
        <time>2024-10-18T00:28:42.000Z</time>
        <extensions>
          <ns3:TrackPointExtension>
            <ns3:atemp>31.0</ns3:atemp>
            <ns3:hr>114</ns3:hr>
          </ns3:TrackPointExtension>
        </extensions>
      </trkpt>
      <trkpt lat="22.589281685650348663330078125" lon="114.26033042371273040771484375">
        <ele>8.80000019073486328125</ele>
        <time>2024-10-18T00:28:43.000Z</time>
        <extensions>
          <ns3:TrackPointExtension>
            <ns3:atemp>31.0</ns3:atemp>
            <ns3:hr>114</ns3:hr>
          </ns3:TrackPointExtension>
        </extensions>
      </trkpt>
      <trkpt lat="22.5892920792102813720703125" lon="114.2603909410536289215087890625">
        <ele>8.80000019073486328125</ele>
        <time>2024-10-18T00:28:44.000Z</time>
        <extensions>
          <ns3:TrackPointExtension>
            <ns3:atemp>31.0</ns3:atemp>
            <ns3:hr>114</ns3:hr>
          </ns3:TrackPointExtension>
        </extensions>
      </trkpt>
      <trkpt lat="22.58930088020861148834228515625" lon="114.26044835709035396575927734375">
        <ele>9</ele>
        <time>2024-10-18T00:28:45.000Z</time>
        <extensions>
          <ns3:TrackPointExtension>
            <ns3:atemp>31.0</ns3:atemp>
            <ns3:hr>114</ns3:hr>
          </ns3:TrackPointExtension>
        </extensions>
      </trkpt>
      <trkpt lat="22.5893049873411655426025390625" lon="114.26050753332674503326416015625">
        <ele>9</ele>
        <time>2024-10-18T00:28:46.000Z</time>
        <extensions>
          <ns3:TrackPointExtension>
            <ns3:atemp>31.0</ns3:atemp>
            <ns3:hr>114</ns3:hr>
          </ns3:TrackPointExtension>
        </extensions>
      </trkpt>
      <trkpt lat="22.589313201606273651123046875" lon="114.2605626024305820465087890625">
        <ele>9</ele>
        <time>2024-10-18T00:28:47.000Z</time>
        <extensions>
          <ns3:TrackPointExtension>
            <ns3:atemp>31.0</ns3:atemp>
            <ns3:hr>113</ns3:hr>
          </ns3:TrackPointExtension>
        </extensions>
      </trkpt>
      <trkpt lat="22.5893081724643707275390625" lon="114.260615408420562744140625">
        <ele>9</ele>
        <time>2024-10-18T00:28:48.000Z</time>
        <extensions>
          <ns3:TrackPointExtension>
            <ns3:atemp>31.0</ns3:atemp>
            <ns3:hr>109</ns3:hr>
          </ns3:TrackPointExtension>
        </extensions>
      </trkpt>
      <trkpt lat="22.58929048664867877960205078125" lon="114.2606618441641330718994140625">
        <ele>9</ele>
        <time>2024-10-18T00:28:49.000Z</time>
        <extensions>
          <ns3:TrackPointExtension>
            <ns3:atemp>31.0</ns3:atemp>
            <ns3:hr>108</ns3:hr>
          </ns3:TrackPointExtension>
        </extensions>
      </trkpt>
      <trkpt lat="22.58927187882363796234130859375" lon="114.26070970483124256134033203125">
        <ele>9</ele>
        <time>2024-10-18T00:28:50.000Z</time>
        <extensions>
          <ns3:TrackPointExtension>
            <ns3:atemp>31.0</ns3:atemp>
            <ns3:hr>108</ns3:hr>
          </ns3:TrackPointExtension>
        </extensions>
      </trkpt>
      <trkpt lat="22.5892531871795654296875" lon="114.26076360046863555908203125">
        <ele>9</ele>
        <time>2024-10-18T00:28:51.000Z</time>
        <extensions>
          <ns3:TrackPointExtension>
            <ns3:atemp>31.0</ns3:atemp>
            <ns3:hr>108</ns3:hr>
          </ns3:TrackPointExtension>
        </extensions>
      </trkpt>
      <trkpt lat="22.58922879584133625030517578125" lon="114.260814227163791656494140625">
        <ele>8.80000019073486328125</ele>
        <time>2024-10-18T00:28:52.000Z</time>
        <extensions>
          <ns3:TrackPointExtension>
            <ns3:atemp>31.0</ns3:atemp>
            <ns3:hr>107</ns3:hr>
          </ns3:TrackPointExtension>
        </extensions>
      </trkpt>
      <trkpt lat="22.58920691907405853271484375" lon="114.260868541896343231201171875">
        <ele>8.80000019073486328125</ele>
        <time>2024-10-18T00:28:53.000Z</time>
        <extensions>
          <ns3:TrackPointExtension>
            <ns3:atemp>31.0</ns3:atemp>
            <ns3:hr>107</ns3:hr>
          </ns3:TrackPointExtension>
        </extensions>
      </trkpt>
      <trkpt lat="22.589186131954193115234375" lon="114.2609247006475925445556640625">
        <ele>8.6000003814697265625</ele>
        <time>2024-10-18T00:28:54.000Z</time>
        <extensions>
          <ns3:TrackPointExtension>
            <ns3:atemp>31.0</ns3:atemp>
            <ns3:hr>107</ns3:hr>
          </ns3:TrackPointExtension>
        </extensions>
      </trkpt>
      <trkpt lat="22.5891635008156299591064453125" lon="114.2609806917607784271240234375">
        <ele>8.6000003814697265625</ele>
        <time>2024-10-18T00:28:55.000Z</time>
        <extensions>
          <ns3:TrackPointExtension>
            <ns3:atemp>31.0</ns3:atemp>
            <ns3:hr>107</ns3:hr>
          </ns3:TrackPointExtension>
        </extensions>
      </trkpt>
      <trkpt lat="22.5891445577144622802734375" lon="114.2610343359410762786865234375">
        <ele>8.6000003814697265625</ele>
        <time>2024-10-18T00:28:56.000Z</time>
        <extensions>
          <ns3:TrackPointExtension>
            <ns3:atemp>31.0</ns3:atemp>
            <ns3:hr>108</ns3:hr>
          </ns3:TrackPointExtension>
        </extensions>
      </trkpt>
      <trkpt lat="22.58911832235753536224365234375" lon="114.26108353771269321441650390625">
        <ele>8.6000003814697265625</ele>
        <time>2024-10-18T00:28:57.000Z</time>
        <extensions>
          <ns3:TrackPointExtension>
            <ns3:atemp>31.0</ns3:atemp>
            <ns3:hr>108</ns3:hr>
          </ns3:TrackPointExtension>
        </extensions>
      </trkpt>
      <trkpt lat="22.589089907705783843994140625" lon="114.2611302249133586883544921875">
        <ele>8.6000003814697265625</ele>
        <time>2024-10-18T00:28:58.000Z</time>
        <extensions>
          <ns3:TrackPointExtension>
            <ns3:atemp>31.0</ns3:atemp>
            <ns3:hr>108</ns3:hr>
          </ns3:TrackPointExtension>
        </extensions>
      </trkpt>
      <trkpt lat="22.5890625827014446258544921875" lon="114.2611828632652759552001953125">
        <ele>8.6000003814697265625</ele>
        <time>2024-10-18T00:28:59.000Z</time>
        <extensions>
          <ns3:TrackPointExtension>
            <ns3:atemp>31.0</ns3:atemp>
            <ns3:hr>108</ns3:hr>
          </ns3:TrackPointExtension>
        </extensions>
      </trkpt>
      <trkpt lat="22.589042969048023223876953125" lon="114.2612443864345550537109375">
        <ele>8.3999996185302734375</ele>
        <time>2024-10-18T00:29:00.000Z</time>
        <extensions>
          <ns3:TrackPointExtension>
            <ns3:atemp>31.0</ns3:atemp>
            <ns3:hr>108</ns3:hr>
          </ns3:TrackPointExtension>
        </extensions>
      </trkpt>
      <trkpt lat="22.58902964182198047637939453125" lon="114.26130197010934352874755859375">
        <ele>8.6000003814697265625</ele>
        <time>2024-10-18T00:29:01.000Z</time>
        <extensions>
          <ns3:TrackPointExtension>
            <ns3:atemp>31.0</ns3:atemp>
            <ns3:hr>108</ns3:hr>
          </ns3:TrackPointExtension>
        </extensions>
      </trkpt>
      <trkpt lat="22.5890129618346691131591796875" lon="114.2613528482615947723388671875">
        <ele>8.6000003814697265625</ele>
        <time>2024-10-18T00:29:02.000Z</time>
        <extensions>
          <ns3:TrackPointExtension>
            <ns3:atemp>31.0</ns3:atemp>
            <ns3:hr>108</ns3:hr>
          </ns3:TrackPointExtension>
        </extensions>
      </trkpt>
      <trkpt lat="22.5889884866774082183837890625" lon="114.2613997869193553924560546875">
        <ele>8.3999996185302734375</ele>
        <time>2024-10-18T00:29:03.000Z</time>
        <extensions>
          <ns3:TrackPointExtension>
            <ns3:atemp>31.0</ns3:atemp>
            <ns3:hr>108</ns3:hr>
          </ns3:TrackPointExtension>
        </extensions>
      </trkpt>
      <trkpt lat="22.58896283805370330810546875" lon="114.26145167089998722076416015625">
        <ele>8.3999996185302734375</ele>
        <time>2024-10-18T00:29:04.000Z</time>
        <extensions>
          <ns3:TrackPointExtension>
            <ns3:atemp>31.0</ns3:atemp>
            <ns3:hr>109</ns3:hr>
          </ns3:TrackPointExtension>
        </extensions>
      </trkpt>
      <trkpt lat="22.58893442340195178985595703125" lon="114.26150397397577762603759765625">
        <ele>8.3999996185302734375</ele>
        <time>2024-10-18T00:29:05.000Z</time>
        <extensions>
          <ns3:TrackPointExtension>
            <ns3:atemp>31.0</ns3:atemp>
            <ns3:hr>110</ns3:hr>
          </ns3:TrackPointExtension>
        </extensions>
      </trkpt>
      <trkpt lat="22.58890542201697826385498046875" lon="114.261562563478946685791015625">
        <ele>8.19999980926513671875</ele>
        <time>2024-10-18T00:29:06.000Z</time>
        <extensions>
          <ns3:TrackPointExtension>
            <ns3:atemp>31.0</ns3:atemp>
            <ns3:hr>111</ns3:hr>
          </ns3:TrackPointExtension>
        </extensions>
      </trkpt>
      <trkpt lat="22.5888765044510364532470703125" lon="114.26161981187760829925537109375">
        <ele>8.19999980926513671875</ele>
        <time>2024-10-18T00:29:07.000Z</time>
        <extensions>
          <ns3:TrackPointExtension>
            <ns3:atemp>31.0</ns3:atemp>
            <ns3:hr>112</ns3:hr>
          </ns3:TrackPointExtension>
        </extensions>
      </trkpt>
      <trkpt lat="22.58884926326572895050048828125" lon="114.261677563190460205078125">
        <ele>8.19999980926513671875</ele>
        <time>2024-10-18T00:29:08.000Z</time>
        <extensions>
          <ns3:TrackPointExtension>
            <ns3:atemp>31.0</ns3:atemp>
            <ns3:hr>114</ns3:hr>
          </ns3:TrackPointExtension>
        </extensions>
      </trkpt>
      <trkpt lat="22.58882059715688228607177734375" lon="114.26173833198845386505126953125">
        <ele>7.80000019073486328125</ele>
        <time>2024-10-18T00:29:09.000Z</time>
        <extensions>
          <ns3:TrackPointExtension>
            <ns3:atemp>31.0</ns3:atemp>
            <ns3:hr>116</ns3:hr>
          </ns3:TrackPointExtension>
        </extensions>
      </trkpt>
      <trkpt lat="22.58879578672349452972412109375" lon="114.261800944805145263671875">
        <ele>7.80000019073486328125</ele>
        <time>2024-10-18T00:29:10.000Z</time>
        <extensions>
          <ns3:TrackPointExtension>
            <ns3:atemp>31.0</ns3:atemp>
            <ns3:hr>117</ns3:hr>
          </ns3:TrackPointExtension>
        </extensions>
      </trkpt>
      <trkpt lat="22.58877374231815338134765625" lon="114.26186841912567615509033203125">
        <ele>7.80000019073486328125</ele>
        <time>2024-10-18T00:29:11.000Z</time>
        <extensions>
          <ns3:TrackPointExtension>
            <ns3:atemp>31.0</ns3:atemp>
            <ns3:hr>117</ns3:hr>
          </ns3:TrackPointExtension>
        </extensions>
      </trkpt>
      <trkpt lat="22.5887467525899410247802734375" lon="114.26193396560847759246826171875">
        <ele>7.599999904632568359375</ele>
        <time>2024-10-18T00:29:12.000Z</time>
        <extensions>
          <ns3:TrackPointExtension>
            <ns3:atemp>31.0</ns3:atemp>
            <ns3:hr>118</ns3:hr>
          </ns3:TrackPointExtension>
        </extensions>
      </trkpt>
      <trkpt lat="22.58871850557625293731689453125" lon="114.26199071109294891357421875">
        <ele>7.599999904632568359375</ele>
        <time>2024-10-18T00:29:13.000Z</time>
        <extensions>
          <ns3:TrackPointExtension>
            <ns3:atemp>31.0</ns3:atemp>
            <ns3:hr>118</ns3:hr>
          </ns3:TrackPointExtension>
        </extensions>
      </trkpt>
      <trkpt lat="22.58869989775121212005615234375" lon="114.26203991286456584930419921875">
        <ele>7.80000019073486328125</ele>
        <time>2024-10-18T00:29:14.000Z</time>
        <extensions>
          <ns3:TrackPointExtension>
            <ns3:atemp>31.0</ns3:atemp>
            <ns3:hr>118</ns3:hr>
          </ns3:TrackPointExtension>
        </extensions>
      </trkpt>
      <trkpt lat="22.58869168348610401153564453125" lon="114.2620793916285037994384765625">
        <ele>8</ele>
        <time>2024-10-18T00:29:15.000Z</time>
        <extensions>
          <ns3:TrackPointExtension>
            <ns3:atemp>31.0</ns3:atemp>
            <ns3:hr>118</ns3:hr>
          </ns3:TrackPointExtension>
        </extensions>
      </trkpt>
      <trkpt lat="22.58868061937391757965087890625" lon="114.262117110192775726318359375">
        <ele>8</ele>
        <time>2024-10-18T00:29:16.000Z</time>
        <extensions>
          <ns3:TrackPointExtension>
            <ns3:atemp>31.0</ns3:atemp>
            <ns3:hr>117</ns3:hr>
          </ns3:TrackPointExtension>
        </extensions>
      </trkpt>
      <trkpt lat="22.58866989053785800933837890625" lon="114.26214837469160556793212890625">
        <ele>8.19999980926513671875</ele>
        <time>2024-10-18T00:29:17.000Z</time>
        <extensions>
          <ns3:TrackPointExtension>
            <ns3:atemp>31.0</ns3:atemp>
            <ns3:hr>117</ns3:hr>
          </ns3:TrackPointExtension>
        </extensions>
      </trkpt>
      <trkpt lat="22.58867005817592144012451171875" lon="114.262184835970401763916015625">
        <ele>8.3999996185302734375</ele>
        <time>2024-10-18T00:29:18.000Z</time>
        <extensions>
          <ns3:TrackPointExtension>
            <ns3:atemp>31.0</ns3:atemp>
            <ns3:hr>117</ns3:hr>
          </ns3:TrackPointExtension>
        </extensions>
      </trkpt>
      <trkpt lat="22.58867391385138034820556640625" lon="114.26222615875303745269775390625">
        <ele>8.3999996185302734375</ele>
        <time>2024-10-18T00:29:19.000Z</time>
        <extensions>
          <ns3:TrackPointExtension>
            <ns3:atemp>31.0</ns3:atemp>
            <ns3:hr>116</ns3:hr>
          </ns3:TrackPointExtension>
        </extensions>
      </trkpt>
      <trkpt lat="22.5886682979762554168701171875" lon="114.2622684873640537261962890625">
        <ele>8.3999996185302734375</ele>
        <time>2024-10-18T00:29:20.000Z</time>
        <extensions>
          <ns3:TrackPointExtension>
            <ns3:atemp>31.0</ns3:atemp>
            <ns3:hr>116</ns3:hr>
          </ns3:TrackPointExtension>
        </extensions>
      </trkpt>
      <trkpt lat="22.5886498577892780303955078125" lon="114.26230989396572113037109375">
        <ele>8.19999980926513671875</ele>
        <time>2024-10-18T00:29:21.000Z</time>
        <extensions>
          <ns3:TrackPointExtension>
            <ns3:atemp>31.0</ns3:atemp>
            <ns3:hr>116</ns3:hr>
          </ns3:TrackPointExtension>
        </extensions>
      </trkpt>
      <trkpt lat="22.588628232479095458984375" lon="114.26235155202448368072509765625">
        <ele>8.19999980926513671875</ele>
        <time>2024-10-18T00:29:22.000Z</time>
        <extensions>
          <ns3:TrackPointExtension>
            <ns3:atemp>31.0</ns3:atemp>
            <ns3:hr>116</ns3:hr>
          </ns3:TrackPointExtension>
        </extensions>
      </trkpt>
      <trkpt lat="22.588609121739864349365234375" lon="114.26239044405519962310791015625">
        <ele>8.19999980926513671875</ele>
        <time>2024-10-18T00:29:23.000Z</time>
        <extensions>
          <ns3:TrackPointExtension>
            <ns3:atemp>31.0</ns3:atemp>
            <ns3:hr>116</ns3:hr>
          </ns3:TrackPointExtension>
        </extensions>
      </trkpt>
      <trkpt lat="22.5886002369225025177001953125" lon="114.26243537105619907379150390625">
        <ele>8.19999980926513671875</ele>
        <time>2024-10-18T00:29:24.000Z</time>
        <extensions>
          <ns3:TrackPointExtension>
            <ns3:atemp>31.0</ns3:atemp>
            <ns3:hr>116</ns3:hr>
          </ns3:TrackPointExtension>
        </extensions>
      </trkpt>
      <trkpt lat="22.58858489803969860076904296875" lon="114.26248080097138881683349609375">
        <ele>8.19999980926513671875</ele>
        <time>2024-10-18T00:29:25.000Z</time>
        <extensions>
          <ns3:TrackPointExtension>
            <ns3:atemp>31.0</ns3:atemp>
            <ns3:hr>116</ns3:hr>
          </ns3:TrackPointExtension>
        </extensions>
      </trkpt>
      <trkpt lat="22.58856075815856456756591796875" lon="114.26252271048724651336669921875">
        <ele>8.19999980926513671875</ele>
        <time>2024-10-18T00:29:26.000Z</time>
        <extensions>
          <ns3:TrackPointExtension>
            <ns3:atemp>31.0</ns3:atemp>
            <ns3:hr>117</ns3:hr>
          </ns3:TrackPointExtension>
        </extensions>
      </trkpt>
      <trkpt lat="22.588534690439701080322265625" lon="114.26256847567856311798095703125">
        <ele>8.19999980926513671875</ele>
        <time>2024-10-18T00:29:27.000Z</time>
        <extensions>
          <ns3:TrackPointExtension>
            <ns3:atemp>31.0</ns3:atemp>
            <ns3:hr>116</ns3:hr>
          </ns3:TrackPointExtension>
        </extensions>
      </trkpt>
      <trkpt lat="22.588513232767581939697265625" lon="114.2626208625733852386474609375">
        <ele>8.19999980926513671875</ele>
        <time>2024-10-18T00:29:28.000Z</time>
        <extensions>
          <ns3:TrackPointExtension>
            <ns3:atemp>31.0</ns3:atemp>
            <ns3:hr>114</ns3:hr>
          </ns3:TrackPointExtension>
        </extensions>
      </trkpt>
      <trkpt lat="22.58849018253386020660400390625" lon="114.262673668563365936279296875">
        <ele>8.19999980926513671875</ele>
        <time>2024-10-18T00:29:29.000Z</time>
        <extensions>
          <ns3:TrackPointExtension>
            <ns3:atemp>31.0</ns3:atemp>
            <ns3:hr>112</ns3:hr>
          </ns3:TrackPointExtension>
        </extensions>
      </trkpt>
      <trkpt lat="22.58846486918628215789794921875" lon="114.2627291567623615264892578125">
        <ele>8.19999980926513671875</ele>
        <time>2024-10-18T00:29:30.000Z</time>
        <extensions>
          <ns3:TrackPointExtension>
            <ns3:atemp>31.0</ns3:atemp>
            <ns3:hr>112</ns3:hr>
          </ns3:TrackPointExtension>
        </extensions>
      </trkpt>
      <trkpt lat="22.588441483676433563232421875" lon="114.2627839744091033935546875">
        <ele>8</ele>
        <time>2024-10-18T00:29:31.000Z</time>
        <extensions>
          <ns3:TrackPointExtension>
            <ns3:atemp>31.0</ns3:atemp>
            <ns3:hr>112</ns3:hr>
          </ns3:TrackPointExtension>
        </extensions>
      </trkpt>
      <trkpt lat="22.58841826580464839935302734375" lon="114.26283904351294040679931640625">
        <ele>7.80000019073486328125</ele>
        <time>2024-10-18T00:29:32.000Z</time>
        <extensions>
          <ns3:TrackPointExtension>
            <ns3:atemp>31.0</ns3:atemp>
            <ns3:hr>111</ns3:hr>
          </ns3:TrackPointExtension>
        </extensions>
      </trkpt>
      <trkpt lat="22.5883940421044826507568359375" lon="114.26289620809257030487060546875">
        <ele>7.599999904632568359375</ele>
        <time>2024-10-18T00:29:33.000Z</time>
        <extensions>
          <ns3:TrackPointExtension>
            <ns3:atemp>31.0</ns3:atemp>
            <ns3:hr>111</ns3:hr>
          </ns3:TrackPointExtension>
        </extensions>
      </trkpt>
      <trkpt lat="22.588370740413665771484375" lon="114.2629531212151050567626953125">
        <ele>7.599999904632568359375</ele>
        <time>2024-10-18T00:29:34.000Z</time>
        <extensions>
          <ns3:TrackPointExtension>
            <ns3:atemp>31.0</ns3:atemp>
            <ns3:hr>111</ns3:hr>
          </ns3:TrackPointExtension>
        </extensions>
      </trkpt>
      <trkpt lat="22.58834752254188060760498046875" lon="114.2630092799663543701171875">
        <ele>7.599999904632568359375</ele>
        <time>2024-10-18T00:29:35.000Z</time>
        <extensions>
          <ns3:TrackPointExtension>
            <ns3:atemp>31.0</ns3:atemp>
            <ns3:hr>111</ns3:hr>
          </ns3:TrackPointExtension>
        </extensions>
      </trkpt>
      <trkpt lat="22.58832455612719058990478515625" lon="114.263067953288555145263671875">
        <ele>7.599999904632568359375</ele>
        <time>2024-10-18T00:29:36.000Z</time>
        <extensions>
          <ns3:TrackPointExtension>
            <ns3:atemp>31.0</ns3:atemp>
            <ns3:hr>111</ns3:hr>
          </ns3:TrackPointExtension>
        </extensions>
      </trkpt>
      <trkpt lat="22.58829974569380283355712890625" lon="114.26312352530658245086669921875">
        <ele>7.599999904632568359375</ele>
        <time>2024-10-18T00:29:37.000Z</time>
        <extensions>
          <ns3:TrackPointExtension>
            <ns3:atemp>31.0</ns3:atemp>
            <ns3:hr>111</ns3:hr>
          </ns3:TrackPointExtension>
        </extensions>
      </trkpt>
      <trkpt lat="22.58827778510749340057373046875" lon="114.26317691802978515625">
        <ele>7.599999904632568359375</ele>
        <time>2024-10-18T00:29:38.000Z</time>
        <extensions>
          <ns3:TrackPointExtension>
            <ns3:atemp>31.0</ns3:atemp>
            <ns3:hr>111</ns3:hr>
          </ns3:TrackPointExtension>
        </extensions>
      </trkpt>
      <trkpt lat="22.58825364522635936737060546875" lon="114.26323114894330501556396484375">
        <ele>7.400000095367431640625</ele>
        <time>2024-10-18T00:29:39.000Z</time>
        <extensions>
          <ns3:TrackPointExtension>
            <ns3:atemp>31.0</ns3:atemp>
            <ns3:hr>111</ns3:hr>
          </ns3:TrackPointExtension>
        </extensions>
      </trkpt>
      <trkpt lat="22.58822799660265445709228515625" lon="114.26328445784747600555419921875">
        <ele>7.400000095367431640625</ele>
        <time>2024-10-18T00:29:40.000Z</time>
        <extensions>
          <ns3:TrackPointExtension>
            <ns3:atemp>31.0</ns3:atemp>
            <ns3:hr>111</ns3:hr>
          </ns3:TrackPointExtension>
        </extensions>
      </trkpt>
      <trkpt lat="22.58820268325507640838623046875" lon="114.2633373476564884185791015625">
        <ele>7.400000095367431640625</ele>
        <time>2024-10-18T00:29:41.000Z</time>
        <extensions>
          <ns3:TrackPointExtension>
            <ns3:atemp>31.0</ns3:atemp>
            <ns3:hr>112</ns3:hr>
          </ns3:TrackPointExtension>
        </extensions>
      </trkpt>
      <trkpt lat="22.58817619644105434417724609375" lon="114.26339493133127689361572265625">
        <ele>7.400000095367431640625</ele>
        <time>2024-10-18T00:29:42.000Z</time>
        <extensions>
          <ns3:TrackPointExtension>
            <ns3:atemp>31.0</ns3:atemp>
            <ns3:hr>112</ns3:hr>
          </ns3:TrackPointExtension>
        </extensions>
      </trkpt>
      <trkpt lat="22.5881506316363811492919921875" lon="114.26345796324312686920166015625">
        <ele>7.400000095367431640625</ele>
        <time>2024-10-18T00:29:43.000Z</time>
        <extensions>
          <ns3:TrackPointExtension>
            <ns3:atemp>31.0</ns3:atemp>
            <ns3:hr>113</ns3:hr>
          </ns3:TrackPointExtension>
        </extensions>
      </trkpt>
      <trkpt lat="22.58812774904072284698486328125" lon="114.26351915113627910614013671875">
        <ele>7.400000095367431640625</ele>
        <time>2024-10-18T00:29:44.000Z</time>
        <extensions>
          <ns3:TrackPointExtension>
            <ns3:atemp>31.0</ns3:atemp>
            <ns3:hr>114</ns3:hr>
          </ns3:TrackPointExtension>
        </extensions>
      </trkpt>
      <trkpt lat="22.58810377679765224456787109375" lon="114.2635713703930377960205078125">
        <ele>7.400000095367431640625</ele>
        <time>2024-10-18T00:29:45.000Z</time>
        <extensions>
          <ns3:TrackPointExtension>
            <ns3:atemp>31.0</ns3:atemp>
            <ns3:hr>116</ns3:hr>
          </ns3:TrackPointExtension>
        </extensions>
      </trkpt>
      <trkpt lat="22.58807812817394733428955078125" lon="114.26360514946281909942626953125">
        <ele>7.400000095367431640625</ele>
        <time>2024-10-18T00:29:46.000Z</time>
        <extensions>
          <ns3:TrackPointExtension>
            <ns3:atemp>31.0</ns3:atemp>
            <ns3:hr>117</ns3:hr>
          </ns3:TrackPointExtension>
        </extensions>
      </trkpt>
      <trkpt lat="22.5880448520183563232421875" lon="114.26361721940338611602783203125">
        <ele>7.599999904632568359375</ele>
        <time>2024-10-18T00:29:47.000Z</time>
        <extensions>
          <ns3:TrackPointExtension>
            <ns3:atemp>31.0</ns3:atemp>
            <ns3:hr>118</ns3:hr>
          </ns3:TrackPointExtension>
        </extensions>
      </trkpt>
      <trkpt lat="22.58801861666142940521240234375" lon="114.26363917998969554901123046875">
        <ele>7.599999904632568359375</ele>
        <time>2024-10-18T00:29:48.000Z</time>
        <extensions>
          <ns3:TrackPointExtension>
            <ns3:atemp>31.0</ns3:atemp>
            <ns3:hr>119</ns3:hr>
          </ns3:TrackPointExtension>
        </extensions>
      </trkpt>
      <trkpt lat="22.5880010984838008880615234375" lon="114.26367203705012798309326171875">
        <ele>7.599999904632568359375</ele>
        <time>2024-10-18T00:29:49.000Z</time>
        <extensions>
          <ns3:TrackPointExtension>
            <ns3:atemp>31.0</ns3:atemp>
            <ns3:hr>121</ns3:hr>
          </ns3:TrackPointExtension>
        </extensions>
      </trkpt>
      <trkpt lat="22.58799363858997821807861328125" lon="114.26371210254728794097900390625">
        <ele>7.599999904632568359375</ele>
        <time>2024-10-18T00:29:50.000Z</time>
        <extensions>
          <ns3:TrackPointExtension>
            <ns3:atemp>31.0</ns3:atemp>
            <ns3:hr>121</ns3:hr>
          </ns3:TrackPointExtension>
        </extensions>
      </trkpt>
      <trkpt lat="22.5879853405058383941650390625" lon="114.2637520842254161834716796875">
        <ele>7.599999904632568359375</ele>
        <time>2024-10-18T00:29:51.000Z</time>
        <extensions>
          <ns3:TrackPointExtension>
            <ns3:atemp>31.0</ns3:atemp>
            <ns3:hr>121</ns3:hr>
          </ns3:TrackPointExtension>
        </extensions>
      </trkpt>
      <trkpt lat="22.58796782232820987701416015625" lon="114.26379340700805187225341796875">
        <ele>7.599999904632568359375</ele>
        <time>2024-10-18T00:29:52.000Z</time>
        <extensions>
          <ns3:TrackPointExtension>
            <ns3:atemp>31.0</ns3:atemp>
            <ns3:hr>122</ns3:hr>
          </ns3:TrackPointExtension>
        </extensions>
      </trkpt>
      <trkpt lat="22.58794418536126613616943359375" lon="114.26383364014327526092529296875">
        <ele>7.400000095367431640625</ele>
        <time>2024-10-18T00:29:53.000Z</time>
        <extensions>
          <ns3:TrackPointExtension>
            <ns3:atemp>31.0</ns3:atemp>
            <ns3:hr>122</ns3:hr>
          </ns3:TrackPointExtension>
        </extensions>
      </trkpt>
      <trkpt lat="22.5879214704036712646484375" lon="114.2638818360865116119384765625">
        <ele>7.400000095367431640625</ele>
        <time>2024-10-18T00:29:54.000Z</time>
        <extensions>
          <ns3:TrackPointExtension>
            <ns3:atemp>31.0</ns3:atemp>
            <ns3:hr>122</ns3:hr>
          </ns3:TrackPointExtension>
        </extensions>
      </trkpt>
      <trkpt lat="22.58789825253188610076904296875" lon="114.2639327980577945709228515625">
        <ele>7.19999980926513671875</ele>
        <time>2024-10-18T00:29:55.000Z</time>
        <extensions>
          <ns3:TrackPointExtension>
            <ns3:atemp>31.0</ns3:atemp>
            <ns3:hr>122</ns3:hr>
          </ns3:TrackPointExtension>
        </extensions>
      </trkpt>
      <trkpt lat="22.58787428028881549835205078125" lon="114.263985939323902130126953125">
        <ele>7.19999980926513671875</ele>
        <time>2024-10-18T00:29:56.000Z</time>
        <extensions>
          <ns3:TrackPointExtension>
            <ns3:atemp>31.0</ns3:atemp>
            <ns3:hr>122</ns3:hr>
          </ns3:TrackPointExtension>
        </extensions>
      </trkpt>
      <trkpt lat="22.58785131387412548065185546875" lon="114.26403664983808994293212890625">
        <ele>7.19999980926513671875</ele>
        <time>2024-10-18T00:29:57.000Z</time>
        <extensions>
          <ns3:TrackPointExtension>
            <ns3:atemp>31.0</ns3:atemp>
            <ns3:hr>122</ns3:hr>
          </ns3:TrackPointExtension>
        </extensions>
      </trkpt>
      <trkpt lat="22.58782784454524517059326171875" lon="114.26409113220870494842529296875">
        <ele>7.19999980926513671875</ele>
        <time>2024-10-18T00:29:58.000Z</time>
        <extensions>
          <ns3:TrackPointExtension>
            <ns3:atemp>31.0</ns3:atemp>
            <ns3:hr>121</ns3:hr>
          </ns3:TrackPointExtension>
        </extensions>
      </trkpt>
      <trkpt lat="22.5878140144050121307373046875" lon="114.26414544694125652313232421875">
        <ele>7.19999980926513671875</ele>
        <time>2024-10-18T00:29:59.000Z</time>
        <extensions>
          <ns3:TrackPointExtension>
            <ns3:atemp>31.0</ns3:atemp>
            <ns3:hr>122</ns3:hr>
          </ns3:TrackPointExtension>
        </extensions>
      </trkpt>
      <trkpt lat="22.58781543932855129241943359375" lon="114.2642020247876644134521484375">
        <ele>7.19999980926513671875</ele>
        <time>2024-10-18T00:30:00.000Z</time>
        <extensions>
          <ns3:TrackPointExtension>
            <ns3:atemp>31.0</ns3:atemp>
            <ns3:hr>122</ns3:hr>
          </ns3:TrackPointExtension>
        </extensions>
      </trkpt>
      <trkpt lat="22.58781376294791698455810546875" lon="114.2642533220350742340087890625">
        <ele>7.19999980926513671875</ele>
        <time>2024-10-18T00:30:01.000Z</time>
        <extensions>
          <ns3:TrackPointExtension>
            <ns3:atemp>31.0</ns3:atemp>
            <ns3:hr>122</ns3:hr>
          </ns3:TrackPointExtension>
        </extensions>
      </trkpt>
      <trkpt lat="22.587802112102508544921875" lon="114.26429498009383678436279296875">
        <ele>7.19999980926513671875</ele>
        <time>2024-10-18T00:30:02.000Z</time>
        <extensions>
          <ns3:TrackPointExtension>
            <ns3:atemp>31.0</ns3:atemp>
            <ns3:hr>122</ns3:hr>
          </ns3:TrackPointExtension>
        </extensions>
      </trkpt>
      <trkpt lat="22.58777654729783535003662109375" lon="114.2643163539469242095947265625">
        <ele>7.19999980926513671875</ele>
        <time>2024-10-18T00:30:03.000Z</time>
        <extensions>
          <ns3:TrackPointExtension>
            <ns3:atemp>31.0</ns3:atemp>
            <ns3:hr>121</ns3:hr>
          </ns3:TrackPointExtension>
        </extensions>
      </trkpt>
      <trkpt lat="22.58775257505476474761962890625" lon="114.2643414996564388275146484375">
        <ele>7.400000095367431640625</ele>
        <time>2024-10-18T00:30:04.000Z</time>
        <extensions>
          <ns3:TrackPointExtension>
            <ns3:atemp>31.0</ns3:atemp>
            <ns3:hr>121</ns3:hr>
          </ns3:TrackPointExtension>
        </extensions>
      </trkpt>
      <trkpt lat="22.5877439416944980621337890625" lon="114.2643679864704608917236328125">
        <ele>7.599999904632568359375</ele>
        <time>2024-10-18T00:30:05.000Z</time>
        <extensions>
          <ns3:TrackPointExtension>
            <ns3:atemp>31.0</ns3:atemp>
            <ns3:hr>121</ns3:hr>
          </ns3:TrackPointExtension>
        </extensions>
      </trkpt>
      <trkpt lat="22.58773614652454853057861328125" lon="114.26439874805510044097900390625">
        <ele>7.599999904632568359375</ele>
        <time>2024-10-18T00:30:06.000Z</time>
        <extensions>
          <ns3:TrackPointExtension>
            <ns3:atemp>31.0</ns3:atemp>
            <ns3:hr>121</ns3:hr>
          </ns3:TrackPointExtension>
        </extensions>
      </trkpt>
      <trkpt lat="22.58773346431553363800048828125" lon="114.2644373886287212371826171875">
        <ele>7.599999904632568359375</ele>
        <time>2024-10-18T00:30:07.000Z</time>
        <extensions>
          <ns3:TrackPointExtension>
            <ns3:atemp>31.0</ns3:atemp>
            <ns3:hr>121</ns3:hr>
          </ns3:TrackPointExtension>
        </extensions>
      </trkpt>
      <trkpt lat="22.587732374668121337890625" lon="114.264477454125881195068359375">
        <ele>7.80000019073486328125</ele>
        <time>2024-10-18T00:30:08.000Z</time>
        <extensions>
          <ns3:TrackPointExtension>
            <ns3:atemp>31.0</ns3:atemp>
            <ns3:hr>121</ns3:hr>
          </ns3:TrackPointExtension>
        </extensions>
      </trkpt>
      <trkpt lat="22.58772608824074268341064453125" lon="114.26451575942337512969970703125">
        <ele>7.80000019073486328125</ele>
        <time>2024-10-18T00:30:09.000Z</time>
        <extensions>
          <ns3:TrackPointExtension>
            <ns3:atemp>31.0</ns3:atemp>
            <ns3:hr>121</ns3:hr>
          </ns3:TrackPointExtension>
        </extensions>
      </trkpt>
      <trkpt lat="22.58771301247179508209228515625" lon="114.26454811356961727142333984375">
        <ele>8</ele>
        <time>2024-10-18T00:30:10.000Z</time>
        <extensions>
          <ns3:TrackPointExtension>
            <ns3:atemp>31.0</ns3:atemp>
            <ns3:hr>120</ns3:hr>
          </ns3:TrackPointExtension>
        </extensions>
      </trkpt>
      <trkpt lat="22.587697170674800872802734375" lon="114.26457962952554225921630859375">
        <ele>8</ele>
        <time>2024-10-18T00:30:11.000Z</time>
        <extensions>
          <ns3:TrackPointExtension>
            <ns3:atemp>31.0</ns3:atemp>
            <ns3:hr>120</ns3:hr>
          </ns3:TrackPointExtension>
        </extensions>
      </trkpt>
      <trkpt lat="22.5876805745065212249755859375" lon="114.26461198367178440093994140625">
        <ele>7.80000019073486328125</ele>
        <time>2024-10-18T00:30:12.000Z</time>
        <extensions>
          <ns3:TrackPointExtension>
            <ns3:atemp>31.0</ns3:atemp>
            <ns3:hr>120</ns3:hr>
          </ns3:TrackPointExtension>
        </extensions>
      </trkpt>
      <trkpt lat="22.58766406215727329254150390625" lon="114.264641068875789642333984375">
        <ele>8</ele>
        <time>2024-10-18T00:30:13.000Z</time>
        <extensions>
          <ns3:TrackPointExtension>
            <ns3:atemp>31.0</ns3:atemp>
            <ns3:hr>119</ns3:hr>
          </ns3:TrackPointExtension>
        </extensions>
      </trkpt>
      <trkpt lat="22.58765165694057941436767578125" lon="114.2646637000143527984619140625">
        <ele>8</ele>
        <time>2024-10-18T00:30:14.000Z</time>
        <extensions>
          <ns3:TrackPointExtension>
            <ns3:atemp>31.0</ns3:atemp>
            <ns3:hr>119</ns3:hr>
          </ns3:TrackPointExtension>
        </extensions>
      </trkpt>
      <trkpt lat="22.587645538151264190673828125" lon="114.264681637287139892578125">
        <ele>8</ele>
        <time>2024-10-18T00:30:15.000Z</time>
        <extensions>
          <ns3:TrackPointExtension>
            <ns3:atemp>31.0</ns3:atemp>
            <ns3:hr>119</ns3:hr>
          </ns3:TrackPointExtension>
        </extensions>
      </trkpt>
      <trkpt lat="22.58764495141804218292236328125" lon="114.2646911926567554473876953125">
        <ele>8</ele>
        <time>2024-10-18T00:30:16.000Z</time>
        <extensions>
          <ns3:TrackPointExtension>
            <ns3:atemp>31.0</ns3:atemp>
            <ns3:hr>119</ns3:hr>
          </ns3:TrackPointExtension>
        </extensions>
      </trkpt>
      <trkpt lat="22.58764050900936126708984375" lon="114.26469546742737293243408203125">
        <ele>8.19999980926513671875</ele>
        <time>2024-10-18T00:30:17.000Z</time>
        <extensions>
          <ns3:TrackPointExtension>
            <ns3:atemp>31.0</ns3:atemp>
            <ns3:hr>119</ns3:hr>
          </ns3:TrackPointExtension>
        </extensions>
      </trkpt>
      <trkpt lat="22.587639503180980682373046875" lon="114.26469798199832439422607421875">
        <ele>8.19999980926513671875</ele>
        <time>2024-10-18T00:30:18.000Z</time>
        <extensions>
          <ns3:TrackPointExtension>
            <ns3:atemp>31.0</ns3:atemp>
            <ns3:hr>119</ns3:hr>
          </ns3:TrackPointExtension>
        </extensions>
      </trkpt>
      <trkpt lat="22.58759901858866214752197265625" lon="114.264732934534549713134765625">
        <ele>7.19999980926513671875</ele>
        <time>2024-10-18T00:31:50.000Z</time>
        <extensions>
          <ns3:TrackPointExtension>
            <ns3:atemp>32.0</ns3:atemp>
            <ns3:hr>99</ns3:hr>
          </ns3:TrackPointExtension>
        </extensions>
      </trkpt>
      <trkpt lat="22.5875984318554401397705078125" lon="114.264757744967937469482421875">
        <ele>7.19999980926513671875</ele>
        <time>2024-10-18T00:31:51.000Z</time>
        <extensions>
          <ns3:TrackPointExtension>
            <ns3:atemp>32.0</ns3:atemp>
            <ns3:hr>98</ns3:hr>
          </ns3:TrackPointExtension>
        </extensions>
      </trkpt>
      <trkpt lat="22.58760421536862850189208984375" lon="114.26480845548212528228759765625">
        <ele>7.19999980926513671875</ele>
        <time>2024-10-18T00:31:52.000Z</time>
        <extensions>
          <ns3:TrackPointExtension>
            <ns3:atemp>32.0</ns3:atemp>
            <ns3:hr>98</ns3:hr>
          </ns3:TrackPointExtension>
        </extensions>
      </trkpt>
      <trkpt lat="22.58761997334659099578857421875" lon="114.26486930809915065765380859375">
        <ele>7.19999980926513671875</ele>
        <time>2024-10-18T00:31:53.000Z</time>
        <extensions>
          <ns3:TrackPointExtension>
            <ns3:atemp>32.0</ns3:atemp>
            <ns3:hr>96</ns3:hr>
          </ns3:TrackPointExtension>
        </extensions>
      </trkpt>
      <trkpt lat="22.58764428086578845977783203125" lon="114.26492563448846340179443359375">
        <ele>7</ele>
        <time>2024-10-18T00:31:54.000Z</time>
        <extensions>
          <ns3:TrackPointExtension>
            <ns3:atemp>32.0</ns3:atemp>
            <ns3:hr>96</ns3:hr>
          </ns3:TrackPointExtension>
        </extensions>
      </trkpt>
      <trkpt lat="22.58767646737396717071533203125" lon="114.26497056148946285247802734375">
        <ele>7</ele>
        <time>2024-10-18T00:31:55.000Z</time>
        <extensions>
          <ns3:TrackPointExtension>
            <ns3:atemp>32.0</ns3:atemp>
            <ns3:hr>95</ns3:hr>
          </ns3:TrackPointExtension>
        </extensions>
      </trkpt>
      <trkpt lat="22.587713263928890228271484375" lon="114.26501431502401828765869140625">
        <ele>6.80000019073486328125</ele>
        <time>2024-10-18T00:31:56.000Z</time>
        <extensions>
          <ns3:TrackPointExtension>
            <ns3:atemp>32.0</ns3:atemp>
            <ns3:hr>96</ns3:hr>
          </ns3:TrackPointExtension>
        </extensions>
      </trkpt>
      <trkpt lat="22.58775123395025730133056640625" lon="114.26505857147276401519775390625">
        <ele>6.80000019073486328125</ele>
        <time>2024-10-18T00:31:57.000Z</time>
        <extensions>
          <ns3:TrackPointExtension>
            <ns3:atemp>32.0</ns3:atemp>
            <ns3:hr>97</ns3:hr>
          </ns3:TrackPointExtension>
        </extensions>
      </trkpt>
      <trkpt lat="22.58778425864875316619873046875" lon="114.2651015706360340118408203125">
        <ele>6.80000019073486328125</ele>
        <time>2024-10-18T00:31:58.000Z</time>
        <extensions>
          <ns3:TrackPointExtension>
            <ns3:atemp>32.0</ns3:atemp>
            <ns3:hr>97</ns3:hr>
          </ns3:TrackPointExtension>
        </extensions>
      </trkpt>
      <trkpt lat="22.58781946264207363128662109375" lon="114.265144653618335723876953125">
        <ele>6.80000019073486328125</ele>
        <time>2024-10-18T00:31:59.000Z</time>
        <extensions>
          <ns3:TrackPointExtension>
            <ns3:atemp>32.0</ns3:atemp>
            <ns3:hr>98</ns3:hr>
          </ns3:TrackPointExtension>
        </extensions>
      </trkpt>
      <trkpt lat="22.58785986341536045074462890625" lon="114.26518865860998630523681640625">
        <ele>6.80000019073486328125</ele>
        <time>2024-10-18T00:32:00.000Z</time>
        <extensions>
          <ns3:TrackPointExtension>
            <ns3:atemp>32.0</ns3:atemp>
            <ns3:hr>98</ns3:hr>
          </ns3:TrackPointExtension>
        </extensions>
      </trkpt>
      <trkpt lat="22.5879035331308841705322265625" lon="114.26523056812584400177001953125">
        <ele>7</ele>
        <time>2024-10-18T00:32:01.000Z</time>
        <extensions>
          <ns3:TrackPointExtension>
            <ns3:atemp>32.0</ns3:atemp>
            <ns3:hr>99</ns3:hr>
          </ns3:TrackPointExtension>
        </extensions>
      </trkpt>
      <trkpt lat="22.5879541598260402679443359375" lon="114.265266358852386474609375">
        <ele>7</ele>
        <time>2024-10-18T00:32:02.000Z</time>
        <extensions>
          <ns3:TrackPointExtension>
            <ns3:atemp>32.0</ns3:atemp>
            <ns3:hr>99</ns3:hr>
          </ns3:TrackPointExtension>
        </extensions>
      </trkpt>
      <trkpt lat="22.588005624711513519287109375" lon="114.26530282013118267059326171875">
        <ele>7</ele>
        <time>2024-10-18T00:32:03.000Z</time>
        <extensions>
          <ns3:TrackPointExtension>
            <ns3:atemp>32.0</ns3:atemp>
            <ns3:hr>100</ns3:hr>
          </ns3:TrackPointExtension>
        </extensions>
      </trkpt>
      <trkpt lat="22.58804284036159515380859375" lon="114.26535093225538730621337890625">
        <ele>7</ele>
        <time>2024-10-18T00:32:04.000Z</time>
        <extensions>
          <ns3:TrackPointExtension>
            <ns3:atemp>32.0</ns3:atemp>
            <ns3:hr>100</ns3:hr>
          </ns3:TrackPointExtension>
        </extensions>
      </trkpt>
      <trkpt lat="22.58806186728179454803466796875" lon="114.2653989605605602264404296875">
        <ele>7.19999980926513671875</ele>
        <time>2024-10-18T00:32:05.000Z</time>
        <extensions>
          <ns3:TrackPointExtension>
            <ns3:atemp>32.0</ns3:atemp>
            <ns3:hr>100</ns3:hr>
          </ns3:TrackPointExtension>
        </extensions>
      </trkpt>
      <trkpt lat="22.58807175792753696441650390625" lon="114.2654492519795894622802734375">
        <ele>7.400000095367431640625</ele>
        <time>2024-10-18T00:32:06.000Z</time>
        <extensions>
          <ns3:TrackPointExtension>
            <ns3:atemp>32.0</ns3:atemp>
            <ns3:hr>100</ns3:hr>
          </ns3:TrackPointExtension>
        </extensions>
      </trkpt>
      <trkpt lat="22.58809103630483150482177734375" lon="114.2654921673238277435302734375">
        <ele>7.80000019073486328125</ele>
        <time>2024-10-18T00:32:07.000Z</time>
        <extensions>
          <ns3:TrackPointExtension>
            <ns3:atemp>32.0</ns3:atemp>
            <ns3:hr>100</ns3:hr>
          </ns3:TrackPointExtension>
        </extensions>
      </trkpt>
      <trkpt lat="22.58811417035758495330810546875" lon="114.2655327357351779937744140625">
        <ele>7.80000019073486328125</ele>
        <time>2024-10-18T00:32:08.000Z</time>
        <extensions>
          <ns3:TrackPointExtension>
            <ns3:atemp>32.0</ns3:atemp>
            <ns3:hr>100</ns3:hr>
          </ns3:TrackPointExtension>
        </extensions>
      </trkpt>
      <trkpt lat="22.58814166299998760223388671875" lon="114.265572130680084228515625">
        <ele>7.80000019073486328125</ele>
        <time>2024-10-18T00:32:09.000Z</time>
        <extensions>
          <ns3:TrackPointExtension>
            <ns3:atemp>32.0</ns3:atemp>
            <ns3:hr>99</ns3:hr>
          </ns3:TrackPointExtension>
        </extensions>
      </trkpt>
      <trkpt lat="22.588181309401988983154296875" lon="114.26561110652983188629150390625">
        <ele>7.80000019073486328125</ele>
        <time>2024-10-18T00:32:10.000Z</time>
        <extensions>
          <ns3:TrackPointExtension>
            <ns3:atemp>32.0</ns3:atemp>
            <ns3:hr>99</ns3:hr>
          </ns3:TrackPointExtension>
        </extensions>
      </trkpt>
      <trkpt lat="22.58822263218462467193603515625" lon="114.265652261674404144287109375">
        <ele>7.80000019073486328125</ele>
        <time>2024-10-18T00:32:11.000Z</time>
        <extensions>
          <ns3:TrackPointExtension>
            <ns3:atemp>32.0</ns3:atemp>
            <ns3:hr>99</ns3:hr>
          </ns3:TrackPointExtension>
        </extensions>
      </trkpt>
      <trkpt lat="22.58827216923236846923828125" lon="114.26568989641964435577392578125">
        <ele>7.80000019073486328125</ele>
        <time>2024-10-18T00:32:12.000Z</time>
        <extensions>
          <ns3:TrackPointExtension>
            <ns3:atemp>32.0</ns3:atemp>
            <ns3:hr>99</ns3:hr>
          </ns3:TrackPointExtension>
        </extensions>
      </trkpt>
      <trkpt lat="22.5883212871849536895751953125" lon="114.2657271958887577056884765625">
        <ele>7.80000019073486328125</ele>
        <time>2024-10-18T00:32:13.000Z</time>
        <extensions>
          <ns3:TrackPointExtension>
            <ns3:atemp>32.0</ns3:atemp>
            <ns3:hr>99</ns3:hr>
          </ns3:TrackPointExtension>
        </extensions>
      </trkpt>
      <trkpt lat="22.58836495690047740936279296875" lon="114.265760891139507293701171875">
        <ele>8</ele>
        <time>2024-10-18T00:32:14.000Z</time>
        <extensions>
          <ns3:TrackPointExtension>
            <ns3:atemp>32.0</ns3:atemp>
            <ns3:hr>98</ns3:hr>
          </ns3:TrackPointExtension>
        </extensions>
      </trkpt>
      <trkpt lat="22.58840133436024188995361328125" lon="114.265796430408954620361328125">
        <ele>8</ele>
        <time>2024-10-18T00:32:15.000Z</time>
        <extensions>
          <ns3:TrackPointExtension>
            <ns3:atemp>32.0</ns3:atemp>
            <ns3:hr>98</ns3:hr>
          </ns3:TrackPointExtension>
        </extensions>
      </trkpt>
      <trkpt lat="22.5884369574487209320068359375" lon="114.265826605260372161865234375">
        <ele>8</ele>
        <time>2024-10-18T00:32:16.000Z</time>
        <extensions>
          <ns3:TrackPointExtension>
            <ns3:atemp>32.0</ns3:atemp>
            <ns3:hr>99</ns3:hr>
          </ns3:TrackPointExtension>
        </extensions>
      </trkpt>
      <trkpt lat="22.58846051059663295745849609375" lon="114.26585501991212368011474609375">
        <ele>8.19999980926513671875</ele>
        <time>2024-10-18T00:32:17.000Z</time>
        <extensions>
          <ns3:TrackPointExtension>
            <ns3:atemp>32.0</ns3:atemp>
            <ns3:hr>99</ns3:hr>
          </ns3:TrackPointExtension>
        </extensions>
      </trkpt>
      <trkpt lat="22.5884859077632427215576171875" lon="114.26586784422397613525390625">
        <ele>8.3999996185302734375</ele>
        <time>2024-10-18T00:32:18.000Z</time>
        <extensions>
          <ns3:TrackPointExtension>
            <ns3:atemp>32.0</ns3:atemp>
            <ns3:hr>99</ns3:hr>
          </ns3:TrackPointExtension>
        </extensions>
      </trkpt>
      <trkpt lat="22.5885130651295185089111328125" lon="114.26589860580861568450927734375">
        <ele>8.3999996185302734375</ele>
        <time>2024-10-18T00:32:19.000Z</time>
        <extensions>
          <ns3:TrackPointExtension>
            <ns3:atemp>32.0</ns3:atemp>
            <ns3:hr>99</ns3:hr>
          </ns3:TrackPointExtension>
        </extensions>
      </trkpt>
      <trkpt lat="22.58854215033352375030517578125" lon="114.26592777483165264129638671875">
        <ele>8.3999996185302734375</ele>
        <time>2024-10-18T00:32:20.000Z</time>
        <extensions>
          <ns3:TrackPointExtension>
            <ns3:atemp>32.0</ns3:atemp>
            <ns3:hr>99</ns3:hr>
          </ns3:TrackPointExtension>
        </extensions>
      </trkpt>
      <trkpt lat="22.5885794498026371002197265625" lon="114.2659511603415012359619140625">
        <ele>8.6000003814697265625</ele>
        <time>2024-10-18T00:32:21.000Z</time>
        <extensions>
          <ns3:TrackPointExtension>
            <ns3:atemp>32.0</ns3:atemp>
            <ns3:hr>100</ns3:hr>
          </ns3:TrackPointExtension>
        </extensions>
      </trkpt>
      <trkpt lat="22.5886139832437038421630859375" lon="114.26598359830677509307861328125">
        <ele>8.6000003814697265625</ele>
        <time>2024-10-18T00:32:22.000Z</time>
        <extensions>
          <ns3:TrackPointExtension>
            <ns3:atemp>32.0</ns3:atemp>
            <ns3:hr>100</ns3:hr>
          </ns3:TrackPointExtension>
        </extensions>
      </trkpt>
      <trkpt lat="22.58864709176123142242431640625" lon="114.26602207124233245849609375">
        <ele>8.6000003814697265625</ele>
        <time>2024-10-18T00:32:23.000Z</time>
        <extensions>
          <ns3:TrackPointExtension>
            <ns3:atemp>32.0</ns3:atemp>
            <ns3:hr>100</ns3:hr>
          </ns3:TrackPointExtension>
        </extensions>
      </trkpt>
      <trkpt lat="22.5886840559542179107666015625" lon="114.26605970598757266998291015625">
        <ele>8.6000003814697265625</ele>
        <time>2024-10-18T00:32:24.000Z</time>
        <extensions>
          <ns3:TrackPointExtension>
            <ns3:atemp>32.0</ns3:atemp>
            <ns3:hr>100</ns3:hr>
          </ns3:TrackPointExtension>
        </extensions>
      </trkpt>
      <trkpt lat="22.58871666155755519866943359375" lon="114.2660966701805591583251953125">
        <ele>8.80000019073486328125</ele>
        <time>2024-10-18T00:32:25.000Z</time>
        <extensions>
          <ns3:TrackPointExtension>
            <ns3:atemp>32.0</ns3:atemp>
            <ns3:hr>101</ns3:hr>
          </ns3:TrackPointExtension>
        </extensions>
      </trkpt>
      <trkpt lat="22.5887514464557170867919921875" lon="114.266134388744831085205078125">
        <ele>8.80000019073486328125</ele>
        <time>2024-10-18T00:32:26.000Z</time>
        <extensions>
          <ns3:TrackPointExtension>
            <ns3:atemp>32.0</ns3:atemp>
            <ns3:hr>104</ns3:hr>
          </ns3:TrackPointExtension>
        </extensions>
      </trkpt>
      <trkpt lat="22.588790170848369598388671875" lon="114.266169928014278411865234375">
        <ele>8.80000019073486328125</ele>
        <time>2024-10-18T00:32:27.000Z</time>
        <extensions>
          <ns3:TrackPointExtension>
            <ns3:atemp>32.0</ns3:atemp>
            <ns3:hr>106</ns3:hr>
          </ns3:TrackPointExtension>
        </extensions>
      </trkpt>
      <trkpt lat="22.58883233182132244110107421875" lon="114.26620052196085453033447265625">
        <ele>8.6000003814697265625</ele>
        <time>2024-10-18T00:32:28.000Z</time>
        <extensions>
          <ns3:TrackPointExtension>
            <ns3:atemp>32.0</ns3:atemp>
            <ns3:hr>107</ns3:hr>
          </ns3:TrackPointExtension>
        </extensions>
      </trkpt>
      <trkpt lat="22.58887625299394130706787109375" lon="114.2662294395267963409423828125">
        <ele>8.3999996185302734375</ele>
        <time>2024-10-18T00:32:29.000Z</time>
        <extensions>
          <ns3:TrackPointExtension>
            <ns3:atemp>32.0</ns3:atemp>
            <ns3:hr>107</ns3:hr>
          </ns3:TrackPointExtension>
        </extensions>
      </trkpt>
      <trkpt lat="22.58892218582332134246826171875" lon="114.2662549205124378204345703125">
        <ele>8.3999996185302734375</ele>
        <time>2024-10-18T00:32:30.000Z</time>
        <extensions>
          <ns3:TrackPointExtension>
            <ns3:atemp>32.0</ns3:atemp>
            <ns3:hr>107</ns3:hr>
          </ns3:TrackPointExtension>
        </extensions>
      </trkpt>
      <trkpt lat="22.5889697112143039703369140625" lon="114.2662797309458255767822265625">
        <ele>8.3999996185302734375</ele>
        <time>2024-10-18T00:32:31.000Z</time>
        <extensions>
          <ns3:TrackPointExtension>
            <ns3:atemp>31.0</ns3:atemp>
            <ns3:hr>108</ns3:hr>
          </ns3:TrackPointExtension>
        </extensions>
      </trkpt>
      <trkpt lat="22.58901648223400115966796875" lon="114.266301691532135009765625">
        <ele>8.3999996185302734375</ele>
        <time>2024-10-18T00:32:32.000Z</time>
        <extensions>
          <ns3:TrackPointExtension>
            <ns3:atemp>32.0</ns3:atemp>
            <ns3:hr>108</ns3:hr>
          </ns3:TrackPointExtension>
        </extensions>
      </trkpt>
      <trkpt lat="22.5890609063208103179931640625" lon="114.26633144728839397430419921875">
        <ele>8.3999996185302734375</ele>
        <time>2024-10-18T00:32:33.000Z</time>
        <extensions>
          <ns3:TrackPointExtension>
            <ns3:atemp>32.0</ns3:atemp>
            <ns3:hr>109</ns3:hr>
          </ns3:TrackPointExtension>
        </extensions>
      </trkpt>
      <trkpt lat="22.58909921161830425262451171875" lon="114.2663692496716976165771484375">
        <ele>8.3999996185302734375</ele>
        <time>2024-10-18T00:32:34.000Z</time>
        <extensions>
          <ns3:TrackPointExtension>
            <ns3:atemp>32.0</ns3:atemp>
            <ns3:hr>109</ns3:hr>
          </ns3:TrackPointExtension>
        </extensions>
      </trkpt>
      <trkpt lat="22.58913047611713409423828125" lon="114.26641358993947505950927734375">
        <ele>8.80000019073486328125</ele>
        <time>2024-10-18T00:32:35.000Z</time>
        <extensions>
          <ns3:TrackPointExtension>
            <ns3:atemp>32.0</ns3:atemp>
            <ns3:hr>109</ns3:hr>
          </ns3:TrackPointExtension>
        </extensions>
      </trkpt>
      <trkpt lat="22.58916090242564678192138671875" lon="114.26646321080625057220458984375">
        <ele>9</ele>
        <time>2024-10-18T00:32:36.000Z</time>
        <extensions>
          <ns3:TrackPointExtension>
            <ns3:atemp>32.0</ns3:atemp>
            <ns3:hr>109</ns3:hr>
          </ns3:TrackPointExtension>
        </extensions>
      </trkpt>
      <trkpt lat="22.58919216692447662353515625" lon="114.26651291549205780029296875">
        <ele>9</ele>
        <time>2024-10-18T00:32:37.000Z</time>
        <extensions>
          <ns3:TrackPointExtension>
            <ns3:atemp>31.0</ns3:atemp>
            <ns3:hr>109</ns3:hr>
          </ns3:TrackPointExtension>
        </extensions>
      </trkpt>
      <trkpt lat="22.5892218388617038726806640625" lon="114.26656387746334075927734375">
        <ele>9.19999980926513671875</ele>
        <time>2024-10-18T00:32:38.000Z</time>
        <extensions>
          <ns3:TrackPointExtension>
            <ns3:atemp>31.0</ns3:atemp>
            <ns3:hr>110</ns3:hr>
          </ns3:TrackPointExtension>
        </extensions>
      </trkpt>
      <trkpt lat="22.589254863560199737548828125" lon="114.26661492325365543365478515625">
        <ele>9.19999980926513671875</ele>
        <time>2024-10-18T00:32:39.000Z</time>
        <extensions>
          <ns3:TrackPointExtension>
            <ns3:atemp>31.0</ns3:atemp>
            <ns3:hr>110</ns3:hr>
          </ns3:TrackPointExtension>
        </extensions>
      </trkpt>
      <trkpt lat="22.58928730152547359466552734375" lon="114.2666666395962238311767578125">
        <ele>9</ele>
        <time>2024-10-18T00:32:40.000Z</time>
        <extensions>
          <ns3:TrackPointExtension>
            <ns3:atemp>32.0</ns3:atemp>
            <ns3:hr>110</ns3:hr>
          </ns3:TrackPointExtension>
        </extensions>
      </trkpt>
      <trkpt lat="22.5893190689384937286376953125" lon="114.26671869121491909027099609375">
        <ele>9</ele>
        <time>2024-10-18T00:32:41.000Z</time>
        <extensions>
          <ns3:TrackPointExtension>
            <ns3:atemp>32.0</ns3:atemp>
            <ns3:hr>110</ns3:hr>
          </ns3:TrackPointExtension>
        </extensions>
      </trkpt>
      <trkpt lat="22.58935318328440189361572265625" lon="114.26677065901458263397216796875">
        <ele>8.80000019073486328125</ele>
        <time>2024-10-18T00:32:42.000Z</time>
        <extensions>
          <ns3:TrackPointExtension>
            <ns3:atemp>31.0</ns3:atemp>
            <ns3:hr>111</ns3:hr>
          </ns3:TrackPointExtension>
        </extensions>
      </trkpt>
      <trkpt lat="22.5893888063728809356689453125" lon="114.26682229153811931610107421875">
        <ele>8.6000003814697265625</ele>
        <time>2024-10-18T00:32:43.000Z</time>
        <extensions>
          <ns3:TrackPointExtension>
            <ns3:atemp>31.0</ns3:atemp>
            <ns3:hr>112</ns3:hr>
          </ns3:TrackPointExtension>
        </extensions>
      </trkpt>
      <trkpt lat="22.58942686021327972412109375" lon="114.26687509752810001373291015625">
        <ele>8.6000003814697265625</ele>
        <time>2024-10-18T00:32:44.000Z</time>
        <extensions>
          <ns3:TrackPointExtension>
            <ns3:atemp>31.0</ns3:atemp>
            <ns3:hr>113</ns3:hr>
          </ns3:TrackPointExtension>
        </extensions>
      </trkpt>
      <trkpt lat="22.58947002701461315155029296875" lon="114.2669231258332729339599609375">
        <ele>8.6000003814697265625</ele>
        <time>2024-10-18T00:32:45.000Z</time>
        <extensions>
          <ns3:TrackPointExtension>
            <ns3:atemp>31.0</ns3:atemp>
            <ns3:hr>115</ns3:hr>
          </ns3:TrackPointExtension>
        </extensions>
      </trkpt>
      <trkpt lat="22.58951026014983654022216796875" lon="114.2669690586626529693603515625">
        <ele>8.6000003814697265625</ele>
        <time>2024-10-18T00:32:46.000Z</time>
        <extensions>
          <ns3:TrackPointExtension>
            <ns3:atemp>31.0</ns3:atemp>
            <ns3:hr>117</ns3:hr>
          </ns3:TrackPointExtension>
        </extensions>
      </trkpt>
      <trkpt lat="22.589545212686061859130859375" lon="114.2670206911861896514892578125">
        <ele>8.6000003814697265625</ele>
        <time>2024-10-18T00:32:47.000Z</time>
        <extensions>
          <ns3:TrackPointExtension>
            <ns3:atemp>31.0</ns3:atemp>
            <ns3:hr>118</ns3:hr>
          </ns3:TrackPointExtension>
        </extensions>
      </trkpt>
      <trkpt lat="22.58957295678555965423583984375" lon="114.26708028651773929595947265625">
        <ele>8.6000003814697265625</ele>
        <time>2024-10-18T00:32:48.000Z</time>
        <extensions>
          <ns3:TrackPointExtension>
            <ns3:atemp>31.0</ns3:atemp>
            <ns3:hr>120</ns3:hr>
          </ns3:TrackPointExtension>
        </extensions>
      </trkpt>
      <trkpt lat="22.5896005332469940185546875" lon="114.26714281551539897918701171875">
        <ele>8.6000003814697265625</ele>
        <time>2024-10-18T00:32:49.000Z</time>
        <extensions>
          <ns3:TrackPointExtension>
            <ns3:atemp>31.0</ns3:atemp>
            <ns3:hr>120</ns3:hr>
          </ns3:TrackPointExtension>
        </extensions>
      </trkpt>
      <trkpt lat="22.58963313885033130645751953125" lon="114.26720115356147289276123046875">
        <ele>8.6000003814697265625</ele>
        <time>2024-10-18T00:32:50.000Z</time>
        <extensions>
          <ns3:TrackPointExtension>
            <ns3:atemp>31.0</ns3:atemp>
            <ns3:hr>121</ns3:hr>
          </ns3:TrackPointExtension>
        </extensions>
      </trkpt>
      <trkpt lat="22.5896704383194446563720703125" lon="114.26725764758884906768798828125">
        <ele>8.80000019073486328125</ele>
        <time>2024-10-18T00:32:51.000Z</time>
        <extensions>
          <ns3:TrackPointExtension>
            <ns3:atemp>31.0</ns3:atemp>
            <ns3:hr>121</ns3:hr>
          </ns3:TrackPointExtension>
        </extensions>
      </trkpt>
      <trkpt lat="22.5897069834172725677490234375" lon="114.26731430925428867340087890625">
        <ele>8.80000019073486328125</ele>
        <time>2024-10-18T00:32:52.000Z</time>
        <extensions>
          <ns3:TrackPointExtension>
            <ns3:atemp>31.0</ns3:atemp>
            <ns3:hr>122</ns3:hr>
          </ns3:TrackPointExtension>
        </extensions>
      </trkpt>
      <trkpt lat="22.58974679745733737945556640625" lon="114.2673710547387599945068359375">
        <ele>8.80000019073486328125</ele>
        <time>2024-10-18T00:32:53.000Z</time>
        <extensions>
          <ns3:TrackPointExtension>
            <ns3:atemp>31.0</ns3:atemp>
            <ns3:hr>123</ns3:hr>
          </ns3:TrackPointExtension>
        </extensions>
      </trkpt>
      <trkpt lat="22.58978627622127532958984375" lon="114.267426542937755584716796875">
        <ele>9</ele>
        <time>2024-10-18T00:32:54.000Z</time>
        <extensions>
          <ns3:TrackPointExtension>
            <ns3:atemp>31.0</ns3:atemp>
            <ns3:hr>124</ns3:hr>
          </ns3:TrackPointExtension>
        </extensions>
      </trkpt>
      <trkpt lat="22.58982441388070583343505859375" lon="114.26748278550803661346435546875">
        <ele>8.80000019073486328125</ele>
        <time>2024-10-18T00:32:55.000Z</time>
        <extensions>
          <ns3:TrackPointExtension>
            <ns3:atemp>31.0</ns3:atemp>
            <ns3:hr>124</ns3:hr>
          </ns3:TrackPointExtension>
        </extensions>
      </trkpt>
      <trkpt lat="22.5898605398833751678466796875" lon="114.2675396986305713653564453125">
        <ele>8.3999996185302734375</ele>
        <time>2024-10-18T00:32:56.000Z</time>
        <extensions>
          <ns3:TrackPointExtension>
            <ns3:atemp>31.0</ns3:atemp>
            <ns3:hr>124</ns3:hr>
          </ns3:TrackPointExtension>
        </extensions>
      </trkpt>
      <trkpt lat="22.58989800699055194854736328125" lon="114.26759359426796436309814453125">
        <ele>8.3999996185302734375</ele>
        <time>2024-10-18T00:32:57.000Z</time>
        <extensions>
          <ns3:TrackPointExtension>
            <ns3:atemp>31.0</ns3:atemp>
            <ns3:hr>124</ns3:hr>
          </ns3:TrackPointExtension>
        </extensions>
      </trkpt>
      <trkpt lat="22.5899383239448070526123046875" lon="114.26764237694442272186279296875">
        <ele>8.3999996185302734375</ele>
        <time>2024-10-18T00:32:58.000Z</time>
        <extensions>
          <ns3:TrackPointExtension>
            <ns3:atemp>31.0</ns3:atemp>
            <ns3:hr>124</ns3:hr>
          </ns3:TrackPointExtension>
        </extensions>
      </trkpt>
      <trkpt lat="22.5899731926620006561279296875" lon="114.2676885612308979034423828125">
        <ele>8.3999996185302734375</ele>
        <time>2024-10-18T00:32:59.000Z</time>
        <extensions>
          <ns3:TrackPointExtension>
            <ns3:atemp>31.0</ns3:atemp>
            <ns3:hr>124</ns3:hr>
          </ns3:TrackPointExtension>
        </extensions>
      </trkpt>
      <trkpt lat="22.589998506009578704833984375" lon="114.26772661507129669189453125">
        <ele>8.3999996185302734375</ele>
        <time>2024-10-18T00:33:00.000Z</time>
        <extensions>
          <ns3:TrackPointExtension>
            <ns3:atemp>31.0</ns3:atemp>
            <ns3:hr>124</ns3:hr>
          </ns3:TrackPointExtension>
        </extensions>
      </trkpt>
      <trkpt lat="22.59001560509204864501953125" lon="114.26776424981653690338134765625">
        <ele>8.3999996185302734375</ele>
        <time>2024-10-18T00:33:01.000Z</time>
        <extensions>
          <ns3:TrackPointExtension>
            <ns3:atemp>31.0</ns3:atemp>
            <ns3:hr>124</ns3:hr>
          </ns3:TrackPointExtension>
        </extensions>
      </trkpt>
      <trkpt lat="22.5900243222713470458984375" lon="114.26780029200017452239990234375">
        <ele>8.3999996185302734375</ele>
        <time>2024-10-18T00:33:02.000Z</time>
        <extensions>
          <ns3:TrackPointExtension>
            <ns3:atemp>31.0</ns3:atemp>
            <ns3:hr>124</ns3:hr>
          </ns3:TrackPointExtension>
        </extensions>
      </trkpt>
      <trkpt lat="22.59003513492643833160400390625" lon="114.2678337357938289642333984375">
        <ele>8.6000003814697265625</ele>
        <time>2024-10-18T00:33:03.000Z</time>
        <extensions>
          <ns3:TrackPointExtension>
            <ns3:atemp>31.0</ns3:atemp>
            <ns3:hr>123</ns3:hr>
          </ns3:TrackPointExtension>
        </extensions>
      </trkpt>
      <trkpt lat="22.59005223400890827178955078125" lon="114.26786416210234165191650390625">
        <ele>8.6000003814697265625</ele>
        <time>2024-10-18T00:33:04.000Z</time>
        <extensions>
          <ns3:TrackPointExtension>
            <ns3:atemp>31.0</ns3:atemp>
            <ns3:hr>123</ns3:hr>
          </ns3:TrackPointExtension>
        </extensions>
      </trkpt>
      <trkpt lat="22.59007251821458339691162109375" lon="114.26790104247629642486572265625">
        <ele>8.6000003814697265625</ele>
        <time>2024-10-18T00:33:05.000Z</time>
        <extensions>
          <ns3:TrackPointExtension>
            <ns3:atemp>31.0</ns3:atemp>
            <ns3:hr>122</ns3:hr>
          </ns3:TrackPointExtension>
        </extensions>
      </trkpt>
      <trkpt lat="22.5900982506573200225830078125" lon="114.26793850958347320556640625">
        <ele>8.6000003814697265625</ele>
        <time>2024-10-18T00:33:06.000Z</time>
        <extensions>
          <ns3:TrackPointExtension>
            <ns3:atemp>31.0</ns3:atemp>
            <ns3:hr>122</ns3:hr>
          </ns3:TrackPointExtension>
        </extensions>
      </trkpt>
      <trkpt lat="22.59012716822326183319091796875" lon="114.26797647960484027862548828125">
        <ele>8.3999996185302734375</ele>
        <time>2024-10-18T00:33:07.000Z</time>
        <extensions>
          <ns3:TrackPointExtension>
            <ns3:atemp>31.0</ns3:atemp>
            <ns3:hr>122</ns3:hr>
          </ns3:TrackPointExtension>
        </extensions>
      </trkpt>
      <trkpt lat="22.59015214629471302032470703125" lon="114.26802258007228374481201171875">
        <ele>8.19999980926513671875</ele>
        <time>2024-10-18T00:33:08.000Z</time>
        <extensions>
          <ns3:TrackPointExtension>
            <ns3:atemp>31.0</ns3:atemp>
            <ns3:hr>122</ns3:hr>
          </ns3:TrackPointExtension>
        </extensions>
      </trkpt>
      <trkpt lat="22.59017427451908588409423828125" lon="114.26807337440550327301025390625">
        <ele>8</ele>
        <time>2024-10-18T00:33:09.000Z</time>
        <extensions>
          <ns3:TrackPointExtension>
            <ns3:atemp>31.0</ns3:atemp>
            <ns3:hr>122</ns3:hr>
          </ns3:TrackPointExtension>
        </extensions>
      </trkpt>
      <trkpt lat="22.59019657038152217864990234375" lon="114.26812768913805484771728515625">
        <ele>8</ele>
        <time>2024-10-18T00:33:10.000Z</time>
        <extensions>
          <ns3:TrackPointExtension>
            <ns3:atemp>31.0</ns3:atemp>
            <ns3:hr>122</ns3:hr>
          </ns3:TrackPointExtension>
        </extensions>
      </trkpt>
      <trkpt lat="22.59021903388202190399169921875" lon="114.268184266984462738037109375">
        <ele>8</ele>
        <time>2024-10-18T00:33:11.000Z</time>
        <extensions>
          <ns3:TrackPointExtension>
            <ns3:atemp>31.0</ns3:atemp>
            <ns3:hr>122</ns3:hr>
          </ns3:TrackPointExtension>
        </extensions>
      </trkpt>
      <trkpt lat="22.59023428894579410552978515625" lon="114.2682461254298686981201171875">
        <ele>7.80000019073486328125</ele>
        <time>2024-10-18T00:33:12.000Z</time>
        <extensions>
          <ns3:TrackPointExtension>
            <ns3:atemp>31.0</ns3:atemp>
            <ns3:hr>122</ns3:hr>
          </ns3:TrackPointExtension>
        </extensions>
      </trkpt>
      <trkpt lat="22.5902511365711688995361328125" lon="114.26830639131367206573486328125">
        <ele>7.80000019073486328125</ele>
        <time>2024-10-18T00:33:13.000Z</time>
        <extensions>
          <ns3:TrackPointExtension>
            <ns3:atemp>31.0</ns3:atemp>
            <ns3:hr>121</ns3:hr>
          </ns3:TrackPointExtension>
        </extensions>
      </trkpt>
      <trkpt lat="22.59026211686432361602783203125" lon="114.26836690865457057952880859375">
        <ele>7.400000095367431640625</ele>
        <time>2024-10-18T00:33:14.000Z</time>
        <extensions>
          <ns3:TrackPointExtension>
            <ns3:atemp>31.0</ns3:atemp>
            <ns3:hr>119</ns3:hr>
          </ns3:TrackPointExtension>
        </extensions>
      </trkpt>
      <trkpt lat="22.5902675651013851165771484375" lon="114.2684265039861202239990234375">
        <ele>7.400000095367431640625</ele>
        <time>2024-10-18T00:33:15.000Z</time>
        <extensions>
          <ns3:TrackPointExtension>
            <ns3:atemp>31.0</ns3:atemp>
            <ns3:hr>116</ns3:hr>
          </ns3:TrackPointExtension>
        </extensions>
      </trkpt>
      <trkpt lat="22.590270750224590301513671875" lon="114.2684855125844478607177734375">
        <ele>7.400000095367431640625</ele>
        <time>2024-10-18T00:33:16.000Z</time>
        <extensions>
          <ns3:TrackPointExtension>
            <ns3:atemp>31.0</ns3:atemp>
            <ns3:hr>116</ns3:hr>
          </ns3:TrackPointExtension>
        </extensions>
      </trkpt>
      <trkpt lat="22.5902759470045566558837890625" lon="114.26854644902050495147705078125">
        <ele>7.400000095367431640625</ele>
        <time>2024-10-18T00:33:17.000Z</time>
        <extensions>
          <ns3:TrackPointExtension>
            <ns3:atemp>31.0</ns3:atemp>
            <ns3:hr>116</ns3:hr>
          </ns3:TrackPointExtension>
        </extensions>
      </trkpt>
      <trkpt lat="22.590282149612903594970703125" lon="114.268607385456562042236328125">
        <ele>7.19999980926513671875</ele>
        <time>2024-10-18T00:33:18.000Z</time>
        <extensions>
          <ns3:TrackPointExtension>
            <ns3:atemp>31.0</ns3:atemp>
            <ns3:hr>116</ns3:hr>
          </ns3:TrackPointExtension>
        </extensions>
      </trkpt>
      <trkpt lat="22.59029530920088291168212890625" lon="114.268665052950382232666015625">
        <ele>7.19999980926513671875</ele>
        <time>2024-10-18T00:33:19.000Z</time>
        <extensions>
          <ns3:TrackPointExtension>
            <ns3:atemp>31.0</ns3:atemp>
            <ns3:hr>116</ns3:hr>
          </ns3:TrackPointExtension>
        </extensions>
      </trkpt>
      <trkpt lat="22.59030067361891269683837890625" lon="114.26872096024453639984130859375">
        <ele>7.19999980926513671875</ele>
        <time>2024-10-18T00:33:20.000Z</time>
        <extensions>
          <ns3:TrackPointExtension>
            <ns3:atemp>31.0</ns3:atemp>
            <ns3:hr>116</ns3:hr>
          </ns3:TrackPointExtension>
        </extensions>
      </trkpt>
      <trkpt lat="22.59030352346599102020263671875" lon="114.2687772028148174285888671875">
        <ele>7.19999980926513671875</ele>
        <time>2024-10-18T00:33:21.000Z</time>
        <extensions>
          <ns3:TrackPointExtension>
            <ns3:atemp>31.0</ns3:atemp>
            <ns3:hr>116</ns3:hr>
          </ns3:TrackPointExtension>
        </extensions>
      </trkpt>
      <trkpt lat="22.5902994163334369659423828125" lon="114.268829338252544403076171875">
        <ele>7.19999980926513671875</ele>
        <time>2024-10-18T00:33:22.000Z</time>
        <extensions>
          <ns3:TrackPointExtension>
            <ns3:atemp>31.0</ns3:atemp>
            <ns3:hr>116</ns3:hr>
          </ns3:TrackPointExtension>
        </extensions>
      </trkpt>
      <trkpt lat="22.59030100889503955841064453125" lon="114.268877618014812469482421875">
        <ele>7.19999980926513671875</ele>
        <time>2024-10-18T00:33:23.000Z</time>
        <extensions>
          <ns3:TrackPointExtension>
            <ns3:atemp>31.0</ns3:atemp>
            <ns3:hr>116</ns3:hr>
          </ns3:TrackPointExtension>
        </extensions>
      </trkpt>
      <trkpt lat="22.5903010927140712738037109375" lon="114.268919192254543304443359375">
        <ele>7.19999980926513671875</ele>
        <time>2024-10-18T00:33:24.000Z</time>
        <extensions>
          <ns3:TrackPointExtension>
            <ns3:atemp>31.0</ns3:atemp>
            <ns3:hr>115</ns3:hr>
          </ns3:TrackPointExtension>
        </extensions>
      </trkpt>
      <trkpt lat="22.590308301150798797607421875" lon="114.26894978620111942291259765625">
        <ele>7.400000095367431640625</ele>
        <time>2024-10-18T00:33:25.000Z</time>
        <extensions>
          <ns3:TrackPointExtension>
            <ns3:atemp>31.0</ns3:atemp>
            <ns3:hr>115</ns3:hr>
          </ns3:TrackPointExtension>
        </extensions>
      </trkpt>
      <trkpt lat="22.5903131626546382904052734375" lon="114.26897509954869747161865234375">
        <ele>7.400000095367431640625</ele>
        <time>2024-10-18T00:33:26.000Z</time>
        <extensions>
          <ns3:TrackPointExtension>
            <ns3:atemp>31.0</ns3:atemp>
            <ns3:hr>115</ns3:hr>
          </ns3:TrackPointExtension>
        </extensions>
      </trkpt>
      <trkpt lat="22.59031207300722599029541015625" lon="114.26899932324886322021484375">
        <ele>7.400000095367431640625</ele>
        <time>2024-10-18T00:33:27.000Z</time>
        <extensions>
          <ns3:TrackPointExtension>
            <ns3:atemp>31.0</ns3:atemp>
            <ns3:hr>115</ns3:hr>
          </ns3:TrackPointExtension>
        </extensions>
      </trkpt>
      <trkpt lat="22.59030872024595737457275390625" lon="114.26901265047490596771240234375">
        <ele>7.599999904632568359375</ele>
        <time>2024-10-18T00:33:28.000Z</time>
        <extensions>
          <ns3:TrackPointExtension>
            <ns3:atemp>31.0</ns3:atemp>
            <ns3:hr>115</ns3:hr>
          </ns3:TrackPointExtension>
        </extensions>
      </trkpt>
      <trkpt lat="22.59030419401824474334716796875" lon="114.26901767961680889129638671875">
        <ele>7.599999904632568359375</ele>
        <time>2024-10-18T00:33:29.000Z</time>
        <extensions>
          <ns3:TrackPointExtension>
            <ns3:atemp>31.0</ns3:atemp>
            <ns3:hr>115</ns3:hr>
          </ns3:TrackPointExtension>
        </extensions>
      </trkpt>
      <trkpt lat="22.59030285291373729705810546875" lon="114.2690335214138031005859375">
        <ele>7.599999904632568359375</ele>
        <time>2024-10-18T00:33:30.000Z</time>
        <extensions>
          <ns3:TrackPointExtension>
            <ns3:atemp>31.0</ns3:atemp>
            <ns3:hr>115</ns3:hr>
          </ns3:TrackPointExtension>
        </extensions>
      </trkpt>
      <trkpt lat="22.5903034396469593048095703125" lon="114.26905296742916107177734375">
        <ele>7.599999904632568359375</ele>
        <time>2024-10-18T00:33:31.000Z</time>
        <extensions>
          <ns3:TrackPointExtension>
            <ns3:atemp>31.0</ns3:atemp>
            <ns3:hr>114</ns3:hr>
          </ns3:TrackPointExtension>
        </extensions>
      </trkpt>
      <trkpt lat="22.59030620567500591278076171875" lon="114.269069731235504150390625">
        <ele>7.599999904632568359375</ele>
        <time>2024-10-18T00:33:32.000Z</time>
        <extensions>
          <ns3:TrackPointExtension>
            <ns3:atemp>31.0</ns3:atemp>
            <ns3:hr>114</ns3:hr>
          </ns3:TrackPointExtension>
        </extensions>
      </trkpt>
      <trkpt lat="22.5903086364269256591796875" lon="114.26908859051764011383056640625">
        <ele>7.599999904632568359375</ele>
        <time>2024-10-18T00:33:33.000Z</time>
        <extensions>
          <ns3:TrackPointExtension>
            <ns3:atemp>31.0</ns3:atemp>
            <ns3:hr>114</ns3:hr>
          </ns3:TrackPointExtension>
        </extensions>
      </trkpt>
      <trkpt lat="22.59031207300722599029541015625" lon="114.2691051028668880462646484375">
        <ele>7.599999904632568359375</ele>
        <time>2024-10-18T00:33:34.000Z</time>
        <extensions>
          <ns3:TrackPointExtension>
            <ns3:atemp>31.0</ns3:atemp>
            <ns3:hr>114</ns3:hr>
          </ns3:TrackPointExtension>
        </extensions>
      </trkpt>
      <trkpt lat="22.5903151743113994598388671875" lon="114.26912094466388225555419921875">
        <ele>7.599999904632568359375</ele>
        <time>2024-10-18T00:33:35.000Z</time>
        <extensions>
          <ns3:TrackPointExtension>
            <ns3:atemp>31.0</ns3:atemp>
            <ns3:hr>113</ns3:hr>
          </ns3:TrackPointExtension>
        </extensions>
      </trkpt>
      <trkpt lat="22.5903104804456233978271484375" lon="114.26914550364017486572265625">
        <ele>7.599999904632568359375</ele>
        <time>2024-10-18T00:33:36.000Z</time>
        <extensions>
          <ns3:TrackPointExtension>
            <ns3:atemp>31.0</ns3:atemp>
            <ns3:hr>113</ns3:hr>
          </ns3:TrackPointExtension>
        </extensions>
      </trkpt>
      <trkpt lat="22.59031198918819427490234375" lon="114.26915950141847133636474609375">
        <ele>7.599999904632568359375</ele>
        <time>2024-10-18T00:33:37.000Z</time>
        <extensions>
          <ns3:TrackPointExtension>
            <ns3:atemp>31.0</ns3:atemp>
            <ns3:hr>113</ns3:hr>
          </ns3:TrackPointExtension>
        </extensions>
      </trkpt>
      <trkpt lat="22.59031341411173343658447265625" lon="114.26917425356805324554443359375">
        <ele>7.599999904632568359375</ele>
        <time>2024-10-18T00:33:38.000Z</time>
        <extensions>
          <ns3:TrackPointExtension>
            <ns3:atemp>31.0</ns3:atemp>
            <ns3:hr>114</ns3:hr>
          </ns3:TrackPointExtension>
        </extensions>
      </trkpt>
      <trkpt lat="22.59031391702592372894287109375" lon="114.26919034682214260101318359375">
        <ele>7.599999904632568359375</ele>
        <time>2024-10-18T00:33:39.000Z</time>
        <extensions>
          <ns3:TrackPointExtension>
            <ns3:atemp>31.0</ns3:atemp>
            <ns3:hr>114</ns3:hr>
          </ns3:TrackPointExtension>
        </extensions>
      </trkpt>
      <trkpt lat="22.59031358174979686737060546875" lon="114.26920987665653228759765625">
        <ele>7.599999904632568359375</ele>
        <time>2024-10-18T00:33:40.000Z</time>
        <extensions>
          <ns3:TrackPointExtension>
            <ns3:atemp>31.0</ns3:atemp>
            <ns3:hr>114</ns3:hr>
          </ns3:TrackPointExtension>
        </extensions>
      </trkpt>
      <trkpt lat="22.5903086364269256591796875" lon="114.26923426799476146697998046875">
        <ele>7.599999904632568359375</ele>
        <time>2024-10-18T00:33:41.000Z</time>
        <extensions>
          <ns3:TrackPointExtension>
            <ns3:atemp>31.0</ns3:atemp>
            <ns3:hr>114</ns3:hr>
          </ns3:TrackPointExtension>
        </extensions>
      </trkpt>
      <trkpt lat="22.59030754677951335906982421875" lon="114.26926360465586185455322265625">
        <ele>7.400000095367431640625</ele>
        <time>2024-10-18T00:33:42.000Z</time>
        <extensions>
          <ns3:TrackPointExtension>
            <ns3:atemp>31.0</ns3:atemp>
            <ns3:hr>115</ns3:hr>
          </ns3:TrackPointExtension>
        </extensions>
      </trkpt>
      <trkpt lat="22.59031894616782665252685546875" lon="114.26929478533565998077392578125">
        <ele>7.400000095367431640625</ele>
        <time>2024-10-18T00:33:43.000Z</time>
        <extensions>
          <ns3:TrackPointExtension>
            <ns3:atemp>31.0</ns3:atemp>
            <ns3:hr>115</ns3:hr>
          </ns3:TrackPointExtension>
        </extensions>
      </trkpt>
      <trkpt lat="22.59032648988068103790283203125" lon="114.2693280614912509918212890625">
        <ele>7.400000095367431640625</ele>
        <time>2024-10-18T00:33:44.000Z</time>
        <extensions>
          <ns3:TrackPointExtension>
            <ns3:atemp>31.0</ns3:atemp>
            <ns3:hr>115</ns3:hr>
          </ns3:TrackPointExtension>
        </extensions>
      </trkpt>
      <trkpt lat="22.5903359614312648773193359375" lon="114.269369132816791534423828125">
        <ele>7.19999980926513671875</ele>
        <time>2024-10-18T00:33:45.000Z</time>
        <extensions>
          <ns3:TrackPointExtension>
            <ns3:atemp>31.0</ns3:atemp>
            <ns3:hr>114</ns3:hr>
          </ns3:TrackPointExtension>
        </extensions>
      </trkpt>
      <trkpt lat="22.5903352908790111541748046875" lon="114.2694128863513469696044921875">
        <ele>7.19999980926513671875</ele>
        <time>2024-10-18T00:33:46.000Z</time>
        <extensions>
          <ns3:TrackPointExtension>
            <ns3:atemp>31.0</ns3:atemp>
            <ns3:hr>114</ns3:hr>
          </ns3:TrackPointExtension>
        </extensions>
      </trkpt>
      <trkpt lat="22.5903295911848545074462890625" lon="114.26946041174232959747314453125">
        <ele>7.19999980926513671875</ele>
        <time>2024-10-18T00:33:47.000Z</time>
        <extensions>
          <ns3:TrackPointExtension>
            <ns3:atemp>31.0</ns3:atemp>
            <ns3:hr>113</ns3:hr>
          </ns3:TrackPointExtension>
        </extensions>
      </trkpt>
      <trkpt lat="22.5903158448636531829833984375" lon="114.26951271481812000274658203125">
        <ele>7</ele>
        <time>2024-10-18T00:33:48.000Z</time>
        <extensions>
          <ns3:TrackPointExtension>
            <ns3:atemp>31.0</ns3:atemp>
            <ns3:hr>113</ns3:hr>
          </ns3:TrackPointExtension>
        </extensions>
      </trkpt>
      <trkpt lat="22.59030134417116641998291015625" lon="114.26956987939774990081787109375">
        <ele>7</ele>
        <time>2024-10-18T00:33:49.000Z</time>
        <extensions>
          <ns3:TrackPointExtension>
            <ns3:atemp>31.0</ns3:atemp>
            <ns3:hr>113</ns3:hr>
          </ns3:TrackPointExtension>
        </extensions>
      </trkpt>
      <trkpt lat="22.5902900286018848419189453125" lon="114.26963157020509243011474609375">
        <ele>6.80000019073486328125</ele>
        <time>2024-10-18T00:33:50.000Z</time>
        <extensions>
          <ns3:TrackPointExtension>
            <ns3:atemp>31.0</ns3:atemp>
            <ns3:hr>113</ns3:hr>
          </ns3:TrackPointExtension>
        </extensions>
      </trkpt>
      <trkpt lat="22.59027267806231975555419921875" lon="114.26969443447887897491455078125">
        <ele>6.400000095367431640625</ele>
        <time>2024-10-18T00:33:51.000Z</time>
        <extensions>
          <ns3:TrackPointExtension>
            <ns3:atemp>31.0</ns3:atemp>
            <ns3:hr>113</ns3:hr>
          </ns3:TrackPointExtension>
        </extensions>
      </trkpt>
      <trkpt lat="22.59025356732308864593505859375" lon="114.26975713111460208892822265625">
        <ele>6.19999980926513671875</ele>
        <time>2024-10-18T00:33:52.000Z</time>
        <extensions>
          <ns3:TrackPointExtension>
            <ns3:atemp>31.0</ns3:atemp>
            <ns3:hr>113</ns3:hr>
          </ns3:TrackPointExtension>
        </extensions>
      </trkpt>
      <trkpt lat="22.5902330316603183746337890625" lon="114.26981982775032520294189453125">
        <ele>6.19999980926513671875</ele>
        <time>2024-10-18T00:33:53.000Z</time>
        <extensions>
          <ns3:TrackPointExtension>
            <ns3:atemp>31.0</ns3:atemp>
            <ns3:hr>113</ns3:hr>
          </ns3:TrackPointExtension>
        </extensions>
      </trkpt>
      <trkpt lat="22.59021316654980182647705078125" lon="114.26988503895699977874755859375">
        <ele>6</ele>
        <time>2024-10-18T00:33:54.000Z</time>
        <extensions>
          <ns3:TrackPointExtension>
            <ns3:atemp>31.0</ns3:atemp>
            <ns3:hr>113</ns3:hr>
          </ns3:TrackPointExtension>
        </extensions>
      </trkpt>
      <trkpt lat="22.59019321762025356292724609375" lon="114.26994991488754749298095703125">
        <ele>6</ele>
        <time>2024-10-18T00:33:55.000Z</time>
        <extensions>
          <ns3:TrackPointExtension>
            <ns3:atemp>31.0</ns3:atemp>
            <ns3:hr>114</ns3:hr>
          </ns3:TrackPointExtension>
        </extensions>
      </trkpt>
      <trkpt lat="22.59016857482492923736572265625" lon="114.270014874637126922607421875">
        <ele>5.80000019073486328125</ele>
        <time>2024-10-18T00:33:56.000Z</time>
        <extensions>
          <ns3:TrackPointExtension>
            <ns3:atemp>31.0</ns3:atemp>
            <ns3:hr>114</ns3:hr>
          </ns3:TrackPointExtension>
        </extensions>
      </trkpt>
      <trkpt lat="22.59014678187668323516845703125" lon="114.27008301950991153717041015625">
        <ele>5.80000019073486328125</ele>
        <time>2024-10-18T00:33:57.000Z</time>
        <extensions>
          <ns3:TrackPointExtension>
            <ns3:atemp>31.0</ns3:atemp>
            <ns3:hr>114</ns3:hr>
          </ns3:TrackPointExtension>
        </extensions>
      </trkpt>
      <trkpt lat="22.590127922594547271728515625" lon="114.27015007473528385162353515625">
        <ele>5.80000019073486328125</ele>
        <time>2024-10-18T00:33:58.000Z</time>
        <extensions>
          <ns3:TrackPointExtension>
            <ns3:atemp>31.0</ns3:atemp>
            <ns3:hr>114</ns3:hr>
          </ns3:TrackPointExtension>
        </extensions>
      </trkpt>
      <trkpt lat="22.5901130028069019317626953125" lon="114.27021562121808528900146484375">
        <ele>5.80000019073486328125</ele>
        <time>2024-10-18T00:33:59.000Z</time>
        <extensions>
          <ns3:TrackPointExtension>
            <ns3:atemp>31.0</ns3:atemp>
            <ns3:hr>113</ns3:hr>
          </ns3:TrackPointExtension>
        </extensions>
      </trkpt>
      <trkpt lat="22.59009649045765399932861328125" lon="114.2702792398631572723388671875">
        <ele>5.80000019073486328125</ele>
        <time>2024-10-18T00:34:00.000Z</time>
        <extensions>
          <ns3:TrackPointExtension>
            <ns3:atemp>31.0</ns3:atemp>
            <ns3:hr>113</ns3:hr>
          </ns3:TrackPointExtension>
        </extensions>
      </trkpt>
      <trkpt lat="22.59007327258586883544921875" lon="114.27034235559403896331787109375">
        <ele>5.80000019073486328125</ele>
        <time>2024-10-18T00:34:01.000Z</time>
        <extensions>
          <ns3:TrackPointExtension>
            <ns3:atemp>31.0</ns3:atemp>
            <ns3:hr>113</ns3:hr>
          </ns3:TrackPointExtension>
        </extensions>
      </trkpt>
      <trkpt lat="22.5900529883801937103271484375" lon="114.270405136048793792724609375">
        <ele>5.80000019073486328125</ele>
        <time>2024-10-18T00:34:02.000Z</time>
        <extensions>
          <ns3:TrackPointExtension>
            <ns3:atemp>31.0</ns3:atemp>
            <ns3:hr>113</ns3:hr>
          </ns3:TrackPointExtension>
        </extensions>
      </trkpt>
      <trkpt lat="22.5900305248796939849853515625" lon="114.27046917378902435302734375">
        <ele>5.599999904632568359375</ele>
        <time>2024-10-18T00:34:03.000Z</time>
        <extensions>
          <ns3:TrackPointExtension>
            <ns3:atemp>31.0</ns3:atemp>
            <ns3:hr>113</ns3:hr>
          </ns3:TrackPointExtension>
        </extensions>
      </trkpt>
      <trkpt lat="22.59000982157886028289794921875" lon="114.27053497172892093658447265625">
        <ele>5.599999904632568359375</ele>
        <time>2024-10-18T00:34:04.000Z</time>
        <extensions>
          <ns3:TrackPointExtension>
            <ns3:atemp>31.0</ns3:atemp>
            <ns3:hr>113</ns3:hr>
          </ns3:TrackPointExtension>
        </extensions>
      </trkpt>
      <trkpt lat="22.58999037556350231170654296875" lon="114.2706031166017055511474609375">
        <ele>5.599999904632568359375</ele>
        <time>2024-10-18T00:34:05.000Z</time>
        <extensions>
          <ns3:TrackPointExtension>
            <ns3:atemp>31.0</ns3:atemp>
            <ns3:hr>113</ns3:hr>
          </ns3:TrackPointExtension>
        </extensions>
      </trkpt>
      <trkpt lat="22.589972019195556640625" lon="114.2706708423793315887451171875">
        <ele>5.400000095367431640625</ele>
        <time>2024-10-18T00:34:06.000Z</time>
        <extensions>
          <ns3:TrackPointExtension>
            <ns3:atemp>31.0</ns3:atemp>
            <ns3:hr>113</ns3:hr>
          </ns3:TrackPointExtension>
        </extensions>
      </trkpt>
      <trkpt lat="22.5899540819227695465087890625" lon="114.27074099890887737274169921875">
        <ele>5.19999980926513671875</ele>
        <time>2024-10-18T00:34:07.000Z</time>
        <extensions>
          <ns3:TrackPointExtension>
            <ns3:atemp>31.0</ns3:atemp>
            <ns3:hr>112</ns3:hr>
          </ns3:TrackPointExtension>
        </extensions>
      </trkpt>
      <trkpt lat="22.58993438445031642913818359375" lon="114.27081123925745487213134765625">
        <ele>5.19999980926513671875</ele>
        <time>2024-10-18T00:34:08.000Z</time>
        <extensions>
          <ns3:TrackPointExtension>
            <ns3:atemp>31.0</ns3:atemp>
            <ns3:hr>112</ns3:hr>
          </ns3:TrackPointExtension>
        </extensions>
      </trkpt>
      <trkpt lat="22.58991208858788013458251953125" lon="114.27087745629251003265380859375">
        <ele>5.19999980926513671875</ele>
        <time>2024-10-18T00:34:09.000Z</time>
        <extensions>
          <ns3:TrackPointExtension>
            <ns3:atemp>31.0</ns3:atemp>
            <ns3:hr>112</ns3:hr>
          </ns3:TrackPointExtension>
        </extensions>
      </trkpt>
      <trkpt lat="22.58989431895315647125244140625" lon="114.2709497921168804168701171875">
        <ele>5</ele>
        <time>2024-10-18T00:34:10.000Z</time>
        <extensions>
          <ns3:TrackPointExtension>
            <ns3:atemp>31.0</ns3:atemp>
            <ns3:hr>112</ns3:hr>
          </ns3:TrackPointExtension>
        </extensions>
      </trkpt>
      <trkpt lat="22.58987755514681339263916015625" lon="114.27102263085544109344482421875">
        <ele>5</ele>
        <time>2024-10-18T00:34:11.000Z</time>
        <extensions>
          <ns3:TrackPointExtension>
            <ns3:atemp>31.0</ns3:atemp>
            <ns3:hr>113</ns3:hr>
          </ns3:TrackPointExtension>
        </extensions>
      </trkpt>
      <trkpt lat="22.58985576219856739044189453125" lon="114.27109437994658946990966796875">
        <ele>4.80000019073486328125</ele>
        <time>2024-10-18T00:34:12.000Z</time>
        <extensions>
          <ns3:TrackPointExtension>
            <ns3:atemp>31.0</ns3:atemp>
            <ns3:hr>113</ns3:hr>
          </ns3:TrackPointExtension>
        </extensions>
      </trkpt>
      <trkpt lat="22.58983598090708255767822265625" lon="114.27116612903773784637451171875">
        <ele>4.80000019073486328125</ele>
        <time>2024-10-18T00:34:13.000Z</time>
        <extensions>
          <ns3:TrackPointExtension>
            <ns3:atemp>31.0</ns3:atemp>
            <ns3:hr>113</ns3:hr>
          </ns3:TrackPointExtension>
        </extensions>
      </trkpt>
      <trkpt lat="22.589817456901073455810546875" lon="114.2712347768247127532958984375">
        <ele>4.80000019073486328125</ele>
        <time>2024-10-18T00:34:14.000Z</time>
        <extensions>
          <ns3:TrackPointExtension>
            <ns3:atemp>31.0</ns3:atemp>
            <ns3:hr>114</ns3:hr>
          </ns3:TrackPointExtension>
        </extensions>
      </trkpt>
      <trkpt lat="22.58979792706668376922607421875" lon="114.27130359224975109100341796875">
        <ele>4.80000019073486328125</ele>
        <time>2024-10-18T00:34:15.000Z</time>
        <extensions>
          <ns3:TrackPointExtension>
            <ns3:atemp>31.0</ns3:atemp>
            <ns3:hr>115</ns3:hr>
          </ns3:TrackPointExtension>
        </extensions>
      </trkpt>
      <trkpt lat="22.5897740386426448822021484375" lon="114.27136846818029880523681640625">
        <ele>4.599999904632568359375</ele>
        <time>2024-10-18T00:34:16.000Z</time>
        <extensions>
          <ns3:TrackPointExtension>
            <ns3:atemp>31.0</ns3:atemp>
            <ns3:hr>115</ns3:hr>
          </ns3:TrackPointExtension>
        </extensions>
      </trkpt>
      <trkpt lat="22.58974093012511730194091796875" lon="114.271433092653751373291015625">
        <ele>4.599999904632568359375</ele>
        <time>2024-10-18T00:34:17.000Z</time>
        <extensions>
          <ns3:TrackPointExtension>
            <ns3:atemp>31.0</ns3:atemp>
            <ns3:hr>115</ns3:hr>
          </ns3:TrackPointExtension>
        </extensions>
      </trkpt>
      <trkpt lat="22.58971427567303180694580078125" lon="114.27149604074656963348388671875">
        <ele>4.80000019073486328125</ele>
        <time>2024-10-18T00:34:18.000Z</time>
        <extensions>
          <ns3:TrackPointExtension>
            <ns3:atemp>31.0</ns3:atemp>
            <ns3:hr>116</ns3:hr>
          </ns3:TrackPointExtension>
        </extensions>
      </trkpt>
      <trkpt lat="22.58969013579189777374267578125" lon="114.27156141959130764007568359375">
        <ele>4.80000019073486328125</ele>
        <time>2024-10-18T00:34:19.000Z</time>
        <extensions>
          <ns3:TrackPointExtension>
            <ns3:atemp>31.0</ns3:atemp>
            <ns3:hr>116</ns3:hr>
          </ns3:TrackPointExtension>
        </extensions>
      </trkpt>
      <trkpt lat="22.589671276509761810302734375" lon="114.27162788808345794677734375">
        <ele>4.80000019073486328125</ele>
        <time>2024-10-18T00:34:20.000Z</time>
        <extensions>
          <ns3:TrackPointExtension>
            <ns3:atemp>31.0</ns3:atemp>
            <ns3:hr>116</ns3:hr>
          </ns3:TrackPointExtension>
        </extensions>
      </trkpt>
      <trkpt lat="22.58964872919023036956787109375" lon="114.27169301547110080718994140625">
        <ele>5</ele>
        <time>2024-10-18T00:34:21.000Z</time>
        <extensions>
          <ns3:TrackPointExtension>
            <ns3:atemp>31.0</ns3:atemp>
            <ns3:hr>117</ns3:hr>
          </ns3:TrackPointExtension>
        </extensions>
      </trkpt>
      <trkpt lat="22.5896261818706989288330078125" lon="114.27175537683069705963134765625">
        <ele>5</ele>
        <time>2024-10-18T00:34:22.000Z</time>
        <extensions>
          <ns3:TrackPointExtension>
            <ns3:atemp>31.0</ns3:atemp>
            <ns3:hr>122</ns3:hr>
          </ns3:TrackPointExtension>
        </extensions>
      </trkpt>
      <trkpt lat="22.5896067358553409576416015625" lon="114.271813966333866119384765625">
        <ele>5.19999980926513671875</ele>
        <time>2024-10-18T00:34:23.000Z</time>
        <extensions>
          <ns3:TrackPointExtension>
            <ns3:atemp>31.0</ns3:atemp>
            <ns3:hr>124</ns3:hr>
          </ns3:TrackPointExtension>
        </extensions>
      </trkpt>
      <trkpt lat="22.58958988822996616363525390625" lon="114.27187356166541576385498046875">
        <ele>5.19999980926513671875</ele>
        <time>2024-10-18T00:34:24.000Z</time>
        <extensions>
          <ns3:TrackPointExtension>
            <ns3:atemp>31.0</ns3:atemp>
            <ns3:hr>125</ns3:hr>
          </ns3:TrackPointExtension>
        </extensions>
      </trkpt>
      <trkpt lat="22.58956876583397388458251953125" lon="114.27193240262567996978759765625">
        <ele>5.19999980926513671875</ele>
        <time>2024-10-18T00:34:25.000Z</time>
        <extensions>
          <ns3:TrackPointExtension>
            <ns3:atemp>31.0</ns3:atemp>
            <ns3:hr>126</ns3:hr>
          </ns3:TrackPointExtension>
        </extensions>
      </trkpt>
      <trkpt lat="22.5895477272570133209228515625" lon="114.27199224941432476043701171875">
        <ele>5.19999980926513671875</ele>
        <time>2024-10-18T00:34:26.000Z</time>
        <extensions>
          <ns3:TrackPointExtension>
            <ns3:atemp>31.0</ns3:atemp>
            <ns3:hr>126</ns3:hr>
          </ns3:TrackPointExtension>
        </extensions>
      </trkpt>
      <trkpt lat="22.58952668868005275726318359375" lon="114.27205142565071582794189453125">
        <ele>5.599999904632568359375</ele>
        <time>2024-10-18T00:34:27.000Z</time>
        <extensions>
          <ns3:TrackPointExtension>
            <ns3:atemp>31.0</ns3:atemp>
            <ns3:hr>126</ns3:hr>
          </ns3:TrackPointExtension>
        </extensions>
      </trkpt>
      <trkpt lat="22.58950456045567989349365234375" lon="114.27211093716323375701904296875">
        <ele>5.400000095367431640625</ele>
        <time>2024-10-18T00:34:28.000Z</time>
        <extensions>
          <ns3:TrackPointExtension>
            <ns3:atemp>31.0</ns3:atemp>
            <ns3:hr>126</ns3:hr>
          </ns3:TrackPointExtension>
        </extensions>
      </trkpt>
      <trkpt lat="22.58947757072746753692626953125" lon="114.27216961048543453216552734375">
        <ele>5.19999980926513671875</ele>
        <time>2024-10-18T00:34:29.000Z</time>
        <extensions>
          <ns3:TrackPointExtension>
            <ns3:atemp>31.0</ns3:atemp>
            <ns3:hr>126</ns3:hr>
          </ns3:TrackPointExtension>
        </extensions>
      </trkpt>
      <trkpt lat="22.58945234119892120361328125" lon="114.27222828380763530731201171875">
        <ele>5.19999980926513671875</ele>
        <time>2024-10-18T00:34:30.000Z</time>
        <extensions>
          <ns3:TrackPointExtension>
            <ns3:atemp>31.0</ns3:atemp>
            <ns3:hr>126</ns3:hr>
          </ns3:TrackPointExtension>
        </extensions>
      </trkpt>
      <trkpt lat="22.58943432010710239410400390625" lon="114.27229165099561214447021484375">
        <ele>5.400000095367431640625</ele>
        <time>2024-10-18T00:34:31.000Z</time>
        <extensions>
          <ns3:TrackPointExtension>
            <ns3:atemp>31.0</ns3:atemp>
            <ns3:hr>126</ns3:hr>
          </ns3:TrackPointExtension>
        </extensions>
      </trkpt>
      <trkpt lat="22.58941453881561756134033203125" lon="114.27235250361263751983642578125">
        <ele>5.599999904632568359375</ele>
        <time>2024-10-18T00:34:32.000Z</time>
        <extensions>
          <ns3:TrackPointExtension>
            <ns3:atemp>31.0</ns3:atemp>
            <ns3:hr>125</ns3:hr>
          </ns3:TrackPointExtension>
        </extensions>
      </trkpt>
      <trkpt lat="22.58939174003899097442626953125" lon="114.27241151221096515655517578125">
        <ele>5.599999904632568359375</ele>
        <time>2024-10-18T00:34:33.000Z</time>
        <extensions>
          <ns3:TrackPointExtension>
            <ns3:atemp>31.0</ns3:atemp>
            <ns3:hr>125</ns3:hr>
          </ns3:TrackPointExtension>
        </extensions>
      </trkpt>
      <trkpt lat="22.58936860598623752593994140625" lon="114.27246767096221446990966796875">
        <ele>5.599999904632568359375</ele>
        <time>2024-10-18T00:34:34.000Z</time>
        <extensions>
          <ns3:TrackPointExtension>
            <ns3:atemp>31.0</ns3:atemp>
            <ns3:hr>125</ns3:hr>
          </ns3:TrackPointExtension>
        </extensions>
      </trkpt>
      <trkpt lat="22.58933759294450283050537109375" lon="114.27251880057156085968017578125">
        <ele>5.80000019073486328125</ele>
        <time>2024-10-18T00:34:35.000Z</time>
        <extensions>
          <ns3:TrackPointExtension>
            <ns3:atemp>31.0</ns3:atemp>
            <ns3:hr>126</ns3:hr>
          </ns3:TrackPointExtension>
        </extensions>
      </trkpt>
      <trkpt lat="22.58930339477956295013427734375" lon="114.27256858907639980316162109375">
        <ele>5.80000019073486328125</ele>
        <time>2024-10-18T00:34:36.000Z</time>
        <extensions>
          <ns3:TrackPointExtension>
            <ns3:atemp>31.0</ns3:atemp>
            <ns3:hr>126</ns3:hr>
          </ns3:TrackPointExtension>
        </extensions>
      </trkpt>
      <trkpt lat="22.5892687775194644927978515625" lon="114.27261753939092159271240234375">
        <ele>5.80000019073486328125</ele>
        <time>2024-10-18T00:34:37.000Z</time>
        <extensions>
          <ns3:TrackPointExtension>
            <ns3:atemp>31.0</ns3:atemp>
            <ns3:hr>126</ns3:hr>
          </ns3:TrackPointExtension>
        </extensions>
      </trkpt>
      <trkpt lat="22.5892357528209686279296875" lon="114.27266397513449192047119140625">
        <ele>5.80000019073486328125</ele>
        <time>2024-10-18T00:34:38.000Z</time>
        <extensions>
          <ns3:TrackPointExtension>
            <ns3:atemp>31.0</ns3:atemp>
            <ns3:hr>125</ns3:hr>
          </ns3:TrackPointExtension>
        </extensions>
      </trkpt>
      <trkpt lat="22.58920700289309024810791015625" lon="114.27270957268774509429931640625">
        <ele>5.599999904632568359375</ele>
        <time>2024-10-18T00:34:39.000Z</time>
        <extensions>
          <ns3:TrackPointExtension>
            <ns3:atemp>31.0</ns3:atemp>
            <ns3:hr>126</ns3:hr>
          </ns3:TrackPointExtension>
        </extensions>
      </trkpt>
      <trkpt lat="22.58917263709008693695068359375" lon="114.27275751717388629913330078125">
        <ele>5.599999904632568359375</ele>
        <time>2024-10-18T00:34:40.000Z</time>
        <extensions>
          <ns3:TrackPointExtension>
            <ns3:atemp>31.0</ns3:atemp>
            <ns3:hr>126</ns3:hr>
          </ns3:TrackPointExtension>
        </extensions>
      </trkpt>
      <trkpt lat="22.5891365110874176025390625" lon="114.272808730602264404296875">
        <ele>5.80000019073486328125</ele>
        <time>2024-10-18T00:34:41.000Z</time>
        <extensions>
          <ns3:TrackPointExtension>
            <ns3:atemp>31.0</ns3:atemp>
            <ns3:hr>127</ns3:hr>
          </ns3:TrackPointExtension>
        </extensions>
      </trkpt>
      <trkpt lat="22.58909351192414760589599609375" lon="114.27285424433648586273193359375">
        <ele>6</ele>
        <time>2024-10-18T00:34:42.000Z</time>
        <extensions>
          <ns3:TrackPointExtension>
            <ns3:atemp>31.0</ns3:atemp>
            <ns3:hr>127</ns3:hr>
          </ns3:TrackPointExtension>
        </extensions>
      </trkpt>
      <trkpt lat="22.5890525244176387786865234375" lon="114.27290369756519794464111328125">
        <ele>6.19999980926513671875</ele>
        <time>2024-10-18T00:34:43.000Z</time>
        <extensions>
          <ns3:TrackPointExtension>
            <ns3:atemp>31.0</ns3:atemp>
            <ns3:hr>127</ns3:hr>
          </ns3:TrackPointExtension>
        </extensions>
      </trkpt>
      <trkpt lat="22.5890159793198108673095703125" lon="114.27295667119324207305908203125">
        <ele>6.400000095367431640625</ele>
        <time>2024-10-18T00:34:44.000Z</time>
        <extensions>
          <ns3:TrackPointExtension>
            <ns3:atemp>31.0</ns3:atemp>
            <ns3:hr>128</ns3:hr>
          </ns3:TrackPointExtension>
        </extensions>
      </trkpt>
      <trkpt lat="22.5889780931174755096435546875" lon="114.273012243211269378662109375">
        <ele>6.400000095367431640625</ele>
        <time>2024-10-18T00:34:45.000Z</time>
        <extensions>
          <ns3:TrackPointExtension>
            <ns3:atemp>31.0</ns3:atemp>
            <ns3:hr>128</ns3:hr>
          </ns3:TrackPointExtension>
        </extensions>
      </trkpt>
      <trkpt lat="22.588941715657711029052734375" lon="114.273066557943820953369140625">
        <ele>6.400000095367431640625</ele>
        <time>2024-10-18T00:34:46.000Z</time>
        <extensions>
          <ns3:TrackPointExtension>
            <ns3:atemp>31.0</ns3:atemp>
            <ns3:hr>129</ns3:hr>
          </ns3:TrackPointExtension>
        </extensions>
      </trkpt>
      <trkpt lat="22.58890240453183650970458984375" lon="114.27311877720057964324951171875">
        <ele>6.400000095367431640625</ele>
        <time>2024-10-18T00:34:47.000Z</time>
        <extensions>
          <ns3:TrackPointExtension>
            <ns3:atemp>31.0</ns3:atemp>
            <ns3:hr>129</ns3:hr>
          </ns3:TrackPointExtension>
        </extensions>
      </trkpt>
      <trkpt lat="22.5888573937118053436279296875" lon="114.27316806279122829437255859375">
        <ele>6.19999980926513671875</ele>
        <time>2024-10-18T00:34:48.000Z</time>
        <extensions>
          <ns3:TrackPointExtension>
            <ns3:atemp>31.0</ns3:atemp>
            <ns3:hr>129</ns3:hr>
          </ns3:TrackPointExtension>
        </extensions>
      </trkpt>
      <trkpt lat="22.58881456218659877777099609375" lon="114.273218773305416107177734375">
        <ele>5.80000019073486328125</ele>
        <time>2024-10-18T00:34:49.000Z</time>
        <extensions>
          <ns3:TrackPointExtension>
            <ns3:atemp>31.0</ns3:atemp>
            <ns3:hr>129</ns3:hr>
          </ns3:TrackPointExtension>
        </extensions>
      </trkpt>
      <trkpt lat="22.58877650834619998931884765625" lon="114.27327568642795085906982421875">
        <ele>5.599999904632568359375</ele>
        <time>2024-10-18T00:34:50.000Z</time>
        <extensions>
          <ns3:TrackPointExtension>
            <ns3:atemp>31.0</ns3:atemp>
            <ns3:hr>129</ns3:hr>
          </ns3:TrackPointExtension>
        </extensions>
      </trkpt>
      <trkpt lat="22.588739208877086639404296875" lon="114.273330755531787872314453125">
        <ele>5.400000095367431640625</ele>
        <time>2024-10-18T00:34:51.000Z</time>
        <extensions>
          <ns3:TrackPointExtension>
            <ns3:atemp>31.0</ns3:atemp>
            <ns3:hr>129</ns3:hr>
          </ns3:TrackPointExtension>
        </extensions>
      </trkpt>
      <trkpt lat="22.5887019932270050048828125" lon="114.27338540554046630859375">
        <ele>5.400000095367431640625</ele>
        <time>2024-10-18T00:34:52.000Z</time>
        <extensions>
          <ns3:TrackPointExtension>
            <ns3:atemp>31.0</ns3:atemp>
            <ns3:hr>129</ns3:hr>
          </ns3:TrackPointExtension>
        </extensions>
      </trkpt>
      <trkpt lat="22.5886639393866062164306640625" lon="114.2734405584633350372314453125">
        <ele>5.19999980926513671875</ele>
        <time>2024-10-18T00:34:53.000Z</time>
        <extensions>
          <ns3:TrackPointExtension>
            <ns3:atemp>31.0</ns3:atemp>
            <ns3:hr>130</ns3:hr>
          </ns3:TrackPointExtension>
        </extensions>
      </trkpt>
      <trkpt lat="22.58862663991749286651611328125" lon="114.27349529229104518890380859375">
        <ele>5.19999980926513671875</ele>
        <time>2024-10-18T00:34:54.000Z</time>
        <extensions>
          <ns3:TrackPointExtension>
            <ns3:atemp>31.0</ns3:atemp>
            <ns3:hr>130</ns3:hr>
          </ns3:TrackPointExtension>
        </extensions>
      </trkpt>
      <trkpt lat="22.5885901786386966705322265625" lon="114.27354700863361358642578125">
        <ele>5.19999980926513671875</ele>
        <time>2024-10-18T00:34:55.000Z</time>
        <extensions>
          <ns3:TrackPointExtension>
            <ns3:atemp>31.0</ns3:atemp>
            <ns3:hr>130</ns3:hr>
          </ns3:TrackPointExtension>
        </extensions>
      </trkpt>
      <trkpt lat="22.58855338208377361297607421875" lon="114.2735961265861988067626953125">
        <ele>5</ele>
        <time>2024-10-18T00:34:56.000Z</time>
        <extensions>
          <ns3:TrackPointExtension>
            <ns3:atemp>31.0</ns3:atemp>
            <ns3:hr>131</ns3:hr>
          </ns3:TrackPointExtension>
        </extensions>
      </trkpt>
      <trkpt lat="22.58851113729178905487060546875" lon="114.27364298142492771148681640625">
        <ele>5</ele>
        <time>2024-10-18T00:34:57.000Z</time>
        <extensions>
          <ns3:TrackPointExtension>
            <ns3:atemp>31.0</ns3:atemp>
            <ns3:hr>131</ns3:hr>
          </ns3:TrackPointExtension>
        </extensions>
      </trkpt>
      <trkpt lat="22.58847140707075595855712890625" lon="114.273688830435276031494140625">
        <ele>5</ele>
        <time>2024-10-18T00:34:58.000Z</time>
        <extensions>
          <ns3:TrackPointExtension>
            <ns3:atemp>31.0</ns3:atemp>
            <ns3:hr>132</ns3:hr>
          </ns3:TrackPointExtension>
        </extensions>
      </trkpt>
      <trkpt lat="22.5884322635829448699951171875" lon="114.27373350597918033599853515625">
        <ele>5</ele>
        <time>2024-10-18T00:34:59.000Z</time>
        <extensions>
          <ns3:TrackPointExtension>
            <ns3:atemp>31.0</ns3:atemp>
            <ns3:hr>132</ns3:hr>
          </ns3:TrackPointExtension>
        </extensions>
      </trkpt>
      <trkpt lat="22.58839689195156097412109375" lon="114.27377725951373577117919921875">
        <ele>5</ele>
        <time>2024-10-18T00:35:00.000Z</time>
        <extensions>
          <ns3:TrackPointExtension>
            <ns3:atemp>31.0</ns3:atemp>
            <ns3:hr>133</ns3:hr>
          </ns3:TrackPointExtension>
        </extensions>
      </trkpt>
      <trkpt lat="22.588363699615001678466796875" lon="114.27381950430572032928466796875">
        <ele>5.19999980926513671875</ele>
        <time>2024-10-18T00:35:01.000Z</time>
        <extensions>
          <ns3:TrackPointExtension>
            <ns3:atemp>31.0</ns3:atemp>
            <ns3:hr>133</ns3:hr>
          </ns3:TrackPointExtension>
        </extensions>
      </trkpt>
      <trkpt lat="22.5883283279836177825927734375" lon="114.27386241964995861053466796875">
        <ele>5.400000095367431640625</ele>
        <time>2024-10-18T00:35:02.000Z</time>
        <extensions>
          <ns3:TrackPointExtension>
            <ns3:atemp>31.0</ns3:atemp>
            <ns3:hr>134</ns3:hr>
          </ns3:TrackPointExtension>
        </extensions>
      </trkpt>
      <trkpt lat="22.5882889330387115478515625" lon="114.2738925106823444366455078125">
        <ele>5.599999904632568359375</ele>
        <time>2024-10-18T00:35:03.000Z</time>
        <extensions>
          <ns3:TrackPointExtension>
            <ns3:atemp>31.0</ns3:atemp>
            <ns3:hr>134</ns3:hr>
          </ns3:TrackPointExtension>
        </extensions>
      </trkpt>
      <trkpt lat="22.58825330995023250579833984375" lon="114.27392654120922088623046875">
        <ele>6.19999980926513671875</ele>
        <time>2024-10-18T00:35:04.000Z</time>
        <extensions>
          <ns3:TrackPointExtension>
            <ns3:atemp>31.0</ns3:atemp>
            <ns3:hr>135</ns3:hr>
          </ns3:TrackPointExtension>
        </extensions>
      </trkpt>
      <trkpt lat="22.5882233865559101104736328125" lon="114.27396518178284168243408203125">
        <ele>6.400000095367431640625</ele>
        <time>2024-10-18T00:35:05.000Z</time>
        <extensions>
          <ns3:TrackPointExtension>
            <ns3:atemp>31.0</ns3:atemp>
            <ns3:hr>136</ns3:hr>
          </ns3:TrackPointExtension>
        </extensions>
      </trkpt>
      <trkpt lat="22.58820335380733013153076171875" lon="114.2740054987370967864990234375">
        <ele>6.599999904632568359375</ele>
        <time>2024-10-18T00:35:06.000Z</time>
        <extensions>
          <ns3:TrackPointExtension>
            <ns3:atemp>31.0</ns3:atemp>
            <ns3:hr>136</ns3:hr>
          </ns3:TrackPointExtension>
        </extensions>
      </trkpt>
      <trkpt lat="22.588208131492137908935546875" lon="114.27404187619686126708984375">
        <ele>6.599999904632568359375</ele>
        <time>2024-10-18T00:35:07.000Z</time>
        <extensions>
          <ns3:TrackPointExtension>
            <ns3:atemp>31.0</ns3:atemp>
            <ns3:hr>137</ns3:hr>
          </ns3:TrackPointExtension>
        </extensions>
      </trkpt>
      <trkpt lat="22.5882334448397159576416015625" lon="114.2740651778876781463623046875">
        <ele>6.80000019073486328125</ele>
        <time>2024-10-18T00:35:08.000Z</time>
        <extensions>
          <ns3:TrackPointExtension>
            <ns3:atemp>31.0</ns3:atemp>
            <ns3:hr>138</ns3:hr>
          </ns3:TrackPointExtension>
        </extensions>
      </trkpt>
      <trkpt lat="22.58825951255857944488525390625" lon="114.27408747375011444091796875">
        <ele>6.80000019073486328125</ele>
        <time>2024-10-18T00:35:09.000Z</time>
        <extensions>
          <ns3:TrackPointExtension>
            <ns3:atemp>31.0</ns3:atemp>
            <ns3:hr>137</ns3:hr>
          </ns3:TrackPointExtension>
        </extensions>
      </trkpt>
      <trkpt lat="22.58828683756291866302490234375" lon="114.27410901524126529693603515625">
        <ele>6.80000019073486328125</ele>
        <time>2024-10-18T00:35:10.000Z</time>
        <extensions>
          <ns3:TrackPointExtension>
            <ns3:atemp>31.0</ns3:atemp>
            <ns3:hr>137</ns3:hr>
          </ns3:TrackPointExtension>
        </extensions>
      </trkpt>
      <trkpt lat="22.5883058644831180572509765625" lon="114.27413734607398509979248046875">
        <ele>7</ele>
        <time>2024-10-18T00:35:11.000Z</time>
        <extensions>
          <ns3:TrackPointExtension>
            <ns3:atemp>31.0</ns3:atemp>
            <ns3:hr>137</ns3:hr>
          </ns3:TrackPointExtension>
        </extensions>
      </trkpt>
      <trkpt lat="22.58831466548144817352294921875" lon="114.27416936494410037994384765625">
        <ele>7</ele>
        <time>2024-10-18T00:35:12.000Z</time>
        <extensions>
          <ns3:TrackPointExtension>
            <ns3:atemp>31.0</ns3:atemp>
            <ns3:hr>137</ns3:hr>
          </ns3:TrackPointExtension>
        </extensions>
      </trkpt>
      <trkpt lat="22.58833193220198154449462890625" lon="114.27420549094676971435546875">
        <ele>7</ele>
        <time>2024-10-18T00:35:13.000Z</time>
        <extensions>
          <ns3:TrackPointExtension>
            <ns3:atemp>31.0</ns3:atemp>
            <ns3:hr>136</ns3:hr>
          </ns3:TrackPointExtension>
        </extensions>
      </trkpt>
      <trkpt lat="22.5883613526821136474609375" lon="114.274238012731075286865234375">
        <ele>7</ele>
        <time>2024-10-18T00:35:14.000Z</time>
        <extensions>
          <ns3:TrackPointExtension>
            <ns3:atemp>31.0</ns3:atemp>
            <ns3:hr>135</ns3:hr>
          </ns3:TrackPointExtension>
        </extensions>
      </trkpt>
      <trkpt lat="22.58839764632284641265869140625" lon="114.27426642738282680511474609375">
        <ele>7</ele>
        <time>2024-10-18T00:35:15.000Z</time>
        <extensions>
          <ns3:TrackPointExtension>
            <ns3:atemp>31.0</ns3:atemp>
            <ns3:hr>134</ns3:hr>
          </ns3:TrackPointExtension>
        </extensions>
      </trkpt>
      <trkpt lat="22.58843176066875457763671875" lon="114.2743008770048618316650390625">
        <ele>7</ele>
        <time>2024-10-18T00:35:16.000Z</time>
        <extensions>
          <ns3:TrackPointExtension>
            <ns3:atemp>31.0</ns3:atemp>
            <ns3:hr>133</ns3:hr>
          </ns3:TrackPointExtension>
        </extensions>
      </trkpt>
      <trkpt lat="22.58846855722367763519287109375" lon="114.27433633245527744293212890625">
        <ele>7</ele>
        <time>2024-10-18T00:35:17.000Z</time>
        <extensions>
          <ns3:TrackPointExtension>
            <ns3:atemp>31.0</ns3:atemp>
            <ns3:hr>133</ns3:hr>
          </ns3:TrackPointExtension>
        </extensions>
      </trkpt>
      <trkpt lat="22.58850644342601299285888671875" lon="114.2743736319243907928466796875">
        <ele>7</ele>
        <time>2024-10-18T00:35:18.000Z</time>
        <extensions>
          <ns3:TrackPointExtension>
            <ns3:atemp>31.0</ns3:atemp>
            <ns3:hr>132</ns3:hr>
          </ns3:TrackPointExtension>
        </extensions>
      </trkpt>
      <trkpt lat="22.5885475985705852508544921875" lon="114.27441176958382129669189453125">
        <ele>6.80000019073486328125</ele>
        <time>2024-10-18T00:35:19.000Z</time>
        <extensions>
          <ns3:TrackPointExtension>
            <ns3:atemp>31.0</ns3:atemp>
            <ns3:hr>132</ns3:hr>
          </ns3:TrackPointExtension>
        </extensions>
      </trkpt>
      <trkpt lat="22.58859043009579181671142578125" lon="114.27445351146161556243896484375">
        <ele>6.80000019073486328125</ele>
        <time>2024-10-18T00:35:20.000Z</time>
        <extensions>
          <ns3:TrackPointExtension>
            <ns3:atemp>31.0</ns3:atemp>
            <ns3:hr>132</ns3:hr>
          </ns3:TrackPointExtension>
        </extensions>
      </trkpt>
      <trkpt lat="22.58863351307809352874755859375" lon="114.2744953371584415435791015625">
        <ele>6.80000019073486328125</ele>
        <time>2024-10-18T00:35:21.000Z</time>
        <extensions>
          <ns3:TrackPointExtension>
            <ns3:atemp>31.0</ns3:atemp>
            <ns3:hr>131</ns3:hr>
          </ns3:TrackPointExtension>
        </extensions>
      </trkpt>
      <trkpt lat="22.5886766798794269561767578125" lon="114.27453733049333095550537109375">
        <ele>6.80000019073486328125</ele>
        <time>2024-10-18T00:35:22.000Z</time>
        <extensions>
          <ns3:TrackPointExtension>
            <ns3:atemp>31.0</ns3:atemp>
            <ns3:hr>130</ns3:hr>
          </ns3:TrackPointExtension>
        </extensions>
      </trkpt>
      <trkpt lat="22.588721774518489837646484375" lon="114.27457756362855434417724609375">
        <ele>6.80000019073486328125</ele>
        <time>2024-10-18T00:35:23.000Z</time>
        <extensions>
          <ns3:TrackPointExtension>
            <ns3:atemp>31.0</ns3:atemp>
            <ns3:hr>130</ns3:hr>
          </ns3:TrackPointExtension>
        </extensions>
      </trkpt>
      <trkpt lat="22.58876561187207698822021484375" lon="114.27462114952504634857177734375">
        <ele>6.80000019073486328125</ele>
        <time>2024-10-18T00:35:24.000Z</time>
        <extensions>
          <ns3:TrackPointExtension>
            <ns3:atemp>31.0</ns3:atemp>
            <ns3:hr>129</ns3:hr>
          </ns3:TrackPointExtension>
        </extensions>
      </trkpt>
      <trkpt lat="22.5888107903301715850830078125" lon="114.27466548979282379150390625">
        <ele>6.599999904632568359375</ele>
        <time>2024-10-18T00:35:25.000Z</time>
        <extensions>
          <ns3:TrackPointExtension>
            <ns3:atemp>31.0</ns3:atemp>
            <ns3:hr>129</ns3:hr>
          </ns3:TrackPointExtension>
        </extensions>
      </trkpt>
      <trkpt lat="22.58885563351213932037353515625" lon="114.2747079022228717803955078125">
        <ele>6.400000095367431640625</ele>
        <time>2024-10-18T00:35:26.000Z</time>
        <extensions>
          <ns3:TrackPointExtension>
            <ns3:atemp>31.0</ns3:atemp>
            <ns3:hr>129</ns3:hr>
          </ns3:TrackPointExtension>
        </extensions>
      </trkpt>
      <trkpt lat="22.58890106342732906341552734375" lon="114.27475207485258579254150390625">
        <ele>6.19999980926513671875</ele>
        <time>2024-10-18T00:35:27.000Z</time>
        <extensions>
          <ns3:TrackPointExtension>
            <ns3:atemp>31.0</ns3:atemp>
            <ns3:hr>129</ns3:hr>
          </ns3:TrackPointExtension>
        </extensions>
      </trkpt>
      <trkpt lat="22.58894548751413822174072265625" lon="114.2747987620532512664794921875">
        <ele>6</ele>
        <time>2024-10-18T00:35:28.000Z</time>
        <extensions>
          <ns3:TrackPointExtension>
            <ns3:atemp>31.0</ns3:atemp>
            <ns3:hr>129</ns3:hr>
          </ns3:TrackPointExtension>
        </extensions>
      </trkpt>
      <trkpt lat="22.58899091742932796478271484375" lon="114.2748433537781238555908203125">
        <ele>6</ele>
        <time>2024-10-18T00:35:29.000Z</time>
        <extensions>
          <ns3:TrackPointExtension>
            <ns3:atemp>31.0</ns3:atemp>
            <ns3:hr>129</ns3:hr>
          </ns3:TrackPointExtension>
        </extensions>
      </trkpt>
      <trkpt lat="22.58903718553483486175537109375" lon="114.27488702349364757537841796875">
        <ele>6</ele>
        <time>2024-10-18T00:35:30.000Z</time>
        <extensions>
          <ns3:TrackPointExtension>
            <ns3:atemp>31.0</ns3:atemp>
            <ns3:hr>129</ns3:hr>
          </ns3:TrackPointExtension>
        </extensions>
      </trkpt>
      <trkpt lat="22.589084208011627197265625" lon="114.2749308608472347259521484375">
        <ele>6.19999980926513671875</ele>
        <time>2024-10-18T00:35:31.000Z</time>
        <extensions>
          <ns3:TrackPointExtension>
            <ns3:atemp>31.0</ns3:atemp>
            <ns3:hr>128</ns3:hr>
          </ns3:TrackPointExtension>
        </extensions>
      </trkpt>
      <trkpt lat="22.58913055993616580963134765625" lon="114.27497587166726589202880859375">
        <ele>6.19999980926513671875</ele>
        <time>2024-10-18T00:35:32.000Z</time>
        <extensions>
          <ns3:TrackPointExtension>
            <ns3:atemp>31.0</ns3:atemp>
            <ns3:hr>128</ns3:hr>
          </ns3:TrackPointExtension>
        </extensions>
      </trkpt>
      <trkpt lat="22.58917666040360927581787109375" lon="114.2750254087150096893310546875">
        <ele>6.19999980926513671875</ele>
        <time>2024-10-18T00:35:33.000Z</time>
        <extensions>
          <ns3:TrackPointExtension>
            <ns3:atemp>31.0</ns3:atemp>
            <ns3:hr>130</ns3:hr>
          </ns3:TrackPointExtension>
        </extensions>
      </trkpt>
      <trkpt lat="22.58922636508941650390625" lon="114.2750733532011508941650390625">
        <ele>6.19999980926513671875</ele>
        <time>2024-10-18T00:35:34.000Z</time>
        <extensions>
          <ns3:TrackPointExtension>
            <ns3:atemp>31.0</ns3:atemp>
            <ns3:hr>131</ns3:hr>
          </ns3:TrackPointExtension>
        </extensions>
      </trkpt>
      <trkpt lat="22.58927439339458942413330078125" lon="114.2751209624111652374267578125">
        <ele>6.19999980926513671875</ele>
        <time>2024-10-18T00:35:35.000Z</time>
        <extensions>
          <ns3:TrackPointExtension>
            <ns3:atemp>31.0</ns3:atemp>
            <ns3:hr>132</ns3:hr>
          </ns3:TrackPointExtension>
        </extensions>
      </trkpt>
      <trkpt lat="22.589318566024303436279296875" lon="114.275165386497974395751953125">
        <ele>6.19999980926513671875</ele>
        <time>2024-10-18T00:35:36.000Z</time>
        <extensions>
          <ns3:TrackPointExtension>
            <ns3:atemp>31.0</ns3:atemp>
            <ns3:hr>132</ns3:hr>
          </ns3:TrackPointExtension>
        </extensions>
      </trkpt>
      <trkpt lat="22.58935980498790740966796875" lon="114.2752104811370372772216796875">
        <ele>6</ele>
        <time>2024-10-18T00:35:37.000Z</time>
        <extensions>
          <ns3:TrackPointExtension>
            <ns3:atemp>31.0</ns3:atemp>
            <ns3:hr>133</ns3:hr>
          </ns3:TrackPointExtension>
        </extensions>
      </trkpt>
      <trkpt lat="22.58939174003899097442626953125" lon="114.27526404149830341339111328125">
        <ele>5.80000019073486328125</ele>
        <time>2024-10-18T00:35:38.000Z</time>
        <extensions>
          <ns3:TrackPointExtension>
            <ns3:atemp>31.0</ns3:atemp>
            <ns3:hr>134</ns3:hr>
          </ns3:TrackPointExtension>
        </extensions>
      </trkpt>
      <trkpt lat="22.58940733037889003753662109375" lon="114.2753258161246776580810546875">
        <ele>5.599999904632568359375</ele>
        <time>2024-10-18T00:35:39.000Z</time>
        <extensions>
          <ns3:TrackPointExtension>
            <ns3:atemp>31.0</ns3:atemp>
            <ns3:hr>134</ns3:hr>
          </ns3:TrackPointExtension>
        </extensions>
      </trkpt>
      <trkpt lat="22.58940272033214569091796875" lon="114.27539169788360595703125">
        <ele>5.400000095367431640625</ele>
        <time>2024-10-18T00:35:40.000Z</time>
        <extensions>
          <ns3:TrackPointExtension>
            <ns3:atemp>31.0</ns3:atemp>
            <ns3:hr>134</ns3:hr>
          </ns3:TrackPointExtension>
        </extensions>
      </trkpt>
      <trkpt lat="22.58938796818256378173828125" lon="114.27546554245054721832275390625">
        <ele>5.400000095367431640625</ele>
        <time>2024-10-18T00:35:41.000Z</time>
        <extensions>
          <ns3:TrackPointExtension>
            <ns3:atemp>31.0</ns3:atemp>
            <ns3:hr>134</ns3:hr>
          </ns3:TrackPointExtension>
        </extensions>
      </trkpt>
      <trkpt lat="22.5893730483949184417724609375" lon="114.275539219379425048828125">
        <ele>5.19999980926513671875</ele>
        <time>2024-10-18T00:35:42.000Z</time>
        <extensions>
          <ns3:TrackPointExtension>
            <ns3:atemp>31.0</ns3:atemp>
            <ns3:hr>134</ns3:hr>
          </ns3:TrackPointExtension>
        </extensions>
      </trkpt>
      <trkpt lat="22.5893576256930828094482421875" lon="114.27561700344085693359375">
        <ele>5</ele>
        <time>2024-10-18T00:35:43.000Z</time>
        <extensions>
          <ns3:TrackPointExtension>
            <ns3:atemp>31.0</ns3:atemp>
            <ns3:hr>134</ns3:hr>
          </ns3:TrackPointExtension>
        </extensions>
      </trkpt>
      <trkpt lat="22.58934413082897663116455078125" lon="114.275694787502288818359375">
        <ele>5</ele>
        <time>2024-10-18T00:35:44.000Z</time>
        <extensions>
          <ns3:TrackPointExtension>
            <ns3:atemp>31.0</ns3:atemp>
            <ns3:hr>133</ns3:hr>
          </ns3:TrackPointExtension>
        </extensions>
      </trkpt>
      <trkpt lat="22.58933088742196559906005859375" lon="114.27576913498342037200927734375">
        <ele>5</ele>
        <time>2024-10-18T00:35:45.000Z</time>
        <extensions>
          <ns3:TrackPointExtension>
            <ns3:atemp>31.0</ns3:atemp>
            <ns3:hr>133</ns3:hr>
          </ns3:TrackPointExtension>
        </extensions>
      </trkpt>
      <trkpt lat="22.5893187336623668670654296875" lon="114.27584432065486907958984375">
        <ele>5</ele>
        <time>2024-10-18T00:35:46.000Z</time>
        <extensions>
          <ns3:TrackPointExtension>
            <ns3:atemp>31.0</ns3:atemp>
            <ns3:hr>133</ns3:hr>
          </ns3:TrackPointExtension>
        </extensions>
      </trkpt>
      <trkpt lat="22.589305825531482696533203125" lon="114.2759182490408420562744140625">
        <ele>5.19999980926513671875</ele>
        <time>2024-10-18T00:35:47.000Z</time>
        <extensions>
          <ns3:TrackPointExtension>
            <ns3:atemp>31.0</ns3:atemp>
            <ns3:hr>132</ns3:hr>
          </ns3:TrackPointExtension>
        </extensions>
      </trkpt>
      <trkpt lat="22.58929115720093250274658203125" lon="114.27598957903683185577392578125">
        <ele>5.400000095367431640625</ele>
        <time>2024-10-18T00:35:48.000Z</time>
        <extensions>
          <ns3:TrackPointExtension>
            <ns3:atemp>31.0</ns3:atemp>
            <ns3:hr>132</ns3:hr>
          </ns3:TrackPointExtension>
        </extensions>
      </trkpt>
      <trkpt lat="22.58927456103265285491943359375" lon="114.27605998702347278594970703125">
        <ele>5.599999904632568359375</ele>
        <time>2024-10-18T00:35:49.000Z</time>
        <extensions>
          <ns3:TrackPointExtension>
            <ns3:atemp>31.0</ns3:atemp>
            <ns3:hr>132</ns3:hr>
          </ns3:TrackPointExtension>
        </extensions>
      </trkpt>
      <trkpt lat="22.5892598927021026611328125" lon="114.27613022737205028533935546875">
        <ele>5.599999904632568359375</ele>
        <time>2024-10-18T00:35:50.000Z</time>
        <extensions>
          <ns3:TrackPointExtension>
            <ns3:atemp>31.0</ns3:atemp>
            <ns3:hr>131</ns3:hr>
          </ns3:TrackPointExtension>
        </extensions>
      </trkpt>
      <trkpt lat="22.58924723602831363677978515625" lon="114.2762012220919132232666015625">
        <ele>6.400000095367431640625</ele>
        <time>2024-10-18T00:35:51.000Z</time>
        <extensions>
          <ns3:TrackPointExtension>
            <ns3:atemp>31.0</ns3:atemp>
            <ns3:hr>131</ns3:hr>
          </ns3:TrackPointExtension>
        </extensions>
      </trkpt>
      <trkpt lat="22.58923751302063465118408203125" lon="114.2762739770114421844482421875">
        <ele>6.80000019073486328125</ele>
        <time>2024-10-18T00:35:52.000Z</time>
        <extensions>
          <ns3:TrackPointExtension>
            <ns3:atemp>31.0</ns3:atemp>
            <ns3:hr>131</ns3:hr>
          </ns3:TrackPointExtension>
        </extensions>
      </trkpt>
      <trkpt lat="22.589227370917797088623046875" lon="114.27635201252996921539306640625">
        <ele>7</ele>
        <time>2024-10-18T00:35:53.000Z</time>
        <extensions>
          <ns3:TrackPointExtension>
            <ns3:atemp>31.0</ns3:atemp>
            <ns3:hr>131</ns3:hr>
          </ns3:TrackPointExtension>
        </extensions>
      </trkpt>
      <trkpt lat="22.5892184861004352569580078125" lon="114.27643080241978168487548828125">
        <ele>7.80000019073486328125</ele>
        <time>2024-10-18T00:35:54.000Z</time>
        <extensions>
          <ns3:TrackPointExtension>
            <ns3:atemp>31.0</ns3:atemp>
            <ns3:hr>131</ns3:hr>
          </ns3:TrackPointExtension>
        </extensions>
      </trkpt>
      <trkpt lat="22.58921270258724689483642578125" lon="114.2764962650835514068603515625">
        <ele>8.3999996185302734375</ele>
        <time>2024-10-18T00:35:55.000Z</time>
        <extensions>
          <ns3:TrackPointExtension>
            <ns3:atemp>31.0</ns3:atemp>
            <ns3:hr>131</ns3:hr>
          </ns3:TrackPointExtension>
        </extensions>
      </trkpt>
      <trkpt lat="22.5892054103314876556396484375" lon="114.27655284292995929718017578125">
        <ele>8.6000003814697265625</ele>
        <time>2024-10-18T00:35:56.000Z</time>
        <extensions>
          <ns3:TrackPointExtension>
            <ns3:atemp>31.0</ns3:atemp>
            <ns3:hr>131</ns3:hr>
          </ns3:TrackPointExtension>
        </extensions>
      </trkpt>
      <trkpt lat="22.589199878275394439697265625" lon="114.27659575827419757843017578125">
        <ele>9.3999996185302734375</ele>
        <time>2024-10-18T00:35:57.000Z</time>
        <extensions>
          <ns3:TrackPointExtension>
            <ns3:atemp>31.0</ns3:atemp>
            <ns3:hr>132</ns3:hr>
          </ns3:TrackPointExtension>
        </extensions>
      </trkpt>
      <trkpt lat="22.58919493295252323150634765625" lon="114.276628196239471435546875">
        <ele>10</ele>
        <time>2024-10-18T00:35:58.000Z</time>
        <extensions>
          <ns3:TrackPointExtension>
            <ns3:atemp>31.0</ns3:atemp>
            <ns3:hr>132</ns3:hr>
          </ns3:TrackPointExtension>
        </extensions>
      </trkpt>
      <trkpt lat="22.58918202482163906097412109375" lon="114.2766578681766986846923828125">
        <ele>11</ele>
        <time>2024-10-18T00:35:59.000Z</time>
        <extensions>
          <ns3:TrackPointExtension>
            <ns3:atemp>31.0</ns3:atemp>
            <ns3:hr>133</ns3:hr>
          </ns3:TrackPointExtension>
        </extensions>
      </trkpt>
      <trkpt lat="22.58917330764234066009521484375" lon="114.27668728865683078765869140625">
        <ele>11.6000003814697265625</ele>
        <time>2024-10-18T00:36:00.000Z</time>
        <extensions>
          <ns3:TrackPointExtension>
            <ns3:atemp>31.0</ns3:atemp>
            <ns3:hr>133</ns3:hr>
          </ns3:TrackPointExtension>
        </extensions>
      </trkpt>
      <trkpt lat="22.589173056185245513916015625" lon="114.27672232501208782196044921875">
        <ele>11.80000019073486328125</ele>
        <time>2024-10-18T00:36:01.000Z</time>
        <extensions>
          <ns3:TrackPointExtension>
            <ns3:atemp>31.0</ns3:atemp>
            <ns3:hr>133</ns3:hr>
          </ns3:TrackPointExtension>
        </extensions>
      </trkpt>
      <trkpt lat="22.5891725532710552215576171875" lon="114.27675920538604259490966796875">
        <ele>11.80000019073486328125</ele>
        <time>2024-10-18T00:36:02.000Z</time>
        <extensions>
          <ns3:TrackPointExtension>
            <ns3:atemp>31.0</ns3:atemp>
            <ns3:hr>133</ns3:hr>
          </ns3:TrackPointExtension>
        </extensions>
      </trkpt>
      <trkpt lat="22.58916006423532962799072265625" lon="114.27678988315165042877197265625">
        <ele>12</ele>
        <time>2024-10-18T00:36:03.000Z</time>
        <extensions>
          <ns3:TrackPointExtension>
            <ns3:atemp>31.0</ns3:atemp>
            <ns3:hr>134</ns3:hr>
          </ns3:TrackPointExtension>
        </extensions>
      </trkpt>
      <trkpt lat="22.58914950303733348846435546875" lon="114.27682341076433658599853515625">
        <ele>12.3999996185302734375</ele>
        <time>2024-10-18T00:36:04.000Z</time>
        <extensions>
          <ns3:TrackPointExtension>
            <ns3:atemp>31.0</ns3:atemp>
            <ns3:hr>135</ns3:hr>
          </ns3:TrackPointExtension>
        </extensions>
      </trkpt>
      <trkpt lat="22.5891365110874176025390625" lon="114.27685593254864215850830078125">
        <ele>12.3999996185302734375</ele>
        <time>2024-10-18T00:36:05.000Z</time>
        <extensions>
          <ns3:TrackPointExtension>
            <ns3:atemp>31.0</ns3:atemp>
            <ns3:hr>136</ns3:hr>
          </ns3:TrackPointExtension>
        </extensions>
      </trkpt>
      <trkpt lat="22.589127458631992340087890625" lon="114.27689281292259693145751953125">
        <ele>12.6000003814697265625</ele>
        <time>2024-10-18T00:36:06.000Z</time>
        <extensions>
          <ns3:TrackPointExtension>
            <ns3:atemp>31.0</ns3:atemp>
            <ns3:hr>138</ns3:hr>
          </ns3:TrackPointExtension>
        </extensions>
      </trkpt>
      <trkpt lat="22.58912569843232631683349609375" lon="114.27693069912493228912353515625">
        <ele>12.80000019073486328125</ele>
        <time>2024-10-18T00:36:07.000Z</time>
        <extensions>
          <ns3:TrackPointExtension>
            <ns3:atemp>31.0</ns3:atemp>
            <ns3:hr>140</ns3:hr>
          </ns3:TrackPointExtension>
        </extensions>
      </trkpt>
      <trkpt lat="22.58912242949008941650390625" lon="114.2769696749746799468994140625">
        <ele>12.80000019073486328125</ele>
        <time>2024-10-18T00:36:08.000Z</time>
        <extensions>
          <ns3:TrackPointExtension>
            <ns3:atemp>31.0</ns3:atemp>
            <ns3:hr>141</ns3:hr>
          </ns3:TrackPointExtension>
        </extensions>
      </trkpt>
      <trkpt lat="22.58911865763366222381591796875" lon="114.27700705826282501220703125">
        <ele>13</ele>
        <time>2024-10-18T00:36:09.000Z</time>
        <extensions>
          <ns3:TrackPointExtension>
            <ns3:atemp>31.0</ns3:atemp>
            <ns3:hr>142</ns3:hr>
          </ns3:TrackPointExtension>
        </extensions>
      </trkpt>
      <trkpt lat="22.58912150748074054718017578125" lon="114.2770493030548095703125">
        <ele>13.3999996185302734375</ele>
        <time>2024-10-18T00:36:10.000Z</time>
        <extensions>
          <ns3:TrackPointExtension>
            <ns3:atemp>31.0</ns3:atemp>
            <ns3:hr>142</ns3:hr>
          </ns3:TrackPointExtension>
        </extensions>
      </trkpt>
      <trkpt lat="22.58912720717489719390869140625" lon="114.27708928473293781280517578125">
        <ele>13.6000003814697265625</ele>
        <time>2024-10-18T00:36:11.000Z</time>
        <extensions>
          <ns3:TrackPointExtension>
            <ns3:atemp>31.0</ns3:atemp>
            <ns3:hr>143</ns3:hr>
          </ns3:TrackPointExtension>
        </extensions>
      </trkpt>
      <trkpt lat="22.589133493602275848388671875" lon="114.27712909877300262451171875">
        <ele>13.80000019073486328125</ele>
        <time>2024-10-18T00:36:12.000Z</time>
        <extensions>
          <ns3:TrackPointExtension>
            <ns3:atemp>31.0</ns3:atemp>
            <ns3:hr>143</ns3:hr>
          </ns3:TrackPointExtension>
        </extensions>
      </trkpt>
      <trkpt lat="22.589139528572559356689453125" lon="114.27716757170855998992919921875">
        <ele>14.19999980926513671875</ele>
        <time>2024-10-18T00:36:13.000Z</time>
        <extensions>
          <ns3:TrackPointExtension>
            <ns3:atemp>31.0</ns3:atemp>
            <ns3:hr>144</ns3:hr>
          </ns3:TrackPointExtension>
        </extensions>
      </trkpt>
      <trkpt lat="22.58914615027606487274169921875" lon="114.2772050388157367706298828125">
        <ele>14.19999980926513671875</ele>
        <time>2024-10-18T00:36:14.000Z</time>
        <extensions>
          <ns3:TrackPointExtension>
            <ns3:atemp>31.0</ns3:atemp>
            <ns3:hr>144</ns3:hr>
          </ns3:TrackPointExtension>
        </extensions>
      </trkpt>
      <trkpt lat="22.58915193378925323486328125" lon="114.27724309265613555908203125">
        <ele>14.3999996185302734375</ele>
        <time>2024-10-18T00:36:15.000Z</time>
        <extensions>
          <ns3:TrackPointExtension>
            <ns3:atemp>31.0</ns3:atemp>
            <ns3:hr>145</ns3:hr>
          </ns3:TrackPointExtension>
        </extensions>
      </trkpt>
      <trkpt lat="22.58915327489376068115234375" lon="114.2772804759442806243896484375">
        <ele>14.6000003814697265625</ele>
        <time>2024-10-18T00:36:16.000Z</time>
        <extensions>
          <ns3:TrackPointExtension>
            <ns3:atemp>31.0</ns3:atemp>
            <ns3:hr>146</ns3:hr>
          </ns3:TrackPointExtension>
        </extensions>
      </trkpt>
      <trkpt lat="22.5891477428376674652099609375" lon="114.27731676958501338958740234375">
        <ele>14.80000019073486328125</ele>
        <time>2024-10-18T00:36:17.000Z</time>
        <extensions>
          <ns3:TrackPointExtension>
            <ns3:atemp>31.0</ns3:atemp>
            <ns3:hr>147</ns3:hr>
          </ns3:TrackPointExtension>
        </extensions>
      </trkpt>
      <trkpt lat="22.5891423784196376800537109375" lon="114.27735063247382640838623046875">
        <ele>15</ele>
        <time>2024-10-18T00:36:18.000Z</time>
        <extensions>
          <ns3:TrackPointExtension>
            <ns3:atemp>31.0</ns3:atemp>
            <ns3:hr>147</ns3:hr>
          </ns3:TrackPointExtension>
        </extensions>
      </trkpt>
      <trkpt lat="22.58913843892514705657958984375" lon="114.2773844115436077117919921875">
        <ele>15</ele>
        <time>2024-10-18T00:36:19.000Z</time>
        <extensions>
          <ns3:TrackPointExtension>
            <ns3:atemp>31.0</ns3:atemp>
            <ns3:hr>148</ns3:hr>
          </ns3:TrackPointExtension>
        </extensions>
      </trkpt>
      <trkpt lat="22.5891339965164661407470703125" lon="114.2774207890033721923828125">
        <ele>15.19999980926513671875</ele>
        <time>2024-10-18T00:36:20.000Z</time>
        <extensions>
          <ns3:TrackPointExtension>
            <ns3:atemp>30.0</ns3:atemp>
            <ns3:hr>148</ns3:hr>
          </ns3:TrackPointExtension>
        </extensions>
      </trkpt>
      <trkpt lat="22.5891311466693878173828125" lon="114.27745507098734378814697265625">
        <ele>15.3999996185302734375</ele>
        <time>2024-10-18T00:36:21.000Z</time>
        <extensions>
          <ns3:TrackPointExtension>
            <ns3:atemp>31.0</ns3:atemp>
            <ns3:hr>148</ns3:hr>
          </ns3:TrackPointExtension>
        </extensions>
      </trkpt>
      <trkpt lat="22.58912511169910430908203125" lon="114.27748977206647396087646484375">
        <ele>15.6000003814697265625</ele>
        <time>2024-10-18T00:36:22.000Z</time>
        <extensions>
          <ns3:TrackPointExtension>
            <ns3:atemp>31.0</ns3:atemp>
            <ns3:hr>148</ns3:hr>
          </ns3:TrackPointExtension>
        </extensions>
      </trkpt>
      <trkpt lat="22.5891192443668842315673828125" lon="114.277526400983333587646484375">
        <ele>15.6000003814697265625</ele>
        <time>2024-10-18T00:36:23.000Z</time>
        <extensions>
          <ns3:TrackPointExtension>
            <ns3:atemp>31.0</ns3:atemp>
            <ns3:hr>148</ns3:hr>
          </ns3:TrackPointExtension>
        </extensions>
      </trkpt>
      <trkpt lat="22.58911195211112499237060546875" lon="114.27756537683308124542236328125">
        <ele>15.6000003814697265625</ele>
        <time>2024-10-18T00:36:24.000Z</time>
        <extensions>
          <ns3:TrackPointExtension>
            <ns3:atemp>31.0</ns3:atemp>
            <ns3:hr>148</ns3:hr>
          </ns3:TrackPointExtension>
        </extensions>
      </trkpt>
      <trkpt lat="22.5891065038740634918212890625" lon="114.2776040174067020416259765625">
        <ele>15.6000003814697265625</ele>
        <time>2024-10-18T00:36:25.000Z</time>
        <extensions>
          <ns3:TrackPointExtension>
            <ns3:atemp>31.0</ns3:atemp>
            <ns3:hr>148</ns3:hr>
          </ns3:TrackPointExtension>
        </extensions>
      </trkpt>
      <trkpt lat="22.58910105563700199127197265625" lon="114.2776388861238956451416015625">
        <ele>15.80000019073486328125</ele>
        <time>2024-10-18T00:36:26.000Z</time>
        <extensions>
          <ns3:TrackPointExtension>
            <ns3:atemp>31.0</ns3:atemp>
            <ns3:hr>148</ns3:hr>
          </ns3:TrackPointExtension>
        </extensions>
      </trkpt>
      <trkpt lat="22.589099965989589691162109375" lon="114.27768037654459476470947265625">
        <ele>15.80000019073486328125</ele>
        <time>2024-10-18T00:36:27.000Z</time>
        <extensions>
          <ns3:TrackPointExtension>
            <ns3:atemp>31.0</ns3:atemp>
            <ns3:hr>148</ns3:hr>
          </ns3:TrackPointExtension>
        </extensions>
      </trkpt>
      <trkpt lat="22.5891011394560337066650390625" lon="114.27772186696529388427734375">
        <ele>15.80000019073486328125</ele>
        <time>2024-10-18T00:36:28.000Z</time>
        <extensions>
          <ns3:TrackPointExtension>
            <ns3:atemp>31.0</ns3:atemp>
            <ns3:hr>148</ns3:hr>
          </ns3:TrackPointExtension>
        </extensions>
      </trkpt>
      <trkpt lat="22.5890997983515262603759765625" lon="114.27776469849050045013427734375">
        <ele>16</ele>
        <time>2024-10-18T00:36:29.000Z</time>
        <extensions>
          <ns3:TrackPointExtension>
            <ns3:atemp>31.0</ns3:atemp>
            <ns3:hr>148</ns3:hr>
          </ns3:TrackPointExtension>
        </extensions>
      </trkpt>
      <trkpt lat="22.589098624885082244873046875" lon="114.2778082005679607391357421875">
        <ele>16.200000762939453125</ele>
        <time>2024-10-18T00:36:30.000Z</time>
        <extensions>
          <ns3:TrackPointExtension>
            <ns3:atemp>31.0</ns3:atemp>
            <ns3:hr>148</ns3:hr>
          </ns3:TrackPointExtension>
        </extensions>
      </trkpt>
      <trkpt lat="22.5890930928289890289306640625" lon="114.27785019390285015106201171875">
        <ele>16.200000762939453125</ele>
        <time>2024-10-18T00:36:31.000Z</time>
        <extensions>
          <ns3:TrackPointExtension>
            <ns3:atemp>31.0</ns3:atemp>
            <ns3:hr>148</ns3:hr>
          </ns3:TrackPointExtension>
        </extensions>
      </trkpt>
      <trkpt lat="22.5890890695154666900634765625" lon="114.27789084613323211669921875">
        <ele>16.3999996185302734375</ele>
        <time>2024-10-18T00:36:32.000Z</time>
        <extensions>
          <ns3:TrackPointExtension>
            <ns3:atemp>31.0</ns3:atemp>
            <ns3:hr>148</ns3:hr>
          </ns3:TrackPointExtension>
        </extensions>
      </trkpt>
      <trkpt lat="22.589101977646350860595703125" lon="114.27793384529650211334228515625">
        <ele>16.6000003814697265625</ele>
        <time>2024-10-18T00:36:33.000Z</time>
        <extensions>
          <ns3:TrackPointExtension>
            <ns3:atemp>31.0</ns3:atemp>
            <ns3:hr>148</ns3:hr>
          </ns3:TrackPointExtension>
        </extensions>
      </trkpt>
      <trkpt lat="22.58912217803299427032470703125" lon="114.27797458134591579437255859375">
        <ele>17</ele>
        <time>2024-10-18T00:36:34.000Z</time>
        <extensions>
          <ns3:TrackPointExtension>
            <ns3:atemp>31.0</ns3:atemp>
            <ns3:hr>147</ns3:hr>
          </ns3:TrackPointExtension>
        </extensions>
      </trkpt>
      <trkpt lat="22.58914598263800144195556640625" lon="114.27801162935793399810791015625">
        <ele>17.200000762939453125</ele>
        <time>2024-10-18T00:36:35.000Z</time>
        <extensions>
          <ns3:TrackPointExtension>
            <ns3:atemp>31.0</ns3:atemp>
            <ns3:hr>147</ns3:hr>
          </ns3:TrackPointExtension>
        </extensions>
      </trkpt>
      <trkpt lat="22.58917263709008693695068359375" lon="114.278047420084476470947265625">
        <ele>17.3999996185302734375</ele>
        <time>2024-10-18T00:36:36.000Z</time>
        <extensions>
          <ns3:TrackPointExtension>
            <ns3:atemp>31.0</ns3:atemp>
            <ns3:hr>147</ns3:hr>
          </ns3:TrackPointExtension>
        </extensions>
      </trkpt>
      <trkpt lat="22.58920113556087017059326171875" lon="114.2780824564397335052490234375">
        <ele>17.6000003814697265625</ele>
        <time>2024-10-18T00:36:37.000Z</time>
        <extensions>
          <ns3:TrackPointExtension>
            <ns3:atemp>31.0</ns3:atemp>
            <ns3:hr>148</ns3:hr>
          </ns3:TrackPointExtension>
        </extensions>
      </trkpt>
      <trkpt lat="22.5892330706119537353515625" lon="114.27810852415859699249267578125">
        <ele>17.6000003814697265625</ele>
        <time>2024-10-18T00:36:38.000Z</time>
        <extensions>
          <ns3:TrackPointExtension>
            <ns3:atemp>31.0</ns3:atemp>
            <ns3:hr>148</ns3:hr>
          </ns3:TrackPointExtension>
        </extensions>
      </trkpt>
      <trkpt lat="22.58924321271479129791259765625" lon="114.2781444825232028961181640625">
        <ele>17.6000003814697265625</ele>
        <time>2024-10-18T00:36:39.000Z</time>
        <extensions>
          <ns3:TrackPointExtension>
            <ns3:atemp>31.0</ns3:atemp>
            <ns3:hr>148</ns3:hr>
          </ns3:TrackPointExtension>
        </extensions>
      </trkpt>
      <trkpt lat="22.589245140552520751953125" lon="114.27817943505942821502685546875">
        <ele>17.6000003814697265625</ele>
        <time>2024-10-18T00:36:40.000Z</time>
        <extensions>
          <ns3:TrackPointExtension>
            <ns3:atemp>31.0</ns3:atemp>
            <ns3:hr>149</ns3:hr>
          </ns3:TrackPointExtension>
        </extensions>
      </trkpt>
      <trkpt lat="22.58924908004701137542724609375" lon="114.278212375938892364501953125">
        <ele>17.6000003814697265625</ele>
        <time>2024-10-18T00:36:41.000Z</time>
        <extensions>
          <ns3:TrackPointExtension>
            <ns3:atemp>31.0</ns3:atemp>
            <ns3:hr>149</ns3:hr>
          </ns3:TrackPointExtension>
        </extensions>
      </trkpt>
      <trkpt lat="22.58925427682697772979736328125" lon="114.27824598737061023712158203125">
        <ele>17.6000003814697265625</ele>
        <time>2024-10-18T00:36:42.000Z</time>
        <extensions>
          <ns3:TrackPointExtension>
            <ns3:atemp>31.0</ns3:atemp>
            <ns3:hr>150</ns3:hr>
          </ns3:TrackPointExtension>
        </extensions>
      </trkpt>
      <trkpt lat="22.589257545769214630126953125" lon="114.278282783925533294677734375">
        <ele>17.6000003814697265625</ele>
        <time>2024-10-18T00:36:43.000Z</time>
        <extensions>
          <ns3:TrackPointExtension>
            <ns3:atemp>31.0</ns3:atemp>
            <ns3:hr>149</ns3:hr>
          </ns3:TrackPointExtension>
        </extensions>
      </trkpt>
      <trkpt lat="22.58925880305469036102294921875" lon="114.27832963876426219940185546875">
        <ele>17.6000003814697265625</ele>
        <time>2024-10-18T00:36:44.000Z</time>
        <extensions>
          <ns3:TrackPointExtension>
            <ns3:atemp>31.0</ns3:atemp>
            <ns3:hr>149</ns3:hr>
          </ns3:TrackPointExtension>
        </extensions>
      </trkpt>
      <trkpt lat="22.58926098234951496124267578125" lon="114.27838043309748172760009765625">
        <ele>17.6000003814697265625</ele>
        <time>2024-10-18T00:36:45.000Z</time>
        <extensions>
          <ns3:TrackPointExtension>
            <ns3:atemp>31.0</ns3:atemp>
            <ns3:hr>149</ns3:hr>
          </ns3:TrackPointExtension>
        </extensions>
      </trkpt>
      <trkpt lat="22.58927254937589168548583984375" lon="114.27842971868813037872314453125">
        <ele>17.6000003814697265625</ele>
        <time>2024-10-18T00:36:46.000Z</time>
        <extensions>
          <ns3:TrackPointExtension>
            <ns3:atemp>31.0</ns3:atemp>
            <ns3:hr>149</ns3:hr>
          </ns3:TrackPointExtension>
        </extensions>
      </trkpt>
      <trkpt lat="22.58928763680160045623779296875" lon="114.27847799845039844512939453125">
        <ele>17.6000003814697265625</ele>
        <time>2024-10-18T00:36:47.000Z</time>
        <extensions>
          <ns3:TrackPointExtension>
            <ns3:atemp>31.0</ns3:atemp>
            <ns3:hr>150</ns3:hr>
          </ns3:TrackPointExtension>
        </extensions>
      </trkpt>
      <trkpt lat="22.5893056578934192657470703125" lon="114.2785290442407131195068359375">
        <ele>17.6000003814697265625</ele>
        <time>2024-10-18T00:36:48.000Z</time>
        <extensions>
          <ns3:TrackPointExtension>
            <ns3:atemp>31.0</ns3:atemp>
            <ns3:hr>150</ns3:hr>
          </ns3:TrackPointExtension>
        </extensions>
      </trkpt>
      <trkpt lat="22.5893133692443370819091796875" lon="114.278585873544216156005859375">
        <ele>17.6000003814697265625</ele>
        <time>2024-10-18T00:36:49.000Z</time>
        <extensions>
          <ns3:TrackPointExtension>
            <ns3:atemp>31.0</ns3:atemp>
            <ns3:hr>150</ns3:hr>
          </ns3:TrackPointExtension>
        </extensions>
      </trkpt>
      <trkpt lat="22.58931362070143222808837890625" lon="114.2786447145044803619384765625">
        <ele>17.200000762939453125</ele>
        <time>2024-10-18T00:36:50.000Z</time>
        <extensions>
          <ns3:TrackPointExtension>
            <ns3:atemp>31.0</ns3:atemp>
            <ns3:hr>150</ns3:hr>
          </ns3:TrackPointExtension>
        </extensions>
      </trkpt>
      <trkpt lat="22.5893140397965908050537109375" lon="114.27870732732117176055908203125">
        <ele>16.799999237060546875</ele>
        <time>2024-10-18T00:36:51.000Z</time>
        <extensions>
          <ns3:TrackPointExtension>
            <ns3:atemp>31.0</ns3:atemp>
            <ns3:hr>149</ns3:hr>
          </ns3:TrackPointExtension>
        </extensions>
      </trkpt>
      <trkpt lat="22.58931278251111507415771484375" lon="114.27877488546073436737060546875">
        <ele>16.3999996185302734375</ele>
        <time>2024-10-18T00:36:52.000Z</time>
        <extensions>
          <ns3:TrackPointExtension>
            <ns3:atemp>31.0</ns3:atemp>
            <ns3:hr>149</ns3:hr>
          </ns3:TrackPointExtension>
        </extensions>
      </trkpt>
      <trkpt lat="22.5893140397965908050537109375" lon="114.2788452096283435821533203125">
        <ele>16</ele>
        <time>2024-10-18T00:36:53.000Z</time>
        <extensions>
          <ns3:TrackPointExtension>
            <ns3:atemp>31.0</ns3:atemp>
            <ns3:hr>149</ns3:hr>
          </ns3:TrackPointExtension>
        </extensions>
      </trkpt>
      <trkpt lat="22.58931596763432025909423828125" lon="114.27891871891915798187255859375">
        <ele>15</ele>
        <time>2024-10-18T00:36:54.000Z</time>
        <extensions>
          <ns3:TrackPointExtension>
            <ns3:atemp>31.0</ns3:atemp>
            <ns3:hr>149</ns3:hr>
          </ns3:TrackPointExtension>
        </extensions>
      </trkpt>
      <trkpt lat="22.58931579999625682830810546875" lon="114.27899281494319438934326171875">
        <ele>14.6000003814697265625</ele>
        <time>2024-10-18T00:36:55.000Z</time>
        <extensions>
          <ns3:TrackPointExtension>
            <ns3:atemp>31.0</ns3:atemp>
            <ns3:hr>148</ns3:hr>
          </ns3:TrackPointExtension>
        </extensions>
      </trkpt>
      <trkpt lat="22.589317224919795989990234375" lon="114.27907143719494342803955078125">
        <ele>14.19999980926513671875</ele>
        <time>2024-10-18T00:36:56.000Z</time>
        <extensions>
          <ns3:TrackPointExtension>
            <ns3:atemp>31.0</ns3:atemp>
            <ns3:hr>147</ns3:hr>
          </ns3:TrackPointExtension>
        </extensions>
      </trkpt>
      <trkpt lat="22.58931395597755908966064453125" lon="114.27915726788341999053955078125">
        <ele>13.6000003814697265625</ele>
        <time>2024-10-18T00:36:57.000Z</time>
        <extensions>
          <ns3:TrackPointExtension>
            <ns3:atemp>31.0</ns3:atemp>
            <ns3:hr>146</ns3:hr>
          </ns3:TrackPointExtension>
        </extensions>
      </trkpt>
      <trkpt lat="22.58931278251111507415771484375" lon="114.27923974581062793731689453125">
        <ele>12.80000019073486328125</ele>
        <time>2024-10-18T00:36:58.000Z</time>
        <extensions>
          <ns3:TrackPointExtension>
            <ns3:atemp>31.0</ns3:atemp>
            <ns3:hr>146</ns3:hr>
          </ns3:TrackPointExtension>
        </extensions>
      </trkpt>
      <trkpt lat="22.5893133692443370819091796875" lon="114.2793219722807407379150390625">
        <ele>12.3999996185302734375</ele>
        <time>2024-10-18T00:36:59.000Z</time>
        <extensions>
          <ns3:TrackPointExtension>
            <ns3:atemp>31.0</ns3:atemp>
            <ns3:hr>146</ns3:hr>
          </ns3:TrackPointExtension>
        </extensions>
      </trkpt>
      <trkpt lat="22.58931244723498821258544921875" lon="114.2794002592563629150390625">
        <ele>11.80000019073486328125</ele>
        <time>2024-10-18T00:37:00.000Z</time>
        <extensions>
          <ns3:TrackPointExtension>
            <ns3:atemp>31.0</ns3:atemp>
            <ns3:hr>145</ns3:hr>
          </ns3:TrackPointExtension>
        </extensions>
      </trkpt>
      <trkpt lat="22.58931420743465423583984375" lon="114.27947527728974819183349609375">
        <ele>11.6000003814697265625</ele>
        <time>2024-10-18T00:37:01.000Z</time>
        <extensions>
          <ns3:TrackPointExtension>
            <ns3:atemp>31.0</ns3:atemp>
            <ns3:hr>145</ns3:hr>
          </ns3:TrackPointExtension>
        </extensions>
      </trkpt>
      <trkpt lat="22.589313872158527374267578125" lon="114.27955172024667263031005859375">
        <ele>10.80000019073486328125</ele>
        <time>2024-10-18T00:37:02.000Z</time>
        <extensions>
          <ns3:TrackPointExtension>
            <ns3:atemp>31.0</ns3:atemp>
            <ns3:hr>144</ns3:hr>
          </ns3:TrackPointExtension>
        </extensions>
      </trkpt>
      <trkpt lat="22.58931144140660762786865234375" lon="114.279629923403263092041015625">
        <ele>10.6000003814697265625</ele>
        <time>2024-10-18T00:37:03.000Z</time>
        <extensions>
          <ns3:TrackPointExtension>
            <ns3:atemp>31.0</ns3:atemp>
            <ns3:hr>144</ns3:hr>
          </ns3:TrackPointExtension>
        </extensions>
      </trkpt>
      <trkpt lat="22.58931060321629047393798828125" lon="114.27970133721828460693359375">
        <ele>10.19999980926513671875</ele>
        <time>2024-10-18T00:37:04.000Z</time>
        <extensions>
          <ns3:TrackPointExtension>
            <ns3:atemp>31.0</ns3:atemp>
            <ns3:hr>143</ns3:hr>
          </ns3:TrackPointExtension>
        </extensions>
      </trkpt>
      <trkpt lat="22.5893147103488445281982421875" lon="114.2797702364623546600341796875">
        <ele>10</ele>
        <time>2024-10-18T00:37:05.000Z</time>
        <extensions>
          <ns3:TrackPointExtension>
            <ns3:atemp>31.0</ns3:atemp>
            <ns3:hr>143</ns3:hr>
          </ns3:TrackPointExtension>
        </extensions>
      </trkpt>
      <trkpt lat="22.5893210805952548980712890625" lon="114.27983737550675868988037109375">
        <ele>9.80000019073486328125</ele>
        <time>2024-10-18T00:37:06.000Z</time>
        <extensions>
          <ns3:TrackPointExtension>
            <ns3:atemp>31.0</ns3:atemp>
            <ns3:hr>142</ns3:hr>
          </ns3:TrackPointExtension>
        </extensions>
      </trkpt>
      <trkpt lat="22.58932485245168209075927734375" lon="114.27990107797086238861083984375">
        <ele>9.80000019073486328125</ele>
        <time>2024-10-18T00:37:07.000Z</time>
        <extensions>
          <ns3:TrackPointExtension>
            <ns3:atemp>31.0</ns3:atemp>
            <ns3:hr>141</ns3:hr>
          </ns3:TrackPointExtension>
        </extensions>
      </trkpt>
      <trkpt lat="22.5893214158713817596435546875" lon="114.279959164559841156005859375">
        <ele>9.80000019073486328125</ele>
        <time>2024-10-18T00:37:08.000Z</time>
        <extensions>
          <ns3:TrackPointExtension>
            <ns3:atemp>31.0</ns3:atemp>
            <ns3:hr>141</ns3:hr>
          </ns3:TrackPointExtension>
        </extensions>
      </trkpt>
      <trkpt lat="22.5893163867294788360595703125" lon="114.28001649677753448486328125">
        <ele>9.6000003814697265625</ele>
        <time>2024-10-18T00:37:09.000Z</time>
        <extensions>
          <ns3:TrackPointExtension>
            <ns3:atemp>31.0</ns3:atemp>
            <ns3:hr>140</ns3:hr>
          </ns3:TrackPointExtension>
        </extensions>
      </trkpt>
      <trkpt lat="22.5893150456249713897705078125" lon="114.28007944487035274505615234375">
        <ele>9.80000019073486328125</ele>
        <time>2024-10-18T00:37:10.000Z</time>
        <extensions>
          <ns3:TrackPointExtension>
            <ns3:atemp>31.0</ns3:atemp>
            <ns3:hr>140</ns3:hr>
          </ns3:TrackPointExtension>
        </extensions>
      </trkpt>
      <trkpt lat="22.58931781165301799774169921875" lon="114.28014314733445644378662109375">
        <ele>9.80000019073486328125</ele>
        <time>2024-10-18T00:37:11.000Z</time>
        <extensions>
          <ns3:TrackPointExtension>
            <ns3:atemp>31.0</ns3:atemp>
            <ns3:hr>140</ns3:hr>
          </ns3:TrackPointExtension>
        </extensions>
      </trkpt>
      <trkpt lat="22.58931730873882770538330078125" lon="114.28020416758954524993896484375">
        <ele>9.80000019073486328125</ele>
        <time>2024-10-18T00:37:12.000Z</time>
        <extensions>
          <ns3:TrackPointExtension>
            <ns3:atemp>31.0</ns3:atemp>
            <ns3:hr>139</ns3:hr>
          </ns3:TrackPointExtension>
        </extensions>
      </trkpt>
      <trkpt lat="22.58931420743465423583984375" lon="114.280254207551479339599609375">
        <ele>9.80000019073486328125</ele>
        <time>2024-10-18T00:37:13.000Z</time>
        <extensions>
          <ns3:TrackPointExtension>
            <ns3:atemp>31.0</ns3:atemp>
            <ns3:hr>137</ns3:hr>
          </ns3:TrackPointExtension>
        </extensions>
      </trkpt>
      <trkpt lat="22.58931010030210018157958984375" lon="114.28030659444630146026611328125">
        <ele>9.80000019073486328125</ele>
        <time>2024-10-18T00:37:14.000Z</time>
        <extensions>
          <ns3:TrackPointExtension>
            <ns3:atemp>31.0</ns3:atemp>
            <ns3:hr>134</ns3:hr>
          </ns3:TrackPointExtension>
        </extensions>
      </trkpt>
      <trkpt lat="22.589305154979228973388671875" lon="114.28036250174045562744140625">
        <ele>9.80000019073486328125</ele>
        <time>2024-10-18T00:37:15.000Z</time>
        <extensions>
          <ns3:TrackPointExtension>
            <ns3:atemp>31.0</ns3:atemp>
            <ns3:hr>133</ns3:hr>
          </ns3:TrackPointExtension>
        </extensions>
      </trkpt>
      <trkpt lat="22.589299790561199188232421875" lon="114.28041589446365833282470703125">
        <ele>9.80000019073486328125</ele>
        <time>2024-10-18T00:37:16.000Z</time>
        <extensions>
          <ns3:TrackPointExtension>
            <ns3:atemp>31.0</ns3:atemp>
            <ns3:hr>132</ns3:hr>
          </ns3:TrackPointExtension>
        </extensions>
      </trkpt>
      <trkpt lat="22.58929082192480564117431640625" lon="114.28046710789203643798828125">
        <ele>10</ele>
        <time>2024-10-18T00:37:17.000Z</time>
        <extensions>
          <ns3:TrackPointExtension>
            <ns3:atemp>31.0</ns3:atemp>
            <ns3:hr>132</ns3:hr>
          </ns3:TrackPointExtension>
        </extensions>
      </trkpt>
      <trkpt lat="22.58928562514483928680419921875" lon="114.2805212549865245819091796875">
        <ele>10.19999980926513671875</ele>
        <time>2024-10-18T00:37:18.000Z</time>
        <extensions>
          <ns3:TrackPointExtension>
            <ns3:atemp>31.0</ns3:atemp>
            <ns3:hr>132</ns3:hr>
          </ns3:TrackPointExtension>
        </extensions>
      </trkpt>
      <trkpt lat="22.58927975781261920928955078125" lon="114.28057976067066192626953125">
        <ele>10.19999980926513671875</ele>
        <time>2024-10-18T00:37:19.000Z</time>
        <extensions>
          <ns3:TrackPointExtension>
            <ns3:atemp>31.0</ns3:atemp>
            <ns3:hr>132</ns3:hr>
          </ns3:TrackPointExtension>
        </extensions>
      </trkpt>
      <trkpt lat="22.58927992545068264007568359375" lon="114.280639104545116424560546875">
        <ele>10.3999996185302734375</ele>
        <time>2024-10-18T00:37:20.000Z</time>
        <extensions>
          <ns3:TrackPointExtension>
            <ns3:atemp>31.0</ns3:atemp>
            <ns3:hr>132</ns3:hr>
          </ns3:TrackPointExtension>
        </extensions>
      </trkpt>
      <trkpt lat="22.58928093127906322479248046875" lon="114.28070238791406154632568359375">
        <ele>10.6000003814697265625</ele>
        <time>2024-10-18T00:37:21.000Z</time>
        <extensions>
          <ns3:TrackPointExtension>
            <ns3:atemp>31.0</ns3:atemp>
            <ns3:hr>132</ns3:hr>
          </ns3:TrackPointExtension>
        </extensions>
      </trkpt>
      <trkpt lat="22.5892808474600315093994140625" lon="114.2807656712830066680908203125">
        <ele>10.6000003814697265625</ele>
        <time>2024-10-18T00:37:22.000Z</time>
        <extensions>
          <ns3:TrackPointExtension>
            <ns3:atemp>31.0</ns3:atemp>
            <ns3:hr>132</ns3:hr>
          </ns3:TrackPointExtension>
        </extensions>
      </trkpt>
      <trkpt lat="22.58927858434617519378662109375" lon="114.2808298766613006591796875">
        <ele>10.3999996185302734375</ele>
        <time>2024-10-18T00:37:23.000Z</time>
        <extensions>
          <ns3:TrackPointExtension>
            <ns3:atemp>31.0</ns3:atemp>
            <ns3:hr>132</ns3:hr>
          </ns3:TrackPointExtension>
        </extensions>
      </trkpt>
      <trkpt lat="22.58927774615585803985595703125" lon="114.2808942496776580810546875">
        <ele>10.3999996185302734375</ele>
        <time>2024-10-18T00:37:24.000Z</time>
        <extensions>
          <ns3:TrackPointExtension>
            <ns3:atemp>30.0</ns3:atemp>
            <ns3:hr>132</ns3:hr>
          </ns3:TrackPointExtension>
        </extensions>
      </trkpt>
      <trkpt lat="22.5892835296690464019775390625" lon="114.2809581197798252105712890625">
        <ele>10.6000003814697265625</ele>
        <time>2024-10-18T00:37:25.000Z</time>
        <extensions>
          <ns3:TrackPointExtension>
            <ns3:atemp>31.0</ns3:atemp>
            <ns3:hr>132</ns3:hr>
          </ns3:TrackPointExtension>
        </extensions>
      </trkpt>
      <trkpt lat="22.58929409086704254150390625" lon="114.281023330986499786376953125">
        <ele>10.6000003814697265625</ele>
        <time>2024-10-18T00:37:26.000Z</time>
        <extensions>
          <ns3:TrackPointExtension>
            <ns3:atemp>31.0</ns3:atemp>
            <ns3:hr>132</ns3:hr>
          </ns3:TrackPointExtension>
        </extensions>
      </trkpt>
      <trkpt lat="22.5893036462366580963134765625" lon="114.28108678199350833892822265625">
        <ele>10.6000003814697265625</ele>
        <time>2024-10-18T00:37:27.000Z</time>
        <extensions>
          <ns3:TrackPointExtension>
            <ns3:atemp>31.0</ns3:atemp>
            <ns3:hr>132</ns3:hr>
          </ns3:TrackPointExtension>
        </extensions>
      </trkpt>
      <trkpt lat="22.58931420743465423583984375" lon="114.28115266375243663787841796875">
        <ele>11</ele>
        <time>2024-10-18T00:37:28.000Z</time>
        <extensions>
          <ns3:TrackPointExtension>
            <ns3:atemp>30.0</ns3:atemp>
            <ns3:hr>132</ns3:hr>
          </ns3:TrackPointExtension>
        </extensions>
      </trkpt>
      <trkpt lat="22.58932736702263355255126953125" lon="114.281223826110363006591796875">
        <ele>11.3999996185302734375</ele>
        <time>2024-10-18T00:37:29.000Z</time>
        <extensions>
          <ns3:TrackPointExtension>
            <ns3:atemp>31.0</ns3:atemp>
            <ns3:hr>132</ns3:hr>
          </ns3:TrackPointExtension>
        </extensions>
      </trkpt>
      <trkpt lat="22.5893365032970905303955078125" lon="114.28129314444959163665771484375">
        <ele>11.3999996185302734375</ele>
        <time>2024-10-18T00:37:30.000Z</time>
        <extensions>
          <ns3:TrackPointExtension>
            <ns3:atemp>30.0</ns3:atemp>
            <ns3:hr>132</ns3:hr>
          </ns3:TrackPointExtension>
        </extensions>
      </trkpt>
      <trkpt lat="22.5893418677151203155517578125" lon="114.28136355243623256683349609375">
        <ele>11.6000003814697265625</ele>
        <time>2024-10-18T00:37:31.000Z</time>
        <extensions>
          <ns3:TrackPointExtension>
            <ns3:atemp>31.0</ns3:atemp>
            <ns3:hr>132</ns3:hr>
          </ns3:TrackPointExtension>
        </extensions>
      </trkpt>
      <trkpt lat="22.58934932760894298553466796875" lon="114.28143136203289031982421875">
        <ele>11.6000003814697265625</ele>
        <time>2024-10-18T00:37:32.000Z</time>
        <extensions>
          <ns3:TrackPointExtension>
            <ns3:atemp>31.0</ns3:atemp>
            <ns3:hr>132</ns3:hr>
          </ns3:TrackPointExtension>
        </extensions>
      </trkpt>
      <trkpt lat="22.58935309946537017822265625" lon="114.28149866871535778045654296875">
        <ele>11.6000003814697265625</ele>
        <time>2024-10-18T00:37:33.000Z</time>
        <extensions>
          <ns3:TrackPointExtension>
            <ns3:atemp>30.0</ns3:atemp>
            <ns3:hr>131</ns3:hr>
          </ns3:TrackPointExtension>
        </extensions>
      </trkpt>
      <trkpt lat="22.5893522612750530242919921875" lon="114.28157175891101360321044921875">
        <ele>11.3999996185302734375</ele>
        <time>2024-10-18T00:37:34.000Z</time>
        <extensions>
          <ns3:TrackPointExtension>
            <ns3:atemp>30.0</ns3:atemp>
            <ns3:hr>131</ns3:hr>
          </ns3:TrackPointExtension>
        </extensions>
      </trkpt>
      <trkpt lat="22.58934639394283294677734375" lon="114.28164853714406490325927734375">
        <ele>11.19999980926513671875</ele>
        <time>2024-10-18T00:37:35.000Z</time>
        <extensions>
          <ns3:TrackPointExtension>
            <ns3:atemp>31.0</ns3:atemp>
            <ns3:hr>131</ns3:hr>
          </ns3:TrackPointExtension>
        </extensions>
      </trkpt>
      <trkpt lat="22.58933222852647304534912109375" lon="114.28172162733972072601318359375">
        <ele>11.19999980926513671875</ele>
        <time>2024-10-18T00:37:36.000Z</time>
        <extensions>
          <ns3:TrackPointExtension>
            <ns3:atemp>30.0</ns3:atemp>
            <ns3:hr>132</ns3:hr>
          </ns3:TrackPointExtension>
        </extensions>
      </trkpt>
      <trkpt lat="22.5893180631101131439208984375" lon="114.28179438225924968719482421875">
        <ele>11</ele>
        <time>2024-10-18T00:37:37.000Z</time>
        <extensions>
          <ns3:TrackPointExtension>
            <ns3:atemp>31.0</ns3:atemp>
            <ns3:hr>134</ns3:hr>
          </ns3:TrackPointExtension>
        </extensions>
      </trkpt>
      <trkpt lat="22.58930456824600696563720703125" lon="114.28186613135039806365966796875">
        <ele>11</ele>
        <time>2024-10-18T00:37:38.000Z</time>
        <extensions>
          <ns3:TrackPointExtension>
            <ns3:atemp>31.0</ns3:atemp>
            <ns3:hr>136</ns3:hr>
          </ns3:TrackPointExtension>
        </extensions>
      </trkpt>
      <trkpt lat="22.58929350413382053375244140625" lon="114.28193427622318267822265625">
        <ele>11</ele>
        <time>2024-10-18T00:37:39.000Z</time>
        <extensions>
          <ns3:TrackPointExtension>
            <ns3:atemp>30.0</ns3:atemp>
            <ns3:hr>139</ns3:hr>
          </ns3:TrackPointExtension>
        </extensions>
      </trkpt>
      <trkpt lat="22.58928914554417133331298828125" lon="114.28200158290565013885498046875">
        <ele>10.80000019073486328125</ele>
        <time>2024-10-18T00:37:40.000Z</time>
        <extensions>
          <ns3:TrackPointExtension>
            <ns3:atemp>30.0</ns3:atemp>
            <ns3:hr>140</ns3:hr>
          </ns3:TrackPointExtension>
        </extensions>
      </trkpt>
      <trkpt lat="22.589282356202602386474609375" lon="114.2820692248642444610595703125">
        <ele>10.80000019073486328125</ele>
        <time>2024-10-18T00:37:41.000Z</time>
        <extensions>
          <ns3:TrackPointExtension>
            <ns3:atemp>31.0</ns3:atemp>
            <ns3:hr>141</ns3:hr>
          </ns3:TrackPointExtension>
        </extensions>
      </trkpt>
      <trkpt lat="22.589273639023303985595703125" lon="114.28213804028928279876708984375">
        <ele>10.80000019073486328125</ele>
        <time>2024-10-18T00:37:42.000Z</time>
        <extensions>
          <ns3:TrackPointExtension>
            <ns3:atemp>31.0</ns3:atemp>
            <ns3:hr>141</ns3:hr>
          </ns3:TrackPointExtension>
        </extensions>
      </trkpt>
      <trkpt lat="22.5892667658627033233642578125" lon="114.2822085320949554443359375">
        <ele>10.80000019073486328125</ele>
        <time>2024-10-18T00:37:43.000Z</time>
        <extensions>
          <ns3:TrackPointExtension>
            <ns3:atemp>31.0</ns3:atemp>
            <ns3:hr>141</ns3:hr>
          </ns3:TrackPointExtension>
        </extensions>
      </trkpt>
      <trkpt lat="22.589264251291751861572265625" lon="114.282275922596454620361328125">
        <ele>10.6000003814697265625</ele>
        <time>2024-10-18T00:37:44.000Z</time>
        <extensions>
          <ns3:TrackPointExtension>
            <ns3:atemp>31.0</ns3:atemp>
            <ns3:hr>142</ns3:hr>
          </ns3:TrackPointExtension>
        </extensions>
      </trkpt>
      <trkpt lat="22.58925528265535831451416015625" lon="114.28234121762216091156005859375">
        <ele>10.6000003814697265625</ele>
        <time>2024-10-18T00:37:45.000Z</time>
        <extensions>
          <ns3:TrackPointExtension>
            <ns3:atemp>31.0</ns3:atemp>
            <ns3:hr>142</ns3:hr>
          </ns3:TrackPointExtension>
        </extensions>
      </trkpt>
      <trkpt lat="22.5892369262874126434326171875" lon="114.2824028246104717254638671875">
        <ele>10.80000019073486328125</ele>
        <time>2024-10-18T00:37:46.000Z</time>
        <extensions>
          <ns3:TrackPointExtension>
            <ns3:atemp>30.0</ns3:atemp>
            <ns3:hr>143</ns3:hr>
          </ns3:TrackPointExtension>
        </extensions>
      </trkpt>
      <trkpt lat="22.58922426961362361907958984375" lon="114.282465688884258270263671875">
        <ele>10.6000003814697265625</ele>
        <time>2024-10-18T00:37:47.000Z</time>
        <extensions>
          <ns3:TrackPointExtension>
            <ns3:atemp>30.0</ns3:atemp>
            <ns3:hr>143</ns3:hr>
          </ns3:TrackPointExtension>
        </extensions>
      </trkpt>
      <trkpt lat="22.589220665395259857177734375" lon="114.28252528421580791473388671875">
        <ele>10.6000003814697265625</ele>
        <time>2024-10-18T00:37:48.000Z</time>
        <extensions>
          <ns3:TrackPointExtension>
            <ns3:atemp>30.0</ns3:atemp>
            <ns3:hr>143</ns3:hr>
          </ns3:TrackPointExtension>
        </extensions>
      </trkpt>
      <trkpt lat="22.5892057456076145172119140625" lon="114.28258278407156467437744140625">
        <ele>10.6000003814697265625</ele>
        <time>2024-10-18T00:37:49.000Z</time>
        <extensions>
          <ns3:TrackPointExtension>
            <ns3:atemp>30.0</ns3:atemp>
            <ns3:hr>142</ns3:hr>
          </ns3:TrackPointExtension>
        </extensions>
      </trkpt>
      <trkpt lat="22.58917741477489471435546875" lon="114.28263056091964244842529296875">
        <ele>10.80000019073486328125</ele>
        <time>2024-10-18T00:37:50.000Z</time>
        <extensions>
          <ns3:TrackPointExtension>
            <ns3:atemp>30.0</ns3:atemp>
            <ns3:hr>142</ns3:hr>
          </ns3:TrackPointExtension>
        </extensions>
      </trkpt>
      <trkpt lat="22.589153945446014404296875" lon="114.28268051706254482269287109375">
        <ele>10.80000019073486328125</ele>
        <time>2024-10-18T00:37:51.000Z</time>
        <extensions>
          <ns3:TrackPointExtension>
            <ns3:atemp>30.0</ns3:atemp>
            <ns3:hr>142</ns3:hr>
          </ns3:TrackPointExtension>
        </extensions>
      </trkpt>
      <trkpt lat="22.58913625963032245635986328125" lon="114.2827374301850795745849609375">
        <ele>10.80000019073486328125</ele>
        <time>2024-10-18T00:37:52.000Z</time>
        <extensions>
          <ns3:TrackPointExtension>
            <ns3:atemp>30.0</ns3:atemp>
            <ns3:hr>142</ns3:hr>
          </ns3:TrackPointExtension>
        </extensions>
      </trkpt>
      <trkpt lat="22.58911631070077419281005859375" lon="114.28279400803148746490478515625">
        <ele>10.80000019073486328125</ele>
        <time>2024-10-18T00:37:53.000Z</time>
        <extensions>
          <ns3:TrackPointExtension>
            <ns3:atemp>30.0</ns3:atemp>
            <ns3:hr>142</ns3:hr>
          </ns3:TrackPointExtension>
        </extensions>
      </trkpt>
      <trkpt lat="22.5890984572470188140869140625" lon="114.28285368718206882476806640625">
        <ele>10.80000019073486328125</ele>
        <time>2024-10-18T00:37:54.000Z</time>
        <extensions>
          <ns3:TrackPointExtension>
            <ns3:atemp>31.0</ns3:atemp>
            <ns3:hr>142</ns3:hr>
          </ns3:TrackPointExtension>
        </extensions>
      </trkpt>
      <trkpt lat="22.5890806876122951507568359375" lon="114.2829134501516819000244140625">
        <ele>10.6000003814697265625</ele>
        <time>2024-10-18T00:37:55.000Z</time>
        <extensions>
          <ns3:TrackPointExtension>
            <ns3:atemp>31.0</ns3:atemp>
            <ns3:hr>142</ns3:hr>
          </ns3:TrackPointExtension>
        </extensions>
      </trkpt>
      <trkpt lat="22.5890592299401760101318359375" lon="114.2829711176455020904541015625">
        <ele>10.6000003814697265625</ele>
        <time>2024-10-18T00:37:56.000Z</time>
        <extensions>
          <ns3:TrackPointExtension>
            <ns3:atemp>30.0</ns3:atemp>
            <ns3:hr>142</ns3:hr>
          </ns3:TrackPointExtension>
        </extensions>
      </trkpt>
      <trkpt lat="22.58903416804969310760498046875" lon="114.283028952777385711669921875">
        <ele>10.6000003814697265625</ele>
        <time>2024-10-18T00:37:57.000Z</time>
        <extensions>
          <ns3:TrackPointExtension>
            <ns3:atemp>30.0</ns3:atemp>
            <ns3:hr>142</ns3:hr>
          </ns3:TrackPointExtension>
        </extensions>
      </trkpt>
      <trkpt lat="22.589008100330829620361328125" lon="114.28308905102312564849853515625">
        <ele>10.6000003814697265625</ele>
        <time>2024-10-18T00:37:58.000Z</time>
        <extensions>
          <ns3:TrackPointExtension>
            <ns3:atemp>30.0</ns3:atemp>
            <ns3:hr>142</ns3:hr>
          </ns3:TrackPointExtension>
        </extensions>
      </trkpt>
      <trkpt lat="22.5889824517071247100830078125" lon="114.283150322735309600830078125">
        <ele>10.6000003814697265625</ele>
        <time>2024-10-18T00:37:59.000Z</time>
        <extensions>
          <ns3:TrackPointExtension>
            <ns3:atemp>30.0</ns3:atemp>
            <ns3:hr>142</ns3:hr>
          </ns3:TrackPointExtension>
        </extensions>
      </trkpt>
      <trkpt lat="22.5889556296169757843017578125" lon="114.283212013542652130126953125">
        <ele>10.6000003814697265625</ele>
        <time>2024-10-18T00:38:00.000Z</time>
        <extensions>
          <ns3:TrackPointExtension>
            <ns3:atemp>30.0</ns3:atemp>
            <ns3:hr>140</ns3:hr>
          </ns3:TrackPointExtension>
        </extensions>
      </trkpt>
      <trkpt lat="22.58892788551747798919677734375" lon="114.2832755483686923980712890625">
        <ele>10.6000003814697265625</ele>
        <time>2024-10-18T00:38:01.000Z</time>
        <extensions>
          <ns3:TrackPointExtension>
            <ns3:atemp>31.0</ns3:atemp>
            <ns3:hr>139</ns3:hr>
          </ns3:TrackPointExtension>
        </extensions>
      </trkpt>
      <trkpt lat="22.58889821358025074005126953125" lon="114.28333707153797149658203125">
        <ele>10.3999996185302734375</ele>
        <time>2024-10-18T00:38:02.000Z</time>
        <extensions>
          <ns3:TrackPointExtension>
            <ns3:atemp>30.0</ns3:atemp>
            <ns3:hr>138</ns3:hr>
          </ns3:TrackPointExtension>
        </extensions>
      </trkpt>
      <trkpt lat="22.5888637639582157135009765625" lon="114.28339834325015544891357421875">
        <ele>10.3999996185302734375</ele>
        <time>2024-10-18T00:38:03.000Z</time>
        <extensions>
          <ns3:TrackPointExtension>
            <ns3:atemp>31.0</ns3:atemp>
            <ns3:hr>138</ns3:hr>
          </ns3:TrackPointExtension>
        </extensions>
      </trkpt>
      <trkpt lat="22.588833086192607879638671875" lon="114.28346741013228893280029296875">
        <ele>10</ele>
        <time>2024-10-18T00:38:04.000Z</time>
        <extensions>
          <ns3:TrackPointExtension>
            <ns3:atemp>31.0</ns3:atemp>
            <ns3:hr>136</ns3:hr>
          </ns3:TrackPointExtension>
        </extensions>
      </trkpt>
      <trkpt lat="22.5887983851134777069091796875" lon="114.28353195078670978546142578125">
        <ele>9.80000019073486328125</ele>
        <time>2024-10-18T00:38:05.000Z</time>
        <extensions>
          <ns3:TrackPointExtension>
            <ns3:atemp>31.0</ns3:atemp>
            <ns3:hr>134</ns3:hr>
          </ns3:TrackPointExtension>
        </extensions>
      </trkpt>
      <trkpt lat="22.588759995996952056884765625" lon="114.28359531797468662261962890625">
        <ele>9.6000003814697265625</ele>
        <time>2024-10-18T00:38:06.000Z</time>
        <extensions>
          <ns3:TrackPointExtension>
            <ns3:atemp>31.0</ns3:atemp>
            <ns3:hr>134</ns3:hr>
          </ns3:TrackPointExtension>
        </extensions>
      </trkpt>
      <trkpt lat="22.58872001431882381439208984375" lon="114.28365918807685375213623046875">
        <ele>9.6000003814697265625</ele>
        <time>2024-10-18T00:38:07.000Z</time>
        <extensions>
          <ns3:TrackPointExtension>
            <ns3:atemp>30.0</ns3:atemp>
            <ns3:hr>134</ns3:hr>
          </ns3:TrackPointExtension>
        </extensions>
      </trkpt>
      <trkpt lat="22.58867961354553699493408203125" lon="114.283722974359989166259765625">
        <ele>9.3999996185302734375</ele>
        <time>2024-10-18T00:38:08.000Z</time>
        <extensions>
          <ns3:TrackPointExtension>
            <ns3:atemp>30.0</ns3:atemp>
            <ns3:hr>134</ns3:hr>
          </ns3:TrackPointExtension>
        </extensions>
      </trkpt>
      <trkpt lat="22.58863971568644046783447265625" lon="114.28378759883344173431396484375">
        <ele>9.3999996185302734375</ele>
        <time>2024-10-18T00:38:09.000Z</time>
        <extensions>
          <ns3:TrackPointExtension>
            <ns3:atemp>30.0</ns3:atemp>
            <ns3:hr>134</ns3:hr>
          </ns3:TrackPointExtension>
        </extensions>
      </trkpt>
      <trkpt lat="22.5885942019522190093994140625" lon="114.283849708735942840576171875">
        <ele>9.19999980926513671875</ele>
        <time>2024-10-18T00:38:10.000Z</time>
        <extensions>
          <ns3:TrackPointExtension>
            <ns3:atemp>30.0</ns3:atemp>
            <ns3:hr>133</ns3:hr>
          </ns3:TrackPointExtension>
        </extensions>
      </trkpt>
      <trkpt lat="22.58854952640831470489501953125" lon="114.283913411200046539306640625">
        <ele>9.19999980926513671875</ele>
        <time>2024-10-18T00:38:11.000Z</time>
        <extensions>
          <ns3:TrackPointExtension>
            <ns3:atemp>30.0</ns3:atemp>
            <ns3:hr>133</ns3:hr>
          </ns3:TrackPointExtension>
        </extensions>
      </trkpt>
      <trkpt lat="22.58850644342601299285888671875" lon="114.28398080170154571533203125">
        <ele>9</ele>
        <time>2024-10-18T00:38:12.000Z</time>
        <extensions>
          <ns3:TrackPointExtension>
            <ns3:atemp>31.0</ns3:atemp>
            <ns3:hr>133</ns3:hr>
          </ns3:TrackPointExtension>
        </extensions>
      </trkpt>
      <trkpt lat="22.5884627737104892730712890625" lon="114.28404609672725200653076171875">
        <ele>9</ele>
        <time>2024-10-18T00:38:13.000Z</time>
        <extensions>
          <ns3:TrackPointExtension>
            <ns3:atemp>30.0</ns3:atemp>
            <ns3:hr>134</ns3:hr>
          </ns3:TrackPointExtension>
        </extensions>
      </trkpt>
      <trkpt lat="22.58842849172651767730712890625" lon="114.2841093800961971282958984375">
        <ele>9</ele>
        <time>2024-10-18T00:38:14.000Z</time>
        <extensions>
          <ns3:TrackPointExtension>
            <ns3:atemp>31.0</ns3:atemp>
            <ns3:hr>134</ns3:hr>
          </ns3:TrackPointExtension>
        </extensions>
      </trkpt>
      <trkpt lat="22.58841742761433124542236328125" lon="114.2841761000454425811767578125">
        <ele>9</ele>
        <time>2024-10-18T00:38:15.000Z</time>
        <extensions>
          <ns3:TrackPointExtension>
            <ns3:atemp>30.0</ns3:atemp>
            <ns3:hr>134</ns3:hr>
          </ns3:TrackPointExtension>
        </extensions>
      </trkpt>
      <trkpt lat="22.5884235464036464691162109375" lon="114.28423435427248477935791015625">
        <ele>9.19999980926513671875</ele>
        <time>2024-10-18T00:38:16.000Z</time>
        <extensions>
          <ns3:TrackPointExtension>
            <ns3:atemp>30.0</ns3:atemp>
            <ns3:hr>135</ns3:hr>
          </ns3:TrackPointExtension>
        </extensions>
      </trkpt>
      <trkpt lat="22.58843787945806980133056640625" lon="114.28428498096764087677001953125">
        <ele>9.19999980926513671875</ele>
        <time>2024-10-18T00:38:17.000Z</time>
        <extensions>
          <ns3:TrackPointExtension>
            <ns3:atemp>30.0</ns3:atemp>
            <ns3:hr>136</ns3:hr>
          </ns3:TrackPointExtension>
        </extensions>
      </trkpt>
      <trkpt lat="22.58847123943269252777099609375" lon="114.28432454355061054229736328125">
        <ele>9.6000003814697265625</ele>
        <time>2024-10-18T00:38:18.000Z</time>
        <extensions>
          <ns3:TrackPointExtension>
            <ns3:atemp>30.0</ns3:atemp>
            <ns3:hr>137</ns3:hr>
          </ns3:TrackPointExtension>
        </extensions>
      </trkpt>
      <trkpt lat="22.58851264603435993194580078125" lon="114.284362681210041046142578125">
        <ele>9.80000019073486328125</ele>
        <time>2024-10-18T00:38:19.000Z</time>
        <extensions>
          <ns3:TrackPointExtension>
            <ns3:atemp>30.0</ns3:atemp>
            <ns3:hr>137</ns3:hr>
          </ns3:TrackPointExtension>
        </extensions>
      </trkpt>
      <trkpt lat="22.58854432962834835052490234375" lon="114.28439361043274402618408203125">
        <ele>9.80000019073486328125</ele>
        <time>2024-10-18T00:38:20.000Z</time>
        <extensions>
          <ns3:TrackPointExtension>
            <ns3:atemp>30.0</ns3:atemp>
            <ns3:hr>138</ns3:hr>
          </ns3:TrackPointExtension>
        </extensions>
      </trkpt>
      <trkpt lat="22.58855572901666164398193359375" lon="114.284444153308868408203125">
        <ele>9.80000019073486328125</ele>
        <time>2024-10-18T00:38:21.000Z</time>
        <extensions>
          <ns3:TrackPointExtension>
            <ns3:atemp>30.0</ns3:atemp>
            <ns3:hr>138</ns3:hr>
          </ns3:TrackPointExtension>
        </extensions>
      </trkpt>
      <trkpt lat="22.588560171425342559814453125" lon="114.28449955768883228302001953125">
        <ele>10</ele>
        <time>2024-10-18T00:38:22.000Z</time>
        <extensions>
          <ns3:TrackPointExtension>
            <ns3:atemp>30.0</ns3:atemp>
            <ns3:hr>138</ns3:hr>
          </ns3:TrackPointExtension>
        </extensions>
      </trkpt>
      <trkpt lat="22.5885610096156597137451171875" lon="114.284559153020381927490234375">
        <ele>10.19999980926513671875</ele>
        <time>2024-10-18T00:38:23.000Z</time>
        <extensions>
          <ns3:TrackPointExtension>
            <ns3:atemp>30.0</ns3:atemp>
            <ns3:hr>137</ns3:hr>
          </ns3:TrackPointExtension>
        </extensions>
      </trkpt>
      <trkpt lat="22.58855438791215419769287109375" lon="114.28460776805877685546875">
        <ele>10.3999996185302734375</ele>
        <time>2024-10-18T00:38:24.000Z</time>
        <extensions>
          <ns3:TrackPointExtension>
            <ns3:atemp>30.0</ns3:atemp>
            <ns3:hr>136</ns3:hr>
          </ns3:TrackPointExtension>
        </extensions>
      </trkpt>
      <trkpt lat="22.5885375402867794036865234375" lon="114.28466367535293102264404296875">
        <ele>10.3999996185302734375</ele>
        <time>2024-10-18T00:38:25.000Z</time>
        <extensions>
          <ns3:TrackPointExtension>
            <ns3:atemp>30.0</ns3:atemp>
            <ns3:hr>136</ns3:hr>
          </ns3:TrackPointExtension>
        </extensions>
      </trkpt>
      <trkpt lat="22.58852723054587841033935546875" lon="114.28472838364541530609130859375">
        <ele>10.3999996185302734375</ele>
        <time>2024-10-18T00:38:26.000Z</time>
        <extensions>
          <ns3:TrackPointExtension>
            <ns3:atemp>30.0</ns3:atemp>
            <ns3:hr>136</ns3:hr>
          </ns3:TrackPointExtension>
        </extensions>
      </trkpt>
      <trkpt lat="22.5885194353759288787841796875" lon="114.2847956903278827667236328125">
        <ele>10.3999996185302734375</ele>
        <time>2024-10-18T00:38:27.000Z</time>
        <extensions>
          <ns3:TrackPointExtension>
            <ns3:atemp>30.0</ns3:atemp>
            <ns3:hr>135</ns3:hr>
          </ns3:TrackPointExtension>
        </extensions>
      </trkpt>
      <trkpt lat="22.588515244424343109130859375" lon="114.284865595400333404541015625">
        <ele>10.19999980926513671875</ele>
        <time>2024-10-18T00:38:28.000Z</time>
        <extensions>
          <ns3:TrackPointExtension>
            <ns3:atemp>30.0</ns3:atemp>
            <ns3:hr>135</ns3:hr>
          </ns3:TrackPointExtension>
        </extensions>
      </trkpt>
      <trkpt lat="22.58851331658661365509033203125" lon="114.2849455587565898895263671875">
        <ele>9.80000019073486328125</ele>
        <time>2024-10-18T00:38:29.000Z</time>
        <extensions>
          <ns3:TrackPointExtension>
            <ns3:atemp>30.0</ns3:atemp>
            <ns3:hr>134</ns3:hr>
          </ns3:TrackPointExtension>
        </extensions>
      </trkpt>
      <trkpt lat="22.58852295577526092529296875" lon="114.285037927329540252685546875">
        <ele>9.80000019073486328125</ele>
        <time>2024-10-18T00:38:30.000Z</time>
        <extensions>
          <ns3:TrackPointExtension>
            <ns3:atemp>30.0</ns3:atemp>
            <ns3:hr>133</ns3:hr>
          </ns3:TrackPointExtension>
        </extensions>
      </trkpt>
      <trkpt lat="22.58853561244904994964599609375" lon="114.2851296253502368927001953125">
        <ele>9.6000003814697265625</ele>
        <time>2024-10-18T00:38:31.000Z</time>
        <extensions>
          <ns3:TrackPointExtension>
            <ns3:atemp>30.0</ns3:atemp>
            <ns3:hr>133</ns3:hr>
          </ns3:TrackPointExtension>
        </extensions>
      </trkpt>
      <trkpt lat="22.5885462574660778045654296875" lon="114.2852141149342060089111328125">
        <ele>9.6000003814697265625</ele>
        <time>2024-10-18T00:38:32.000Z</time>
        <extensions>
          <ns3:TrackPointExtension>
            <ns3:atemp>30.0</ns3:atemp>
            <ns3:hr>134</ns3:hr>
          </ns3:TrackPointExtension>
        </extensions>
      </trkpt>
      <trkpt lat="22.58855455555021762847900390625" lon="114.285294078290462493896484375">
        <ele>9.80000019073486328125</ele>
        <time>2024-10-18T00:38:33.000Z</time>
        <extensions>
          <ns3:TrackPointExtension>
            <ns3:atemp>30.0</ns3:atemp>
            <ns3:hr>134</ns3:hr>
          </ns3:TrackPointExtension>
        </extensions>
      </trkpt>
      <trkpt lat="22.58856126107275485992431640625" lon="114.28536842577159404754638671875">
        <ele>9.80000019073486328125</ele>
        <time>2024-10-18T00:38:34.000Z</time>
        <extensions>
          <ns3:TrackPointExtension>
            <ns3:atemp>30.0</ns3:atemp>
            <ns3:hr>134</ns3:hr>
          </ns3:TrackPointExtension>
        </extensions>
      </trkpt>
      <trkpt lat="22.58856712840497493743896484375" lon="114.285440258681774139404296875">
        <ele>10.19999980926513671875</ele>
        <time>2024-10-18T00:38:35.000Z</time>
        <extensions>
          <ns3:TrackPointExtension>
            <ns3:atemp>30.0</ns3:atemp>
            <ns3:hr>134</ns3:hr>
          </ns3:TrackPointExtension>
        </extensions>
      </trkpt>
      <trkpt lat="22.5885732471942901611328125" lon="114.2855076491832733154296875">
        <ele>10.3999996185302734375</ele>
        <time>2024-10-18T00:38:36.000Z</time>
        <extensions>
          <ns3:TrackPointExtension>
            <ns3:atemp>30.0</ns3:atemp>
            <ns3:hr>133</ns3:hr>
          </ns3:TrackPointExtension>
        </extensions>
      </trkpt>
      <trkpt lat="22.5885804556310176849365234375" lon="114.2855705134570598602294921875">
        <ele>10.80000019073486328125</ele>
        <time>2024-10-18T00:38:37.000Z</time>
        <extensions>
          <ns3:TrackPointExtension>
            <ns3:atemp>30.0</ns3:atemp>
            <ns3:hr>132</ns3:hr>
          </ns3:TrackPointExtension>
        </extensions>
      </trkpt>
      <trkpt lat="22.5885851494967937469482421875" lon="114.28562876768410205841064453125">
        <ele>11</ele>
        <time>2024-10-18T00:38:38.000Z</time>
        <extensions>
          <ns3:TrackPointExtension>
            <ns3:atemp>30.0</ns3:atemp>
            <ns3:hr>131</ns3:hr>
          </ns3:TrackPointExtension>
        </extensions>
      </trkpt>
      <trkpt lat="22.588587664067745208740234375" lon="114.28568107075989246368408203125">
        <ele>11.3999996185302734375</ele>
        <time>2024-10-18T00:38:39.000Z</time>
        <extensions>
          <ns3:TrackPointExtension>
            <ns3:atemp>30.0</ns3:atemp>
            <ns3:hr>131</ns3:hr>
          </ns3:TrackPointExtension>
        </extensions>
      </trkpt>
      <trkpt lat="22.58859160356223583221435546875" lon="114.2857334576547145843505859375">
        <ele>12</ele>
        <time>2024-10-18T00:38:40.000Z</time>
        <extensions>
          <ns3:TrackPointExtension>
            <ns3:atemp>30.0</ns3:atemp>
            <ns3:hr>131</ns3:hr>
          </ns3:TrackPointExtension>
        </extensions>
      </trkpt>
      <trkpt lat="22.58859596215188503265380859375" lon="114.2857810668647289276123046875">
        <ele>12.3999996185302734375</ele>
        <time>2024-10-18T00:38:41.000Z</time>
        <extensions>
          <ns3:TrackPointExtension>
            <ns3:atemp>30.0</ns3:atemp>
            <ns3:hr>132</ns3:hr>
          </ns3:TrackPointExtension>
        </extensions>
      </trkpt>
      <trkpt lat="22.58859671652317047119140625" lon="114.2858266644179821014404296875">
        <ele>12.6000003814697265625</ele>
        <time>2024-10-18T00:38:42.000Z</time>
        <extensions>
          <ns3:TrackPointExtension>
            <ns3:atemp>30.0</ns3:atemp>
            <ns3:hr>133</ns3:hr>
          </ns3:TrackPointExtension>
        </extensions>
      </trkpt>
      <trkpt lat="22.588601745665073394775390625" lon="114.28586815483868122100830078125">
        <ele>13.3999996185302734375</ele>
        <time>2024-10-18T00:38:43.000Z</time>
        <extensions>
          <ns3:TrackPointExtension>
            <ns3:atemp>30.0</ns3:atemp>
            <ns3:hr>134</ns3:hr>
          </ns3:TrackPointExtension>
        </extensions>
      </trkpt>
      <trkpt lat="22.5886019133031368255615234375" lon="114.28590553812682628631591796875">
        <ele>13.80000019073486328125</ele>
        <time>2024-10-18T00:38:44.000Z</time>
        <extensions>
          <ns3:TrackPointExtension>
            <ns3:atemp>30.0</ns3:atemp>
            <ns3:hr>139</ns3:hr>
          </ns3:TrackPointExtension>
        </extensions>
      </trkpt>
      <trkpt lat="22.58860233239829540252685546875" lon="114.28594124503433704376220703125">
        <ele>14</ele>
        <time>2024-10-18T00:38:45.000Z</time>
        <extensions>
          <ns3:TrackPointExtension>
            <ns3:atemp>30.0</ns3:atemp>
            <ns3:hr>142</ns3:hr>
          </ns3:TrackPointExtension>
        </extensions>
      </trkpt>
      <trkpt lat="22.58859931491315364837646484375" lon="114.28597862832248210906982421875">
        <ele>14.3999996185302734375</ele>
        <time>2024-10-18T00:38:46.000Z</time>
        <extensions>
          <ns3:TrackPointExtension>
            <ns3:atemp>30.0</ns3:atemp>
            <ns3:hr>143</ns3:hr>
          </ns3:TrackPointExtension>
        </extensions>
      </trkpt>
      <trkpt lat="22.58859462104737758636474609375" lon="114.286017604172229766845703125">
        <ele>14.6000003814697265625</ele>
        <time>2024-10-18T00:38:47.000Z</time>
        <extensions>
          <ns3:TrackPointExtension>
            <ns3:atemp>30.0</ns3:atemp>
            <ns3:hr>143</ns3:hr>
          </ns3:TrackPointExtension>
        </extensions>
      </trkpt>
      <trkpt lat="22.588584311306476593017578125" lon="114.286055825650691986083984375">
        <ele>14.80000019073486328125</ele>
        <time>2024-10-18T00:38:48.000Z</time>
        <extensions>
          <ns3:TrackPointExtension>
            <ns3:atemp>30.0</ns3:atemp>
            <ns3:hr>144</ns3:hr>
          </ns3:TrackPointExtension>
        </extensions>
      </trkpt>
      <trkpt lat="22.58857400156557559967041015625" lon="114.28609647788107395172119140625">
        <ele>14.80000019073486328125</ele>
        <time>2024-10-18T00:38:49.000Z</time>
        <extensions>
          <ns3:TrackPointExtension>
            <ns3:atemp>30.0</ns3:atemp>
            <ns3:hr>145</ns3:hr>
          </ns3:TrackPointExtension>
        </extensions>
      </trkpt>
      <trkpt lat="22.5885616801679134368896484375" lon="114.28613863885402679443359375">
        <ele>15</ele>
        <time>2024-10-18T00:38:50.000Z</time>
        <extensions>
          <ns3:TrackPointExtension>
            <ns3:atemp>30.0</ns3:atemp>
            <ns3:hr>146</ns3:hr>
          </ns3:TrackPointExtension>
        </extensions>
      </trkpt>
      <trkpt lat="22.58855321444571018218994140625" lon="114.28618147037923336029052734375">
        <ele>15</ele>
        <time>2024-10-18T00:38:51.000Z</time>
        <extensions>
          <ns3:TrackPointExtension>
            <ns3:atemp>30.0</ns3:atemp>
            <ns3:hr>147</ns3:hr>
          </ns3:TrackPointExtension>
        </extensions>
      </trkpt>
      <trkpt lat="22.5885526277124881744384765625" lon="114.2862239666283130645751953125">
        <ele>15</ele>
        <time>2024-10-18T00:38:52.000Z</time>
        <extensions>
          <ns3:TrackPointExtension>
            <ns3:atemp>30.0</ns3:atemp>
            <ns3:hr>147</ns3:hr>
          </ns3:TrackPointExtension>
        </extensions>
      </trkpt>
      <trkpt lat="22.58855991996824741363525390625" lon="114.286263696849346160888671875">
        <ele>15.19999980926513671875</ele>
        <time>2024-10-18T00:38:53.000Z</time>
        <extensions>
          <ns3:TrackPointExtension>
            <ns3:atemp>30.0</ns3:atemp>
            <ns3:hr>147</ns3:hr>
          </ns3:TrackPointExtension>
        </extensions>
      </trkpt>
      <trkpt lat="22.5885710678994655609130859375" lon="114.28630585782229900360107421875">
        <ele>15.3999996185302734375</ele>
        <time>2024-10-18T00:38:54.000Z</time>
        <extensions>
          <ns3:TrackPointExtension>
            <ns3:atemp>30.0</ns3:atemp>
            <ns3:hr>148</ns3:hr>
          </ns3:TrackPointExtension>
        </extensions>
      </trkpt>
      <trkpt lat="22.588580958545207977294921875" lon="114.28634793497622013092041015625">
        <ele>15.3999996185302734375</ele>
        <time>2024-10-18T00:38:55.000Z</time>
        <extensions>
          <ns3:TrackPointExtension>
            <ns3:atemp>30.0</ns3:atemp>
            <ns3:hr>148</ns3:hr>
          </ns3:TrackPointExtension>
        </extensions>
      </trkpt>
      <trkpt lat="22.58858657442033290863037109375" lon="114.28638875484466552734375">
        <ele>15.6000003814697265625</ele>
        <time>2024-10-18T00:38:56.000Z</time>
        <extensions>
          <ns3:TrackPointExtension>
            <ns3:atemp>30.0</ns3:atemp>
            <ns3:hr>148</ns3:hr>
          </ns3:TrackPointExtension>
        </extensions>
      </trkpt>
      <trkpt lat="22.58858741261065006256103515625" lon="114.2864330112934112548828125">
        <ele>15.6000003814697265625</ele>
        <time>2024-10-18T00:38:57.000Z</time>
        <extensions>
          <ns3:TrackPointExtension>
            <ns3:atemp>30.0</ns3:atemp>
            <ns3:hr>149</ns3:hr>
          </ns3:TrackPointExtension>
        </extensions>
      </trkpt>
      <trkpt lat="22.58857232518494129180908203125" lon="114.286478273570537567138671875">
        <ele>15.80000019073486328125</ele>
        <time>2024-10-18T00:38:58.000Z</time>
        <extensions>
          <ns3:TrackPointExtension>
            <ns3:atemp>30.0</ns3:atemp>
            <ns3:hr>148</ns3:hr>
          </ns3:TrackPointExtension>
        </extensions>
      </trkpt>
      <trkpt lat="22.58855380117893218994140625" lon="114.28652160800993442535400390625">
        <ele>15.80000019073486328125</ele>
        <time>2024-10-18T00:38:59.000Z</time>
        <extensions>
          <ns3:TrackPointExtension>
            <ns3:atemp>30.0</ns3:atemp>
            <ns3:hr>148</ns3:hr>
          </ns3:TrackPointExtension>
        </extensions>
      </trkpt>
      <trkpt lat="22.58853234350681304931640625" lon="114.286568462848663330078125">
        <ele>16</ele>
        <time>2024-10-18T00:39:00.000Z</time>
        <extensions>
          <ns3:TrackPointExtension>
            <ns3:atemp>30.0</ns3:atemp>
            <ns3:hr>148</ns3:hr>
          </ns3:TrackPointExtension>
        </extensions>
      </trkpt>
      <trkpt lat="22.5885083712637424468994140625" lon="114.2866098694503307342529296875">
        <ele>16.200000762939453125</ele>
        <time>2024-10-18T00:39:01.000Z</time>
        <extensions>
          <ns3:TrackPointExtension>
            <ns3:atemp>30.0</ns3:atemp>
            <ns3:hr>148</ns3:hr>
          </ns3:TrackPointExtension>
        </extensions>
      </trkpt>
      <trkpt lat="22.5884828902781009674072265625" lon="114.286651611328125">
        <ele>16.200000762939453125</ele>
        <time>2024-10-18T00:39:02.000Z</time>
        <extensions>
          <ns3:TrackPointExtension>
            <ns3:atemp>30.0</ns3:atemp>
            <ns3:hr>148</ns3:hr>
          </ns3:TrackPointExtension>
        </extensions>
      </trkpt>
      <trkpt lat="22.58845590054988861083984375" lon="114.286686815321445465087890625">
        <ele>16.3999996185302734375</ele>
        <time>2024-10-18T00:39:03.000Z</time>
        <extensions>
          <ns3:TrackPointExtension>
            <ns3:atemp>30.0</ns3:atemp>
            <ns3:hr>148</ns3:hr>
          </ns3:TrackPointExtension>
        </extensions>
      </trkpt>
      <trkpt lat="22.58843083865940570831298828125" lon="114.28671942092478275299072265625">
        <ele>16.6000003814697265625</ele>
        <time>2024-10-18T00:39:04.000Z</time>
        <extensions>
          <ns3:TrackPointExtension>
            <ns3:atemp>30.0</ns3:atemp>
            <ns3:hr>148</ns3:hr>
          </ns3:TrackPointExtension>
        </extensions>
      </trkpt>
      <trkpt lat="22.5884042680263519287109375" lon="114.2867575585842132568359375">
        <ele>16.799999237060546875</ele>
        <time>2024-10-18T00:39:05.000Z</time>
        <extensions>
          <ns3:TrackPointExtension>
            <ns3:atemp>30.0</ns3:atemp>
            <ns3:hr>148</ns3:hr>
          </ns3:TrackPointExtension>
        </extensions>
      </trkpt>
      <trkpt lat="22.5883759371936321258544921875" lon="114.2867909185588359832763671875">
        <ele>17</ele>
        <time>2024-10-18T00:39:06.000Z</time>
        <extensions>
          <ns3:TrackPointExtension>
            <ns3:atemp>30.0</ns3:atemp>
            <ns3:hr>148</ns3:hr>
          </ns3:TrackPointExtension>
        </extensions>
      </trkpt>
      <trkpt lat="22.5883477739989757537841796875" lon="114.286823607981204986572265625">
        <ele>17.200000762939453125</ele>
        <time>2024-10-18T00:39:07.000Z</time>
        <extensions>
          <ns3:TrackPointExtension>
            <ns3:atemp>30.0</ns3:atemp>
            <ns3:hr>148</ns3:hr>
          </ns3:TrackPointExtension>
        </extensions>
      </trkpt>
      <trkpt lat="22.588319443166255950927734375" lon="114.28685604594647884368896484375">
        <ele>17.3999996185302734375</ele>
        <time>2024-10-18T00:39:08.000Z</time>
        <extensions>
          <ns3:TrackPointExtension>
            <ns3:atemp>30.0</ns3:atemp>
            <ns3:hr>148</ns3:hr>
          </ns3:TrackPointExtension>
        </extensions>
      </trkpt>
      <trkpt lat="22.5882931239902973175048828125" lon="114.28689091466367244720458984375">
        <ele>17.799999237060546875</ele>
        <time>2024-10-18T00:39:09.000Z</time>
        <extensions>
          <ns3:TrackPointExtension>
            <ns3:atemp>30.0</ns3:atemp>
            <ns3:hr>148</ns3:hr>
          </ns3:TrackPointExtension>
        </extensions>
      </trkpt>
      <trkpt lat="22.58826722390949726104736328125" lon="114.2869193293154239654541015625">
        <ele>18.200000762939453125</ele>
        <time>2024-10-18T00:39:10.000Z</time>
        <extensions>
          <ns3:TrackPointExtension>
            <ns3:atemp>30.0</ns3:atemp>
            <ns3:hr>148</ns3:hr>
          </ns3:TrackPointExtension>
        </extensions>
      </trkpt>
      <trkpt lat="22.58824325166642665863037109375" lon="114.2869506776332855224609375">
        <ele>18.3999996185302734375</ele>
        <time>2024-10-18T00:39:11.000Z</time>
        <extensions>
          <ns3:TrackPointExtension>
            <ns3:atemp>30.0</ns3:atemp>
            <ns3:hr>149</ns3:hr>
          </ns3:TrackPointExtension>
        </extensions>
      </trkpt>
      <trkpt lat="22.58821710012853145599365234375" lon="114.2869774997234344482421875">
        <ele>19</ele>
        <time>2024-10-18T00:39:12.000Z</time>
        <extensions>
          <ns3:TrackPointExtension>
            <ns3:atemp>30.0</ns3:atemp>
            <ns3:hr>149</ns3:hr>
          </ns3:TrackPointExtension>
        </extensions>
      </trkpt>
      <trkpt lat="22.58819329552352428436279296875" lon="114.28700440563261508941650390625">
        <ele>19.200000762939453125</ele>
        <time>2024-10-18T00:39:13.000Z</time>
        <extensions>
          <ns3:TrackPointExtension>
            <ns3:atemp>30.0</ns3:atemp>
            <ns3:hr>150</ns3:hr>
          </ns3:TrackPointExtension>
        </extensions>
      </trkpt>
      <trkpt lat="22.58816949091851711273193359375" lon="114.2870303057134151458740234375">
        <ele>19.200000762939453125</ele>
        <time>2024-10-18T00:39:14.000Z</time>
        <extensions>
          <ns3:TrackPointExtension>
            <ns3:atemp>30.0</ns3:atemp>
            <ns3:hr>150</ns3:hr>
          </ns3:TrackPointExtension>
        </extensions>
      </trkpt>
      <trkpt lat="22.58814753033220767974853515625" lon="114.2870537750422954559326171875">
        <ele>19.3999996185302734375</ele>
        <time>2024-10-18T00:39:15.000Z</time>
        <extensions>
          <ns3:TrackPointExtension>
            <ns3:atemp>30.0</ns3:atemp>
            <ns3:hr>150</ns3:hr>
          </ns3:TrackPointExtension>
        </extensions>
      </trkpt>
      <trkpt lat="22.58812691085040569305419921875" lon="114.2870769090950489044189453125">
        <ele>19.6000003814697265625</ele>
        <time>2024-10-18T00:39:16.000Z</time>
        <extensions>
          <ns3:TrackPointExtension>
            <ns3:atemp>30.0</ns3:atemp>
            <ns3:hr>151</ns3:hr>
          </ns3:TrackPointExtension>
        </extensions>
      </trkpt>
      <trkpt lat="22.58810511790215969085693359375" lon="114.287101216614246368408203125">
        <ele>19.799999237060546875</ele>
        <time>2024-10-18T00:39:17.000Z</time>
        <extensions>
          <ns3:TrackPointExtension>
            <ns3:atemp>30.0</ns3:atemp>
            <ns3:hr>151</ns3:hr>
          </ns3:TrackPointExtension>
        </extensions>
      </trkpt>
      <trkpt lat="22.5880835764110088348388671875" lon="114.2871265299618244171142578125">
        <ele>20</ele>
        <time>2024-10-18T00:39:18.000Z</time>
        <extensions>
          <ns3:TrackPointExtension>
            <ns3:atemp>30.0</ns3:atemp>
            <ns3:hr>150</ns3:hr>
          </ns3:TrackPointExtension>
        </extensions>
      </trkpt>
      <trkpt lat="22.5880594365298748016357421875" lon="114.2871540226042270660400390625">
        <ele>20.200000762939453125</ele>
        <time>2024-10-18T00:39:19.000Z</time>
        <extensions>
          <ns3:TrackPointExtension>
            <ns3:atemp>30.0</ns3:atemp>
            <ns3:hr>150</ns3:hr>
          </ns3:TrackPointExtension>
        </extensions>
      </trkpt>
      <trkpt lat="22.5880332849919795989990234375" lon="114.28718226961791515350341796875">
        <ele>20.3999996185302734375</ele>
        <time>2024-10-18T00:39:20.000Z</time>
        <extensions>
          <ns3:TrackPointExtension>
            <ns3:atemp>30.0</ns3:atemp>
            <ns3:hr>151</ns3:hr>
          </ns3:TrackPointExtension>
        </extensions>
      </trkpt>
      <trkpt lat="22.588005959987640380859375" lon="114.28720825351774692535400390625">
        <ele>20.6000003814697265625</ele>
        <time>2024-10-18T00:39:21.000Z</time>
        <extensions>
          <ns3:TrackPointExtension>
            <ns3:atemp>30.0</ns3:atemp>
            <ns3:hr>151</ns3:hr>
          </ns3:TrackPointExtension>
        </extensions>
      </trkpt>
      <trkpt lat="22.58797838352620601654052734375" lon="114.28723105229437351226806640625">
        <ele>21.200000762939453125</ele>
        <time>2024-10-18T00:39:22.000Z</time>
        <extensions>
          <ns3:TrackPointExtension>
            <ns3:atemp>30.0</ns3:atemp>
            <ns3:hr>151</ns3:hr>
          </ns3:TrackPointExtension>
        </extensions>
      </trkpt>
      <trkpt lat="22.587952651083469390869140625" lon="114.28725418634712696075439453125">
        <ele>21.200000762939453125</ele>
        <time>2024-10-18T00:39:23.000Z</time>
        <extensions>
          <ns3:TrackPointExtension>
            <ns3:atemp>30.0</ns3:atemp>
            <ns3:hr>151</ns3:hr>
          </ns3:TrackPointExtension>
        </extensions>
      </trkpt>
      <trkpt lat="22.58792976848781108856201171875" lon="114.2872747220098972320556640625">
        <ele>21.3999996185302734375</ele>
        <time>2024-10-18T00:39:24.000Z</time>
        <extensions>
          <ns3:TrackPointExtension>
            <ns3:atemp>30.0</ns3:atemp>
            <ns3:hr>151</ns3:hr>
          </ns3:TrackPointExtension>
        </extensions>
      </trkpt>
      <trkpt lat="22.5879080593585968017578125" lon="114.287298023700714111328125">
        <ele>21.6000003814697265625</ele>
        <time>2024-10-18T00:39:25.000Z</time>
        <extensions>
          <ns3:TrackPointExtension>
            <ns3:atemp>30.0</ns3:atemp>
            <ns3:hr>151</ns3:hr>
          </ns3:TrackPointExtension>
        </extensions>
      </trkpt>
      <trkpt lat="22.58788282983005046844482421875" lon="114.28731990046799182891845703125">
        <ele>22</ele>
        <time>2024-10-18T00:39:26.000Z</time>
        <extensions>
          <ns3:TrackPointExtension>
            <ns3:atemp>30.0</ns3:atemp>
            <ns3:hr>151</ns3:hr>
          </ns3:TrackPointExtension>
        </extensions>
      </trkpt>
      <trkpt lat="22.58786103688180446624755859375" lon="114.28734739311039447784423828125">
        <ele>22</ele>
        <time>2024-10-18T00:39:27.000Z</time>
        <extensions>
          <ns3:TrackPointExtension>
            <ns3:atemp>30.0</ns3:atemp>
            <ns3:hr>151</ns3:hr>
          </ns3:TrackPointExtension>
        </extensions>
      </trkpt>
      <trkpt lat="22.58784024976193904876708984375" lon="114.28737488575279712677001953125">
        <ele>22.200000762939453125</ele>
        <time>2024-10-18T00:39:28.000Z</time>
        <extensions>
          <ns3:TrackPointExtension>
            <ns3:atemp>30.0</ns3:atemp>
            <ns3:hr>151</ns3:hr>
          </ns3:TrackPointExtension>
        </extensions>
      </trkpt>
      <trkpt lat="22.58781812153756618499755859375" lon="114.28739919327199459075927734375">
        <ele>22.3999996185302734375</ele>
        <time>2024-10-18T00:39:29.000Z</time>
        <extensions>
          <ns3:TrackPointExtension>
            <ns3:atemp>30.0</ns3:atemp>
            <ns3:hr>151</ns3:hr>
          </ns3:TrackPointExtension>
        </extensions>
      </trkpt>
      <trkpt lat="22.58779582567512989044189453125" lon="114.287421405315399169921875">
        <ele>22.3999996185302734375</ele>
        <time>2024-10-18T00:39:30.000Z</time>
        <extensions>
          <ns3:TrackPointExtension>
            <ns3:atemp>30.0</ns3:atemp>
            <ns3:hr>151</ns3:hr>
          </ns3:TrackPointExtension>
        </extensions>
      </trkpt>
      <trkpt lat="22.58777688257396221160888671875" lon="114.28744881413877010345458984375">
        <ele>22.799999237060546875</ele>
        <time>2024-10-18T00:39:31.000Z</time>
        <extensions>
          <ns3:TrackPointExtension>
            <ns3:atemp>30.0</ns3:atemp>
            <ns3:hr>152</ns3:hr>
          </ns3:TrackPointExtension>
        </extensions>
      </trkpt>
      <trkpt lat="22.587758190929889678955078125" lon="114.2874772287905216217041015625">
        <ele>23.200000762939453125</ele>
        <time>2024-10-18T00:39:32.000Z</time>
        <extensions>
          <ns3:TrackPointExtension>
            <ns3:atemp>30.0</ns3:atemp>
            <ns3:hr>152</ns3:hr>
          </ns3:TrackPointExtension>
        </extensions>
      </trkpt>
      <trkpt lat="22.5877379067242145538330078125" lon="114.287507236003875732421875">
        <ele>23.200000762939453125</ele>
        <time>2024-10-18T00:39:33.000Z</time>
        <extensions>
          <ns3:TrackPointExtension>
            <ns3:atemp>30.0</ns3:atemp>
            <ns3:hr>152</ns3:hr>
          </ns3:TrackPointExtension>
        </extensions>
      </trkpt>
      <trkpt lat="22.58771670050919055938720703125" lon="114.2875379137694835662841796875">
        <ele>23.3999996185302734375</ele>
        <time>2024-10-18T00:39:34.000Z</time>
        <extensions>
          <ns3:TrackPointExtension>
            <ns3:atemp>30.0</ns3:atemp>
            <ns3:hr>152</ns3:hr>
          </ns3:TrackPointExtension>
        </extensions>
      </trkpt>
      <trkpt lat="22.5876983441412448883056640625" lon="114.28757169283926486968994140625">
        <ele>23.6000003814697265625</ele>
        <time>2024-10-18T00:39:35.000Z</time>
        <extensions>
          <ns3:TrackPointExtension>
            <ns3:atemp>30.0</ns3:atemp>
            <ns3:hr>152</ns3:hr>
          </ns3:TrackPointExtension>
        </extensions>
      </trkpt>
      <trkpt lat="22.587678730487823486328125" lon="114.28760002367198467254638671875">
        <ele>23.799999237060546875</ele>
        <time>2024-10-18T00:39:36.000Z</time>
        <extensions>
          <ns3:TrackPointExtension>
            <ns3:atemp>30.0</ns3:atemp>
            <ns3:hr>152</ns3:hr>
          </ns3:TrackPointExtension>
        </extensions>
      </trkpt>
      <trkpt lat="22.5876617990434169769287109375" lon="114.28763019852340221405029296875">
        <ele>24</ele>
        <time>2024-10-18T00:39:37.000Z</time>
        <extensions>
          <ns3:TrackPointExtension>
            <ns3:atemp>30.0</ns3:atemp>
            <ns3:hr>152</ns3:hr>
          </ns3:TrackPointExtension>
        </extensions>
      </trkpt>
      <trkpt lat="22.58764428086578845977783203125" lon="114.28766070865094661712646484375">
        <ele>24</ele>
        <time>2024-10-18T00:39:38.000Z</time>
        <extensions>
          <ns3:TrackPointExtension>
            <ns3:atemp>30.0</ns3:atemp>
            <ns3:hr>152</ns3:hr>
          </ns3:TrackPointExtension>
        </extensions>
      </trkpt>
      <trkpt lat="22.58762818761169910430908203125" lon="114.28769406862556934356689453125">
        <ele>24</ele>
        <time>2024-10-18T00:39:39.000Z</time>
        <extensions>
          <ns3:TrackPointExtension>
            <ns3:atemp>30.0</ns3:atemp>
            <ns3:hr>152</ns3:hr>
          </ns3:TrackPointExtension>
        </extensions>
      </trkpt>
      <trkpt lat="22.587613351643085479736328125" lon="114.28773312829434871673583984375">
        <ele>24.200000762939453125</ele>
        <time>2024-10-18T00:39:40.000Z</time>
        <extensions>
          <ns3:TrackPointExtension>
            <ns3:atemp>30.0</ns3:atemp>
            <ns3:hr>152</ns3:hr>
          </ns3:TrackPointExtension>
        </extensions>
      </trkpt>
      <trkpt lat="22.587600611150264739990234375" lon="114.28777478635311126708984375">
        <ele>24.200000762939453125</ele>
        <time>2024-10-18T00:39:41.000Z</time>
        <extensions>
          <ns3:TrackPointExtension>
            <ns3:atemp>30.0</ns3:atemp>
            <ns3:hr>152</ns3:hr>
          </ns3:TrackPointExtension>
        </extensions>
      </trkpt>
      <trkpt lat="22.58758711628615856170654296875" lon="114.28781577385962009429931640625">
        <ele>24.200000762939453125</ele>
        <time>2024-10-18T00:39:42.000Z</time>
        <extensions>
          <ns3:TrackPointExtension>
            <ns3:atemp>30.0</ns3:atemp>
            <ns3:hr>152</ns3:hr>
          </ns3:TrackPointExtension>
        </extensions>
      </trkpt>
      <trkpt lat="22.5875732861459255218505859375" lon="114.28786338306963443756103515625">
        <ele>24.200000762939453125</ele>
        <time>2024-10-18T00:39:43.000Z</time>
        <extensions>
          <ns3:TrackPointExtension>
            <ns3:atemp>30.0</ns3:atemp>
            <ns3:hr>153</ns3:hr>
          </ns3:TrackPointExtension>
        </extensions>
      </trkpt>
      <trkpt lat="22.58756398223340511322021484375" lon="114.2879137583076953887939453125">
        <ele>24.200000762939453125</ele>
        <time>2024-10-18T00:39:44.000Z</time>
        <extensions>
          <ns3:TrackPointExtension>
            <ns3:atemp>30.0</ns3:atemp>
            <ns3:hr>153</ns3:hr>
          </ns3:TrackPointExtension>
        </extensions>
      </trkpt>
      <trkpt lat="22.58755266666412353515625" lon="114.2879672348499298095703125">
        <ele>24</ele>
        <time>2024-10-18T00:39:45.000Z</time>
        <extensions>
          <ns3:TrackPointExtension>
            <ns3:atemp>30.0</ns3:atemp>
            <ns3:hr>153</ns3:hr>
          </ns3:TrackPointExtension>
        </extensions>
      </trkpt>
      <trkpt lat="22.58754252456128597259521484375" lon="114.28802146576344966888427734375">
        <ele>24</ele>
        <time>2024-10-18T00:39:46.000Z</time>
        <extensions>
          <ns3:TrackPointExtension>
            <ns3:atemp>30.0</ns3:atemp>
            <ns3:hr>153</ns3:hr>
          </ns3:TrackPointExtension>
        </extensions>
      </trkpt>
      <trkpt lat="22.58753263391554355621337890625" lon="114.28807309828698635101318359375">
        <ele>24</ele>
        <time>2024-10-18T00:39:47.000Z</time>
        <extensions>
          <ns3:TrackPointExtension>
            <ns3:atemp>30.0</ns3:atemp>
            <ns3:hr>153</ns3:hr>
          </ns3:TrackPointExtension>
        </extensions>
      </trkpt>
      <trkpt lat="22.58752576075494289398193359375" lon="114.28812322206795215606689453125">
        <ele>24</ele>
        <time>2024-10-18T00:39:48.000Z</time>
        <extensions>
          <ns3:TrackPointExtension>
            <ns3:atemp>30.0</ns3:atemp>
            <ns3:hr>153</ns3:hr>
          </ns3:TrackPointExtension>
        </extensions>
      </trkpt>
      <trkpt lat="22.58751955814659595489501953125" lon="114.28817032836377620697021484375">
        <ele>24</ele>
        <time>2024-10-18T00:39:49.000Z</time>
        <extensions>
          <ns3:TrackPointExtension>
            <ns3:atemp>30.0</ns3:atemp>
            <ns3:hr>153</ns3:hr>
          </ns3:TrackPointExtension>
        </extensions>
      </trkpt>
      <trkpt lat="22.5875115953385829925537109375" lon="114.28821592591702938079833984375">
        <ele>24</ele>
        <time>2024-10-18T00:39:50.000Z</time>
        <extensions>
          <ns3:TrackPointExtension>
            <ns3:atemp>30.0</ns3:atemp>
            <ns3:hr>153</ns3:hr>
          </ns3:TrackPointExtension>
        </extensions>
      </trkpt>
      <trkpt lat="22.5875025428831577301025390625" lon="114.28826202638447284698486328125">
        <ele>24.200000762939453125</ele>
        <time>2024-10-18T00:39:51.000Z</time>
        <extensions>
          <ns3:TrackPointExtension>
            <ns3:atemp>30.0</ns3:atemp>
            <ns3:hr>153</ns3:hr>
          </ns3:TrackPointExtension>
        </extensions>
      </trkpt>
      <trkpt lat="22.58749759756028652191162109375" lon="114.288308881223201751708984375">
        <ele>24.3999996185302734375</ele>
        <time>2024-10-18T00:39:52.000Z</time>
        <extensions>
          <ns3:TrackPointExtension>
            <ns3:atemp>30.0</ns3:atemp>
            <ns3:hr>153</ns3:hr>
          </ns3:TrackPointExtension>
        </extensions>
      </trkpt>
      <trkpt lat="22.58749240078032016754150390625" lon="114.28835640661418437957763671875">
        <ele>24.6000003814697265625</ele>
        <time>2024-10-18T00:39:53.000Z</time>
        <extensions>
          <ns3:TrackPointExtension>
            <ns3:atemp>30.0</ns3:atemp>
            <ns3:hr>153</ns3:hr>
          </ns3:TrackPointExtension>
        </extensions>
      </trkpt>
      <trkpt lat="22.58748586289584636688232421875" lon="114.2884049378335475921630859375">
        <ele>25</ele>
        <time>2024-10-18T00:39:54.000Z</time>
        <extensions>
          <ns3:TrackPointExtension>
            <ns3:atemp>30.0</ns3:atemp>
            <ns3:hr>153</ns3:hr>
          </ns3:TrackPointExtension>
        </extensions>
      </trkpt>
      <trkpt lat="22.5874797441065311431884765625" lon="114.28845212794840335845947265625">
        <ele>25</ele>
        <time>2024-10-18T00:39:55.000Z</time>
        <extensions>
          <ns3:TrackPointExtension>
            <ns3:atemp>30.0</ns3:atemp>
            <ns3:hr>153</ns3:hr>
          </ns3:TrackPointExtension>
        </extensions>
      </trkpt>
      <trkpt lat="22.58746926672756671905517578125" lon="114.28850040771067142486572265625">
        <ele>25.200000762939453125</ele>
        <time>2024-10-18T00:39:56.000Z</time>
        <extensions>
          <ns3:TrackPointExtension>
            <ns3:atemp>30.0</ns3:atemp>
            <ns3:hr>153</ns3:hr>
          </ns3:TrackPointExtension>
        </extensions>
      </trkpt>
      <trkpt lat="22.58745887316763401031494140625" lon="114.2885492742061614990234375">
        <ele>25.200000762939453125</ele>
        <time>2024-10-18T00:39:57.000Z</time>
        <extensions>
          <ns3:TrackPointExtension>
            <ns3:atemp>30.0</ns3:atemp>
            <ns3:hr>152</ns3:hr>
          </ns3:TrackPointExtension>
        </extensions>
      </trkpt>
      <trkpt lat="22.58744982071220874786376953125" lon="114.2885997332632541656494140625">
        <ele>25.200000762939453125</ele>
        <time>2024-10-18T00:39:58.000Z</time>
        <extensions>
          <ns3:TrackPointExtension>
            <ns3:atemp>30.0</ns3:atemp>
            <ns3:hr>152</ns3:hr>
          </ns3:TrackPointExtension>
        </extensions>
      </trkpt>
      <trkpt lat="22.58743976242840290069580078125" lon="114.2886496894061565399169921875">
        <ele>25.3999996185302734375</ele>
        <time>2024-10-18T00:39:59.000Z</time>
        <extensions>
          <ns3:TrackPointExtension>
            <ns3:atemp>30.0</ns3:atemp>
            <ns3:hr>152</ns3:hr>
          </ns3:TrackPointExtension>
        </extensions>
      </trkpt>
      <trkpt lat="22.5874277763068675994873046875" lon="114.28869972936809062957763671875">
        <ele>25.200000762939453125</ele>
        <time>2024-10-18T00:40:00.000Z</time>
        <extensions>
          <ns3:TrackPointExtension>
            <ns3:atemp>30.0</ns3:atemp>
            <ns3:hr>152</ns3:hr>
          </ns3:TrackPointExtension>
        </extensions>
      </trkpt>
      <trkpt lat="22.58741361089050769805908203125" lon="114.2887475900352001190185546875">
        <ele>25.200000762939453125</ele>
        <time>2024-10-18T00:40:01.000Z</time>
        <extensions>
          <ns3:TrackPointExtension>
            <ns3:atemp>30.0</ns3:atemp>
            <ns3:hr>151</ns3:hr>
          </ns3:TrackPointExtension>
        </extensions>
      </trkpt>
      <trkpt lat="22.5874009542167186737060546875" lon="114.28879662416875362396240234375">
        <ele>25.200000762939453125</ele>
        <time>2024-10-18T00:40:02.000Z</time>
        <extensions>
          <ns3:TrackPointExtension>
            <ns3:atemp>30.0</ns3:atemp>
            <ns3:hr>150</ns3:hr>
          </ns3:TrackPointExtension>
        </extensions>
      </trkpt>
      <trkpt lat="22.5873875431716442108154296875" lon="114.2888528667390346527099609375">
        <ele>25</ele>
        <time>2024-10-18T00:40:03.000Z</time>
        <extensions>
          <ns3:TrackPointExtension>
            <ns3:atemp>30.0</ns3:atemp>
            <ns3:hr>149</ns3:hr>
          </ns3:TrackPointExtension>
        </extensions>
      </trkpt>
      <trkpt lat="22.58736868388950824737548828125" lon="114.2889153957366943359375">
        <ele>25</ele>
        <time>2024-10-18T00:40:04.000Z</time>
        <extensions>
          <ns3:TrackPointExtension>
            <ns3:atemp>30.0</ns3:atemp>
            <ns3:hr>148</ns3:hr>
          </ns3:TrackPointExtension>
        </extensions>
      </trkpt>
      <trkpt lat="22.58735292591154575347900390625" lon="114.28897867910563945770263671875">
        <ele>24.799999237060546875</ele>
        <time>2024-10-18T00:40:05.000Z</time>
        <extensions>
          <ns3:TrackPointExtension>
            <ns3:atemp>30.0</ns3:atemp>
            <ns3:hr>148</ns3:hr>
          </ns3:TrackPointExtension>
        </extensions>
      </trkpt>
      <trkpt lat="22.58733029477298259735107421875" lon="114.28903936408460140228271484375">
        <ele>24.6000003814697265625</ele>
        <time>2024-10-18T00:40:06.000Z</time>
        <extensions>
          <ns3:TrackPointExtension>
            <ns3:atemp>30.0</ns3:atemp>
            <ns3:hr>148</ns3:hr>
          </ns3:TrackPointExtension>
        </extensions>
      </trkpt>
      <trkpt lat="22.58730967529118061065673828125" lon="114.2891003005206584930419921875">
        <ele>24.3999996185302734375</ele>
        <time>2024-10-18T00:40:07.000Z</time>
        <extensions>
          <ns3:TrackPointExtension>
            <ns3:atemp>30.0</ns3:atemp>
            <ns3:hr>148</ns3:hr>
          </ns3:TrackPointExtension>
        </extensions>
      </trkpt>
      <trkpt lat="22.58728855289518833160400390625" lon="114.2891626618802547454833984375">
        <ele>24</ele>
        <time>2024-10-18T00:40:08.000Z</time>
        <extensions>
          <ns3:TrackPointExtension>
            <ns3:atemp>30.0</ns3:atemp>
            <ns3:hr>148</ns3:hr>
          </ns3:TrackPointExtension>
        </extensions>
      </trkpt>
      <trkpt lat="22.5872675143182277679443359375" lon="114.289226867258548736572265625">
        <ele>23.799999237060546875</ele>
        <time>2024-10-18T00:40:09.000Z</time>
        <extensions>
          <ns3:TrackPointExtension>
            <ns3:atemp>30.0</ns3:atemp>
            <ns3:hr>148</ns3:hr>
          </ns3:TrackPointExtension>
        </extensions>
      </trkpt>
      <trkpt lat="22.5872477330267429351806640625" lon="114.28928948007524013519287109375">
        <ele>23.6000003814697265625</ele>
        <time>2024-10-18T00:40:10.000Z</time>
        <extensions>
          <ns3:TrackPointExtension>
            <ns3:atemp>30.0</ns3:atemp>
            <ns3:hr>147</ns3:hr>
          </ns3:TrackPointExtension>
        </extensions>
      </trkpt>
      <trkpt lat="22.587229125201702117919921875" lon="114.28935066796839237213134765625">
        <ele>23</ele>
        <time>2024-10-18T00:40:11.000Z</time>
        <extensions>
          <ns3:TrackPointExtension>
            <ns3:atemp>30.0</ns3:atemp>
            <ns3:hr>147</ns3:hr>
          </ns3:TrackPointExtension>
        </extensions>
      </trkpt>
      <trkpt lat="22.58720976300537586212158203125" lon="114.28941504098474979400634765625">
        <ele>22.799999237060546875</ele>
        <time>2024-10-18T00:40:12.000Z</time>
        <extensions>
          <ns3:TrackPointExtension>
            <ns3:atemp>30.0</ns3:atemp>
            <ns3:hr>146</ns3:hr>
          </ns3:TrackPointExtension>
        </extensions>
      </trkpt>
      <trkpt lat="22.58719048462808132171630859375" lon="114.2894835211336612701416015625">
        <ele>22.6000003814697265625</ele>
        <time>2024-10-18T00:40:13.000Z</time>
        <extensions>
          <ns3:TrackPointExtension>
            <ns3:atemp>30.0</ns3:atemp>
            <ns3:hr>146</ns3:hr>
          </ns3:TrackPointExtension>
        </extensions>
      </trkpt>
      <trkpt lat="22.5871608965098857879638671875" lon="114.289548732340335845947265625">
        <ele>22.3999996185302734375</ele>
        <time>2024-10-18T00:40:14.000Z</time>
        <extensions>
          <ns3:TrackPointExtension>
            <ns3:atemp>30.0</ns3:atemp>
            <ns3:hr>146</ns3:hr>
          </ns3:TrackPointExtension>
        </extensions>
      </trkpt>
      <trkpt lat="22.587131559848785400390625" lon="114.28961218334734439849853515625">
        <ele>22.3999996185302734375</ele>
        <time>2024-10-18T00:40:15.000Z</time>
        <extensions>
          <ns3:TrackPointExtension>
            <ns3:atemp>30.0</ns3:atemp>
            <ns3:hr>144</ns3:hr>
          </ns3:TrackPointExtension>
        </extensions>
      </trkpt>
      <trkpt lat="22.587107755243778228759765625" lon="114.28967571817338466644287109375">
        <ele>22.200000762939453125</ele>
        <time>2024-10-18T00:40:16.000Z</time>
        <extensions>
          <ns3:TrackPointExtension>
            <ns3:atemp>30.0</ns3:atemp>
            <ns3:hr>143</ns3:hr>
          </ns3:TrackPointExtension>
        </extensions>
      </trkpt>
      <trkpt lat="22.5870864652097225189208984375" lon="114.289739839732646942138671875">
        <ele>22</ele>
        <time>2024-10-18T00:40:17.000Z</time>
        <extensions>
          <ns3:TrackPointExtension>
            <ns3:atemp>30.0</ns3:atemp>
            <ns3:hr>142</ns3:hr>
          </ns3:TrackPointExtension>
        </extensions>
      </trkpt>
      <trkpt lat="22.58706609718501567840576171875" lon="114.28980655968189239501953125">
        <ele>22</ele>
        <time>2024-10-18T00:40:18.000Z</time>
        <extensions>
          <ns3:TrackPointExtension>
            <ns3:atemp>30.0</ns3:atemp>
            <ns3:hr>141</ns3:hr>
          </ns3:TrackPointExtension>
        </extensions>
      </trkpt>
      <trkpt lat="22.58704748935997486114501953125" lon="114.2898734472692012786865234375">
        <ele>21.799999237060546875</ele>
        <time>2024-10-18T00:40:19.000Z</time>
        <extensions>
          <ns3:TrackPointExtension>
            <ns3:atemp>30.0</ns3:atemp>
            <ns3:hr>141</ns3:hr>
          </ns3:TrackPointExtension>
        </extensions>
      </trkpt>
      <trkpt lat="22.58703106082975864410400390625" lon="114.2899401672184467315673828125">
        <ele>21.799999237060546875</ele>
        <time>2024-10-18T00:40:20.000Z</time>
        <extensions>
          <ns3:TrackPointExtension>
            <ns3:atemp>30.0</ns3:atemp>
            <ns3:hr>140</ns3:hr>
          </ns3:TrackPointExtension>
        </extensions>
      </trkpt>
      <trkpt lat="22.58701479993760585784912109375" lon="114.29000378586351871490478515625">
        <ele>22</ele>
        <time>2024-10-18T00:40:21.000Z</time>
        <extensions>
          <ns3:TrackPointExtension>
            <ns3:atemp>30.0</ns3:atemp>
            <ns3:hr>139</ns3:hr>
          </ns3:TrackPointExtension>
        </extensions>
      </trkpt>
      <trkpt lat="22.5869939289987087249755859375" lon="114.2900682426989078521728515625">
        <ele>22</ele>
        <time>2024-10-18T00:40:22.000Z</time>
        <extensions>
          <ns3:TrackPointExtension>
            <ns3:atemp>30.0</ns3:atemp>
            <ns3:hr>138</ns3:hr>
          </ns3:TrackPointExtension>
        </extensions>
      </trkpt>
      <trkpt lat="22.58697330951690673828125" lon="114.29013186134397983551025390625">
        <ele>22</ele>
        <time>2024-10-18T00:40:23.000Z</time>
        <extensions>
          <ns3:TrackPointExtension>
            <ns3:atemp>30.0</ns3:atemp>
            <ns3:hr>137</ns3:hr>
          </ns3:TrackPointExtension>
        </extensions>
      </trkpt>
      <trkpt lat="22.58695595897734165191650390625" lon="114.290195144712924957275390625">
        <ele>22.3999996185302734375</ele>
        <time>2024-10-18T00:40:24.000Z</time>
        <extensions>
          <ns3:TrackPointExtension>
            <ns3:atemp>30.0</ns3:atemp>
            <ns3:hr>137</ns3:hr>
          </ns3:TrackPointExtension>
        </extensions>
      </trkpt>
      <trkpt lat="22.5869386084377765655517578125" lon="114.2902603559195995330810546875">
        <ele>22.6000003814697265625</ele>
        <time>2024-10-18T00:40:25.000Z</time>
        <extensions>
          <ns3:TrackPointExtension>
            <ns3:atemp>30.0</ns3:atemp>
            <ns3:hr>136</ns3:hr>
          </ns3:TrackPointExtension>
        </extensions>
      </trkpt>
      <trkpt lat="22.58692075498402118682861328125" lon="114.29032900370657444000244140625">
        <ele>22.799999237060546875</ele>
        <time>2024-10-18T00:40:26.000Z</time>
        <extensions>
          <ns3:TrackPointExtension>
            <ns3:atemp>30.0</ns3:atemp>
            <ns3:hr>136</ns3:hr>
          </ns3:TrackPointExtension>
        </extensions>
      </trkpt>
      <trkpt lat="22.58690415881574153900146484375" lon="114.29039664566516876220703125">
        <ele>22.799999237060546875</ele>
        <time>2024-10-18T00:40:27.000Z</time>
        <extensions>
          <ns3:TrackPointExtension>
            <ns3:atemp>30.0</ns3:atemp>
            <ns3:hr>135</ns3:hr>
          </ns3:TrackPointExtension>
        </extensions>
      </trkpt>
      <trkpt lat="22.5868893228471279144287109375" lon="114.29046445526182651519775390625">
        <ele>22.799999237060546875</ele>
        <time>2024-10-18T00:40:28.000Z</time>
        <extensions>
          <ns3:TrackPointExtension>
            <ns3:atemp>30.0</ns3:atemp>
            <ns3:hr>134</ns3:hr>
          </ns3:TrackPointExtension>
        </extensions>
      </trkpt>
      <trkpt lat="22.5868755765259265899658203125" lon="114.2905326001346111297607421875">
        <ele>23</ele>
        <time>2024-10-18T00:40:29.000Z</time>
        <extensions>
          <ns3:TrackPointExtension>
            <ns3:atemp>30.0</ns3:atemp>
            <ns3:hr>134</ns3:hr>
          </ns3:TrackPointExtension>
        </extensions>
      </trkpt>
      <trkpt lat="22.58685990236699581146240234375" lon="114.29060208611190319061279296875">
        <ele>23</ele>
        <time>2024-10-18T00:40:30.000Z</time>
        <extensions>
          <ns3:TrackPointExtension>
            <ns3:atemp>30.0</ns3:atemp>
            <ns3:hr>133</ns3:hr>
          </ns3:TrackPointExtension>
        </extensions>
      </trkpt>
      <trkpt lat="22.5868447311222553253173828125" lon="114.2906693927943706512451171875">
        <ele>23.200000762939453125</ele>
        <time>2024-10-18T00:40:31.000Z</time>
        <extensions>
          <ns3:TrackPointExtension>
            <ns3:atemp>30.0</ns3:atemp>
            <ns3:hr>133</ns3:hr>
          </ns3:TrackPointExtension>
        </extensions>
      </trkpt>
      <trkpt lat="22.58682939223945140838623046875" lon="114.29073317907750606536865234375">
        <ele>23.200000762939453125</ele>
        <time>2024-10-18T00:40:32.000Z</time>
        <extensions>
          <ns3:TrackPointExtension>
            <ns3:atemp>30.0</ns3:atemp>
            <ns3:hr>133</ns3:hr>
          </ns3:TrackPointExtension>
        </extensions>
      </trkpt>
      <trkpt lat="22.5868155620992183685302734375" lon="114.2907967977225780487060546875">
        <ele>23.3999996185302734375</ele>
        <time>2024-10-18T00:40:33.000Z</time>
        <extensions>
          <ns3:TrackPointExtension>
            <ns3:atemp>30.0</ns3:atemp>
            <ns3:hr>133</ns3:hr>
          </ns3:TrackPointExtension>
        </extensions>
      </trkpt>
      <trkpt lat="22.58680240251123905181884765625" lon="114.2908608354628086090087890625">
        <ele>23.6000003814697265625</ele>
        <time>2024-10-18T00:40:34.000Z</time>
        <extensions>
          <ns3:TrackPointExtension>
            <ns3:atemp>30.0</ns3:atemp>
            <ns3:hr>132</ns3:hr>
          </ns3:TrackPointExtension>
        </extensions>
      </trkpt>
      <trkpt lat="22.586790584027767181396484375" lon="114.29092495702207088470458984375">
        <ele>23.6000003814697265625</ele>
        <time>2024-10-18T00:40:35.000Z</time>
        <extensions>
          <ns3:TrackPointExtension>
            <ns3:atemp>30.0</ns3:atemp>
            <ns3:hr>132</ns3:hr>
          </ns3:TrackPointExtension>
        </extensions>
      </trkpt>
      <trkpt lat="22.58677658624947071075439453125" lon="114.2909872345626354217529296875">
        <ele>23.799999237060546875</ele>
        <time>2024-10-18T00:40:36.000Z</time>
        <extensions>
          <ns3:TrackPointExtension>
            <ns3:atemp>30.0</ns3:atemp>
            <ns3:hr>131</ns3:hr>
          </ns3:TrackPointExtension>
        </extensions>
      </trkpt>
      <trkpt lat="22.58676342666149139404296875" lon="114.291050434112548828125">
        <ele>24</ele>
        <time>2024-10-18T00:40:37.000Z</time>
        <extensions>
          <ns3:TrackPointExtension>
            <ns3:atemp>30.0</ns3:atemp>
            <ns3:hr>131</ns3:hr>
          </ns3:TrackPointExtension>
        </extensions>
      </trkpt>
      <trkpt lat="22.58674909360706806182861328125" lon="114.291112124919891357421875">
        <ele>24</ele>
        <time>2024-10-18T00:40:38.000Z</time>
        <extensions>
          <ns3:TrackPointExtension>
            <ns3:atemp>30.0</ns3:atemp>
            <ns3:hr>131</ns3:hr>
          </ns3:TrackPointExtension>
        </extensions>
      </trkpt>
      <trkpt lat="22.5867327488958835601806640625" lon="114.29117004387080669403076171875">
        <ele>24</ele>
        <time>2024-10-18T00:40:39.000Z</time>
        <extensions>
          <ns3:TrackPointExtension>
            <ns3:atemp>30.0</ns3:atemp>
            <ns3:hr>130</ns3:hr>
          </ns3:TrackPointExtension>
        </extensions>
      </trkpt>
      <trkpt lat="22.5867211818695068359375" lon="114.29122955538332462310791015625">
        <ele>24.200000762939453125</ele>
        <time>2024-10-18T00:40:40.000Z</time>
        <extensions>
          <ns3:TrackPointExtension>
            <ns3:atemp>30.0</ns3:atemp>
            <ns3:hr>130</ns3:hr>
          </ns3:TrackPointExtension>
        </extensions>
      </trkpt>
      <trkpt lat="22.586713470518589019775390625" lon="114.29129141382873058319091796875">
        <ele>24.200000762939453125</ele>
        <time>2024-10-18T00:40:41.000Z</time>
        <extensions>
          <ns3:TrackPointExtension>
            <ns3:atemp>30.0</ns3:atemp>
            <ns3:hr>129</ns3:hr>
          </ns3:TrackPointExtension>
        </extensions>
      </trkpt>
      <trkpt lat="22.5867099501192569732666015625" lon="114.2913560383021831512451171875">
        <ele>24.200000762939453125</ele>
        <time>2024-10-18T00:40:42.000Z</time>
        <extensions>
          <ns3:TrackPointExtension>
            <ns3:atemp>30.0</ns3:atemp>
            <ns3:hr>129</ns3:hr>
          </ns3:TrackPointExtension>
        </extensions>
      </trkpt>
      <trkpt lat="22.58670366369187831878662109375" lon="114.2914219200611114501953125">
        <ele>24.200000762939453125</ele>
        <time>2024-10-18T00:40:43.000Z</time>
        <extensions>
          <ns3:TrackPointExtension>
            <ns3:atemp>30.0</ns3:atemp>
            <ns3:hr>129</ns3:hr>
          </ns3:TrackPointExtension>
        </extensions>
      </trkpt>
      <trkpt lat="22.5866992212831974029541015625" lon="114.29148654453456401824951171875">
        <ele>24.3999996185302734375</ele>
        <time>2024-10-18T00:40:44.000Z</time>
        <extensions>
          <ns3:TrackPointExtension>
            <ns3:atemp>30.0</ns3:atemp>
            <ns3:hr>129</ns3:hr>
          </ns3:TrackPointExtension>
        </extensions>
      </trkpt>
      <trkpt lat="22.586697041988372802734375" lon="114.2915525101125240325927734375">
        <ele>24.3999996185302734375</ele>
        <time>2024-10-18T00:40:45.000Z</time>
        <extensions>
          <ns3:TrackPointExtension>
            <ns3:atemp>30.0</ns3:atemp>
            <ns3:hr>130</ns3:hr>
          </ns3:TrackPointExtension>
        </extensions>
      </trkpt>
      <trkpt lat="22.5866935215890407562255859375" lon="114.29161897860467433929443359375">
        <ele>24.3999996185302734375</ele>
        <time>2024-10-18T00:40:46.000Z</time>
        <extensions>
          <ns3:TrackPointExtension>
            <ns3:atemp>30.0</ns3:atemp>
            <ns3:hr>130</ns3:hr>
          </ns3:TrackPointExtension>
        </extensions>
      </trkpt>
      <trkpt lat="22.58669159375131130218505859375" lon="114.291686452925205230712890625">
        <ele>24.3999996185302734375</ele>
        <time>2024-10-18T00:40:47.000Z</time>
        <extensions>
          <ns3:TrackPointExtension>
            <ns3:atemp>30.0</ns3:atemp>
            <ns3:hr>130</ns3:hr>
          </ns3:TrackPointExtension>
        </extensions>
      </trkpt>
      <trkpt lat="22.58668564260005950927734375" lon="114.29175325669348239898681640625">
        <ele>24.3999996185302734375</ele>
        <time>2024-10-18T00:40:48.000Z</time>
        <extensions>
          <ns3:TrackPointExtension>
            <ns3:atemp>30.0</ns3:atemp>
            <ns3:hr>130</ns3:hr>
          </ns3:TrackPointExtension>
        </extensions>
      </trkpt>
      <trkpt lat="22.5866824574768543243408203125" lon="114.29182416759431362152099609375">
        <ele>24.6000003814697265625</ele>
        <time>2024-10-18T00:40:49.000Z</time>
        <extensions>
          <ns3:TrackPointExtension>
            <ns3:atemp>30.0</ns3:atemp>
            <ns3:hr>130</ns3:hr>
          </ns3:TrackPointExtension>
        </extensions>
      </trkpt>
      <trkpt lat="22.586677260696887969970703125" lon="114.2918965034186840057373046875">
        <ele>24.6000003814697265625</ele>
        <time>2024-10-18T00:40:50.000Z</time>
        <extensions>
          <ns3:TrackPointExtension>
            <ns3:atemp>30.0</ns3:atemp>
            <ns3:hr>130</ns3:hr>
          </ns3:TrackPointExtension>
        </extensions>
      </trkpt>
      <trkpt lat="22.5866697169840335845947265625" lon="114.291968084871768951416015625">
        <ele>24.799999237060546875</ele>
        <time>2024-10-18T00:40:51.000Z</time>
        <extensions>
          <ns3:TrackPointExtension>
            <ns3:atemp>30.0</ns3:atemp>
            <ns3:hr>131</ns3:hr>
          </ns3:TrackPointExtension>
        </extensions>
      </trkpt>
      <trkpt lat="22.586657814681529998779296875" lon="114.292039163410663604736328125">
        <ele>24.799999237060546875</ele>
        <time>2024-10-18T00:40:52.000Z</time>
        <extensions>
          <ns3:TrackPointExtension>
            <ns3:atemp>30.0</ns3:atemp>
            <ns3:hr>131</ns3:hr>
          </ns3:TrackPointExtension>
        </extensions>
      </trkpt>
      <trkpt lat="22.586639709770679473876953125" lon="114.29210663773119449615478515625">
        <ele>25</ele>
        <time>2024-10-18T00:40:53.000Z</time>
        <extensions>
          <ns3:TrackPointExtension>
            <ns3:atemp>30.0</ns3:atemp>
            <ns3:hr>131</ns3:hr>
          </ns3:TrackPointExtension>
        </extensions>
      </trkpt>
      <trkpt lat="22.5866197608411312103271484375" lon="114.29217084310948848724365234375">
        <ele>25.3999996185302734375</ele>
        <time>2024-10-18T00:40:54.000Z</time>
        <extensions>
          <ns3:TrackPointExtension>
            <ns3:atemp>30.0</ns3:atemp>
            <ns3:hr>131</ns3:hr>
          </ns3:TrackPointExtension>
        </extensions>
      </trkpt>
      <trkpt lat="22.58659453131258487701416015625" lon="114.29223035462200641632080078125">
        <ele>25.6000003814697265625</ele>
        <time>2024-10-18T00:40:55.000Z</time>
        <extensions>
          <ns3:TrackPointExtension>
            <ns3:atemp>30.0</ns3:atemp>
            <ns3:hr>131</ns3:hr>
          </ns3:TrackPointExtension>
        </extensions>
      </trkpt>
      <trkpt lat="22.58656653575599193572998046875" lon="114.29228366352617740631103515625">
        <ele>26</ele>
        <time>2024-10-18T00:40:56.000Z</time>
        <extensions>
          <ns3:TrackPointExtension>
            <ns3:atemp>30.0</ns3:atemp>
            <ns3:hr>131</ns3:hr>
          </ns3:TrackPointExtension>
        </extensions>
      </trkpt>
      <trkpt lat="22.58653434924781322479248046875" lon="114.292335547506809234619140625">
        <ele>26.200000762939453125</ele>
        <time>2024-10-18T00:40:57.000Z</time>
        <extensions>
          <ns3:TrackPointExtension>
            <ns3:atemp>30.0</ns3:atemp>
            <ns3:hr>131</ns3:hr>
          </ns3:TrackPointExtension>
        </extensions>
      </trkpt>
      <trkpt lat="22.58650065399706363677978515625" lon="114.29238256998360157012939453125">
        <ele>26.799999237060546875</ele>
        <time>2024-10-18T00:40:58.000Z</time>
        <extensions>
          <ns3:TrackPointExtension>
            <ns3:atemp>30.0</ns3:atemp>
            <ns3:hr>132</ns3:hr>
          </ns3:TrackPointExtension>
        </extensions>
      </trkpt>
      <trkpt lat="22.586468048393726348876953125" lon="114.2924277484416961669921875">
        <ele>26.799999237060546875</ele>
        <time>2024-10-18T00:40:59.000Z</time>
        <extensions>
          <ns3:TrackPointExtension>
            <ns3:atemp>30.0</ns3:atemp>
            <ns3:hr>132</ns3:hr>
          </ns3:TrackPointExtension>
        </extensions>
      </trkpt>
      <trkpt lat="22.58643846027553081512451171875" lon="114.29246923886239528656005859375">
        <ele>27.200000762939453125</ele>
        <time>2024-10-18T00:41:00.000Z</time>
        <extensions>
          <ns3:TrackPointExtension>
            <ns3:atemp>30.0</ns3:atemp>
            <ns3:hr>133</ns3:hr>
          </ns3:TrackPointExtension>
        </extensions>
      </trkpt>
      <trkpt lat="22.5864088721573352813720703125" lon="114.29250419139862060546875">
        <ele>27.799999237060546875</ele>
        <time>2024-10-18T00:41:01.000Z</time>
        <extensions>
          <ns3:TrackPointExtension>
            <ns3:atemp>30.0</ns3:atemp>
            <ns3:hr>133</ns3:hr>
          </ns3:TrackPointExtension>
        </extensions>
      </trkpt>
      <trkpt lat="22.5863797031342983245849609375" lon="114.2925341986119747161865234375">
        <ele>28.200000762939453125</ele>
        <time>2024-10-18T00:41:02.000Z</time>
        <extensions>
          <ns3:TrackPointExtension>
            <ns3:atemp>30.0</ns3:atemp>
            <ns3:hr>134</ns3:hr>
          </ns3:TrackPointExtension>
        </extensions>
      </trkpt>
      <trkpt lat="22.58635170757770538330078125" lon="114.29256445728242397308349609375">
        <ele>28.799999237060546875</ele>
        <time>2024-10-18T00:41:03.000Z</time>
        <extensions>
          <ns3:TrackPointExtension>
            <ns3:atemp>30.0</ns3:atemp>
            <ns3:hr>136</ns3:hr>
          </ns3:TrackPointExtension>
        </extensions>
      </trkpt>
      <trkpt lat="22.58632396347820758819580078125" lon="114.29259530268609523773193359375">
        <ele>29</ele>
        <time>2024-10-18T00:41:04.000Z</time>
        <extensions>
          <ns3:TrackPointExtension>
            <ns3:atemp>30.0</ns3:atemp>
            <ns3:hr>138</ns3:hr>
          </ns3:TrackPointExtension>
        </extensions>
      </trkpt>
      <trkpt lat="22.58629747666418552398681640625" lon="114.29262463934719562530517578125">
        <ele>29.3999996185302734375</ele>
        <time>2024-10-18T00:41:05.000Z</time>
        <extensions>
          <ns3:TrackPointExtension>
            <ns3:atemp>30.0</ns3:atemp>
            <ns3:hr>138</ns3:hr>
          </ns3:TrackPointExtension>
        </extensions>
      </trkpt>
      <trkpt lat="22.58627266623079776763916015625" lon="114.2926535569131374359130859375">
        <ele>30</ele>
        <time>2024-10-18T00:41:06.000Z</time>
        <extensions>
          <ns3:TrackPointExtension>
            <ns3:atemp>30.0</ns3:atemp>
            <ns3:hr>140</ns3:hr>
          </ns3:TrackPointExtension>
        </extensions>
      </trkpt>
      <trkpt lat="22.5862504541873931884765625" lon="114.29268264211714267730712890625">
        <ele>30.200000762939453125</ele>
        <time>2024-10-18T00:41:07.000Z</time>
        <extensions>
          <ns3:TrackPointExtension>
            <ns3:atemp>30.0</ns3:atemp>
            <ns3:hr>140</ns3:hr>
          </ns3:TrackPointExtension>
        </extensions>
      </trkpt>
      <trkpt lat="22.5862308405339717864990234375" lon="114.2927072010934352874755859375">
        <ele>30.3999996185302734375</ele>
        <time>2024-10-18T00:41:08.000Z</time>
        <extensions>
          <ns3:TrackPointExtension>
            <ns3:atemp>30.0</ns3:atemp>
            <ns3:hr>140</ns3:hr>
          </ns3:TrackPointExtension>
        </extensions>
      </trkpt>
      <trkpt lat="22.5862103886902332305908203125" lon="114.2927303351461887359619140625">
        <ele>30.6000003814697265625</ele>
        <time>2024-10-18T00:41:09.000Z</time>
        <extensions>
          <ns3:TrackPointExtension>
            <ns3:atemp>30.0</ns3:atemp>
            <ns3:hr>141</ns3:hr>
          </ns3:TrackPointExtension>
        </extensions>
      </trkpt>
      <trkpt lat="22.58618901483714580535888671875" lon="114.29275305010378360748291015625">
        <ele>31</ele>
        <time>2024-10-18T00:41:10.000Z</time>
        <extensions>
          <ns3:TrackPointExtension>
            <ns3:atemp>30.0</ns3:atemp>
            <ns3:hr>142</ns3:hr>
          </ns3:TrackPointExtension>
        </extensions>
      </trkpt>
      <trkpt lat="22.586165964603424072265625" lon="114.29277651943266391754150390625">
        <ele>31.3999996185302734375</ele>
        <time>2024-10-18T00:41:11.000Z</time>
        <extensions>
          <ns3:TrackPointExtension>
            <ns3:atemp>30.0</ns3:atemp>
            <ns3:hr>143</ns3:hr>
          </ns3:TrackPointExtension>
        </extensions>
      </trkpt>
      <trkpt lat="22.58614526130259037017822265625" lon="114.2927983961999416351318359375">
        <ele>31.6000003814697265625</ele>
        <time>2024-10-18T00:41:12.000Z</time>
        <extensions>
          <ns3:TrackPointExtension>
            <ns3:atemp>30.0</ns3:atemp>
            <ns3:hr>143</ns3:hr>
          </ns3:TrackPointExtension>
        </extensions>
      </trkpt>
      <trkpt lat="22.586123049259185791015625" lon="114.2928245477378368377685546875">
        <ele>31.799999237060546875</ele>
        <time>2024-10-18T00:41:13.000Z</time>
        <extensions>
          <ns3:TrackPointExtension>
            <ns3:atemp>30.0</ns3:atemp>
            <ns3:hr>144</ns3:hr>
          </ns3:TrackPointExtension>
        </extensions>
      </trkpt>
      <trkpt lat="22.58610251359641551971435546875" lon="114.29285145364701747894287109375">
        <ele>32.200000762939453125</ele>
        <time>2024-10-18T00:41:14.000Z</time>
        <extensions>
          <ns3:TrackPointExtension>
            <ns3:atemp>30.0</ns3:atemp>
            <ns3:hr>144</ns3:hr>
          </ns3:TrackPointExtension>
        </extensions>
      </trkpt>
      <trkpt lat="22.58607971481978893280029296875" lon="114.29287634789943695068359375">
        <ele>32.59999847412109375</ele>
        <time>2024-10-18T00:41:15.000Z</time>
        <extensions>
          <ns3:TrackPointExtension>
            <ns3:atemp>30.0</ns3:atemp>
            <ns3:hr>145</ns3:hr>
          </ns3:TrackPointExtension>
        </extensions>
      </trkpt>
      <trkpt lat="22.5860598497092723846435546875" lon="114.29290459491312503814697265625">
        <ele>32.799999237060546875</ele>
        <time>2024-10-18T00:41:16.000Z</time>
        <extensions>
          <ns3:TrackPointExtension>
            <ns3:atemp>30.0</ns3:atemp>
            <ns3:hr>145</ns3:hr>
          </ns3:TrackPointExtension>
        </extensions>
      </trkpt>
      <trkpt lat="22.58603495545685291290283203125" lon="114.29292974062263965606689453125">
        <ele>33</ele>
        <time>2024-10-18T00:41:17.000Z</time>
        <extensions>
          <ns3:TrackPointExtension>
            <ns3:atemp>30.0</ns3:atemp>
            <ns3:hr>146</ns3:hr>
          </ns3:TrackPointExtension>
        </extensions>
      </trkpt>
      <trkpt lat="22.58601064793765544891357421875" lon="114.29295689798891544342041015625">
        <ele>33.200000762939453125</ele>
        <time>2024-10-18T00:41:18.000Z</time>
        <extensions>
          <ns3:TrackPointExtension>
            <ns3:atemp>30.0</ns3:atemp>
            <ns3:hr>147</ns3:hr>
          </ns3:TrackPointExtension>
        </extensions>
      </trkpt>
      <trkpt lat="22.585987932980060577392578125" lon="114.29298338480293750762939453125">
        <ele>33.40000152587890625</ele>
        <time>2024-10-18T00:41:19.000Z</time>
        <extensions>
          <ns3:TrackPointExtension>
            <ns3:atemp>30.0</ns3:atemp>
            <ns3:hr>149</ns3:hr>
          </ns3:TrackPointExtension>
        </extensions>
      </trkpt>
      <trkpt lat="22.58596370927989482879638671875" lon="114.29301154799759387969970703125">
        <ele>33.799999237060546875</ele>
        <time>2024-10-18T00:41:20.000Z</time>
        <extensions>
          <ns3:TrackPointExtension>
            <ns3:atemp>30.0</ns3:atemp>
            <ns3:hr>149</ns3:hr>
          </ns3:TrackPointExtension>
        </extensions>
      </trkpt>
      <trkpt lat="22.58593940176069736480712890625" lon="114.2930371128022670745849609375">
        <ele>34</ele>
        <time>2024-10-18T00:41:21.000Z</time>
        <extensions>
          <ns3:TrackPointExtension>
            <ns3:atemp>30.0</ns3:atemp>
            <ns3:hr>149</ns3:hr>
          </ns3:TrackPointExtension>
        </extensions>
      </trkpt>
      <trkpt lat="22.5859156809747219085693359375" lon="114.29306418634951114654541015625">
        <ele>34.200000762939453125</ele>
        <time>2024-10-18T00:41:22.000Z</time>
        <extensions>
          <ns3:TrackPointExtension>
            <ns3:atemp>30.0</ns3:atemp>
            <ns3:hr>150</ns3:hr>
          </ns3:TrackPointExtension>
        </extensions>
      </trkpt>
      <trkpt lat="22.58589665405452251434326171875" lon="114.29309084080159664154052734375">
        <ele>34.40000152587890625</ele>
        <time>2024-10-18T00:41:23.000Z</time>
        <extensions>
          <ns3:TrackPointExtension>
            <ns3:atemp>30.0</ns3:atemp>
            <ns3:hr>151</ns3:hr>
          </ns3:TrackPointExtension>
        </extensions>
      </trkpt>
      <trkpt lat="22.58587519638240337371826171875" lon="114.29311799816787242889404296875">
        <ele>34.40000152587890625</ele>
        <time>2024-10-18T00:41:24.000Z</time>
        <extensions>
          <ns3:TrackPointExtension>
            <ns3:atemp>30.0</ns3:atemp>
            <ns3:hr>151</ns3:hr>
          </ns3:TrackPointExtension>
        </extensions>
      </trkpt>
      <trkpt lat="22.5858516432344913482666015625" lon="114.293146245181560516357421875">
        <ele>34.799999237060546875</ele>
        <time>2024-10-18T00:41:25.000Z</time>
        <extensions>
          <ns3:TrackPointExtension>
            <ns3:atemp>30.0</ns3:atemp>
            <ns3:hr>151</ns3:hr>
          </ns3:TrackPointExtension>
        </extensions>
      </trkpt>
      <trkpt lat="22.58582892827689647674560546875" lon="114.29317432455718517303466796875">
        <ele>35.200000762939453125</ele>
        <time>2024-10-18T00:41:26.000Z</time>
        <extensions>
          <ns3:TrackPointExtension>
            <ns3:atemp>30.0</ns3:atemp>
            <ns3:hr>151</ns3:hr>
          </ns3:TrackPointExtension>
        </extensions>
      </trkpt>
      <trkpt lat="22.585805542767047882080078125" lon="114.29320014081895351409912109375">
        <ele>35.40000152587890625</ele>
        <time>2024-10-18T00:41:27.000Z</time>
        <extensions>
          <ns3:TrackPointExtension>
            <ns3:atemp>30.0</ns3:atemp>
            <ns3:hr>151</ns3:hr>
          </ns3:TrackPointExtension>
        </extensions>
      </trkpt>
      <trkpt lat="22.58578266017138957977294921875" lon="114.29322495125234127044677734375">
        <ele>35.40000152587890625</ele>
        <time>2024-10-18T00:41:28.000Z</time>
        <extensions>
          <ns3:TrackPointExtension>
            <ns3:atemp>30.0</ns3:atemp>
            <ns3:hr>151</ns3:hr>
          </ns3:TrackPointExtension>
        </extensions>
      </trkpt>
      <trkpt lat="22.58575986139476299285888671875" lon="114.29325009696185588836669921875">
        <ele>35.59999847412109375</ele>
        <time>2024-10-18T00:41:29.000Z</time>
        <extensions>
          <ns3:TrackPointExtension>
            <ns3:atemp>30.0</ns3:atemp>
            <ns3:hr>151</ns3:hr>
          </ns3:TrackPointExtension>
        </extensions>
      </trkpt>
      <trkpt lat="22.58573689498007297515869140625" lon="114.293278343975543975830078125">
        <ele>35.799999237060546875</ele>
        <time>2024-10-18T00:41:30.000Z</time>
        <extensions>
          <ns3:TrackPointExtension>
            <ns3:atemp>30.0</ns3:atemp>
            <ns3:hr>152</ns3:hr>
          </ns3:TrackPointExtension>
        </extensions>
      </trkpt>
      <trkpt lat="22.58571443147957324981689453125" lon="114.29330709390342235565185546875">
        <ele>36.200000762939453125</ele>
        <time>2024-10-18T00:41:31.000Z</time>
        <extensions>
          <ns3:TrackPointExtension>
            <ns3:atemp>30.0</ns3:atemp>
            <ns3:hr>152</ns3:hr>
          </ns3:TrackPointExtension>
        </extensions>
      </trkpt>
      <trkpt lat="22.58569314144551753997802734375" lon="114.29333257488906383514404296875">
        <ele>36.40000152587890625</ele>
        <time>2024-10-18T00:41:32.000Z</time>
        <extensions>
          <ns3:TrackPointExtension>
            <ns3:atemp>30.0</ns3:atemp>
            <ns3:hr>153</ns3:hr>
          </ns3:TrackPointExtension>
        </extensions>
      </trkpt>
      <trkpt lat="22.585676796734333038330078125" lon="114.29335604421794414520263671875">
        <ele>36.59999847412109375</ele>
        <time>2024-10-18T00:41:33.000Z</time>
        <extensions>
          <ns3:TrackPointExtension>
            <ns3:atemp>30.0</ns3:atemp>
            <ns3:hr>153</ns3:hr>
          </ns3:TrackPointExtension>
        </extensions>
      </trkpt>
      <trkpt lat="22.5856591947376728057861328125" lon="114.29337657988071441650390625">
        <ele>36.799999237060546875</ele>
        <time>2024-10-18T00:41:34.000Z</time>
        <extensions>
          <ns3:TrackPointExtension>
            <ns3:atemp>30.0</ns3:atemp>
            <ns3:hr>154</ns3:hr>
          </ns3:TrackPointExtension>
        </extensions>
      </trkpt>
      <trkpt lat="22.58564100600779056549072265625" lon="114.29340063594281673431396484375">
        <ele>37</ele>
        <time>2024-10-18T00:41:35.000Z</time>
        <extensions>
          <ns3:TrackPointExtension>
            <ns3:atemp>30.0</ns3:atemp>
            <ns3:hr>156</ns3:hr>
          </ns3:TrackPointExtension>
        </extensions>
      </trkpt>
      <trkpt lat="22.58562273345887660980224609375" lon="114.293424524366855621337890625">
        <ele>37.200000762939453125</ele>
        <time>2024-10-18T00:41:36.000Z</time>
        <extensions>
          <ns3:TrackPointExtension>
            <ns3:atemp>30.0</ns3:atemp>
            <ns3:hr>156</ns3:hr>
          </ns3:TrackPointExtension>
        </extensions>
      </trkpt>
      <trkpt lat="22.58560462854802608489990234375" lon="114.29345109499990940093994140625">
        <ele>37.40000152587890625</ele>
        <time>2024-10-18T00:41:37.000Z</time>
        <extensions>
          <ns3:TrackPointExtension>
            <ns3:atemp>30.0</ns3:atemp>
            <ns3:hr>156</ns3:hr>
          </ns3:TrackPointExtension>
        </extensions>
      </trkpt>
      <trkpt lat="22.5855857692658901214599609375" lon="114.29347909055650234222412109375">
        <ele>37.40000152587890625</ele>
        <time>2024-10-18T00:41:38.000Z</time>
        <extensions>
          <ns3:TrackPointExtension>
            <ns3:atemp>30.0</ns3:atemp>
            <ns3:hr>156</ns3:hr>
          </ns3:TrackPointExtension>
        </extensions>
      </trkpt>
      <trkpt lat="22.58557043038308620452880859375" lon="114.293511025607585906982421875">
        <ele>37.40000152587890625</ele>
        <time>2024-10-18T00:41:39.000Z</time>
        <extensions>
          <ns3:TrackPointExtension>
            <ns3:atemp>30.0</ns3:atemp>
            <ns3:hr>156</ns3:hr>
          </ns3:TrackPointExtension>
        </extensions>
      </trkpt>
      <trkpt lat="22.5855599530041217803955078125" lon="114.29354530759155750274658203125">
        <ele>37.40000152587890625</ele>
        <time>2024-10-18T00:41:40.000Z</time>
        <extensions>
          <ns3:TrackPointExtension>
            <ns3:atemp>30.0</ns3:atemp>
            <ns3:hr>156</ns3:hr>
          </ns3:TrackPointExtension>
        </extensions>
      </trkpt>
      <trkpt lat="22.58554880507290363311767578125" lon="114.293579421937465667724609375">
        <ele>37.40000152587890625</ele>
        <time>2024-10-18T00:41:41.000Z</time>
        <extensions>
          <ns3:TrackPointExtension>
            <ns3:atemp>30.0</ns3:atemp>
            <ns3:hr>155</ns3:hr>
          </ns3:TrackPointExtension>
        </extensions>
      </trkpt>
      <trkpt lat="22.58554168045520782470703125" lon="114.29361303336918354034423828125">
        <ele>37.59999847412109375</ele>
        <time>2024-10-18T00:41:42.000Z</time>
        <extensions>
          <ns3:TrackPointExtension>
            <ns3:atemp>30.0</ns3:atemp>
            <ns3:hr>155</ns3:hr>
          </ns3:TrackPointExtension>
        </extensions>
      </trkpt>
      <trkpt lat="22.58553639985620975494384765625" lon="114.2936459742486476898193359375">
        <ele>37.59999847412109375</ele>
        <time>2024-10-18T00:41:43.000Z</time>
        <extensions>
          <ns3:TrackPointExtension>
            <ns3:atemp>30.0</ns3:atemp>
            <ns3:hr>155</ns3:hr>
          </ns3:TrackPointExtension>
        </extensions>
      </trkpt>
      <trkpt lat="22.58553086780011653900146484375" lon="114.29367908276617527008056640625">
        <ele>37.59999847412109375</ele>
        <time>2024-10-18T00:41:44.000Z</time>
        <extensions>
          <ns3:TrackPointExtension>
            <ns3:atemp>30.0</ns3:atemp>
            <ns3:hr>155</ns3:hr>
          </ns3:TrackPointExtension>
        </extensions>
      </trkpt>
      <trkpt lat="22.58552768267691135406494140625" lon="114.29371587932109832763671875">
        <ele>37.59999847412109375</ele>
        <time>2024-10-18T00:41:45.000Z</time>
        <extensions>
          <ns3:TrackPointExtension>
            <ns3:atemp>30.0</ns3:atemp>
            <ns3:hr>155</ns3:hr>
          </ns3:TrackPointExtension>
        </extensions>
      </trkpt>
      <trkpt lat="22.585529275238513946533203125" lon="114.29375837557017803192138671875">
        <ele>37.59999847412109375</ele>
        <time>2024-10-18T00:41:46.000Z</time>
        <extensions>
          <ns3:TrackPointExtension>
            <ns3:atemp>30.0</ns3:atemp>
            <ns3:hr>155</ns3:hr>
          </ns3:TrackPointExtension>
        </extensions>
      </trkpt>
      <trkpt lat="22.58553070016205310821533203125" lon="114.29380229674279689788818359375">
        <ele>37.40000152587890625</ele>
        <time>2024-10-18T00:41:47.000Z</time>
        <extensions>
          <ns3:TrackPointExtension>
            <ns3:atemp>30.0</ns3:atemp>
            <ns3:hr>155</ns3:hr>
          </ns3:TrackPointExtension>
        </extensions>
      </trkpt>
      <trkpt lat="22.5855358131229877471923828125" lon="114.29384730756282806396484375">
        <ele>37.40000152587890625</ele>
        <time>2024-10-18T00:41:48.000Z</time>
        <extensions>
          <ns3:TrackPointExtension>
            <ns3:atemp>30.0</ns3:atemp>
            <ns3:hr>154</ns3:hr>
          </ns3:TrackPointExtension>
        </extensions>
      </trkpt>
      <trkpt lat="22.58554302155971527099609375" lon="114.293892569839954376220703125">
        <ele>37.40000152587890625</ele>
        <time>2024-10-18T00:41:49.000Z</time>
        <extensions>
          <ns3:TrackPointExtension>
            <ns3:atemp>30.0</ns3:atemp>
            <ns3:hr>154</ns3:hr>
          </ns3:TrackPointExtension>
        </extensions>
      </trkpt>
      <trkpt lat="22.5855539180338382720947265625" lon="114.29394244216382503509521484375">
        <ele>37.200000762939453125</ele>
        <time>2024-10-18T00:41:50.000Z</time>
        <extensions>
          <ns3:TrackPointExtension>
            <ns3:atemp>31.0</ns3:atemp>
            <ns3:hr>154</ns3:hr>
          </ns3:TrackPointExtension>
        </extensions>
      </trkpt>
      <trkpt lat="22.58557361550629138946533203125" lon="114.29399508051574230194091796875">
        <ele>36.40000152587890625</ele>
        <time>2024-10-18T00:41:51.000Z</time>
        <extensions>
          <ns3:TrackPointExtension>
            <ns3:atemp>30.0</ns3:atemp>
            <ns3:hr>154</ns3:hr>
          </ns3:TrackPointExtension>
        </extensions>
      </trkpt>
      <trkpt lat="22.58559758774936199188232421875" lon="114.29404252208769321441650390625">
        <ele>36.200000762939453125</ele>
        <time>2024-10-18T00:41:52.000Z</time>
        <extensions>
          <ns3:TrackPointExtension>
            <ns3:atemp>30.0</ns3:atemp>
            <ns3:hr>153</ns3:hr>
          </ns3:TrackPointExtension>
        </extensions>
      </trkpt>
      <trkpt lat="22.58562675677239894866943359375" lon="114.29408996365964412689208984375">
        <ele>36</ele>
        <time>2024-10-18T00:41:53.000Z</time>
        <extensions>
          <ns3:TrackPointExtension>
            <ns3:atemp>30.0</ns3:atemp>
            <ns3:hr>153</ns3:hr>
          </ns3:TrackPointExtension>
        </extensions>
      </trkpt>
      <trkpt lat="22.58566346950829029083251953125" lon="114.2941351421177387237548828125">
        <ele>35.59999847412109375</ele>
        <time>2024-10-18T00:41:54.000Z</time>
        <extensions>
          <ns3:TrackPointExtension>
            <ns3:atemp>30.0</ns3:atemp>
            <ns3:hr>152</ns3:hr>
          </ns3:TrackPointExtension>
        </extensions>
      </trkpt>
      <trkpt lat="22.58570604957640171051025390625" lon="114.29418082349002361297607421875">
        <ele>35.40000152587890625</ele>
        <time>2024-10-18T00:41:55.000Z</time>
        <extensions>
          <ns3:TrackPointExtension>
            <ns3:atemp>30.0</ns3:atemp>
            <ns3:hr>152</ns3:hr>
          </ns3:TrackPointExtension>
        </extensions>
      </trkpt>
      <trkpt lat="22.58575483225286006927490234375" lon="114.29422491230070590972900390625">
        <ele>35.200000762939453125</ele>
        <time>2024-10-18T00:41:56.000Z</time>
        <extensions>
          <ns3:TrackPointExtension>
            <ns3:atemp>30.0</ns3:atemp>
            <ns3:hr>151</ns3:hr>
          </ns3:TrackPointExtension>
        </extensions>
      </trkpt>
      <trkpt lat="22.5858105719089508056640625" lon="114.2942672409117221832275390625">
        <ele>34.799999237060546875</ele>
        <time>2024-10-18T00:41:57.000Z</time>
        <extensions>
          <ns3:TrackPointExtension>
            <ns3:atemp>30.0</ns3:atemp>
            <ns3:hr>151</ns3:hr>
          </ns3:TrackPointExtension>
        </extensions>
      </trkpt>
      <trkpt lat="22.58586429990828037261962890625" lon="114.294320046901702880859375">
        <ele>34.40000152587890625</ele>
        <time>2024-10-18T00:41:58.000Z</time>
        <extensions>
          <ns3:TrackPointExtension>
            <ns3:atemp>30.0</ns3:atemp>
            <ns3:hr>151</ns3:hr>
          </ns3:TrackPointExtension>
        </extensions>
      </trkpt>
      <trkpt lat="22.58591291494667530059814453125" lon="114.294376373291015625">
        <ele>33.799999237060546875</ele>
        <time>2024-10-18T00:41:59.000Z</time>
        <extensions>
          <ns3:TrackPointExtension>
            <ns3:atemp>30.0</ns3:atemp>
            <ns3:hr>150</ns3:hr>
          </ns3:TrackPointExtension>
        </extensions>
      </trkpt>
      <trkpt lat="22.5859572552144527435302734375" lon="114.2944358848035335540771484375">
        <ele>33.40000152587890625</ele>
        <time>2024-10-18T00:42:00.000Z</time>
        <extensions>
          <ns3:TrackPointExtension>
            <ns3:atemp>30.0</ns3:atemp>
            <ns3:hr>150</ns3:hr>
          </ns3:TrackPointExtension>
        </extensions>
      </trkpt>
      <trkpt lat="22.5859968177974224090576171875" lon="114.29450067691504955291748046875">
        <ele>33.200000762939453125</ele>
        <time>2024-10-18T00:42:01.000Z</time>
        <extensions>
          <ns3:TrackPointExtension>
            <ns3:atemp>30.0</ns3:atemp>
            <ns3:hr>150</ns3:hr>
          </ns3:TrackPointExtension>
        </extensions>
      </trkpt>
      <trkpt lat="22.5860300101339817047119140625" lon="114.29456756450235843658447265625">
        <ele>33.200000762939453125</ele>
        <time>2024-10-18T00:42:02.000Z</time>
        <extensions>
          <ns3:TrackPointExtension>
            <ns3:atemp>30.0</ns3:atemp>
            <ns3:hr>149</ns3:hr>
          </ns3:TrackPointExtension>
        </extensions>
      </trkpt>
      <trkpt lat="22.5860573351383209228515625" lon="114.2946340329945087432861328125">
        <ele>33.200000762939453125</ele>
        <time>2024-10-18T00:42:03.000Z</time>
        <extensions>
          <ns3:TrackPointExtension>
            <ns3:atemp>30.0</ns3:atemp>
            <ns3:hr>149</ns3:hr>
          </ns3:TrackPointExtension>
        </extensions>
      </trkpt>
      <trkpt lat="22.58607904426753520965576171875" lon="114.29470301605761051177978515625">
        <ele>33.200000762939453125</ele>
        <time>2024-10-18T00:42:04.000Z</time>
        <extensions>
          <ns3:TrackPointExtension>
            <ns3:atemp>30.0</ns3:atemp>
            <ns3:hr>148</ns3:hr>
          </ns3:TrackPointExtension>
        </extensions>
      </trkpt>
      <trkpt lat="22.58609731681644916534423828125" lon="114.29477158002555370330810546875">
        <ele>33.200000762939453125</ele>
        <time>2024-10-18T00:42:05.000Z</time>
        <extensions>
          <ns3:TrackPointExtension>
            <ns3:atemp>30.0</ns3:atemp>
            <ns3:hr>146</ns3:hr>
          </ns3:TrackPointExtension>
        </extensions>
      </trkpt>
      <trkpt lat="22.58611307479441165924072265625" lon="114.29483829997479915618896484375">
        <ele>33.40000152587890625</ele>
        <time>2024-10-18T00:42:06.000Z</time>
        <extensions>
          <ns3:TrackPointExtension>
            <ns3:atemp>30.0</ns3:atemp>
            <ns3:hr>145</ns3:hr>
          </ns3:TrackPointExtension>
        </extensions>
      </trkpt>
      <trkpt lat="22.58612581528723239898681640625" lon="114.29490468464791774749755859375">
        <ele>33.59999847412109375</ele>
        <time>2024-10-18T00:42:07.000Z</time>
        <extensions>
          <ns3:TrackPointExtension>
            <ns3:atemp>30.0</ns3:atemp>
            <ns3:hr>144</ns3:hr>
          </ns3:TrackPointExtension>
        </extensions>
      </trkpt>
      <trkpt lat="22.58613654412329196929931640625" lon="114.2949729971587657928466796875">
        <ele>33.59999847412109375</ele>
        <time>2024-10-18T00:42:08.000Z</time>
        <extensions>
          <ns3:TrackPointExtension>
            <ns3:atemp>30.0</ns3:atemp>
            <ns3:hr>144</ns3:hr>
          </ns3:TrackPointExtension>
        </extensions>
      </trkpt>
      <trkpt lat="22.58614651858806610107421875" lon="114.29503929801285266876220703125">
        <ele>34.200000762939453125</ele>
        <time>2024-10-18T00:42:09.000Z</time>
        <extensions>
          <ns3:TrackPointExtension>
            <ns3:atemp>30.0</ns3:atemp>
            <ns3:hr>144</ns3:hr>
          </ns3:TrackPointExtension>
        </extensions>
      </trkpt>
      <trkpt lat="22.586154229938983917236328125" lon="114.29510383866727352142333984375">
        <ele>34.40000152587890625</ele>
        <time>2024-10-18T00:42:10.000Z</time>
        <extensions>
          <ns3:TrackPointExtension>
            <ns3:atemp>30.0</ns3:atemp>
            <ns3:hr>144</ns3:hr>
          </ns3:TrackPointExtension>
        </extensions>
      </trkpt>
      <trkpt lat="22.5861614383757114410400390625" lon="114.29517039097845554351806640625">
        <ele>34.59999847412109375</ele>
        <time>2024-10-18T00:42:11.000Z</time>
        <extensions>
          <ns3:TrackPointExtension>
            <ns3:atemp>30.0</ns3:atemp>
            <ns3:hr>144</ns3:hr>
          </ns3:TrackPointExtension>
        </extensions>
      </trkpt>
      <trkpt lat="22.586169652640819549560546875" lon="114.2952351830899715423583984375">
        <ele>34.59999847412109375</ele>
        <time>2024-10-18T00:42:12.000Z</time>
        <extensions>
          <ns3:TrackPointExtension>
            <ns3:atemp>30.0</ns3:atemp>
            <ns3:hr>143</ns3:hr>
          </ns3:TrackPointExtension>
        </extensions>
      </trkpt>
      <trkpt lat="22.58617426268756389617919921875" lon="114.29529997520148754119873046875">
        <ele>34.799999237060546875</ele>
        <time>2024-10-18T00:42:13.000Z</time>
        <extensions>
          <ns3:TrackPointExtension>
            <ns3:atemp>30.0</ns3:atemp>
            <ns3:hr>142</ns3:hr>
          </ns3:TrackPointExtension>
        </extensions>
      </trkpt>
      <trkpt lat="22.58617090992629528045654296875" lon="114.29536518640816211700439453125">
        <ele>35</ele>
        <time>2024-10-18T00:42:14.000Z</time>
        <extensions>
          <ns3:TrackPointExtension>
            <ns3:atemp>30.0</ns3:atemp>
            <ns3:hr>142</ns3:hr>
          </ns3:TrackPointExtension>
        </extensions>
      </trkpt>
      <trkpt lat="22.58615984581410884857177734375" lon="114.29542838595807552337646484375">
        <ele>35.40000152587890625</ele>
        <time>2024-10-18T00:42:15.000Z</time>
        <extensions>
          <ns3:TrackPointExtension>
            <ns3:atemp>30.0</ns3:atemp>
            <ns3:hr>142</ns3:hr>
          </ns3:TrackPointExtension>
        </extensions>
      </trkpt>
      <trkpt lat="22.586142830550670623779296875" lon="114.29549016058444976806640625">
        <ele>35.40000152587890625</ele>
        <time>2024-10-18T00:42:16.000Z</time>
        <extensions>
          <ns3:TrackPointExtension>
            <ns3:atemp>30.0</ns3:atemp>
            <ns3:hr>141</ns3:hr>
          </ns3:TrackPointExtension>
        </extensions>
      </trkpt>
      <trkpt lat="22.586122043430805206298828125" lon="114.29555126465857028961181640625">
        <ele>35.40000152587890625</ele>
        <time>2024-10-18T00:42:17.000Z</time>
        <extensions>
          <ns3:TrackPointExtension>
            <ns3:atemp>30.0</ns3:atemp>
            <ns3:hr>140</ns3:hr>
          </ns3:TrackPointExtension>
        </extensions>
      </trkpt>
      <trkpt lat="22.5861034356057643890380859375" lon="114.29560893215239048004150390625">
        <ele>35.59999847412109375</ele>
        <time>2024-10-18T00:42:18.000Z</time>
        <extensions>
          <ns3:TrackPointExtension>
            <ns3:atemp>30.0</ns3:atemp>
            <ns3:hr>139</ns3:hr>
          </ns3:TrackPointExtension>
        </extensions>
      </trkpt>
      <trkpt lat="22.5860866717994213104248046875" lon="114.2956673540174961090087890625">
        <ele>35.799999237060546875</ele>
        <time>2024-10-18T00:42:19.000Z</time>
        <extensions>
          <ns3:TrackPointExtension>
            <ns3:atemp>30.0</ns3:atemp>
            <ns3:hr>139</ns3:hr>
          </ns3:TrackPointExtension>
        </extensions>
      </trkpt>
      <trkpt lat="22.58606881834566593170166015625" lon="114.295728206634521484375">
        <ele>36</ele>
        <time>2024-10-18T00:42:20.000Z</time>
        <extensions>
          <ns3:TrackPointExtension>
            <ns3:atemp>30.0</ns3:atemp>
            <ns3:hr>139</ns3:hr>
          </ns3:TrackPointExtension>
        </extensions>
      </trkpt>
      <trkpt lat="22.586047947406768798828125" lon="114.295786879956722259521484375">
        <ele>36.40000152587890625</ele>
        <time>2024-10-18T00:42:21.000Z</time>
        <extensions>
          <ns3:TrackPointExtension>
            <ns3:atemp>30.0</ns3:atemp>
            <ns3:hr>137</ns3:hr>
          </ns3:TrackPointExtension>
        </extensions>
      </trkpt>
      <trkpt lat="22.58602841757237911224365234375" lon="114.2958470620214939117431640625">
        <ele>36.59999847412109375</ele>
        <time>2024-10-18T00:42:22.000Z</time>
        <extensions>
          <ns3:TrackPointExtension>
            <ns3:atemp>30.0</ns3:atemp>
            <ns3:hr>136</ns3:hr>
          </ns3:TrackPointExtension>
        </extensions>
      </trkpt>
      <trkpt lat="22.58600771427154541015625" lon="114.2959027178585529327392578125">
        <ele>36.799999237060546875</ele>
        <time>2024-10-18T00:42:23.000Z</time>
        <extensions>
          <ns3:TrackPointExtension>
            <ns3:atemp>30.0</ns3:atemp>
            <ns3:hr>136</ns3:hr>
          </ns3:TrackPointExtension>
        </extensions>
      </trkpt>
      <trkpt lat="22.585987932980060577392578125" lon="114.2959560267627239227294921875">
        <ele>37.200000762939453125</ele>
        <time>2024-10-18T00:42:24.000Z</time>
        <extensions>
          <ns3:TrackPointExtension>
            <ns3:atemp>30.0</ns3:atemp>
            <ns3:hr>136</ns3:hr>
          </ns3:TrackPointExtension>
        </extensions>
      </trkpt>
      <trkpt lat="22.58596689440310001373291015625" lon="114.29601176641881465911865234375">
        <ele>37.200000762939453125</ele>
        <time>2024-10-18T00:42:25.000Z</time>
        <extensions>
          <ns3:TrackPointExtension>
            <ns3:atemp>30.0</ns3:atemp>
            <ns3:hr>137</ns3:hr>
          </ns3:TrackPointExtension>
        </extensions>
      </trkpt>
      <trkpt lat="22.58594845421612262725830078125" lon="114.29606817662715911865234375">
        <ele>37.40000152587890625</ele>
        <time>2024-10-18T00:42:26.000Z</time>
        <extensions>
          <ns3:TrackPointExtension>
            <ns3:atemp>30.0</ns3:atemp>
            <ns3:hr>136</ns3:hr>
          </ns3:TrackPointExtension>
        </extensions>
      </trkpt>
      <trkpt lat="22.58592925965785980224609375" lon="114.2961265146732330322265625">
        <ele>37.59999847412109375</ele>
        <time>2024-10-18T00:42:27.000Z</time>
        <extensions>
          <ns3:TrackPointExtension>
            <ns3:atemp>30.0</ns3:atemp>
            <ns3:hr>136</ns3:hr>
          </ns3:TrackPointExtension>
        </extensions>
      </trkpt>
      <trkpt lat="22.58591048419475555419921875" lon="114.29618418216705322265625">
        <ele>37.59999847412109375</ele>
        <time>2024-10-18T00:42:28.000Z</time>
        <extensions>
          <ns3:TrackPointExtension>
            <ns3:atemp>30.0</ns3:atemp>
            <ns3:hr>136</ns3:hr>
          </ns3:TrackPointExtension>
        </extensions>
      </trkpt>
      <trkpt lat="22.5858922116458415985107421875" lon="114.29624478332698345184326171875">
        <ele>37.59999847412109375</ele>
        <time>2024-10-18T00:42:29.000Z</time>
        <extensions>
          <ns3:TrackPointExtension>
            <ns3:atemp>30.0</ns3:atemp>
            <ns3:hr>136</ns3:hr>
          </ns3:TrackPointExtension>
        </extensions>
      </trkpt>
      <trkpt lat="22.5858731009066104888916015625" lon="114.2963077314198017120361328125">
        <ele>37.59999847412109375</ele>
        <time>2024-10-18T00:42:30.000Z</time>
        <extensions>
          <ns3:TrackPointExtension>
            <ns3:atemp>30.0</ns3:atemp>
            <ns3:hr>136</ns3:hr>
          </ns3:TrackPointExtension>
        </extensions>
      </trkpt>
      <trkpt lat="22.58585424162447452545166015625" lon="114.2963724397122859954833984375">
        <ele>37.59999847412109375</ele>
        <time>2024-10-18T00:42:31.000Z</time>
        <extensions>
          <ns3:TrackPointExtension>
            <ns3:atemp>30.0</ns3:atemp>
            <ns3:hr>137</ns3:hr>
          </ns3:TrackPointExtension>
        </extensions>
      </trkpt>
      <trkpt lat="22.58583429269492626190185546875" lon="114.296437315642833709716796875">
        <ele>37.59999847412109375</ele>
        <time>2024-10-18T00:42:32.000Z</time>
        <extensions>
          <ns3:TrackPointExtension>
            <ns3:atemp>30.0</ns3:atemp>
            <ns3:hr>137</ns3:hr>
          </ns3:TrackPointExtension>
        </extensions>
      </trkpt>
      <trkpt lat="22.5858140923082828521728515625" lon="114.296503365039825439453125">
        <ele>37.59999847412109375</ele>
        <time>2024-10-18T00:42:33.000Z</time>
        <extensions>
          <ns3:TrackPointExtension>
            <ns3:atemp>30.0</ns3:atemp>
            <ns3:hr>139</ns3:hr>
          </ns3:TrackPointExtension>
        </extensions>
      </trkpt>
      <trkpt lat="22.58579255081713199615478515625" lon="114.29656974971294403076171875">
        <ele>37.59999847412109375</ele>
        <time>2024-10-18T00:42:34.000Z</time>
        <extensions>
          <ns3:TrackPointExtension>
            <ns3:atemp>30.0</ns3:atemp>
            <ns3:hr>140</ns3:hr>
          </ns3:TrackPointExtension>
        </extensions>
      </trkpt>
      <trkpt lat="22.5857691653072834014892578125" lon="114.29663672111928462982177734375">
        <ele>37.59999847412109375</ele>
        <time>2024-10-18T00:42:35.000Z</time>
        <extensions>
          <ns3:TrackPointExtension>
            <ns3:atemp>30.0</ns3:atemp>
            <ns3:hr>142</ns3:hr>
          </ns3:TrackPointExtension>
        </extensions>
      </trkpt>
      <trkpt lat="22.5857460312545299530029296875" lon="114.29670461453497409820556640625">
        <ele>37.59999847412109375</ele>
        <time>2024-10-18T00:42:36.000Z</time>
        <extensions>
          <ns3:TrackPointExtension>
            <ns3:atemp>30.0</ns3:atemp>
            <ns3:hr>142</ns3:hr>
          </ns3:TrackPointExtension>
        </extensions>
      </trkpt>
      <trkpt lat="22.5857225619256496429443359375" lon="114.2967720888555049896240234375">
        <ele>37.59999847412109375</ele>
        <time>2024-10-18T00:42:37.000Z</time>
        <extensions>
          <ns3:TrackPointExtension>
            <ns3:atemp>30.0</ns3:atemp>
            <ns3:hr>143</ns3:hr>
          </ns3:TrackPointExtension>
        </extensions>
      </trkpt>
      <trkpt lat="22.58570135571062564849853515625" lon="114.29683864116668701171875">
        <ele>37.59999847412109375</ele>
        <time>2024-10-18T00:42:38.000Z</time>
        <extensions>
          <ns3:TrackPointExtension>
            <ns3:atemp>30.0</ns3:atemp>
            <ns3:hr>144</ns3:hr>
          </ns3:TrackPointExtension>
        </extensions>
      </trkpt>
      <trkpt lat="22.58569230325520038604736328125" lon="114.2969068698585033416748046875">
        <ele>37.40000152587890625</ele>
        <time>2024-10-18T00:42:39.000Z</time>
        <extensions>
          <ns3:TrackPointExtension>
            <ns3:atemp>30.0</ns3:atemp>
            <ns3:hr>145</ns3:hr>
          </ns3:TrackPointExtension>
        </extensions>
      </trkpt>
      <trkpt lat="22.58568308316171169281005859375" lon="114.296973086893558502197265625">
        <ele>37.40000152587890625</ele>
        <time>2024-10-18T00:42:40.000Z</time>
        <extensions>
          <ns3:TrackPointExtension>
            <ns3:atemp>30.0</ns3:atemp>
            <ns3:hr>145</ns3:hr>
          </ns3:TrackPointExtension>
        </extensions>
      </trkpt>
      <trkpt lat="22.58568258024752140045166015625" lon="114.2970386333763599395751953125">
        <ele>37.40000152587890625</ele>
        <time>2024-10-18T00:42:41.000Z</time>
        <extensions>
          <ns3:TrackPointExtension>
            <ns3:atemp>30.0</ns3:atemp>
            <ns3:hr>145</ns3:hr>
          </ns3:TrackPointExtension>
        </extensions>
      </trkpt>
      <trkpt lat="22.5856836698949337005615234375" lon="114.2971016652882099151611328125">
        <ele>37.40000152587890625</ele>
        <time>2024-10-18T00:42:42.000Z</time>
        <extensions>
          <ns3:TrackPointExtension>
            <ns3:atemp>30.0</ns3:atemp>
            <ns3:hr>146</ns3:hr>
          </ns3:TrackPointExtension>
        </extensions>
      </trkpt>
      <trkpt lat="22.58569180034101009368896484375" lon="114.29716930724680423736572265625">
        <ele>37.200000762939453125</ele>
        <time>2024-10-18T00:42:43.000Z</time>
        <extensions>
          <ns3:TrackPointExtension>
            <ns3:atemp>30.0</ns3:atemp>
            <ns3:hr>146</ns3:hr>
          </ns3:TrackPointExtension>
        </extensions>
      </trkpt>
      <trkpt lat="22.5857011042535305023193359375" lon="114.29723619483411312103271484375">
        <ele>37.200000762939453125</ele>
        <time>2024-10-18T00:42:44.000Z</time>
        <extensions>
          <ns3:TrackPointExtension>
            <ns3:atemp>30.0</ns3:atemp>
            <ns3:hr>146</ns3:hr>
          </ns3:TrackPointExtension>
        </extensions>
      </trkpt>
      <trkpt lat="22.58570931851863861083984375" lon="114.2973068542778491973876953125">
        <ele>37.200000762939453125</ele>
        <time>2024-10-18T00:42:45.000Z</time>
        <extensions>
          <ns3:TrackPointExtension>
            <ns3:atemp>30.0</ns3:atemp>
            <ns3:hr>147</ns3:hr>
          </ns3:TrackPointExtension>
        </extensions>
      </trkpt>
      <trkpt lat="22.58571761660277843475341796875" lon="114.29738069884479045867919921875">
        <ele>37.200000762939453125</ele>
        <time>2024-10-18T00:42:46.000Z</time>
        <extensions>
          <ns3:TrackPointExtension>
            <ns3:atemp>30.0</ns3:atemp>
            <ns3:hr>147</ns3:hr>
          </ns3:TrackPointExtension>
        </extensions>
      </trkpt>
      <trkpt lat="22.5857279263436794281005859375" lon="114.29745647124946117401123046875">
        <ele>37</ele>
        <time>2024-10-18T00:42:47.000Z</time>
        <extensions>
          <ns3:TrackPointExtension>
            <ns3:atemp>30.0</ns3:atemp>
            <ns3:hr>147</ns3:hr>
          </ns3:TrackPointExtension>
        </extensions>
      </trkpt>
      <trkpt lat="22.58573639206588268280029296875" lon="114.29753140546381473541259765625">
        <ele>37</ele>
        <time>2024-10-18T00:42:48.000Z</time>
        <extensions>
          <ns3:TrackPointExtension>
            <ns3:atemp>30.0</ns3:atemp>
            <ns3:hr>147</ns3:hr>
          </ns3:TrackPointExtension>
        </extensions>
      </trkpt>
      <trkpt lat="22.585736811161041259765625" lon="114.2976059205830097198486328125">
        <ele>37</ele>
        <time>2024-10-18T00:42:49.000Z</time>
        <extensions>
          <ns3:TrackPointExtension>
            <ns3:atemp>30.0</ns3:atemp>
            <ns3:hr>147</ns3:hr>
          </ns3:TrackPointExtension>
        </extensions>
      </trkpt>
      <trkpt lat="22.58572650142014026641845703125" lon="114.29768244735896587371826171875">
        <ele>37</ele>
        <time>2024-10-18T00:42:50.000Z</time>
        <extensions>
          <ns3:TrackPointExtension>
            <ns3:atemp>30.0</ns3:atemp>
            <ns3:hr>147</ns3:hr>
          </ns3:TrackPointExtension>
        </extensions>
      </trkpt>
      <trkpt lat="22.58570990525186061859130859375" lon="114.29775855503976345062255859375">
        <ele>37</ele>
        <time>2024-10-18T00:42:51.000Z</time>
        <extensions>
          <ns3:TrackPointExtension>
            <ns3:atemp>30.0</ns3:atemp>
            <ns3:hr>147</ns3:hr>
          </ns3:TrackPointExtension>
        </extensions>
      </trkpt>
      <trkpt lat="22.585683502256870269775390625" lon="114.29783566854894161224365234375">
        <ele>37</ele>
        <time>2024-10-18T00:42:52.000Z</time>
        <extensions>
          <ns3:TrackPointExtension>
            <ns3:atemp>30.0</ns3:atemp>
            <ns3:hr>146</ns3:hr>
          </ns3:TrackPointExtension>
        </extensions>
      </trkpt>
      <trkpt lat="22.58565626107156276702880859375" lon="114.29791093803942203521728515625">
        <ele>37</ele>
        <time>2024-10-18T00:42:53.000Z</time>
        <extensions>
          <ns3:TrackPointExtension>
            <ns3:atemp>30.0</ns3:atemp>
            <ns3:hr>146</ns3:hr>
          </ns3:TrackPointExtension>
        </extensions>
      </trkpt>
      <trkpt lat="22.5856281816959381103515625" lon="114.29798603989183902740478515625">
        <ele>36.59999847412109375</ele>
        <time>2024-10-18T00:42:54.000Z</time>
        <extensions>
          <ns3:TrackPointExtension>
            <ns3:atemp>30.0</ns3:atemp>
            <ns3:hr>144</ns3:hr>
          </ns3:TrackPointExtension>
        </extensions>
      </trkpt>
      <trkpt lat="22.58560110814869403839111328125" lon="114.29805845953524112701416015625">
        <ele>36.40000152587890625</ele>
        <time>2024-10-18T00:42:55.000Z</time>
        <extensions>
          <ns3:TrackPointExtension>
            <ns3:atemp>30.0</ns3:atemp>
            <ns3:hr>142</ns3:hr>
          </ns3:TrackPointExtension>
        </extensions>
      </trkpt>
      <trkpt lat="22.585574872791767120361328125" lon="114.2981289513409137725830078125">
        <ele>36.40000152587890625</ele>
        <time>2024-10-18T00:42:56.000Z</time>
        <extensions>
          <ns3:TrackPointExtension>
            <ns3:atemp>30.0</ns3:atemp>
            <ns3:hr>141</ns3:hr>
          </ns3:TrackPointExtension>
        </extensions>
      </trkpt>
      <trkpt lat="22.58554796688258647918701171875" lon="114.29820053279399871826171875">
        <ele>36.40000152587890625</ele>
        <time>2024-10-18T00:42:57.000Z</time>
        <extensions>
          <ns3:TrackPointExtension>
            <ns3:atemp>30.0</ns3:atemp>
            <ns3:hr>141</ns3:hr>
          </ns3:TrackPointExtension>
        </extensions>
      </trkpt>
      <trkpt lat="22.58552030660212039947509765625" lon="114.29826884530484676361083984375">
        <ele>36.59999847412109375</ele>
        <time>2024-10-18T00:42:58.000Z</time>
        <extensions>
          <ns3:TrackPointExtension>
            <ns3:atemp>30.0</ns3:atemp>
            <ns3:hr>141</ns3:hr>
          </ns3:TrackPointExtension>
        </extensions>
      </trkpt>
      <trkpt lat="22.58549449034035205841064453125" lon="114.2983348108828067779541015625">
        <ele>36.59999847412109375</ele>
        <time>2024-10-18T00:42:59.000Z</time>
        <extensions>
          <ns3:TrackPointExtension>
            <ns3:atemp>30.0</ns3:atemp>
            <ns3:hr>140</ns3:hr>
          </ns3:TrackPointExtension>
        </extensions>
      </trkpt>
      <trkpt lat="22.58546465076506137847900390625" lon="114.29840010590851306915283203125">
        <ele>36.799999237060546875</ele>
        <time>2024-10-18T00:43:00.000Z</time>
        <extensions>
          <ns3:TrackPointExtension>
            <ns3:atemp>30.0</ns3:atemp>
            <ns3:hr>140</ns3:hr>
          </ns3:TrackPointExtension>
        </extensions>
      </trkpt>
      <trkpt lat="22.5854271836578845977783203125" lon="114.29846070706844329833984375">
        <ele>37</ele>
        <time>2024-10-18T00:43:01.000Z</time>
        <extensions>
          <ns3:TrackPointExtension>
            <ns3:atemp>30.0</ns3:atemp>
            <ns3:hr>140</ns3:hr>
          </ns3:TrackPointExtension>
        </extensions>
      </trkpt>
      <trkpt lat="22.5853835977613925933837890625" lon="114.2985135130584239959716796875">
        <ele>37</ele>
        <time>2024-10-18T00:43:02.000Z</time>
        <extensions>
          <ns3:TrackPointExtension>
            <ns3:atemp>30.0</ns3:atemp>
            <ns3:hr>141</ns3:hr>
          </ns3:TrackPointExtension>
        </extensions>
      </trkpt>
      <trkpt lat="22.585331462323665618896484375" lon="114.29856087081134319305419921875">
        <ele>37</ele>
        <time>2024-10-18T00:43:03.000Z</time>
        <extensions>
          <ns3:TrackPointExtension>
            <ns3:atemp>30.0</ns3:atemp>
            <ns3:hr>141</ns3:hr>
          </ns3:TrackPointExtension>
        </extensions>
      </trkpt>
      <trkpt lat="22.58527874015271663665771484375" lon="114.2986043728888034820556640625">
        <ele>37.200000762939453125</ele>
        <time>2024-10-18T00:43:04.000Z</time>
        <extensions>
          <ns3:TrackPointExtension>
            <ns3:atemp>30.0</ns3:atemp>
            <ns3:hr>141</ns3:hr>
          </ns3:TrackPointExtension>
        </extensions>
      </trkpt>
      <trkpt lat="22.58522794581949710845947265625" lon="114.29864888079464435577392578125">
        <ele>37.799999237060546875</ele>
        <time>2024-10-18T00:43:05.000Z</time>
        <extensions>
          <ns3:TrackPointExtension>
            <ns3:atemp>30.0</ns3:atemp>
            <ns3:hr>142</ns3:hr>
          </ns3:TrackPointExtension>
        </extensions>
      </trkpt>
      <trkpt lat="22.58517949841916561126708984375" lon="114.29869313724339008331298828125">
        <ele>38.200000762939453125</ele>
        <time>2024-10-18T00:43:06.000Z</time>
        <extensions>
          <ns3:TrackPointExtension>
            <ns3:atemp>30.0</ns3:atemp>
            <ns3:hr>142</ns3:hr>
          </ns3:TrackPointExtension>
        </extensions>
      </trkpt>
      <trkpt lat="22.58513323031365871429443359375" lon="114.29874175228178501129150390625">
        <ele>39.40000152587890625</ele>
        <time>2024-10-18T00:43:07.000Z</time>
        <extensions>
          <ns3:TrackPointExtension>
            <ns3:atemp>30.0</ns3:atemp>
            <ns3:hr>142</ns3:hr>
          </ns3:TrackPointExtension>
        </extensions>
      </trkpt>
      <trkpt lat="22.58509148843586444854736328125" lon="114.2987931333482265472412109375">
        <ele>39.59999847412109375</ele>
        <time>2024-10-18T00:43:08.000Z</time>
        <extensions>
          <ns3:TrackPointExtension>
            <ns3:atemp>30.0</ns3:atemp>
            <ns3:hr>142</ns3:hr>
          </ns3:TrackPointExtension>
        </extensions>
      </trkpt>
      <trkpt lat="22.58506047539412975311279296875" lon="114.298849292099475860595703125">
        <ele>40</ele>
        <time>2024-10-18T00:43:09.000Z</time>
        <extensions>
          <ns3:TrackPointExtension>
            <ns3:atemp>30.0</ns3:atemp>
            <ns3:hr>142</ns3:hr>
          </ns3:TrackPointExtension>
        </extensions>
      </trkpt>
      <trkpt lat="22.58503918536007404327392578125" lon="114.29890997707843780517578125">
        <ele>40.40000152587890625</ele>
        <time>2024-10-18T00:43:10.000Z</time>
        <extensions>
          <ns3:TrackPointExtension>
            <ns3:atemp>30.0</ns3:atemp>
            <ns3:hr>142</ns3:hr>
          </ns3:TrackPointExtension>
        </extensions>
      </trkpt>
      <trkpt lat="22.5850258581340312957763671875" lon="114.29897242225706577301025390625">
        <ele>40.40000152587890625</ele>
        <time>2024-10-18T00:43:11.000Z</time>
        <extensions>
          <ns3:TrackPointExtension>
            <ns3:atemp>30.0</ns3:atemp>
            <ns3:hr>142</ns3:hr>
          </ns3:TrackPointExtension>
        </extensions>
      </trkpt>
      <trkpt lat="22.5850147940218448638916015625" lon="114.2990338616073131561279296875">
        <ele>40.59999847412109375</ele>
        <time>2024-10-18T00:43:12.000Z</time>
        <extensions>
          <ns3:TrackPointExtension>
            <ns3:atemp>30.0</ns3:atemp>
            <ns3:hr>142</ns3:hr>
          </ns3:TrackPointExtension>
        </extensions>
      </trkpt>
      <trkpt lat="22.585006244480609893798828125" lon="114.29909060709178447723388671875">
        <ele>40.799999237060546875</ele>
        <time>2024-10-18T00:43:13.000Z</time>
        <extensions>
          <ns3:TrackPointExtension>
            <ns3:atemp>30.0</ns3:atemp>
            <ns3:hr>142</ns3:hr>
          </ns3:TrackPointExtension>
        </extensions>
      </trkpt>
      <trkpt lat="22.58499761112034320831298828125" lon="114.29914609529078006744384765625">
        <ele>41</ele>
        <time>2024-10-18T00:43:14.000Z</time>
        <extensions>
          <ns3:TrackPointExtension>
            <ns3:atemp>30.0</ns3:atemp>
            <ns3:hr>142</ns3:hr>
          </ns3:TrackPointExtension>
        </extensions>
      </trkpt>
      <trkpt lat="22.58499023504555225372314453125" lon="114.29920007474720478057861328125">
        <ele>41.40000152587890625</ele>
        <time>2024-10-18T00:43:15.000Z</time>
        <extensions>
          <ns3:TrackPointExtension>
            <ns3:atemp>30.0</ns3:atemp>
            <ns3:hr>142</ns3:hr>
          </ns3:TrackPointExtension>
        </extensions>
      </trkpt>
      <trkpt lat="22.58498621173202991485595703125" lon="114.29925003089010715484619140625">
        <ele>42</ele>
        <time>2024-10-18T00:43:16.000Z</time>
        <extensions>
          <ns3:TrackPointExtension>
            <ns3:atemp>30.0</ns3:atemp>
            <ns3:hr>142</ns3:hr>
          </ns3:TrackPointExtension>
        </extensions>
      </trkpt>
      <trkpt lat="22.5849873013794422149658203125" lon="114.29929981939494609832763671875">
        <ele>42.40000152587890625</ele>
        <time>2024-10-18T00:43:17.000Z</time>
        <extensions>
          <ns3:TrackPointExtension>
            <ns3:atemp>30.0</ns3:atemp>
            <ns3:hr>143</ns3:hr>
          </ns3:TrackPointExtension>
        </extensions>
      </trkpt>
      <trkpt lat="22.584990821778774261474609375" lon="114.29934851825237274169921875">
        <ele>42.59999847412109375</ele>
        <time>2024-10-18T00:43:18.000Z</time>
        <extensions>
          <ns3:TrackPointExtension>
            <ns3:atemp>30.0</ns3:atemp>
            <ns3:hr>144</ns3:hr>
          </ns3:TrackPointExtension>
        </extensions>
      </trkpt>
      <trkpt lat="22.5849966891109943389892578125" lon="114.29939470253884792327880859375">
        <ele>43</ele>
        <time>2024-10-18T00:43:19.000Z</time>
        <extensions>
          <ns3:TrackPointExtension>
            <ns3:atemp>30.0</ns3:atemp>
            <ns3:hr>145</ns3:hr>
          </ns3:TrackPointExtension>
        </extensions>
      </trkpt>
      <trkpt lat="22.5850010477006435394287109375" lon="114.2994418926537036895751953125">
        <ele>43.40000152587890625</ele>
        <time>2024-10-18T00:43:20.000Z</time>
        <extensions>
          <ns3:TrackPointExtension>
            <ns3:atemp>30.0</ns3:atemp>
            <ns3:hr>145</ns3:hr>
          </ns3:TrackPointExtension>
        </extensions>
      </trkpt>
      <trkpt lat="22.58500347845256328582763671875" lon="114.29948790930211544036865234375">
        <ele>43.59999847412109375</ele>
        <time>2024-10-18T00:43:21.000Z</time>
        <extensions>
          <ns3:TrackPointExtension>
            <ns3:atemp>30.0</ns3:atemp>
            <ns3:hr>145</ns3:hr>
          </ns3:TrackPointExtension>
        </extensions>
      </trkpt>
      <trkpt lat="22.58500255644321441650390625" lon="114.2995327524840831756591796875">
        <ele>44</ele>
        <time>2024-10-18T00:43:22.000Z</time>
        <extensions>
          <ns3:TrackPointExtension>
            <ns3:atemp>30.0</ns3:atemp>
            <ns3:hr>145</ns3:hr>
          </ns3:TrackPointExtension>
        </extensions>
      </trkpt>
      <trkpt lat="22.5850003771483898162841796875" lon="114.29957675747573375701904296875">
        <ele>44.200000762939453125</ele>
        <time>2024-10-18T00:43:23.000Z</time>
        <extensions>
          <ns3:TrackPointExtension>
            <ns3:atemp>30.0</ns3:atemp>
            <ns3:hr>146</ns3:hr>
          </ns3:TrackPointExtension>
        </extensions>
      </trkpt>
      <trkpt lat="22.58499828167259693145751953125" lon="114.2996189184486865997314453125">
        <ele>44.40000152587890625</ele>
        <time>2024-10-18T00:43:24.000Z</time>
        <extensions>
          <ns3:TrackPointExtension>
            <ns3:atemp>30.0</ns3:atemp>
            <ns3:hr>146</ns3:hr>
          </ns3:TrackPointExtension>
        </extensions>
      </trkpt>
      <trkpt lat="22.58499442599713802337646484375" lon="114.2996601574122905731201171875">
        <ele>45</ele>
        <time>2024-10-18T00:43:25.000Z</time>
        <extensions>
          <ns3:TrackPointExtension>
            <ns3:atemp>30.0</ns3:atemp>
            <ns3:hr>147</ns3:hr>
          </ns3:TrackPointExtension>
        </extensions>
      </trkpt>
      <trkpt lat="22.58499182760715484619140625" lon="114.29969988763332366943359375">
        <ele>45.200000762939453125</ele>
        <time>2024-10-18T00:43:26.000Z</time>
        <extensions>
          <ns3:TrackPointExtension>
            <ns3:atemp>30.0</ns3:atemp>
            <ns3:hr>148</ns3:hr>
          </ns3:TrackPointExtension>
        </extensions>
      </trkpt>
      <trkpt lat="22.58499006740748882293701171875" lon="114.29973936639726161956787109375">
        <ele>45.40000152587890625</ele>
        <time>2024-10-18T00:43:27.000Z</time>
        <extensions>
          <ns3:TrackPointExtension>
            <ns3:atemp>30.0</ns3:atemp>
            <ns3:hr>148</ns3:hr>
          </ns3:TrackPointExtension>
        </extensions>
      </trkpt>
      <trkpt lat="22.5849856249988079071044921875" lon="114.29977742023766040802001953125">
        <ele>45.799999237060546875</ele>
        <time>2024-10-18T00:43:28.000Z</time>
        <extensions>
          <ns3:TrackPointExtension>
            <ns3:atemp>30.0</ns3:atemp>
            <ns3:hr>148</ns3:hr>
          </ns3:TrackPointExtension>
        </extensions>
      </trkpt>
      <trkpt lat="22.5849816016852855682373046875" lon="114.29981580935418605804443359375">
        <ele>46</ele>
        <time>2024-10-18T00:43:29.000Z</time>
        <extensions>
          <ns3:TrackPointExtension>
            <ns3:atemp>30.0</ns3:atemp>
            <ns3:hr>150</ns3:hr>
          </ns3:TrackPointExtension>
        </extensions>
      </trkpt>
      <trkpt lat="22.584975063800811767578125" lon="114.29985419847071170806884765625">
        <ele>46.200000762939453125</ele>
        <time>2024-10-18T00:43:30.000Z</time>
        <extensions>
          <ns3:TrackPointExtension>
            <ns3:atemp>30.0</ns3:atemp>
            <ns3:hr>150</ns3:hr>
          </ns3:TrackPointExtension>
        </extensions>
      </trkpt>
      <trkpt lat="22.58496793918311595916748046875" lon="114.29989644326269626617431640625">
        <ele>46.40000152587890625</ele>
        <time>2024-10-18T00:43:31.000Z</time>
        <extensions>
          <ns3:TrackPointExtension>
            <ns3:atemp>30.0</ns3:atemp>
            <ns3:hr>151</ns3:hr>
          </ns3:TrackPointExtension>
        </extensions>
      </trkpt>
      <trkpt lat="22.584958970546722412109375" lon="114.299936257302761077880859375">
        <ele>46.40000152587890625</ele>
        <time>2024-10-18T00:43:32.000Z</time>
        <extensions>
          <ns3:TrackPointExtension>
            <ns3:atemp>30.0</ns3:atemp>
            <ns3:hr>152</ns3:hr>
          </ns3:TrackPointExtension>
        </extensions>
      </trkpt>
      <trkpt lat="22.58495184592902660369873046875" lon="114.299979172646999359130859375">
        <ele>46.59999847412109375</ele>
        <time>2024-10-18T00:43:33.000Z</time>
        <extensions>
          <ns3:TrackPointExtension>
            <ns3:atemp>30.0</ns3:atemp>
            <ns3:hr>153</ns3:hr>
          </ns3:TrackPointExtension>
        </extensions>
      </trkpt>
      <trkpt lat="22.58494379930198192596435546875" lon="114.30002485401928424835205078125">
        <ele>46.59999847412109375</ele>
        <time>2024-10-18T00:43:34.000Z</time>
        <extensions>
          <ns3:TrackPointExtension>
            <ns3:atemp>30.0</ns3:atemp>
            <ns3:hr>153</ns3:hr>
          </ns3:TrackPointExtension>
        </extensions>
      </trkpt>
      <trkpt lat="22.58493550121784210205078125" lon="114.300073049962520599365234375">
        <ele>46.799999237060546875</ele>
        <time>2024-10-18T00:43:35.000Z</time>
        <extensions>
          <ns3:TrackPointExtension>
            <ns3:atemp>30.0</ns3:atemp>
            <ns3:hr>154</ns3:hr>
          </ns3:TrackPointExtension>
        </extensions>
      </trkpt>
      <trkpt lat="22.58492586202919483184814453125" lon="114.300120659172534942626953125">
        <ele>46.799999237060546875</ele>
        <time>2024-10-18T00:43:36.000Z</time>
        <extensions>
          <ns3:TrackPointExtension>
            <ns3:atemp>30.0</ns3:atemp>
            <ns3:hr>154</ns3:hr>
          </ns3:TrackPointExtension>
        </extensions>
      </trkpt>
      <trkpt lat="22.584916390478610992431640625" lon="114.30017069913446903228759765625">
        <ele>47</ele>
        <time>2024-10-18T00:43:37.000Z</time>
        <extensions>
          <ns3:TrackPointExtension>
            <ns3:atemp>30.0</ns3:atemp>
            <ns3:hr>154</ns3:hr>
          </ns3:TrackPointExtension>
        </extensions>
      </trkpt>
      <trkpt lat="22.58490758948028087615966796875" lon="114.30022149346768856048583984375">
        <ele>47</ele>
        <time>2024-10-18T00:43:38.000Z</time>
        <extensions>
          <ns3:TrackPointExtension>
            <ns3:atemp>30.0</ns3:atemp>
            <ns3:hr>154</ns3:hr>
          </ns3:TrackPointExtension>
        </extensions>
      </trkpt>
      <trkpt lat="22.58489753119647502899169921875" lon="114.3002730421721935272216796875">
        <ele>47</ele>
        <time>2024-10-18T00:43:39.000Z</time>
        <extensions>
          <ns3:TrackPointExtension>
            <ns3:atemp>30.0</ns3:atemp>
            <ns3:hr>154</ns3:hr>
          </ns3:TrackPointExtension>
        </extensions>
      </trkpt>
      <trkpt lat="22.58488831110298633575439453125" lon="114.30032484233379364013671875">
        <ele>47</ele>
        <time>2024-10-18T00:43:40.000Z</time>
        <extensions>
          <ns3:TrackPointExtension>
            <ns3:atemp>31.0</ns3:atemp>
            <ns3:hr>154</ns3:hr>
          </ns3:TrackPointExtension>
        </extensions>
      </trkpt>
      <trkpt lat="22.58487691171467304229736328125" lon="114.3003783188760280609130859375">
        <ele>47</ele>
        <time>2024-10-18T00:43:41.000Z</time>
        <extensions>
          <ns3:TrackPointExtension>
            <ns3:atemp>30.0</ns3:atemp>
            <ns3:hr>155</ns3:hr>
          </ns3:TrackPointExtension>
        </extensions>
      </trkpt>
      <trkpt lat="22.5848666019737720489501953125" lon="114.3004322983324527740478515625">
        <ele>47.200000762939453125</ele>
        <time>2024-10-18T00:43:42.000Z</time>
        <extensions>
          <ns3:TrackPointExtension>
            <ns3:atemp>31.0</ns3:atemp>
            <ns3:hr>155</ns3:hr>
          </ns3:TrackPointExtension>
        </extensions>
      </trkpt>
      <trkpt lat="22.5848541967570781707763671875" lon="114.3004866130650043487548828125">
        <ele>47.200000762939453125</ele>
        <time>2024-10-18T00:43:43.000Z</time>
        <extensions>
          <ns3:TrackPointExtension>
            <ns3:atemp>30.0</ns3:atemp>
            <ns3:hr>155</ns3:hr>
          </ns3:TrackPointExtension>
        </extensions>
      </trkpt>
      <trkpt lat="22.5848424620926380157470703125" lon="114.300543777644634246826171875">
        <ele>47.40000152587890625</ele>
        <time>2024-10-18T00:43:44.000Z</time>
        <extensions>
          <ns3:TrackPointExtension>
            <ns3:atemp>31.0</ns3:atemp>
            <ns3:hr>155</ns3:hr>
          </ns3:TrackPointExtension>
        </extensions>
      </trkpt>
      <trkpt lat="22.58482963778078556060791015625" lon="114.3006006069481372833251953125">
        <ele>47.40000152587890625</ele>
        <time>2024-10-18T00:43:45.000Z</time>
        <extensions>
          <ns3:TrackPointExtension>
            <ns3:atemp>31.0</ns3:atemp>
            <ns3:hr>155</ns3:hr>
          </ns3:TrackPointExtension>
        </extensions>
      </trkpt>
      <trkpt lat="22.58482058532536029815673828125" lon="114.3006552569568157196044921875">
        <ele>47.40000152587890625</ele>
        <time>2024-10-18T00:43:46.000Z</time>
        <extensions>
          <ns3:TrackPointExtension>
            <ns3:atemp>31.0</ns3:atemp>
            <ns3:hr>155</ns3:hr>
          </ns3:TrackPointExtension>
        </extensions>
      </trkpt>
      <trkpt lat="22.5848156400024890899658203125" lon="114.30070973932743072509765625">
        <ele>47.40000152587890625</ele>
        <time>2024-10-18T00:43:47.000Z</time>
        <extensions>
          <ns3:TrackPointExtension>
            <ns3:atemp>30.0</ns3:atemp>
            <ns3:hr>155</ns3:hr>
          </ns3:TrackPointExtension>
        </extensions>
      </trkpt>
      <trkpt lat="22.58481488563120365142822265625" lon="114.30076413787901401519775390625">
        <ele>47.40000152587890625</ele>
        <time>2024-10-18T00:43:48.000Z</time>
        <extensions>
          <ns3:TrackPointExtension>
            <ns3:atemp>31.0</ns3:atemp>
            <ns3:hr>155</ns3:hr>
          </ns3:TrackPointExtension>
        </extensions>
      </trkpt>
      <trkpt lat="22.5848208367824554443359375" lon="114.300821386277675628662109375">
        <ele>47.200000762939453125</ele>
        <time>2024-10-18T00:43:49.000Z</time>
        <extensions>
          <ns3:TrackPointExtension>
            <ns3:atemp>30.0</ns3:atemp>
            <ns3:hr>155</ns3:hr>
          </ns3:TrackPointExtension>
        </extensions>
      </trkpt>
      <trkpt lat="22.584832571446895599365234375" lon="114.300877712666988372802734375">
        <ele>47</ele>
        <time>2024-10-18T00:43:50.000Z</time>
        <extensions>
          <ns3:TrackPointExtension>
            <ns3:atemp>30.0</ns3:atemp>
            <ns3:hr>156</ns3:hr>
          </ns3:TrackPointExtension>
        </extensions>
      </trkpt>
      <trkpt lat="22.58485059253871440887451171875" lon="114.3009285070002079010009765625">
        <ele>46.799999237060546875</ele>
        <time>2024-10-18T00:43:51.000Z</time>
        <extensions>
          <ns3:TrackPointExtension>
            <ns3:atemp>30.0</ns3:atemp>
            <ns3:hr>156</ns3:hr>
          </ns3:TrackPointExtension>
        </extensions>
      </trkpt>
      <trkpt lat="22.5848758220672607421875" lon="114.3009781278669834136962890625">
        <ele>46.59999847412109375</ele>
        <time>2024-10-18T00:43:52.000Z</time>
        <extensions>
          <ns3:TrackPointExtension>
            <ns3:atemp>31.0</ns3:atemp>
            <ns3:hr>156</ns3:hr>
          </ns3:TrackPointExtension>
        </extensions>
      </trkpt>
      <trkpt lat="22.5849066674709320068359375" lon="114.301027245819568634033203125">
        <ele>46.40000152587890625</ele>
        <time>2024-10-18T00:43:53.000Z</time>
        <extensions>
          <ns3:TrackPointExtension>
            <ns3:atemp>31.0</ns3:atemp>
            <ns3:hr>156</ns3:hr>
          </ns3:TrackPointExtension>
        </extensions>
      </trkpt>
      <trkpt lat="22.58494463749229907989501953125" lon="114.30107586085796356201171875">
        <ele>46.200000762939453125</ele>
        <time>2024-10-18T00:43:54.000Z</time>
        <extensions>
          <ns3:TrackPointExtension>
            <ns3:atemp>31.0</ns3:atemp>
            <ns3:hr>156</ns3:hr>
          </ns3:TrackPointExtension>
        </extensions>
      </trkpt>
      <trkpt lat="22.5849893130362033843994140625" lon="114.30111953057348728179931640625">
        <ele>46</ele>
        <time>2024-10-18T00:43:55.000Z</time>
        <extensions>
          <ns3:TrackPointExtension>
            <ns3:atemp>31.0</ns3:atemp>
            <ns3:hr>156</ns3:hr>
          </ns3:TrackPointExtension>
        </extensions>
      </trkpt>
      <trkpt lat="22.58503750897943973541259765625" lon="114.3011621944606304168701171875">
        <ele>45.799999237060546875</ele>
        <time>2024-10-18T00:43:56.000Z</time>
        <extensions>
          <ns3:TrackPointExtension>
            <ns3:atemp>30.0</ns3:atemp>
            <ns3:hr>156</ns3:hr>
          </ns3:TrackPointExtension>
        </extensions>
      </trkpt>
      <trkpt lat="22.58509316481649875640869140625" lon="114.30119010619819164276123046875">
        <ele>45.200000762939453125</ele>
        <time>2024-10-18T00:43:57.000Z</time>
        <extensions>
          <ns3:TrackPointExtension>
            <ns3:atemp>31.0</ns3:atemp>
            <ns3:hr>156</ns3:hr>
          </ns3:TrackPointExtension>
        </extensions>
      </trkpt>
      <trkpt lat="22.58515686728060245513916015625" lon="114.3012081272900104522705078125">
        <ele>44.799999237060546875</ele>
        <time>2024-10-18T00:43:58.000Z</time>
        <extensions>
          <ns3:TrackPointExtension>
            <ns3:atemp>31.0</ns3:atemp>
            <ns3:hr>156</ns3:hr>
          </ns3:TrackPointExtension>
        </extensions>
      </trkpt>
      <trkpt lat="22.5852273590862751007080078125" lon="114.30121541954576969146728515625">
        <ele>44.59999847412109375</ele>
        <time>2024-10-18T00:43:59.000Z</time>
        <extensions>
          <ns3:TrackPointExtension>
            <ns3:atemp>31.0</ns3:atemp>
            <ns3:hr>156</ns3:hr>
          </ns3:TrackPointExtension>
        </extensions>
      </trkpt>
      <trkpt lat="22.5852913968265056610107421875" lon="114.30121793411672115325927734375">
        <ele>44</ele>
        <time>2024-10-18T00:44:00.000Z</time>
        <extensions>
          <ns3:TrackPointExtension>
            <ns3:atemp>30.0</ns3:atemp>
            <ns3:hr>156</ns3:hr>
          </ns3:TrackPointExtension>
        </extensions>
      </trkpt>
      <trkpt lat="22.58536105044186115264892578125" lon="114.30121156387031078338623046875">
        <ele>43.59999847412109375</ele>
        <time>2024-10-18T00:44:01.000Z</time>
        <extensions>
          <ns3:TrackPointExtension>
            <ns3:atemp>30.0</ns3:atemp>
            <ns3:hr>155</ns3:hr>
          </ns3:TrackPointExtension>
        </extensions>
      </trkpt>
      <trkpt lat="22.58543598465621471405029296875" lon="114.3012000806629657745361328125">
        <ele>43.40000152587890625</ele>
        <time>2024-10-18T00:44:02.000Z</time>
        <extensions>
          <ns3:TrackPointExtension>
            <ns3:atemp>31.0</ns3:atemp>
            <ns3:hr>155</ns3:hr>
          </ns3:TrackPointExtension>
        </extensions>
      </trkpt>
      <trkpt lat="22.585508823394775390625" lon="114.30119278840720653533935546875">
        <ele>43</ele>
        <time>2024-10-18T00:44:03.000Z</time>
        <extensions>
          <ns3:TrackPointExtension>
            <ns3:atemp>30.0</ns3:atemp>
            <ns3:hr>154</ns3:hr>
          </ns3:TrackPointExtension>
        </extensions>
      </trkpt>
      <trkpt lat="22.585584260523319244384765625" lon="114.30118641816079616546630859375">
        <ele>42.59999847412109375</ele>
        <time>2024-10-18T00:44:04.000Z</time>
        <extensions>
          <ns3:TrackPointExtension>
            <ns3:atemp>30.0</ns3:atemp>
            <ns3:hr>154</ns3:hr>
          </ns3:TrackPointExtension>
        </extensions>
      </trkpt>
      <trkpt lat="22.5856635533273220062255859375" lon="114.30118189193308353424072265625">
        <ele>42.200000762939453125</ele>
        <time>2024-10-18T00:44:05.000Z</time>
        <extensions>
          <ns3:TrackPointExtension>
            <ns3:atemp>30.0</ns3:atemp>
            <ns3:hr>153</ns3:hr>
          </ns3:TrackPointExtension>
        </extensions>
      </trkpt>
      <trkpt lat="22.5857423432171344757080078125" lon="114.30117200128734111785888671875">
        <ele>41.799999237060546875</ele>
        <time>2024-10-18T00:44:06.000Z</time>
        <extensions>
          <ns3:TrackPointExtension>
            <ns3:atemp>31.0</ns3:atemp>
            <ns3:hr>153</ns3:hr>
          </ns3:TrackPointExtension>
        </extensions>
      </trkpt>
      <trkpt lat="22.5858254916965961456298828125" lon="114.30116026662290096282958984375">
        <ele>41.59999847412109375</ele>
        <time>2024-10-18T00:44:07.000Z</time>
        <extensions>
          <ns3:TrackPointExtension>
            <ns3:atemp>30.0</ns3:atemp>
            <ns3:hr>152</ns3:hr>
          </ns3:TrackPointExtension>
        </extensions>
      </trkpt>
      <trkpt lat="22.58591140620410442352294921875" lon="114.30114987306296825408935546875">
        <ele>41</ele>
        <time>2024-10-18T00:44:08.000Z</time>
        <extensions>
          <ns3:TrackPointExtension>
            <ns3:atemp>30.0</ns3:atemp>
            <ns3:hr>152</ns3:hr>
          </ns3:TrackPointExtension>
        </extensions>
      </trkpt>
      <trkpt lat="22.58600025437772274017333984375" lon="114.30114048533141613006591796875">
        <ele>40</ele>
        <time>2024-10-18T00:44:09.000Z</time>
        <extensions>
          <ns3:TrackPointExtension>
            <ns3:atemp>30.0</ns3:atemp>
            <ns3:hr>151</ns3:hr>
          </ns3:TrackPointExtension>
        </extensions>
      </trkpt>
      <trkpt lat="22.58609396405518054962158203125" lon="114.30113763548433780670166015625">
        <ele>39.59999847412109375</ele>
        <time>2024-10-18T00:44:10.000Z</time>
        <extensions>
          <ns3:TrackPointExtension>
            <ns3:atemp>30.0</ns3:atemp>
            <ns3:hr>150</ns3:hr>
          </ns3:TrackPointExtension>
        </extensions>
      </trkpt>
      <trkpt lat="22.58619555272161960601806640625" lon="114.301153980195522308349609375">
        <ele>39</ele>
        <time>2024-10-18T00:44:11.000Z</time>
        <extensions>
          <ns3:TrackPointExtension>
            <ns3:atemp>30.0</ns3:atemp>
            <ns3:hr>149</ns3:hr>
          </ns3:TrackPointExtension>
        </extensions>
      </trkpt>
      <trkpt lat="22.5862868316471576690673828125" lon="114.301193542778491973876953125">
        <ele>38.59999847412109375</ele>
        <time>2024-10-18T00:44:12.000Z</time>
        <extensions>
          <ns3:TrackPointExtension>
            <ns3:atemp>30.0</ns3:atemp>
            <ns3:hr>148</ns3:hr>
          </ns3:TrackPointExtension>
        </extensions>
      </trkpt>
      <trkpt lat="22.586373500525951385498046875" lon="114.3012409843504428863525390625">
        <ele>38</ele>
        <time>2024-10-18T00:44:13.000Z</time>
        <extensions>
          <ns3:TrackPointExtension>
            <ns3:atemp>31.0</ns3:atemp>
            <ns3:hr>147</ns3:hr>
          </ns3:TrackPointExtension>
        </extensions>
      </trkpt>
      <trkpt lat="22.586461342871189117431640625" lon="114.30128482170403003692626953125">
        <ele>37.200000762939453125</ele>
        <time>2024-10-18T00:44:14.000Z</time>
        <extensions>
          <ns3:TrackPointExtension>
            <ns3:atemp>30.0</ns3:atemp>
            <ns3:hr>146</ns3:hr>
          </ns3:TrackPointExtension>
        </extensions>
      </trkpt>
      <trkpt lat="22.5865508615970611572265625" lon="114.301317594945430755615234375">
        <ele>36.799999237060546875</ele>
        <time>2024-10-18T00:44:15.000Z</time>
        <extensions>
          <ns3:TrackPointExtension>
            <ns3:atemp>30.0</ns3:atemp>
            <ns3:hr>145</ns3:hr>
          </ns3:TrackPointExtension>
        </extensions>
      </trkpt>
      <trkpt lat="22.58664314635097980499267578125" lon="114.30132798850536346435546875">
        <ele>36.40000152587890625</ele>
        <time>2024-10-18T00:44:16.000Z</time>
        <extensions>
          <ns3:TrackPointExtension>
            <ns3:atemp>30.0</ns3:atemp>
            <ns3:hr>143</ns3:hr>
          </ns3:TrackPointExtension>
        </extensions>
      </trkpt>
      <trkpt lat="22.586743645370006561279296875" lon="114.30131533183157444000244140625">
        <ele>36.40000152587890625</ele>
        <time>2024-10-18T00:44:17.000Z</time>
        <extensions>
          <ns3:TrackPointExtension>
            <ns3:atemp>30.0</ns3:atemp>
            <ns3:hr>142</ns3:hr>
          </ns3:TrackPointExtension>
        </extensions>
      </trkpt>
      <trkpt lat="22.58684213273227214813232421875" lon="114.301283396780490875244140625">
        <ele>36.200000762939453125</ele>
        <time>2024-10-18T00:44:18.000Z</time>
        <extensions>
          <ns3:TrackPointExtension>
            <ns3:atemp>30.0</ns3:atemp>
            <ns3:hr>142</ns3:hr>
          </ns3:TrackPointExtension>
        </extensions>
      </trkpt>
      <trkpt lat="22.58693131618201732635498046875" lon="114.301225058734416961669921875">
        <ele>36</ele>
        <time>2024-10-18T00:44:19.000Z</time>
        <extensions>
          <ns3:TrackPointExtension>
            <ns3:atemp>30.0</ns3:atemp>
            <ns3:hr>141</ns3:hr>
          </ns3:TrackPointExtension>
        </extensions>
      </trkpt>
      <trkpt lat="22.58700910024344921112060546875" lon="114.30114685557782649993896484375">
        <ele>35.799999237060546875</ele>
        <time>2024-10-18T00:44:20.000Z</time>
        <extensions>
          <ns3:TrackPointExtension>
            <ns3:atemp>30.0</ns3:atemp>
            <ns3:hr>140</ns3:hr>
          </ns3:TrackPointExtension>
        </extensions>
      </trkpt>
      <trkpt lat="22.587068863213062286376953125" lon="114.3010492064058780670166015625">
        <ele>35</ele>
        <time>2024-10-18T00:44:21.000Z</time>
        <extensions>
          <ns3:TrackPointExtension>
            <ns3:atemp>30.0</ns3:atemp>
            <ns3:hr>139</ns3:hr>
          </ns3:TrackPointExtension>
        </extensions>
      </trkpt>
      <trkpt lat="22.58711538277566432952880859375" lon="114.3009437620639801025390625">
        <ele>34.200000762939453125</ele>
        <time>2024-10-18T00:44:22.000Z</time>
        <extensions>
          <ns3:TrackPointExtension>
            <ns3:atemp>30.0</ns3:atemp>
            <ns3:hr>139</ns3:hr>
          </ns3:TrackPointExtension>
        </extensions>
      </trkpt>
      <trkpt lat="22.58716232143342494964599609375" lon="114.30084276013076305389404296875">
        <ele>33.40000152587890625</ele>
        <time>2024-10-18T00:44:23.000Z</time>
        <extensions>
          <ns3:TrackPointExtension>
            <ns3:atemp>30.0</ns3:atemp>
            <ns3:hr>138</ns3:hr>
          </ns3:TrackPointExtension>
        </extensions>
      </trkpt>
      <trkpt lat="22.58721613325178623199462890625" lon="114.300741255283355712890625">
        <ele>32.59999847412109375</ele>
        <time>2024-10-18T00:44:24.000Z</time>
        <extensions>
          <ns3:TrackPointExtension>
            <ns3:atemp>30.0</ns3:atemp>
            <ns3:hr>137</ns3:hr>
          </ns3:TrackPointExtension>
        </extensions>
      </trkpt>
      <trkpt lat="22.58728369139134883880615234375" lon="114.30065148510038852691650390625">
        <ele>32</ele>
        <time>2024-10-18T00:44:25.000Z</time>
        <extensions>
          <ns3:TrackPointExtension>
            <ns3:atemp>30.0</ns3:atemp>
            <ns3:hr>136</ns3:hr>
          </ns3:TrackPointExtension>
        </extensions>
      </trkpt>
      <trkpt lat="22.587367929518222808837890625" lon="114.30057621560990810394287109375">
        <ele>31</ele>
        <time>2024-10-18T00:44:26.000Z</time>
        <extensions>
          <ns3:TrackPointExtension>
            <ns3:atemp>30.0</ns3:atemp>
            <ns3:hr>135</ns3:hr>
          </ns3:TrackPointExtension>
        </extensions>
      </trkpt>
      <trkpt lat="22.58745635859668254852294921875" lon="114.3005043826997280120849609375">
        <ele>29.6000003814697265625</ele>
        <time>2024-10-18T00:44:27.000Z</time>
        <extensions>
          <ns3:TrackPointExtension>
            <ns3:atemp>30.0</ns3:atemp>
            <ns3:hr>135</ns3:hr>
          </ns3:TrackPointExtension>
        </extensions>
      </trkpt>
      <trkpt lat="22.58754394948482513427734375" lon="114.3004356510937213897705078125">
        <ele>28.6000003814697265625</ele>
        <time>2024-10-18T00:44:28.000Z</time>
        <extensions>
          <ns3:TrackPointExtension>
            <ns3:atemp>30.0</ns3:atemp>
            <ns3:hr>135</ns3:hr>
          </ns3:TrackPointExtension>
        </extensions>
      </trkpt>
      <trkpt lat="22.58763472549617290496826171875" lon="114.30037588812410831451416015625">
        <ele>27.3999996185302734375</ele>
        <time>2024-10-18T00:44:29.000Z</time>
        <extensions>
          <ns3:TrackPointExtension>
            <ns3:atemp>30.0</ns3:atemp>
            <ns3:hr>134</ns3:hr>
          </ns3:TrackPointExtension>
        </extensions>
      </trkpt>
      <trkpt lat="22.58772374130785465240478515625" lon="114.3003206513822078704833984375">
        <ele>26.799999237060546875</ele>
        <time>2024-10-18T00:44:30.000Z</time>
        <extensions>
          <ns3:TrackPointExtension>
            <ns3:atemp>30.0</ns3:atemp>
            <ns3:hr>133</ns3:hr>
          </ns3:TrackPointExtension>
        </extensions>
      </trkpt>
      <trkpt lat="22.5878096558153629302978515625" lon="114.30027731694281101226806640625">
        <ele>25.799999237060546875</ele>
        <time>2024-10-18T00:44:31.000Z</time>
        <extensions>
          <ns3:TrackPointExtension>
            <ns3:atemp>30.0</ns3:atemp>
            <ns3:hr>132</ns3:hr>
          </ns3:TrackPointExtension>
        </extensions>
      </trkpt>
      <trkpt lat="22.5878797285258769989013671875" lon="114.30023943074047565460205078125">
        <ele>25</ele>
        <time>2024-10-18T00:44:32.000Z</time>
        <extensions>
          <ns3:TrackPointExtension>
            <ns3:atemp>30.0</ns3:atemp>
            <ns3:hr>131</ns3:hr>
          </ns3:TrackPointExtension>
        </extensions>
      </trkpt>
      <trkpt lat="22.58792825974524021148681640625" lon="114.30022425949573516845703125">
        <ele>24.3999996185302734375</ele>
        <time>2024-10-18T00:44:33.000Z</time>
        <extensions>
          <ns3:TrackPointExtension>
            <ns3:atemp>30.0</ns3:atemp>
            <ns3:hr>129</ns3:hr>
          </ns3:TrackPointExtension>
        </extensions>
      </trkpt>
      <trkpt lat="22.58795843459665775299072265625" lon="114.3002361617982387542724609375">
        <ele>24.3999996185302734375</ele>
        <time>2024-10-18T00:44:34.000Z</time>
        <extensions>
          <ns3:TrackPointExtension>
            <ns3:atemp>30.0</ns3:atemp>
            <ns3:hr>129</ns3:hr>
          </ns3:TrackPointExtension>
        </extensions>
      </trkpt>
      <trkpt lat="22.58797167800366878509521484375" lon="114.30026340298354625701904296875">
        <ele>24.3999996185302734375</ele>
        <time>2024-10-18T00:44:35.000Z</time>
        <extensions>
          <ns3:TrackPointExtension>
            <ns3:atemp>30.0</ns3:atemp>
            <ns3:hr>128</ns3:hr>
          </ns3:TrackPointExtension>
        </extensions>
      </trkpt>
      <trkpt lat="22.58797603659331798553466796875" lon="114.30028720758855342864990234375">
        <ele>24.3999996185302734375</ele>
        <time>2024-10-18T00:44:36.000Z</time>
        <extensions>
          <ns3:TrackPointExtension>
            <ns3:atemp>30.0</ns3:atemp>
            <ns3:hr>128</ns3:hr>
          </ns3:TrackPointExtension>
        </extensions>
      </trkpt>
      <trkpt lat="22.587984837591648101806640625" lon="114.3003095872700214385986328125">
        <ele>24.799999237060546875</ele>
        <time>2024-10-18T00:44:37.000Z</time>
        <extensions>
          <ns3:TrackPointExtension>
            <ns3:atemp>30.0</ns3:atemp>
            <ns3:hr>128</ns3:hr>
          </ns3:TrackPointExtension>
        </extensions>
      </trkpt>
      <trkpt lat="22.587998248636722564697265625" lon="114.30032962001860141754150390625">
        <ele>24.799999237060546875</ele>
        <time>2024-10-18T00:44:38.000Z</time>
        <extensions>
          <ns3:TrackPointExtension>
            <ns3:atemp>30.0</ns3:atemp>
            <ns3:hr>127</ns3:hr>
          </ns3:TrackPointExtension>
        </extensions>
      </trkpt>
      <trkpt lat="22.5880185328423976898193359375" lon="114.30033691227436065673828125">
        <ele>24.799999237060546875</ele>
        <time>2024-10-18T00:44:39.000Z</time>
        <extensions>
          <ns3:TrackPointExtension>
            <ns3:atemp>30.0</ns3:atemp>
            <ns3:hr>126</ns3:hr>
          </ns3:TrackPointExtension>
        </extensions>
      </trkpt>
      <trkpt lat="22.58804627694189548492431640625" lon="114.30032978765666484832763671875">
        <ele>24.799999237060546875</ele>
        <time>2024-10-18T00:44:40.000Z</time>
        <extensions>
          <ns3:TrackPointExtension>
            <ns3:atemp>30.0</ns3:atemp>
            <ns3:hr>125</ns3:hr>
          </ns3:TrackPointExtension>
        </extensions>
      </trkpt>
      <trkpt lat="22.58808366023004055023193359375" lon="114.3003176338970661163330078125">
        <ele>24.799999237060546875</ele>
        <time>2024-10-18T00:44:41.000Z</time>
        <extensions>
          <ns3:TrackPointExtension>
            <ns3:atemp>30.0</ns3:atemp>
            <ns3:hr>125</ns3:hr>
          </ns3:TrackPointExtension>
        </extensions>
      </trkpt>
      <trkpt lat="22.588125653564929962158203125" lon="114.30030615068972110748291015625">
        <ele>24.6000003814697265625</ele>
        <time>2024-10-18T00:44:42.000Z</time>
        <extensions>
          <ns3:TrackPointExtension>
            <ns3:atemp>30.0</ns3:atemp>
            <ns3:hr>125</ns3:hr>
          </ns3:TrackPointExtension>
        </extensions>
      </trkpt>
      <trkpt lat="22.58817284367978572845458984375" lon="114.30029307492077350616455078125">
        <ele>24.3999996185302734375</ele>
        <time>2024-10-18T00:44:43.000Z</time>
        <extensions>
          <ns3:TrackPointExtension>
            <ns3:atemp>30.0</ns3:atemp>
            <ns3:hr>124</ns3:hr>
          </ns3:TrackPointExtension>
        </extensions>
      </trkpt>
      <trkpt lat="22.588223554193973541259765625" lon="114.30027329362928867340087890625">
        <ele>24.200000762939453125</ele>
        <time>2024-10-18T00:44:44.000Z</time>
        <extensions>
          <ns3:TrackPointExtension>
            <ns3:atemp>30.0</ns3:atemp>
            <ns3:hr>124</ns3:hr>
          </ns3:TrackPointExtension>
        </extensions>
      </trkpt>
      <trkpt lat="22.5882763601839542388916015625" lon="114.30025015957653522491455078125">
        <ele>23.799999237060546875</ele>
        <time>2024-10-18T00:44:45.000Z</time>
        <extensions>
          <ns3:TrackPointExtension>
            <ns3:atemp>30.0</ns3:atemp>
            <ns3:hr>124</ns3:hr>
          </ns3:TrackPointExtension>
        </extensions>
      </trkpt>
      <trkpt lat="22.588331513106822967529296875" lon="114.300227276980876922607421875">
        <ele>23.3999996185302734375</ele>
        <time>2024-10-18T00:44:46.000Z</time>
        <extensions>
          <ns3:TrackPointExtension>
            <ns3:atemp>30.0</ns3:atemp>
            <ns3:hr>125</ns3:hr>
          </ns3:TrackPointExtension>
        </extensions>
      </trkpt>
      <trkpt lat="22.588387839496135711669921875" lon="114.3001962639391422271728515625">
        <ele>22.6000003814697265625</ele>
        <time>2024-10-18T00:44:47.000Z</time>
        <extensions>
          <ns3:TrackPointExtension>
            <ns3:atemp>30.0</ns3:atemp>
            <ns3:hr>125</ns3:hr>
          </ns3:TrackPointExtension>
        </extensions>
      </trkpt>
      <trkpt lat="22.58843871764838695526123046875" lon="114.300154186785221099853515625">
        <ele>22.3999996185302734375</ele>
        <time>2024-10-18T00:44:48.000Z</time>
        <extensions>
          <ns3:TrackPointExtension>
            <ns3:atemp>30.0</ns3:atemp>
            <ns3:hr>125</ns3:hr>
          </ns3:TrackPointExtension>
        </extensions>
      </trkpt>
      <trkpt lat="22.58848649449646472930908203125" lon="114.3001114390790462493896484375">
        <ele>22</ele>
        <time>2024-10-18T00:44:49.000Z</time>
        <extensions>
          <ns3:TrackPointExtension>
            <ns3:atemp>30.0</ns3:atemp>
            <ns3:hr>125</ns3:hr>
          </ns3:TrackPointExtension>
        </extensions>
      </trkpt>
      <trkpt lat="22.58853008039295673370361328125" lon="114.30005536414682865142822265625">
        <ele>21.6000003814697265625</ele>
        <time>2024-10-18T00:44:50.000Z</time>
        <extensions>
          <ns3:TrackPointExtension>
            <ns3:atemp>30.0</ns3:atemp>
            <ns3:hr>125</ns3:hr>
          </ns3:TrackPointExtension>
        </extensions>
      </trkpt>
      <trkpt lat="22.58857115171849727630615234375" lon="114.29999249987304210662841796875">
        <ele>21.3999996185302734375</ele>
        <time>2024-10-18T00:44:51.000Z</time>
        <extensions>
          <ns3:TrackPointExtension>
            <ns3:atemp>30.0</ns3:atemp>
            <ns3:hr>125</ns3:hr>
          </ns3:TrackPointExtension>
        </extensions>
      </trkpt>
      <trkpt lat="22.58861591108143329620361328125" lon="114.29992041550576686859130859375">
        <ele>21.3999996185302734375</ele>
        <time>2024-10-18T00:44:52.000Z</time>
        <extensions>
          <ns3:TrackPointExtension>
            <ns3:atemp>30.0</ns3:atemp>
            <ns3:hr>124</ns3:hr>
          </ns3:TrackPointExtension>
        </extensions>
      </trkpt>
      <trkpt lat="22.58866385556757450103759765625" lon="114.2998462356626987457275390625">
        <ele>20.799999237060546875</ele>
        <time>2024-10-18T00:44:53.000Z</time>
        <extensions>
          <ns3:TrackPointExtension>
            <ns3:atemp>30.0</ns3:atemp>
            <ns3:hr>123</ns3:hr>
          </ns3:TrackPointExtension>
        </extensions>
      </trkpt>
      <trkpt lat="22.5887182541191577911376953125" lon="114.29977524094283580780029296875">
        <ele>20</ele>
        <time>2024-10-18T00:44:54.000Z</time>
        <extensions>
          <ns3:TrackPointExtension>
            <ns3:atemp>30.0</ns3:atemp>
            <ns3:hr>123</ns3:hr>
          </ns3:TrackPointExtension>
        </extensions>
      </trkpt>
      <trkpt lat="22.5887799449265003204345703125" lon="114.2996960319578647613525390625">
        <ele>18.3999996185302734375</ele>
        <time>2024-10-18T00:44:55.000Z</time>
        <extensions>
          <ns3:TrackPointExtension>
            <ns3:atemp>30.0</ns3:atemp>
            <ns3:hr>123</ns3:hr>
          </ns3:TrackPointExtension>
        </extensions>
      </trkpt>
      <trkpt lat="22.58884289301931858062744140625" lon="114.2996145598590373992919921875">
        <ele>17.200000762939453125</ele>
        <time>2024-10-18T00:44:56.000Z</time>
        <extensions>
          <ns3:TrackPointExtension>
            <ns3:atemp>30.0</ns3:atemp>
            <ns3:hr>123</ns3:hr>
          </ns3:TrackPointExtension>
        </extensions>
      </trkpt>
      <trkpt lat="22.58889712393283843994140625" lon="114.2995273880660533905029296875">
        <ele>16.799999237060546875</ele>
        <time>2024-10-18T00:44:57.000Z</time>
        <extensions>
          <ns3:TrackPointExtension>
            <ns3:atemp>30.0</ns3:atemp>
            <ns3:hr>123</ns3:hr>
          </ns3:TrackPointExtension>
        </extensions>
      </trkpt>
      <trkpt lat="22.58894766680896282196044921875" lon="114.29943895898759365081787109375">
        <ele>15.19999980926513671875</ele>
        <time>2024-10-18T00:44:58.000Z</time>
        <extensions>
          <ns3:TrackPointExtension>
            <ns3:atemp>30.0</ns3:atemp>
            <ns3:hr>123</ns3:hr>
          </ns3:TrackPointExtension>
        </extensions>
      </trkpt>
      <trkpt lat="22.5890025682747364044189453125" lon="114.29935388267040252685546875">
        <ele>13.19999980926513671875</ele>
        <time>2024-10-18T00:44:59.000Z</time>
        <extensions>
          <ns3:TrackPointExtension>
            <ns3:atemp>30.0</ns3:atemp>
            <ns3:hr>123</ns3:hr>
          </ns3:TrackPointExtension>
        </extensions>
      </trkpt>
      <trkpt lat="22.5890639238059520721435546875" lon="114.2992802895605564117431640625">
        <ele>12.19999980926513671875</ele>
        <time>2024-10-18T00:45:00.000Z</time>
        <extensions>
          <ns3:TrackPointExtension>
            <ns3:atemp>30.0</ns3:atemp>
            <ns3:hr>123</ns3:hr>
          </ns3:TrackPointExtension>
        </extensions>
      </trkpt>
      <trkpt lat="22.5891279615461826324462890625" lon="114.29921499453485012054443359375">
        <ele>11.3999996185302734375</ele>
        <time>2024-10-18T00:45:01.000Z</time>
        <extensions>
          <ns3:TrackPointExtension>
            <ns3:atemp>30.0</ns3:atemp>
            <ns3:hr>122</ns3:hr>
          </ns3:TrackPointExtension>
        </extensions>
      </trkpt>
      <trkpt lat="22.589200548827648162841796875" lon="114.299161769449710845947265625">
        <ele>10.3999996185302734375</ele>
        <time>2024-10-18T00:45:02.000Z</time>
        <extensions>
          <ns3:TrackPointExtension>
            <ns3:atemp>30.0</ns3:atemp>
            <ns3:hr>122</ns3:hr>
          </ns3:TrackPointExtension>
        </extensions>
      </trkpt>
      <trkpt lat="22.5892798416316509246826171875" lon="114.2991287447512149810791015625">
        <ele>10</ele>
        <time>2024-10-18T00:45:03.000Z</time>
        <extensions>
          <ns3:TrackPointExtension>
            <ns3:atemp>30.0</ns3:atemp>
            <ns3:hr>122</ns3:hr>
          </ns3:TrackPointExtension>
        </extensions>
      </trkpt>
      <trkpt lat="22.58936382830142974853515625" lon="114.29910871200263500213623046875">
        <ele>9.6000003814697265625</ele>
        <time>2024-10-18T00:45:04.000Z</time>
        <extensions>
          <ns3:TrackPointExtension>
            <ns3:atemp>30.0</ns3:atemp>
            <ns3:hr>121</ns3:hr>
          </ns3:TrackPointExtension>
        </extensions>
      </trkpt>
      <trkpt lat="22.58944856934249401092529296875" lon="114.29909345693886280059814453125">
        <ele>9.3999996185302734375</ele>
        <time>2024-10-18T00:45:05.000Z</time>
        <extensions>
          <ns3:TrackPointExtension>
            <ns3:atemp>30.0</ns3:atemp>
            <ns3:hr>121</ns3:hr>
          </ns3:TrackPointExtension>
        </extensions>
      </trkpt>
      <trkpt lat="22.58953071199357509613037109375" lon="114.2990824766457080841064453125">
        <ele>9.19999980926513671875</ele>
        <time>2024-10-18T00:45:06.000Z</time>
        <extensions>
          <ns3:TrackPointExtension>
            <ns3:atemp>30.0</ns3:atemp>
            <ns3:hr>121</ns3:hr>
          </ns3:TrackPointExtension>
        </extensions>
      </trkpt>
      <trkpt lat="22.5896107591688632965087890625" lon="114.29908121936023235321044921875">
        <ele>9.19999980926513671875</ele>
        <time>2024-10-18T00:45:07.000Z</time>
        <extensions>
          <ns3:TrackPointExtension>
            <ns3:atemp>30.0</ns3:atemp>
            <ns3:hr>120</ns3:hr>
          </ns3:TrackPointExtension>
        </extensions>
      </trkpt>
      <trkpt lat="22.5896885432302951812744140625" lon="114.299083650112152099609375">
        <ele>9</ele>
        <time>2024-10-18T00:45:08.000Z</time>
        <extensions>
          <ns3:TrackPointExtension>
            <ns3:atemp>30.0</ns3:atemp>
            <ns3:hr>120</ns3:hr>
          </ns3:TrackPointExtension>
        </extensions>
      </trkpt>
      <trkpt lat="22.589761130511760711669921875" lon="114.2990932054817676544189453125">
        <ele>9</ele>
        <time>2024-10-18T00:45:09.000Z</time>
        <extensions>
          <ns3:TrackPointExtension>
            <ns3:atemp>30.0</ns3:atemp>
            <ns3:hr>120</ns3:hr>
          </ns3:TrackPointExtension>
        </extensions>
      </trkpt>
      <trkpt lat="22.58982650935649871826171875" lon="114.29911592043936252593994140625">
        <ele>8.80000019073486328125</ele>
        <time>2024-10-18T00:45:10.000Z</time>
        <extensions>
          <ns3:TrackPointExtension>
            <ns3:atemp>30.0</ns3:atemp>
            <ns3:hr>119</ns3:hr>
          </ns3:TrackPointExtension>
        </extensions>
      </trkpt>
      <trkpt lat="22.58988417685031890869140625" lon="114.29915213026106357574462890625">
        <ele>8.6000003814697265625</ele>
        <time>2024-10-18T00:45:11.000Z</time>
        <extensions>
          <ns3:TrackPointExtension>
            <ns3:atemp>30.0</ns3:atemp>
            <ns3:hr>118</ns3:hr>
          </ns3:TrackPointExtension>
        </extensions>
      </trkpt>
      <trkpt lat="22.589932791888713836669921875" lon="114.299178533256053924560546875">
        <ele>8.3999996185302734375</ele>
        <time>2024-10-18T00:45:12.000Z</time>
        <extensions>
          <ns3:TrackPointExtension>
            <ns3:atemp>30.0</ns3:atemp>
            <ns3:hr>117</ns3:hr>
          </ns3:TrackPointExtension>
        </extensions>
      </trkpt>
      <trkpt lat="22.5899792276322841644287109375" lon="114.29918264038860797882080078125">
        <ele>8.3999996185302734375</ele>
        <time>2024-10-18T00:45:13.000Z</time>
        <extensions>
          <ns3:TrackPointExtension>
            <ns3:atemp>30.0</ns3:atemp>
            <ns3:hr>117</ns3:hr>
          </ns3:TrackPointExtension>
        </extensions>
      </trkpt>
      <trkpt lat="22.59002155624330043792724609375" lon="114.29916151799261569976806640625">
        <ele>8.19999980926513671875</ele>
        <time>2024-10-18T00:45:14.000Z</time>
        <extensions>
          <ns3:TrackPointExtension>
            <ns3:atemp>30.0</ns3:atemp>
            <ns3:hr>117</ns3:hr>
          </ns3:TrackPointExtension>
        </extensions>
      </trkpt>
      <trkpt lat="22.59006899781525135040283203125" lon="114.29913838393986225128173828125">
        <ele>8</ele>
        <time>2024-10-18T00:45:15.000Z</time>
        <extensions>
          <ns3:TrackPointExtension>
            <ns3:atemp>30.0</ns3:atemp>
            <ns3:hr>117</ns3:hr>
          </ns3:TrackPointExtension>
        </extensions>
      </trkpt>
      <trkpt lat="22.590125240385532379150390625" lon="114.29912212304770946502685546875">
        <ele>8</ele>
        <time>2024-10-18T00:45:16.000Z</time>
        <extensions>
          <ns3:TrackPointExtension>
            <ns3:atemp>30.0</ns3:atemp>
            <ns3:hr>116</ns3:hr>
          </ns3:TrackPointExtension>
        </extensions>
      </trkpt>
      <trkpt lat="22.59019472636282444000244140625" lon="114.299113489687442779541015625">
        <ele>8</ele>
        <time>2024-10-18T00:45:17.000Z</time>
        <extensions>
          <ns3:TrackPointExtension>
            <ns3:atemp>30.0</ns3:atemp>
            <ns3:hr>115</ns3:hr>
          </ns3:TrackPointExtension>
        </extensions>
      </trkpt>
      <trkpt lat="22.590264044702053070068359375" lon="114.299108125269412994384765625">
        <ele>8</ele>
        <time>2024-10-18T00:45:18.000Z</time>
        <extensions>
          <ns3:TrackPointExtension>
            <ns3:atemp>30.0</ns3:atemp>
            <ns3:hr>115</ns3:hr>
          </ns3:TrackPointExtension>
        </extensions>
      </trkpt>
      <trkpt lat="22.590333782136440277099609375" lon="114.2990935407578945159912109375">
        <ele>7.599999904632568359375</ele>
        <time>2024-10-18T00:45:19.000Z</time>
        <extensions>
          <ns3:TrackPointExtension>
            <ns3:atemp>30.0</ns3:atemp>
            <ns3:hr>115</ns3:hr>
          </ns3:TrackPointExtension>
        </extensions>
      </trkpt>
      <trkpt lat="22.59039723314344882965087890625" lon="114.29907266981899738311767578125">
        <ele>7.599999904632568359375</ele>
        <time>2024-10-18T00:45:20.000Z</time>
        <extensions>
          <ns3:TrackPointExtension>
            <ns3:atemp>30.0</ns3:atemp>
            <ns3:hr>115</ns3:hr>
          </ns3:TrackPointExtension>
        </extensions>
      </trkpt>
      <trkpt lat="22.59046194143593311309814453125" lon="114.29905406199395656585693359375">
        <ele>7.400000095367431640625</ele>
        <time>2024-10-18T00:45:21.000Z</time>
        <extensions>
          <ns3:TrackPointExtension>
            <ns3:atemp>30.0</ns3:atemp>
            <ns3:hr>116</ns3:hr>
          </ns3:TrackPointExtension>
        </extensions>
      </trkpt>
      <trkpt lat="22.59052614681422710418701171875" lon="114.29904132150113582611083984375">
        <ele>7.19999980926513671875</ele>
        <time>2024-10-18T00:45:22.000Z</time>
        <extensions>
          <ns3:TrackPointExtension>
            <ns3:atemp>30.0</ns3:atemp>
            <ns3:hr>116</ns3:hr>
          </ns3:TrackPointExtension>
        </extensions>
      </trkpt>
      <trkpt lat="22.59058347903192043304443359375" lon="114.299025647342205047607421875">
        <ele>7.19999980926513671875</ele>
        <time>2024-10-18T00:45:23.000Z</time>
        <extensions>
          <ns3:TrackPointExtension>
            <ns3:atemp>30.0</ns3:atemp>
            <ns3:hr>116</ns3:hr>
          </ns3:TrackPointExtension>
        </extensions>
      </trkpt>
      <trkpt lat="22.590639553964138031005859375" lon="114.2990194447338581085205078125">
        <ele>7.19999980926513671875</ele>
        <time>2024-10-18T00:45:24.000Z</time>
        <extensions>
          <ns3:TrackPointExtension>
            <ns3:atemp>30.0</ns3:atemp>
            <ns3:hr>116</ns3:hr>
          </ns3:TrackPointExtension>
        </extensions>
      </trkpt>
      <trkpt lat="22.5906906835734844207763671875" lon="114.29902187548577785491943359375">
        <ele>7.19999980926513671875</ele>
        <time>2024-10-18T00:45:25.000Z</time>
        <extensions>
          <ns3:TrackPointExtension>
            <ns3:atemp>30.0</ns3:atemp>
            <ns3:hr>117</ns3:hr>
          </ns3:TrackPointExtension>
        </extensions>
      </trkpt>
      <trkpt lat="22.59074072353541851043701171875" lon="114.29901801981031894683837890625">
        <ele>7.400000095367431640625</ele>
        <time>2024-10-18T00:45:26.000Z</time>
        <extensions>
          <ns3:TrackPointExtension>
            <ns3:atemp>30.0</ns3:atemp>
            <ns3:hr>117</ns3:hr>
          </ns3:TrackPointExtension>
        </extensions>
      </trkpt>
      <trkpt lat="22.590793110430240631103515625" lon="114.29902589879930019378662109375">
        <ele>7.400000095367431640625</ele>
        <time>2024-10-18T00:45:27.000Z</time>
        <extensions>
          <ns3:TrackPointExtension>
            <ns3:atemp>30.0</ns3:atemp>
            <ns3:hr>118</ns3:hr>
          </ns3:TrackPointExtension>
        </extensions>
      </trkpt>
      <trkpt lat="22.5908479280769824981689453125" lon="114.29903377778828144073486328125">
        <ele>7.400000095367431640625</ele>
        <time>2024-10-18T00:45:28.000Z</time>
        <extensions>
          <ns3:TrackPointExtension>
            <ns3:atemp>30.0</ns3:atemp>
            <ns3:hr>118</ns3:hr>
          </ns3:TrackPointExtension>
        </extensions>
      </trkpt>
      <trkpt lat="22.590904422104358673095703125" lon="114.2990452609956264495849609375">
        <ele>7.400000095367431640625</ele>
        <time>2024-10-18T00:45:29.000Z</time>
        <extensions>
          <ns3:TrackPointExtension>
            <ns3:atemp>30.0</ns3:atemp>
            <ns3:hr>118</ns3:hr>
          </ns3:TrackPointExtension>
        </extensions>
      </trkpt>
      <trkpt lat="22.59096443653106689453125" lon="114.2990610189735889434814453125">
        <ele>7.400000095367431640625</ele>
        <time>2024-10-18T00:45:30.000Z</time>
        <extensions>
          <ns3:TrackPointExtension>
            <ns3:atemp>30.0</ns3:atemp>
            <ns3:hr>118</ns3:hr>
          </ns3:TrackPointExtension>
        </extensions>
      </trkpt>
      <trkpt lat="22.5910293124616146087646484375" lon="114.29907359182834625244140625">
        <ele>7.400000095367431640625</ele>
        <time>2024-10-18T00:45:31.000Z</time>
        <extensions>
          <ns3:TrackPointExtension>
            <ns3:atemp>30.0</ns3:atemp>
            <ns3:hr>118</ns3:hr>
          </ns3:TrackPointExtension>
        </extensions>
      </trkpt>
      <trkpt lat="22.5910985469818115234375" lon="114.29907803423702716827392578125">
        <ele>7.400000095367431640625</ele>
        <time>2024-10-18T00:45:32.000Z</time>
        <extensions>
          <ns3:TrackPointExtension>
            <ns3:atemp>30.0</ns3:atemp>
            <ns3:hr>118</ns3:hr>
          </ns3:TrackPointExtension>
        </extensions>
      </trkpt>
      <trkpt lat="22.59116585366427898406982421875" lon="114.29907761514186859130859375">
        <ele>7.400000095367431640625</ele>
        <time>2024-10-18T00:45:33.000Z</time>
        <extensions>
          <ns3:TrackPointExtension>
            <ns3:atemp>30.0</ns3:atemp>
            <ns3:hr>118</ns3:hr>
          </ns3:TrackPointExtension>
        </extensions>
      </trkpt>
      <trkpt lat="22.591231651604175567626953125" lon="114.29907635785639286041259765625">
        <ele>7.400000095367431640625</ele>
        <time>2024-10-18T00:45:34.000Z</time>
        <extensions>
          <ns3:TrackPointExtension>
            <ns3:atemp>30.0</ns3:atemp>
            <ns3:hr>118</ns3:hr>
          </ns3:TrackPointExtension>
        </extensions>
      </trkpt>
      <trkpt lat="22.59130096994340419769287109375" lon="114.29907753132283687591552734375">
        <ele>7.19999980926513671875</ele>
        <time>2024-10-18T00:45:35.000Z</time>
        <extensions>
          <ns3:TrackPointExtension>
            <ns3:atemp>30.0</ns3:atemp>
            <ns3:hr>117</ns3:hr>
          </ns3:TrackPointExtension>
        </extensions>
      </trkpt>
      <trkpt lat="22.59136802516877651214599609375" lon="114.29908306337893009185791015625">
        <ele>7.19999980926513671875</ele>
        <time>2024-10-18T00:45:36.000Z</time>
        <extensions>
          <ns3:TrackPointExtension>
            <ns3:atemp>30.0</ns3:atemp>
            <ns3:hr>117</ns3:hr>
          </ns3:TrackPointExtension>
        </extensions>
      </trkpt>
      <trkpt lat="22.5914333201944828033447265625" lon="114.2990962229669094085693359375">
        <ele>7.400000095367431640625</ele>
        <time>2024-10-18T00:45:37.000Z</time>
        <extensions>
          <ns3:TrackPointExtension>
            <ns3:atemp>30.0</ns3:atemp>
            <ns3:hr>118</ns3:hr>
          </ns3:TrackPointExtension>
        </extensions>
      </trkpt>
      <trkpt lat="22.59150397963821887969970703125" lon="114.2991079576313495635986328125">
        <ele>7.400000095367431640625</ele>
        <time>2024-10-18T00:45:38.000Z</time>
        <extensions>
          <ns3:TrackPointExtension>
            <ns3:atemp>30.0</ns3:atemp>
            <ns3:hr>119</ns3:hr>
          </ns3:TrackPointExtension>
        </extensions>
      </trkpt>
      <trkpt lat="22.5915734656155109405517578125" lon="114.29911726154386997222900390625">
        <ele>7.400000095367431640625</ele>
        <time>2024-10-18T00:45:39.000Z</time>
        <extensions>
          <ns3:TrackPointExtension>
            <ns3:atemp>30.0</ns3:atemp>
            <ns3:hr>119</ns3:hr>
          </ns3:TrackPointExtension>
        </extensions>
      </trkpt>
      <trkpt lat="22.5916416943073272705078125" lon="114.29912664927542209625244140625">
        <ele>7.400000095367431640625</ele>
        <time>2024-10-18T00:45:40.000Z</time>
        <extensions>
          <ns3:TrackPointExtension>
            <ns3:atemp>30.0</ns3:atemp>
            <ns3:hr>119</ns3:hr>
          </ns3:TrackPointExtension>
        </extensions>
      </trkpt>
      <trkpt lat="22.591699697077274322509765625" lon="114.2991485260426998138427734375">
        <ele>7.400000095367431640625</ele>
        <time>2024-10-18T00:45:41.000Z</time>
        <extensions>
          <ns3:TrackPointExtension>
            <ns3:atemp>30.0</ns3:atemp>
            <ns3:hr>120</ns3:hr>
          </ns3:TrackPointExtension>
        </extensions>
      </trkpt>
      <trkpt lat="22.5917518325150012969970703125" lon="114.29918901063501834869384765625">
        <ele>7.400000095367431640625</ele>
        <time>2024-10-18T00:45:42.000Z</time>
        <extensions>
          <ns3:TrackPointExtension>
            <ns3:atemp>30.0</ns3:atemp>
            <ns3:hr>121</ns3:hr>
          </ns3:TrackPointExtension>
        </extensions>
      </trkpt>
      <trkpt lat="22.59180329740047454833984375" lon="114.29922538809478282928466796875">
        <ele>7.400000095367431640625</ele>
        <time>2024-10-18T00:45:43.000Z</time>
        <extensions>
          <ns3:TrackPointExtension>
            <ns3:atemp>30.0</ns3:atemp>
            <ns3:hr>122</ns3:hr>
          </ns3:TrackPointExtension>
        </extensions>
      </trkpt>
      <trkpt lat="22.5918597914278507232666015625" lon="114.29925464093685150146484375">
        <ele>7.400000095367431640625</ele>
        <time>2024-10-18T00:45:44.000Z</time>
        <extensions>
          <ns3:TrackPointExtension>
            <ns3:atemp>30.0</ns3:atemp>
            <ns3:hr>122</ns3:hr>
          </ns3:TrackPointExtension>
        </extensions>
      </trkpt>
      <trkpt lat="22.59191871620714664459228515625" lon="114.299277774989604949951171875">
        <ele>7.400000095367431640625</ele>
        <time>2024-10-18T00:45:45.000Z</time>
        <extensions>
          <ns3:TrackPointExtension>
            <ns3:atemp>30.0</ns3:atemp>
            <ns3:hr>123</ns3:hr>
          </ns3:TrackPointExtension>
        </extensions>
      </trkpt>
      <trkpt lat="22.59197722189128398895263671875" lon="114.29930233396589756011962890625">
        <ele>7.19999980926513671875</ele>
        <time>2024-10-18T00:45:46.000Z</time>
        <extensions>
          <ns3:TrackPointExtension>
            <ns3:atemp>30.0</ns3:atemp>
            <ns3:hr>123</ns3:hr>
          </ns3:TrackPointExtension>
        </extensions>
      </trkpt>
      <trkpt lat="22.59203790687024593353271484375" lon="114.29933384992182254791259765625">
        <ele>7.400000095367431640625</ele>
        <time>2024-10-18T00:45:47.000Z</time>
        <extensions>
          <ns3:TrackPointExtension>
            <ns3:atemp>30.0</ns3:atemp>
            <ns3:hr>125</ns3:hr>
          </ns3:TrackPointExtension>
        </extensions>
      </trkpt>
      <trkpt lat="22.59209792129695415496826171875" lon="114.2993721552193164825439453125">
        <ele>7.19999980926513671875</ele>
        <time>2024-10-18T00:45:48.000Z</time>
        <extensions>
          <ns3:TrackPointExtension>
            <ns3:atemp>30.0</ns3:atemp>
            <ns3:hr>125</ns3:hr>
          </ns3:TrackPointExtension>
        </extensions>
      </trkpt>
      <trkpt lat="22.59215508587658405303955078125" lon="114.29941347800195217132568359375">
        <ele>7.19999980926513671875</ele>
        <time>2024-10-18T00:45:49.000Z</time>
        <extensions>
          <ns3:TrackPointExtension>
            <ns3:atemp>30.0</ns3:atemp>
            <ns3:hr>126</ns3:hr>
          </ns3:TrackPointExtension>
        </extensions>
      </trkpt>
      <trkpt lat="22.5922151841223239898681640625" lon="114.2994549684226512908935546875">
        <ele>7.19999980926513671875</ele>
        <time>2024-10-18T00:45:50.000Z</time>
        <extensions>
          <ns3:TrackPointExtension>
            <ns3:atemp>30.0</ns3:atemp>
            <ns3:hr>126</ns3:hr>
          </ns3:TrackPointExtension>
        </extensions>
      </trkpt>
      <trkpt lat="22.59227226488292217254638671875" lon="114.29949880577623844146728515625">
        <ele>7.19999980926513671875</ele>
        <time>2024-10-18T00:45:51.000Z</time>
        <extensions>
          <ns3:TrackPointExtension>
            <ns3:atemp>30.0</ns3:atemp>
            <ns3:hr>126</ns3:hr>
          </ns3:TrackPointExtension>
        </extensions>
      </trkpt>
      <trkpt lat="22.592328675091266632080078125" lon="114.299543984234333038330078125">
        <ele>7.19999980926513671875</ele>
        <time>2024-10-18T00:45:52.000Z</time>
        <extensions>
          <ns3:TrackPointExtension>
            <ns3:atemp>30.0</ns3:atemp>
            <ns3:hr>127</ns3:hr>
          </ns3:TrackPointExtension>
        </extensions>
      </trkpt>
      <trkpt lat="22.59238340891897678375244140625" lon="114.29959385655820369720458984375">
        <ele>7.19999980926513671875</ele>
        <time>2024-10-18T00:45:53.000Z</time>
        <extensions>
          <ns3:TrackPointExtension>
            <ns3:atemp>30.0</ns3:atemp>
            <ns3:hr>127</ns3:hr>
          </ns3:TrackPointExtension>
        </extensions>
      </trkpt>
      <trkpt lat="22.5924436748027801513671875" lon="114.29963610135018825531005859375">
        <ele>7</ele>
        <time>2024-10-18T00:45:54.000Z</time>
        <extensions>
          <ns3:TrackPointExtension>
            <ns3:atemp>30.0</ns3:atemp>
            <ns3:hr>128</ns3:hr>
          </ns3:TrackPointExtension>
        </extensions>
      </trkpt>
      <trkpt lat="22.59249807335436344146728515625" lon="114.29968488402664661407470703125">
        <ele>7</ele>
        <time>2024-10-18T00:45:55.000Z</time>
        <extensions>
          <ns3:TrackPointExtension>
            <ns3:atemp>30.0</ns3:atemp>
            <ns3:hr>128</ns3:hr>
          </ns3:TrackPointExtension>
        </extensions>
      </trkpt>
      <trkpt lat="22.59255431592464447021484375" lon="114.29973685182631015777587890625">
        <ele>7</ele>
        <time>2024-10-18T00:45:56.000Z</time>
        <extensions>
          <ns3:TrackPointExtension>
            <ns3:atemp>30.0</ns3:atemp>
            <ns3:hr>128</ns3:hr>
          </ns3:TrackPointExtension>
        </extensions>
      </trkpt>
      <trkpt lat="22.5926084630191326141357421875" lon="114.29979016073048114776611328125">
        <ele>7</ele>
        <time>2024-10-18T00:45:57.000Z</time>
        <extensions>
          <ns3:TrackPointExtension>
            <ns3:atemp>30.0</ns3:atemp>
            <ns3:hr>129</ns3:hr>
          </ns3:TrackPointExtension>
        </extensions>
      </trkpt>
      <trkpt lat="22.5926624424755573272705078125" lon="114.29984472692012786865234375">
        <ele>6.80000019073486328125</ele>
        <time>2024-10-18T00:45:58.000Z</time>
        <extensions>
          <ns3:TrackPointExtension>
            <ns3:atemp>30.0</ns3:atemp>
            <ns3:hr>129</ns3:hr>
          </ns3:TrackPointExtension>
        </extensions>
      </trkpt>
      <trkpt lat="22.59271549992263317108154296875" lon="114.29989879019558429718017578125">
        <ele>6.80000019073486328125</ele>
        <time>2024-10-18T00:45:59.000Z</time>
        <extensions>
          <ns3:TrackPointExtension>
            <ns3:atemp>30.0</ns3:atemp>
            <ns3:hr>130</ns3:hr>
          </ns3:TrackPointExtension>
        </extensions>
      </trkpt>
      <trkpt lat="22.592771239578723907470703125" lon="114.29995360784232616424560546875">
        <ele>6.80000019073486328125</ele>
        <time>2024-10-18T00:46:00.000Z</time>
        <extensions>
          <ns3:TrackPointExtension>
            <ns3:atemp>30.0</ns3:atemp>
            <ns3:hr>130</ns3:hr>
          </ns3:TrackPointExtension>
        </extensions>
      </trkpt>
      <trkpt lat="22.59281692095100879669189453125" lon="114.300005324184894561767578125">
        <ele>7</ele>
        <time>2024-10-18T00:46:01.000Z</time>
        <extensions>
          <ns3:TrackPointExtension>
            <ns3:atemp>30.0</ns3:atemp>
            <ns3:hr>131</ns3:hr>
          </ns3:TrackPointExtension>
        </extensions>
      </trkpt>
      <trkpt lat="22.59286738000810146331787109375" lon="114.30005586706101894378662109375">
        <ele>7</ele>
        <time>2024-10-18T00:46:02.000Z</time>
        <extensions>
          <ns3:TrackPointExtension>
            <ns3:atemp>30.0</ns3:atemp>
            <ns3:hr>132</ns3:hr>
          </ns3:TrackPointExtension>
        </extensions>
      </trkpt>
      <trkpt lat="22.592914402484893798828125" lon="114.300109259784221649169921875">
        <ele>6.80000019073486328125</ele>
        <time>2024-10-18T00:46:03.000Z</time>
        <extensions>
          <ns3:TrackPointExtension>
            <ns3:atemp>30.0</ns3:atemp>
            <ns3:hr>132</ns3:hr>
          </ns3:TrackPointExtension>
        </extensions>
      </trkpt>
      <trkpt lat="22.59295798838138580322265625" lon="114.30017237551510334014892578125">
        <ele>6.80000019073486328125</ele>
        <time>2024-10-18T00:46:04.000Z</time>
        <extensions>
          <ns3:TrackPointExtension>
            <ns3:atemp>30.0</ns3:atemp>
            <ns3:hr>132</ns3:hr>
          </ns3:TrackPointExtension>
        </extensions>
      </trkpt>
      <trkpt lat="22.59300149045884609222412109375" lon="114.30023171938955783843994140625">
        <ele>6.80000019073486328125</ele>
        <time>2024-10-18T00:46:05.000Z</time>
        <extensions>
          <ns3:TrackPointExtension>
            <ns3:atemp>30.0</ns3:atemp>
            <ns3:hr>132</ns3:hr>
          </ns3:TrackPointExtension>
        </extensions>
      </trkpt>
      <trkpt lat="22.593050859868526458740234375" lon="114.300285279750823974609375">
        <ele>6.599999904632568359375</ele>
        <time>2024-10-18T00:46:06.000Z</time>
        <extensions>
          <ns3:TrackPointExtension>
            <ns3:atemp>30.0</ns3:atemp>
            <ns3:hr>132</ns3:hr>
          </ns3:TrackPointExtension>
        </extensions>
      </trkpt>
      <trkpt lat="22.5931046716868877410888671875" lon="114.3003330565989017486572265625">
        <ele>6.599999904632568359375</ele>
        <time>2024-10-18T00:46:07.000Z</time>
        <extensions>
          <ns3:TrackPointExtension>
            <ns3:atemp>30.0</ns3:atemp>
            <ns3:hr>132</ns3:hr>
          </ns3:TrackPointExtension>
        </extensions>
      </trkpt>
      <trkpt lat="22.593159489333629608154296875" lon="114.30038007907569408416748046875">
        <ele>6.599999904632568359375</ele>
        <time>2024-10-18T00:46:08.000Z</time>
        <extensions>
          <ns3:TrackPointExtension>
            <ns3:atemp>30.0</ns3:atemp>
            <ns3:hr>132</ns3:hr>
          </ns3:TrackPointExtension>
        </extensions>
      </trkpt>
      <trkpt lat="22.59321422316133975982666015625" lon="114.3004262633621692657470703125">
        <ele>6.400000095367431640625</ele>
        <time>2024-10-18T00:46:09.000Z</time>
        <extensions>
          <ns3:TrackPointExtension>
            <ns3:atemp>30.0</ns3:atemp>
            <ns3:hr>132</ns3:hr>
          </ns3:TrackPointExtension>
        </extensions>
      </trkpt>
      <trkpt lat="22.59327088482677936553955078125" lon="114.30047043599188327789306640625">
        <ele>6.400000095367431640625</ele>
        <time>2024-10-18T00:46:10.000Z</time>
        <extensions>
          <ns3:TrackPointExtension>
            <ns3:atemp>30.0</ns3:atemp>
            <ns3:hr>132</ns3:hr>
          </ns3:TrackPointExtension>
        </extensions>
      </trkpt>
      <trkpt lat="22.593327462673187255859375" lon="114.3005134351551532745361328125">
        <ele>6.400000095367431640625</ele>
        <time>2024-10-18T00:46:11.000Z</time>
        <extensions>
          <ns3:TrackPointExtension>
            <ns3:atemp>30.0</ns3:atemp>
            <ns3:hr>133</ns3:hr>
          </ns3:TrackPointExtension>
        </extensions>
      </trkpt>
      <trkpt lat="22.5933816097676753997802734375" lon="114.30055459029972553253173828125">
        <ele>6.400000095367431640625</ele>
        <time>2024-10-18T00:46:12.000Z</time>
        <extensions>
          <ns3:TrackPointExtension>
            <ns3:atemp>30.0</ns3:atemp>
            <ns3:hr>133</ns3:hr>
          </ns3:TrackPointExtension>
        </extensions>
      </trkpt>
      <trkpt lat="22.59343064390122890472412109375" lon="114.30059038102626800537109375">
        <ele>6.400000095367431640625</ele>
        <time>2024-10-18T00:46:13.000Z</time>
        <extensions>
          <ns3:TrackPointExtension>
            <ns3:atemp>30.0</ns3:atemp>
            <ns3:hr>134</ns3:hr>
          </ns3:TrackPointExtension>
        </extensions>
      </trkpt>
      <trkpt lat="22.593482695519924163818359375" lon="114.300622902810573577880859375">
        <ele>6.400000095367431640625</ele>
        <time>2024-10-18T00:46:14.000Z</time>
        <extensions>
          <ns3:TrackPointExtension>
            <ns3:atemp>30.0</ns3:atemp>
            <ns3:hr>134</ns3:hr>
          </ns3:TrackPointExtension>
        </extensions>
      </trkpt>
      <trkpt lat="22.59353860281407833099365234375" lon="114.30065919645130634307861328125">
        <ele>6.599999904632568359375</ele>
        <time>2024-10-18T00:46:15.000Z</time>
        <extensions>
          <ns3:TrackPointExtension>
            <ns3:atemp>30.0</ns3:atemp>
            <ns3:hr>135</ns3:hr>
          </ns3:TrackPointExtension>
        </extensions>
      </trkpt>
      <trkpt lat="22.593593336641788482666015625" lon="114.3006938137114048004150390625">
        <ele>6.599999904632568359375</ele>
        <time>2024-10-18T00:46:16.000Z</time>
        <extensions>
          <ns3:TrackPointExtension>
            <ns3:atemp>30.0</ns3:atemp>
            <ns3:hr>138</ns3:hr>
          </ns3:TrackPointExtension>
        </extensions>
      </trkpt>
      <trkpt lat="22.59365309961140155792236328125" lon="114.3007085658609867095947265625">
        <ele>6.80000019073486328125</ele>
        <time>2024-10-18T00:46:17.000Z</time>
        <extensions>
          <ns3:TrackPointExtension>
            <ns3:atemp>30.0</ns3:atemp>
            <ns3:hr>138</ns3:hr>
          </ns3:TrackPointExtension>
        </extensions>
      </trkpt>
      <trkpt lat="22.5937048159539699554443359375" lon="114.30072658695280551910400390625">
        <ele>6.80000019073486328125</ele>
        <time>2024-10-18T00:46:18.000Z</time>
        <extensions>
          <ns3:TrackPointExtension>
            <ns3:atemp>30.0</ns3:atemp>
            <ns3:hr>139</ns3:hr>
          </ns3:TrackPointExtension>
        </extensions>
      </trkpt>
      <trkpt lat="22.59374228306114673614501953125" lon="114.30074318312108516693115234375">
        <ele>7</ele>
        <time>2024-10-18T00:46:19.000Z</time>
        <extensions>
          <ns3:TrackPointExtension>
            <ns3:atemp>30.0</ns3:atemp>
            <ns3:hr>141</ns3:hr>
          </ns3:TrackPointExtension>
        </extensions>
      </trkpt>
      <trkpt lat="22.59377446956932544708251953125" lon="114.30076782591640949249267578125">
        <ele>7</ele>
        <time>2024-10-18T00:46:20.000Z</time>
        <extensions>
          <ns3:TrackPointExtension>
            <ns3:atemp>30.0</ns3:atemp>
            <ns3:hr>141</ns3:hr>
          </ns3:TrackPointExtension>
        </extensions>
      </trkpt>
      <trkpt lat="22.593810260295867919921875" lon="114.300799928605556488037109375">
        <ele>7</ele>
        <time>2024-10-18T00:46:21.000Z</time>
        <extensions>
          <ns3:TrackPointExtension>
            <ns3:atemp>30.0</ns3:atemp>
            <ns3:hr>141</ns3:hr>
          </ns3:TrackPointExtension>
        </extensions>
      </trkpt>
      <trkpt lat="22.5938476435840129852294921875" lon="114.3008306063711643218994140625">
        <ele>7</ele>
        <time>2024-10-18T00:46:22.000Z</time>
        <extensions>
          <ns3:TrackPointExtension>
            <ns3:atemp>30.0</ns3:atemp>
            <ns3:hr>141</ns3:hr>
          </ns3:TrackPointExtension>
        </extensions>
      </trkpt>
      <trkpt lat="22.59388594888150691986083984375" lon="114.3008560873568058013916015625">
        <ele>7.19999980926513671875</ele>
        <time>2024-10-18T00:46:23.000Z</time>
        <extensions>
          <ns3:TrackPointExtension>
            <ns3:atemp>30.0</ns3:atemp>
            <ns3:hr>141</ns3:hr>
          </ns3:TrackPointExtension>
        </extensions>
      </trkpt>
      <trkpt lat="22.593926601111888885498046875" lon="114.3008775450289249420166015625">
        <ele>7.19999980926513671875</ele>
        <time>2024-10-18T00:46:24.000Z</time>
        <extensions>
          <ns3:TrackPointExtension>
            <ns3:atemp>30.0</ns3:atemp>
            <ns3:hr>140</ns3:hr>
          </ns3:TrackPointExtension>
        </extensions>
      </trkpt>
      <trkpt lat="22.59397345595061779022216796875" lon="114.300893135368824005126953125">
        <ele>7.400000095367431640625</ele>
        <time>2024-10-18T00:46:25.000Z</time>
        <extensions>
          <ns3:TrackPointExtension>
            <ns3:atemp>30.0</ns3:atemp>
            <ns3:hr>139</ns3:hr>
          </ns3:TrackPointExtension>
        </extensions>
      </trkpt>
      <trkpt lat="22.59402190335094928741455078125" lon="114.30090998299419879913330078125">
        <ele>7.400000095367431640625</ele>
        <time>2024-10-18T00:46:26.000Z</time>
        <extensions>
          <ns3:TrackPointExtension>
            <ns3:atemp>30.0</ns3:atemp>
            <ns3:hr>137</ns3:hr>
          </ns3:TrackPointExtension>
        </extensions>
      </trkpt>
      <trkpt lat="22.59406850673258304595947265625" lon="114.30093613453209400177001953125">
        <ele>7.400000095367431640625</ele>
        <time>2024-10-18T00:46:27.000Z</time>
        <extensions>
          <ns3:TrackPointExtension>
            <ns3:atemp>30.0</ns3:atemp>
            <ns3:hr>137</ns3:hr>
          </ns3:TrackPointExtension>
        </extensions>
      </trkpt>
      <trkpt lat="22.5941151939332485198974609375" lon="114.3009653873741626739501953125">
        <ele>7.599999904632568359375</ele>
        <time>2024-10-18T00:46:28.000Z</time>
        <extensions>
          <ns3:TrackPointExtension>
            <ns3:atemp>30.0</ns3:atemp>
            <ns3:hr>137</ns3:hr>
          </ns3:TrackPointExtension>
        </extensions>
      </trkpt>
      <trkpt lat="22.59416271932423114776611328125" lon="114.300993718206882476806640625">
        <ele>7.599999904632568359375</ele>
        <time>2024-10-18T00:46:29.000Z</time>
        <extensions>
          <ns3:TrackPointExtension>
            <ns3:atemp>30.0</ns3:atemp>
            <ns3:hr>137</ns3:hr>
          </ns3:TrackPointExtension>
        </extensions>
      </trkpt>
      <trkpt lat="22.5942124240100383758544921875" lon="114.30101190693676471710205078125">
        <ele>7.400000095367431640625</ele>
        <time>2024-10-18T00:46:30.000Z</time>
        <extensions>
          <ns3:TrackPointExtension>
            <ns3:atemp>30.0</ns3:atemp>
            <ns3:hr>137</ns3:hr>
          </ns3:TrackPointExtension>
        </extensions>
      </trkpt>
      <trkpt lat="22.59426497854292392730712890625" lon="114.3010240606963634490966796875">
        <ele>7.400000095367431640625</ele>
        <time>2024-10-18T00:46:31.000Z</time>
        <extensions>
          <ns3:TrackPointExtension>
            <ns3:atemp>30.0</ns3:atemp>
            <ns3:hr>136</ns3:hr>
          </ns3:TrackPointExtension>
        </extensions>
      </trkpt>
      <trkpt lat="22.59432013146579265594482421875" lon="114.30103085003793239593505859375">
        <ele>7.19999980926513671875</ele>
        <time>2024-10-18T00:46:32.000Z</time>
        <extensions>
          <ns3:TrackPointExtension>
            <ns3:atemp>30.0</ns3:atemp>
            <ns3:hr>136</ns3:hr>
          </ns3:TrackPointExtension>
        </extensions>
      </trkpt>
      <trkpt lat="22.59437679313123226165771484375" lon="114.301033951342105865478515625">
        <ele>6.599999904632568359375</ele>
        <time>2024-10-18T00:46:33.000Z</time>
        <extensions>
          <ns3:TrackPointExtension>
            <ns3:atemp>30.0</ns3:atemp>
            <ns3:hr>135</ns3:hr>
          </ns3:TrackPointExtension>
        </extensions>
      </trkpt>
      <trkpt lat="22.5944320298731327056884765625" lon="114.301040656864643096923828125">
        <ele>6.599999904632568359375</ele>
        <time>2024-10-18T00:46:34.000Z</time>
        <extensions>
          <ns3:TrackPointExtension>
            <ns3:atemp>30.0</ns3:atemp>
            <ns3:hr>134</ns3:hr>
          </ns3:TrackPointExtension>
        </extensions>
      </trkpt>
      <trkpt lat="22.5944833271205425262451171875" lon="114.30105348117649555206298828125">
        <ele>6.400000095367431640625</ele>
        <time>2024-10-18T00:46:35.000Z</time>
        <extensions>
          <ns3:TrackPointExtension>
            <ns3:atemp>30.0</ns3:atemp>
            <ns3:hr>133</ns3:hr>
          </ns3:TrackPointExtension>
        </extensions>
      </trkpt>
      <trkpt lat="22.59453102014958858489990234375" lon="114.30107225663959980010986328125">
        <ele>6.400000095367431640625</ele>
        <time>2024-10-18T00:46:36.000Z</time>
        <extensions>
          <ns3:TrackPointExtension>
            <ns3:atemp>30.0</ns3:atemp>
            <ns3:hr>133</ns3:hr>
          </ns3:TrackPointExtension>
        </extensions>
      </trkpt>
      <trkpt lat="22.5945761986076831817626953125" lon="114.30109463632106781005859375">
        <ele>6.400000095367431640625</ele>
        <time>2024-10-18T00:46:37.000Z</time>
        <extensions>
          <ns3:TrackPointExtension>
            <ns3:atemp>30.0</ns3:atemp>
            <ns3:hr>133</ns3:hr>
          </ns3:TrackPointExtension>
        </extensions>
      </trkpt>
      <trkpt lat="22.59462338872253894805908203125" lon="114.30111751891672611236572265625">
        <ele>6.599999904632568359375</ele>
        <time>2024-10-18T00:46:38.000Z</time>
        <extensions>
          <ns3:TrackPointExtension>
            <ns3:atemp>30.0</ns3:atemp>
            <ns3:hr>133</ns3:hr>
          </ns3:TrackPointExtension>
        </extensions>
      </trkpt>
      <trkpt lat="22.5946694053709506988525390625" lon="114.30114283226430416107177734375">
        <ele>6.80000019073486328125</ele>
        <time>2024-10-18T00:46:39.000Z</time>
        <extensions>
          <ns3:TrackPointExtension>
            <ns3:atemp>30.0</ns3:atemp>
            <ns3:hr>132</ns3:hr>
          </ns3:TrackPointExtension>
        </extensions>
      </trkpt>
      <trkpt lat="22.5947166793048381805419921875" lon="114.30116705596446990966796875">
        <ele>7</ele>
        <time>2024-10-18T00:46:40.000Z</time>
        <extensions>
          <ns3:TrackPointExtension>
            <ns3:atemp>30.0</ns3:atemp>
            <ns3:hr>131</ns3:hr>
          </ns3:TrackPointExtension>
        </extensions>
      </trkpt>
      <trkpt lat="22.59476386941969394683837890625" lon="114.30119253695011138916015625">
        <ele>7</ele>
        <time>2024-10-18T00:46:41.000Z</time>
        <extensions>
          <ns3:TrackPointExtension>
            <ns3:atemp>30.0</ns3:atemp>
            <ns3:hr>131</ns3:hr>
          </ns3:TrackPointExtension>
        </extensions>
      </trkpt>
      <trkpt lat="22.5948129035532474517822265625" lon="114.30121441371738910675048828125">
        <ele>7.19999980926513671875</ele>
        <time>2024-10-18T00:46:42.000Z</time>
        <extensions>
          <ns3:TrackPointExtension>
            <ns3:atemp>30.0</ns3:atemp>
            <ns3:hr>131</ns3:hr>
          </ns3:TrackPointExtension>
        </extensions>
      </trkpt>
      <trkpt lat="22.5948615185916423797607421875" lon="114.3012372963130474090576171875">
        <ele>7.19999980926513671875</ele>
        <time>2024-10-18T00:46:43.000Z</time>
        <extensions>
          <ns3:TrackPointExtension>
            <ns3:atemp>30.0</ns3:atemp>
            <ns3:hr>131</ns3:hr>
          </ns3:TrackPointExtension>
        </extensions>
      </trkpt>
      <trkpt lat="22.594907619059085845947265625" lon="114.3012629449367523193359375">
        <ele>7.599999904632568359375</ele>
        <time>2024-10-18T00:46:44.000Z</time>
        <extensions>
          <ns3:TrackPointExtension>
            <ns3:atemp>30.0</ns3:atemp>
            <ns3:hr>130</ns3:hr>
          </ns3:TrackPointExtension>
        </extensions>
      </trkpt>
      <trkpt lat="22.59495413862168788909912109375" lon="114.30128633044660091400146484375">
        <ele>7.599999904632568359375</ele>
        <time>2024-10-18T00:46:45.000Z</time>
        <extensions>
          <ns3:TrackPointExtension>
            <ns3:atemp>30.0</ns3:atemp>
            <ns3:hr>130</ns3:hr>
          </ns3:TrackPointExtension>
        </extensions>
      </trkpt>
      <trkpt lat="22.59499956853687763214111328125" lon="114.301309548318386077880859375">
        <ele>7.80000019073486328125</ele>
        <time>2024-10-18T00:46:46.000Z</time>
        <extensions>
          <ns3:TrackPointExtension>
            <ns3:atemp>30.0</ns3:atemp>
            <ns3:hr>130</ns3:hr>
          </ns3:TrackPointExtension>
        </extensions>
      </trkpt>
      <trkpt lat="22.5950479321181774139404296875" lon="114.3013338558375835418701171875">
        <ele>7.80000019073486328125</ele>
        <time>2024-10-18T00:46:47.000Z</time>
        <extensions>
          <ns3:TrackPointExtension>
            <ns3:atemp>30.0</ns3:atemp>
            <ns3:hr>130</ns3:hr>
          </ns3:TrackPointExtension>
        </extensions>
      </trkpt>
      <trkpt lat="22.59509629569947719573974609375" lon="114.30135807953774929046630859375">
        <ele>7.80000019073486328125</ele>
        <time>2024-10-18T00:46:48.000Z</time>
        <extensions>
          <ns3:TrackPointExtension>
            <ns3:atemp>30.0</ns3:atemp>
            <ns3:hr>130</ns3:hr>
          </ns3:TrackPointExtension>
        </extensions>
      </trkpt>
      <trkpt lat="22.59514457546174526214599609375" lon="114.30138892494142055511474609375">
        <ele>7.80000019073486328125</ele>
        <time>2024-10-18T00:46:49.000Z</time>
        <extensions>
          <ns3:TrackPointExtension>
            <ns3:atemp>30.0</ns3:atemp>
            <ns3:hr>130</ns3:hr>
          </ns3:TrackPointExtension>
        </extensions>
      </trkpt>
      <trkpt lat="22.59519067592918872833251953125" lon="114.3014213629066944122314453125">
        <ele>8</ele>
        <time>2024-10-18T00:46:50.000Z</time>
        <extensions>
          <ns3:TrackPointExtension>
            <ns3:atemp>30.0</ns3:atemp>
            <ns3:hr>130</ns3:hr>
          </ns3:TrackPointExtension>
        </extensions>
      </trkpt>
      <trkpt lat="22.59523811750113964080810546875" lon="114.30145271122455596923828125">
        <ele>8</ele>
        <time>2024-10-18T00:46:51.000Z</time>
        <extensions>
          <ns3:TrackPointExtension>
            <ns3:atemp>30.0</ns3:atemp>
            <ns3:hr>130</ns3:hr>
          </ns3:TrackPointExtension>
        </extensions>
      </trkpt>
      <trkpt lat="22.5952849723398685455322265625" lon="114.3014860711991786956787109375">
        <ele>8</ele>
        <time>2024-10-18T00:46:52.000Z</time>
        <extensions>
          <ns3:TrackPointExtension>
            <ns3:atemp>30.0</ns3:atemp>
            <ns3:hr>131</ns3:hr>
          </ns3:TrackPointExtension>
        </extensions>
      </trkpt>
      <trkpt lat="22.595332749187946319580078125" lon="114.30151985026895999908447265625">
        <ele>8</ele>
        <time>2024-10-18T00:46:53.000Z</time>
        <extensions>
          <ns3:TrackPointExtension>
            <ns3:atemp>30.0</ns3:atemp>
            <ns3:hr>131</ns3:hr>
          </ns3:TrackPointExtension>
        </extensions>
      </trkpt>
      <trkpt lat="22.59538111276924610137939453125" lon="114.30155438371002674102783203125">
        <ele>8</ele>
        <time>2024-10-18T00:46:54.000Z</time>
        <extensions>
          <ns3:TrackPointExtension>
            <ns3:atemp>30.0</ns3:atemp>
            <ns3:hr>131</ns3:hr>
          </ns3:TrackPointExtension>
        </extensions>
      </trkpt>
      <trkpt lat="22.595426626503467559814453125" lon="114.30158942006528377532958984375">
        <ele>8</ele>
        <time>2024-10-18T00:46:55.000Z</time>
        <extensions>
          <ns3:TrackPointExtension>
            <ns3:atemp>30.0</ns3:atemp>
            <ns3:hr>131</ns3:hr>
          </ns3:TrackPointExtension>
        </extensions>
      </trkpt>
      <trkpt lat="22.5954717211425304412841796875" lon="114.30162512697279453277587890625">
        <ele>8</ele>
        <time>2024-10-18T00:46:56.000Z</time>
        <extensions>
          <ns3:TrackPointExtension>
            <ns3:atemp>30.0</ns3:atemp>
            <ns3:hr>131</ns3:hr>
          </ns3:TrackPointExtension>
        </extensions>
      </trkpt>
      <trkpt lat="22.5955220125615596771240234375" lon="114.301656894385814666748046875">
        <ele>8</ele>
        <time>2024-10-18T00:46:57.000Z</time>
        <extensions>
          <ns3:TrackPointExtension>
            <ns3:atemp>30.0</ns3:atemp>
            <ns3:hr>131</ns3:hr>
          </ns3:TrackPointExtension>
        </extensions>
      </trkpt>
      <trkpt lat="22.59557423181831836700439453125" lon="114.30168983526527881622314453125">
        <ele>8</ele>
        <time>2024-10-18T00:46:58.000Z</time>
        <extensions>
          <ns3:TrackPointExtension>
            <ns3:atemp>30.0</ns3:atemp>
            <ns3:hr>131</ns3:hr>
          </ns3:TrackPointExtension>
        </extensions>
      </trkpt>
      <trkpt lat="22.59562435559928417205810546875" lon="114.30172738619148731231689453125">
        <ele>8</ele>
        <time>2024-10-18T00:46:59.000Z</time>
        <extensions>
          <ns3:TrackPointExtension>
            <ns3:atemp>30.0</ns3:atemp>
            <ns3:hr>131</ns3:hr>
          </ns3:TrackPointExtension>
        </extensions>
      </trkpt>
      <trkpt lat="22.5956698693335056304931640625" lon="114.30176644586026668548583984375">
        <ele>8.19999980926513671875</ele>
        <time>2024-10-18T00:47:00.000Z</time>
        <extensions>
          <ns3:TrackPointExtension>
            <ns3:atemp>30.0</ns3:atemp>
            <ns3:hr>131</ns3:hr>
          </ns3:TrackPointExtension>
        </extensions>
      </trkpt>
      <trkpt lat="22.59571605361998081207275390625" lon="114.30180466733872890472412109375">
        <ele>8.3999996185302734375</ele>
        <time>2024-10-18T00:47:01.000Z</time>
        <extensions>
          <ns3:TrackPointExtension>
            <ns3:atemp>30.0</ns3:atemp>
            <ns3:hr>131</ns3:hr>
          </ns3:TrackPointExtension>
        </extensions>
      </trkpt>
      <trkpt lat="22.595761902630329132080078125" lon="114.301846325397491455078125">
        <ele>8.3999996185302734375</ele>
        <time>2024-10-18T00:47:02.000Z</time>
        <extensions>
          <ns3:TrackPointExtension>
            <ns3:atemp>30.0</ns3:atemp>
            <ns3:hr>131</ns3:hr>
          </ns3:TrackPointExtension>
        </extensions>
      </trkpt>
      <trkpt lat="22.5958069972693920135498046875" lon="114.3018878996372222900390625">
        <ele>8.6000003814697265625</ele>
        <time>2024-10-18T00:47:03.000Z</time>
        <extensions>
          <ns3:TrackPointExtension>
            <ns3:atemp>30.0</ns3:atemp>
            <ns3:hr>131</ns3:hr>
          </ns3:TrackPointExtension>
        </extensions>
      </trkpt>
      <trkpt lat="22.59585150517523288726806640625" lon="114.301929473876953125">
        <ele>8.6000003814697265625</ele>
        <time>2024-10-18T00:47:04.000Z</time>
        <extensions>
          <ns3:TrackPointExtension>
            <ns3:atemp>30.0</ns3:atemp>
            <ns3:hr>130</ns3:hr>
          </ns3:TrackPointExtension>
        </extensions>
      </trkpt>
      <trkpt lat="22.595894336700439453125" lon="114.30197146721184253692626953125">
        <ele>8.6000003814697265625</ele>
        <time>2024-10-18T00:47:05.000Z</time>
        <extensions>
          <ns3:TrackPointExtension>
            <ns3:atemp>30.0</ns3:atemp>
            <ns3:hr>129</ns3:hr>
          </ns3:TrackPointExtension>
        </extensions>
      </trkpt>
      <trkpt lat="22.5959360785782337188720703125" lon="114.30201756767928600311279296875">
        <ele>8.80000019073486328125</ele>
        <time>2024-10-18T00:47:06.000Z</time>
        <extensions>
          <ns3:TrackPointExtension>
            <ns3:atemp>30.0</ns3:atemp>
            <ns3:hr>129</ns3:hr>
          </ns3:TrackPointExtension>
        </extensions>
      </trkpt>
      <trkpt lat="22.59598008356988430023193359375" lon="114.30206023156642913818359375">
        <ele>8.80000019073486328125</ele>
        <time>2024-10-18T00:47:07.000Z</time>
        <extensions>
          <ns3:TrackPointExtension>
            <ns3:atemp>30.0</ns3:atemp>
            <ns3:hr>129</ns3:hr>
          </ns3:TrackPointExtension>
        </extensions>
      </trkpt>
      <trkpt lat="22.59602383710443973541259765625" lon="114.302100129425525665283203125">
        <ele>8.80000019073486328125</ele>
        <time>2024-10-18T00:47:08.000Z</time>
        <extensions>
          <ns3:TrackPointExtension>
            <ns3:atemp>30.0</ns3:atemp>
            <ns3:hr>129</ns3:hr>
          </ns3:TrackPointExtension>
        </extensions>
      </trkpt>
      <trkpt lat="22.59606541134417057037353515625" lon="114.30214396677911281585693359375">
        <ele>8.80000019073486328125</ele>
        <time>2024-10-18T00:47:09.000Z</time>
        <extensions>
          <ns3:TrackPointExtension>
            <ns3:atemp>30.0</ns3:atemp>
            <ns3:hr>129</ns3:hr>
          </ns3:TrackPointExtension>
        </extensions>
      </trkpt>
      <trkpt lat="22.5961047224700450897216796875" lon="114.30219057016074657440185546875">
        <ele>8.80000019073486328125</ele>
        <time>2024-10-18T00:47:10.000Z</time>
        <extensions>
          <ns3:TrackPointExtension>
            <ns3:atemp>30.0</ns3:atemp>
            <ns3:hr>129</ns3:hr>
          </ns3:TrackPointExtension>
        </extensions>
      </trkpt>
      <trkpt lat="22.5961429439485073089599609375" lon="114.30223817937076091766357421875">
        <ele>9</ele>
        <time>2024-10-18T00:47:11.000Z</time>
        <extensions>
          <ns3:TrackPointExtension>
            <ns3:atemp>30.0</ns3:atemp>
            <ns3:hr>130</ns3:hr>
          </ns3:TrackPointExtension>
        </extensions>
      </trkpt>
      <trkpt lat="22.59617655538022518157958984375" lon="114.30228226818144321441650390625">
        <ele>9</ele>
        <time>2024-10-18T00:47:12.000Z</time>
        <extensions>
          <ns3:TrackPointExtension>
            <ns3:atemp>30.0</ns3:atemp>
            <ns3:hr>130</ns3:hr>
          </ns3:TrackPointExtension>
        </extensions>
      </trkpt>
      <trkpt lat="22.5962086580693721771240234375" lon="114.30232685990631580352783203125">
        <ele>9</ele>
        <time>2024-10-18T00:47:13.000Z</time>
        <extensions>
          <ns3:TrackPointExtension>
            <ns3:atemp>30.0</ns3:atemp>
            <ns3:hr>130</ns3:hr>
          </ns3:TrackPointExtension>
        </extensions>
      </trkpt>
      <trkpt lat="22.596242688596248626708984375" lon="114.3023680150508880615234375">
        <ele>9</ele>
        <time>2024-10-18T00:47:14.000Z</time>
        <extensions>
          <ns3:TrackPointExtension>
            <ns3:atemp>30.0</ns3:atemp>
            <ns3:hr>130</ns3:hr>
          </ns3:TrackPointExtension>
        </extensions>
      </trkpt>
      <trkpt lat="22.59628065861761569976806640625" lon="114.30240212939679622650146484375">
        <ele>9</ele>
        <time>2024-10-18T00:47:15.000Z</time>
        <extensions>
          <ns3:TrackPointExtension>
            <ns3:atemp>30.0</ns3:atemp>
            <ns3:hr>130</ns3:hr>
          </ns3:TrackPointExtension>
        </extensions>
      </trkpt>
      <trkpt lat="22.59631753899157047271728515625" lon="114.302420653402805328369140625">
        <ele>9</ele>
        <time>2024-10-18T00:47:16.000Z</time>
        <extensions>
          <ns3:TrackPointExtension>
            <ns3:atemp>30.0</ns3:atemp>
            <ns3:hr>130</ns3:hr>
          </ns3:TrackPointExtension>
        </extensions>
      </trkpt>
      <trkpt lat="22.59635525755584239959716796875" lon="114.3024110980331897735595703125">
        <ele>9</ele>
        <time>2024-10-18T00:47:17.000Z</time>
        <extensions>
          <ns3:TrackPointExtension>
            <ns3:atemp>30.0</ns3:atemp>
            <ns3:hr>131</ns3:hr>
          </ns3:TrackPointExtension>
        </extensions>
      </trkpt>
      <trkpt lat="22.5963806547224521636962890625" lon="114.30238033644855022430419921875">
        <ele>9.6000003814697265625</ele>
        <time>2024-10-18T00:47:18.000Z</time>
        <extensions>
          <ns3:TrackPointExtension>
            <ns3:atemp>30.0</ns3:atemp>
            <ns3:hr>131</ns3:hr>
          </ns3:TrackPointExtension>
        </extensions>
      </trkpt>
      <trkpt lat="22.5964081473648548126220703125" lon="114.30234932340681552886962890625">
        <ele>9.80000019073486328125</ele>
        <time>2024-10-18T00:47:19.000Z</time>
        <extensions>
          <ns3:TrackPointExtension>
            <ns3:atemp>30.0</ns3:atemp>
            <ns3:hr>131</ns3:hr>
          </ns3:TrackPointExtension>
        </extensions>
      </trkpt>
      <trkpt lat="22.5964453630149364471435546875" lon="114.30233180522918701171875">
        <ele>9.80000019073486328125</ele>
        <time>2024-10-18T00:47:20.000Z</time>
        <extensions>
          <ns3:TrackPointExtension>
            <ns3:atemp>30.0</ns3:atemp>
            <ns3:hr>133</ns3:hr>
          </ns3:TrackPointExtension>
        </extensions>
      </trkpt>
      <trkpt lat="22.59648241102695465087890625" lon="114.30234580300748348236083984375">
        <ele>9.80000019073486328125</ele>
        <time>2024-10-18T00:47:21.000Z</time>
        <extensions>
          <ns3:TrackPointExtension>
            <ns3:atemp>30.0</ns3:atemp>
            <ns3:hr>133</ns3:hr>
          </ns3:TrackPointExtension>
        </extensions>
      </trkpt>
      <trkpt lat="22.5965063832700252532958984375" lon="114.302377738058567047119140625">
        <ele>9.80000019073486328125</ele>
        <time>2024-10-18T00:47:22.000Z</time>
        <extensions>
          <ns3:TrackPointExtension>
            <ns3:atemp>30.0</ns3:atemp>
            <ns3:hr>133</ns3:hr>
          </ns3:TrackPointExtension>
        </extensions>
      </trkpt>
      <trkpt lat="22.59652121923863887786865234375" lon="114.3024167977273464202880859375">
        <ele>9.3999996185302734375</ele>
        <time>2024-10-18T00:47:23.000Z</time>
        <extensions>
          <ns3:TrackPointExtension>
            <ns3:atemp>30.0</ns3:atemp>
            <ns3:hr>134</ns3:hr>
          </ns3:TrackPointExtension>
        </extensions>
      </trkpt>
      <trkpt lat="22.5965362228453159332275390625" lon="114.30245812050998210906982421875">
        <ele>9.3999996185302734375</ele>
        <time>2024-10-18T00:47:24.000Z</time>
        <extensions>
          <ns3:TrackPointExtension>
            <ns3:atemp>30.0</ns3:atemp>
            <ns3:hr>133</ns3:hr>
          </ns3:TrackPointExtension>
        </extensions>
      </trkpt>
      <trkpt lat="22.59655726142227649688720703125" lon="114.30249433033168315887451171875">
        <ele>9.3999996185302734375</ele>
        <time>2024-10-18T00:47:25.000Z</time>
        <extensions>
          <ns3:TrackPointExtension>
            <ns3:atemp>30.0</ns3:atemp>
            <ns3:hr>133</ns3:hr>
          </ns3:TrackPointExtension>
        </extensions>
      </trkpt>
      <trkpt lat="22.5965747795999050140380859375" lon="114.3025368265807628631591796875">
        <ele>9.3999996185302734375</ele>
        <time>2024-10-18T00:47:26.000Z</time>
        <extensions>
          <ns3:TrackPointExtension>
            <ns3:atemp>30.0</ns3:atemp>
            <ns3:hr>133</ns3:hr>
          </ns3:TrackPointExtension>
        </extensions>
      </trkpt>
      <trkpt lat="22.59659296832978725433349609375" lon="114.30258099921047687530517578125">
        <ele>9.6000003814697265625</ele>
        <time>2024-10-18T00:47:27.000Z</time>
        <extensions>
          <ns3:TrackPointExtension>
            <ns3:atemp>30.0</ns3:atemp>
            <ns3:hr>132</ns3:hr>
          </ns3:TrackPointExtension>
        </extensions>
      </trkpt>
      <trkpt lat="22.596608810126781463623046875" lon="114.30263179354369640350341796875">
        <ele>9.6000003814697265625</ele>
        <time>2024-10-18T00:47:28.000Z</time>
        <extensions>
          <ns3:TrackPointExtension>
            <ns3:atemp>30.0</ns3:atemp>
            <ns3:hr>131</ns3:hr>
          </ns3:TrackPointExtension>
        </extensions>
      </trkpt>
      <trkpt lat="22.59663420729339122772216796875" lon="114.302679486572742462158203125">
        <ele>9.6000003814697265625</ele>
        <time>2024-10-18T00:47:29.000Z</time>
        <extensions>
          <ns3:TrackPointExtension>
            <ns3:atemp>30.0</ns3:atemp>
            <ns3:hr>131</ns3:hr>
          </ns3:TrackPointExtension>
        </extensions>
      </trkpt>
      <trkpt lat="22.596666812896728515625" lon="114.30272432975471019744873046875">
        <ele>9.6000003814697265625</ele>
        <time>2024-10-18T00:47:30.000Z</time>
        <extensions>
          <ns3:TrackPointExtension>
            <ns3:atemp>30.0</ns3:atemp>
            <ns3:hr>131</ns3:hr>
          </ns3:TrackPointExtension>
        </extensions>
      </trkpt>
      <trkpt lat="22.59670310653746128082275390625" lon="114.302772693336009979248046875">
        <ele>9.3999996185302734375</ele>
        <time>2024-10-18T00:47:31.000Z</time>
        <extensions>
          <ns3:TrackPointExtension>
            <ns3:atemp>30.0</ns3:atemp>
            <ns3:hr>131</ns3:hr>
          </ns3:TrackPointExtension>
        </extensions>
      </trkpt>
      <trkpt lat="22.59674468077719211578369140625" lon="114.302817285060882568359375">
        <ele>9.3999996185302734375</ele>
        <time>2024-10-18T00:47:32.000Z</time>
        <extensions>
          <ns3:TrackPointExtension>
            <ns3:atemp>30.0</ns3:atemp>
            <ns3:hr>131</ns3:hr>
          </ns3:TrackPointExtension>
        </extensions>
      </trkpt>
      <trkpt lat="22.59679664857685565948486328125" lon="114.30285324342548847198486328125">
        <ele>9.3999996185302734375</ele>
        <time>2024-10-18T00:47:33.000Z</time>
        <extensions>
          <ns3:TrackPointExtension>
            <ns3:atemp>30.0</ns3:atemp>
            <ns3:hr>130</ns3:hr>
          </ns3:TrackPointExtension>
        </extensions>
      </trkpt>
      <trkpt lat="22.59685096330940723419189453125" lon="114.30287688039243221282958984375">
        <ele>9.6000003814697265625</ele>
        <time>2024-10-18T00:47:34.000Z</time>
        <extensions>
          <ns3:TrackPointExtension>
            <ns3:atemp>30.0</ns3:atemp>
            <ns3:hr>129</ns3:hr>
          </ns3:TrackPointExtension>
        </extensions>
      </trkpt>
      <trkpt lat="22.59690578095614910125732421875" lon="114.3029046244919300079345703125">
        <ele>9.6000003814697265625</ele>
        <time>2024-10-18T00:47:35.000Z</time>
        <extensions>
          <ns3:TrackPointExtension>
            <ns3:atemp>30.0</ns3:atemp>
            <ns3:hr>129</ns3:hr>
          </ns3:TrackPointExtension>
        </extensions>
      </trkpt>
      <trkpt lat="22.596955485641956329345703125" lon="114.3029421754181385040283203125">
        <ele>9.6000003814697265625</ele>
        <time>2024-10-18T00:47:36.000Z</time>
        <extensions>
          <ns3:TrackPointExtension>
            <ns3:atemp>30.0</ns3:atemp>
            <ns3:hr>129</ns3:hr>
          </ns3:TrackPointExtension>
        </extensions>
      </trkpt>
      <trkpt lat="22.5970025919377803802490234375" lon="114.30298567749559879302978515625">
        <ele>9.6000003814697265625</ele>
        <time>2024-10-18T00:47:37.000Z</time>
        <extensions>
          <ns3:TrackPointExtension>
            <ns3:atemp>30.0</ns3:atemp>
            <ns3:hr>128</ns3:hr>
          </ns3:TrackPointExtension>
        </extensions>
      </trkpt>
      <trkpt lat="22.5970465131103992462158203125" lon="114.3030345439910888671875">
        <ele>8.80000019073486328125</ele>
        <time>2024-10-18T00:47:38.000Z</time>
        <extensions>
          <ns3:TrackPointExtension>
            <ns3:atemp>30.0</ns3:atemp>
            <ns3:hr>127</ns3:hr>
          </ns3:TrackPointExtension>
        </extensions>
      </trkpt>
      <trkpt lat="22.59708683006465435028076171875" lon="114.30308525450527667999267578125">
        <ele>8.3999996185302734375</ele>
        <time>2024-10-18T00:47:39.000Z</time>
        <extensions>
          <ns3:TrackPointExtension>
            <ns3:atemp>30.0</ns3:atemp>
            <ns3:hr>127</ns3:hr>
          </ns3:TrackPointExtension>
        </extensions>
      </trkpt>
      <trkpt lat="22.5971185974776744842529296875" lon="114.303140826523303985595703125">
        <ele>8.19999980926513671875</ele>
        <time>2024-10-18T00:47:40.000Z</time>
        <extensions>
          <ns3:TrackPointExtension>
            <ns3:atemp>30.0</ns3:atemp>
            <ns3:hr>127</ns3:hr>
          </ns3:TrackPointExtension>
        </extensions>
      </trkpt>
      <trkpt lat="22.5971460901200771331787109375" lon="114.30320017039775848388671875">
        <ele>8</ele>
        <time>2024-10-18T00:47:41.000Z</time>
        <extensions>
          <ns3:TrackPointExtension>
            <ns3:atemp>30.0</ns3:atemp>
            <ns3:hr>126</ns3:hr>
          </ns3:TrackPointExtension>
        </extensions>
      </trkpt>
      <trkpt lat="22.59717131964862346649169921875" lon="114.30326093919575214385986328125">
        <ele>8</ele>
        <time>2024-10-18T00:47:42.000Z</time>
        <extensions>
          <ns3:TrackPointExtension>
            <ns3:atemp>30.0</ns3:atemp>
            <ns3:hr>127</ns3:hr>
          </ns3:TrackPointExtension>
        </extensions>
      </trkpt>
      <trkpt lat="22.59719713591039180755615234375" lon="114.30332028307020664215087890625">
        <ele>8</ele>
        <time>2024-10-18T00:47:43.000Z</time>
        <extensions>
          <ns3:TrackPointExtension>
            <ns3:atemp>30.0</ns3:atemp>
            <ns3:hr>127</ns3:hr>
          </ns3:TrackPointExtension>
        </extensions>
      </trkpt>
      <trkpt lat="22.5972258858382701873779296875" lon="114.30337644182145595550537109375">
        <ele>8.19999980926513671875</ele>
        <time>2024-10-18T00:47:44.000Z</time>
        <extensions>
          <ns3:TrackPointExtension>
            <ns3:atemp>30.0</ns3:atemp>
            <ns3:hr>128</ns3:hr>
          </ns3:TrackPointExtension>
        </extensions>
      </trkpt>
      <trkpt lat="22.597255893051624298095703125" lon="114.3034323491156101226806640625">
        <ele>8.19999980926513671875</ele>
        <time>2024-10-18T00:47:45.000Z</time>
        <extensions>
          <ns3:TrackPointExtension>
            <ns3:atemp>30.0</ns3:atemp>
            <ns3:hr>128</ns3:hr>
          </ns3:TrackPointExtension>
        </extensions>
      </trkpt>
      <trkpt lat="22.5972882471978664398193359375" lon="114.30349026806652545928955078125">
        <ele>8.3999996185302734375</ele>
        <time>2024-10-18T00:47:46.000Z</time>
        <extensions>
          <ns3:TrackPointExtension>
            <ns3:atemp>30.0</ns3:atemp>
            <ns3:hr>129</ns3:hr>
          </ns3:TrackPointExtension>
        </extensions>
      </trkpt>
      <trkpt lat="22.5973254628479480743408203125" lon="114.30354391224682331085205078125">
        <ele>8.80000019073486328125</ele>
        <time>2024-10-18T00:47:47.000Z</time>
        <extensions>
          <ns3:TrackPointExtension>
            <ns3:atemp>30.0</ns3:atemp>
            <ns3:hr>129</ns3:hr>
          </ns3:TrackPointExtension>
        </extensions>
      </trkpt>
      <trkpt lat="22.5973710604012012481689453125" lon="114.30359303019940853118896484375">
        <ele>9</ele>
        <time>2024-10-18T00:47:48.000Z</time>
        <extensions>
          <ns3:TrackPointExtension>
            <ns3:atemp>30.0</ns3:atemp>
            <ns3:hr>130</ns3:hr>
          </ns3:TrackPointExtension>
        </extensions>
      </trkpt>
      <trkpt lat="22.59742260910570621490478515625" lon="114.30363359861075878143310546875">
        <ele>9</ele>
        <time>2024-10-18T00:47:49.000Z</time>
        <extensions>
          <ns3:TrackPointExtension>
            <ns3:atemp>30.0</ns3:atemp>
            <ns3:hr>130</ns3:hr>
          </ns3:TrackPointExtension>
        </extensions>
      </trkpt>
      <trkpt lat="22.5974783487617969512939453125" lon="114.30367047898471355438232421875">
        <ele>8.80000019073486328125</ele>
        <time>2024-10-18T00:47:50.000Z</time>
        <extensions>
          <ns3:TrackPointExtension>
            <ns3:atemp>30.0</ns3:atemp>
            <ns3:hr>130</ns3:hr>
          </ns3:TrackPointExtension>
        </extensions>
      </trkpt>
      <trkpt lat="22.59753945283591747283935546875" lon="114.30370316840708255767822265625">
        <ele>8.80000019073486328125</ele>
        <time>2024-10-18T00:47:51.000Z</time>
        <extensions>
          <ns3:TrackPointExtension>
            <ns3:atemp>30.0</ns3:atemp>
            <ns3:hr>130</ns3:hr>
          </ns3:TrackPointExtension>
        </extensions>
      </trkpt>
      <trkpt lat="22.59760265238583087921142578125" lon="114.3037367798388004302978515625">
        <ele>8.80000019073486328125</ele>
        <time>2024-10-18T00:47:52.000Z</time>
        <extensions>
          <ns3:TrackPointExtension>
            <ns3:atemp>30.0</ns3:atemp>
            <ns3:hr>130</ns3:hr>
          </ns3:TrackPointExtension>
        </extensions>
      </trkpt>
      <trkpt lat="22.59766526520252227783203125" lon="114.30376938544213771820068359375">
        <ele>8.6000003814697265625</ele>
        <time>2024-10-18T00:47:53.000Z</time>
        <extensions>
          <ns3:TrackPointExtension>
            <ns3:atemp>30.0</ns3:atemp>
            <ns3:hr>131</ns3:hr>
          </ns3:TrackPointExtension>
        </extensions>
      </trkpt>
      <trkpt lat="22.597721256315708160400390625" lon="114.30381179787218570709228515625">
        <ele>8.6000003814697265625</ele>
        <time>2024-10-18T00:47:54.000Z</time>
        <extensions>
          <ns3:TrackPointExtension>
            <ns3:atemp>30.0</ns3:atemp>
            <ns3:hr>131</ns3:hr>
          </ns3:TrackPointExtension>
        </extensions>
      </trkpt>
      <trkpt lat="22.5977732241153717041015625" lon="114.30385421030223369598388671875">
        <ele>8.3999996185302734375</ele>
        <time>2024-10-18T00:47:55.000Z</time>
        <extensions>
          <ns3:TrackPointExtension>
            <ns3:atemp>30.0</ns3:atemp>
            <ns3:hr>131</ns3:hr>
          </ns3:TrackPointExtension>
        </extensions>
      </trkpt>
      <trkpt lat="22.59782175533473491668701171875" lon="114.30387617088854312896728515625">
        <ele>8.3999996185302734375</ele>
        <time>2024-10-18T00:47:56.000Z</time>
        <extensions>
          <ns3:TrackPointExtension>
            <ns3:atemp>30.0</ns3:atemp>
            <ns3:hr>131</ns3:hr>
          </ns3:TrackPointExtension>
        </extensions>
      </trkpt>
      <trkpt lat="22.59786307811737060546875" lon="114.30386728607118129730224609375">
        <ele>8.3999996185302734375</ele>
        <time>2024-10-18T00:47:57.000Z</time>
        <extensions>
          <ns3:TrackPointExtension>
            <ns3:atemp>30.0</ns3:atemp>
            <ns3:hr>131</ns3:hr>
          </ns3:TrackPointExtension>
        </extensions>
      </trkpt>
      <trkpt lat="22.5979019701480865478515625" lon="114.30384633131325244903564453125">
        <ele>8.3999996185302734375</ele>
        <time>2024-10-18T00:47:58.000Z</time>
        <extensions>
          <ns3:TrackPointExtension>
            <ns3:atemp>30.0</ns3:atemp>
            <ns3:hr>131</ns3:hr>
          </ns3:TrackPointExtension>
        </extensions>
      </trkpt>
      <trkpt lat="22.59794647805392742156982421875" lon="114.30384063161909580230712890625">
        <ele>8.6000003814697265625</ele>
        <time>2024-10-18T00:47:59.000Z</time>
        <extensions>
          <ns3:TrackPointExtension>
            <ns3:atemp>30.0</ns3:atemp>
            <ns3:hr>131</ns3:hr>
          </ns3:TrackPointExtension>
        </extensions>
      </trkpt>
      <trkpt lat="22.59798972867429256439208984375" lon="114.3038544617593288421630859375">
        <ele>8.6000003814697265625</ele>
        <time>2024-10-18T00:48:00.000Z</time>
        <extensions>
          <ns3:TrackPointExtension>
            <ns3:atemp>30.0</ns3:atemp>
            <ns3:hr>131</ns3:hr>
          </ns3:TrackPointExtension>
        </extensions>
      </trkpt>
      <trkpt lat="22.5980295427143573760986328125" lon="114.303881116211414337158203125">
        <ele>8.6000003814697265625</ele>
        <time>2024-10-18T00:48:01.000Z</time>
        <extensions>
          <ns3:TrackPointExtension>
            <ns3:atemp>31.0</ns3:atemp>
            <ns3:hr>130</ns3:hr>
          </ns3:TrackPointExtension>
        </extensions>
      </trkpt>
      <trkpt lat="22.59806768037378787994384765625" lon="114.3039127998054027557373046875">
        <ele>8.6000003814697265625</ele>
        <time>2024-10-18T00:48:02.000Z</time>
        <extensions>
          <ns3:TrackPointExtension>
            <ns3:atemp>30.0</ns3:atemp>
            <ns3:hr>130</ns3:hr>
          </ns3:TrackPointExtension>
        </extensions>
      </trkpt>
      <trkpt lat="22.598102800548076629638671875" lon="114.3039526976644992828369140625">
        <ele>8.3999996185302734375</ele>
        <time>2024-10-18T00:48:03.000Z</time>
        <extensions>
          <ns3:TrackPointExtension>
            <ns3:atemp>30.0</ns3:atemp>
            <ns3:hr>130</ns3:hr>
          </ns3:TrackPointExtension>
        </extensions>
      </trkpt>
      <trkpt lat="22.59813305921852588653564453125" lon="114.30399737320840358734130859375">
        <ele>8.3999996185302734375</ele>
        <time>2024-10-18T00:48:04.000Z</time>
        <extensions>
          <ns3:TrackPointExtension>
            <ns3:atemp>30.0</ns3:atemp>
            <ns3:hr>130</ns3:hr>
          </ns3:TrackPointExtension>
        </extensions>
      </trkpt>
      <trkpt lat="22.59817563928663730621337890625" lon="114.30404372513294219970703125">
        <ele>8.19999980926513671875</ele>
        <time>2024-10-18T00:48:05.000Z</time>
        <extensions>
          <ns3:TrackPointExtension>
            <ns3:atemp>31.0</ns3:atemp>
            <ns3:hr>130</ns3:hr>
          </ns3:TrackPointExtension>
        </extensions>
      </trkpt>
      <trkpt lat="22.59823146276175975799560546875" lon="114.30408320389688014984130859375">
        <ele>7.599999904632568359375</ele>
        <time>2024-10-18T00:48:06.000Z</time>
        <extensions>
          <ns3:TrackPointExtension>
            <ns3:atemp>30.0</ns3:atemp>
            <ns3:hr>130</ns3:hr>
          </ns3:TrackPointExtension>
        </extensions>
      </trkpt>
      <trkpt lat="22.598285190761089324951171875" lon="114.30412352085113525390625">
        <ele>6.80000019073486328125</ele>
        <time>2024-10-18T00:48:07.000Z</time>
        <extensions>
          <ns3:TrackPointExtension>
            <ns3:atemp>30.0</ns3:atemp>
            <ns3:hr>130</ns3:hr>
          </ns3:TrackPointExtension>
        </extensions>
      </trkpt>
      <trkpt lat="22.59834260679781436920166015625" lon="114.30416534654796123504638671875">
        <ele>6.400000095367431640625</ele>
        <time>2024-10-18T00:48:08.000Z</time>
        <extensions>
          <ns3:TrackPointExtension>
            <ns3:atemp>31.0</ns3:atemp>
            <ns3:hr>130</ns3:hr>
          </ns3:TrackPointExtension>
        </extensions>
      </trkpt>
      <trkpt lat="22.5984013639390468597412109375" lon="114.3042053282260894775390625">
        <ele>6.19999980926513671875</ele>
        <time>2024-10-18T00:48:09.000Z</time>
        <extensions>
          <ns3:TrackPointExtension>
            <ns3:atemp>30.0</ns3:atemp>
            <ns3:hr>130</ns3:hr>
          </ns3:TrackPointExtension>
        </extensions>
      </trkpt>
      <trkpt lat="22.598450146615505218505859375" lon="114.30424681864678859710693359375">
        <ele>6</ele>
        <time>2024-10-18T00:48:10.000Z</time>
        <extensions>
          <ns3:TrackPointExtension>
            <ns3:atemp>30.0</ns3:atemp>
            <ns3:hr>130</ns3:hr>
          </ns3:TrackPointExtension>
        </extensions>
      </trkpt>
      <trkpt lat="22.59849515743553638458251953125" lon="114.304286129772663116455078125">
        <ele>6</ele>
        <time>2024-10-18T00:48:11.000Z</time>
        <extensions>
          <ns3:TrackPointExtension>
            <ns3:atemp>30.0</ns3:atemp>
            <ns3:hr>130</ns3:hr>
          </ns3:TrackPointExtension>
        </extensions>
      </trkpt>
      <trkpt lat="22.5985411740839481353759765625" lon="114.30432141758501529693603515625">
        <ele>6</ele>
        <time>2024-10-18T00:48:12.000Z</time>
        <extensions>
          <ns3:TrackPointExtension>
            <ns3:atemp>30.0</ns3:atemp>
            <ns3:hr>130</ns3:hr>
          </ns3:TrackPointExtension>
        </extensions>
      </trkpt>
      <trkpt lat="22.598586268723011016845703125" lon="114.30435620248317718505859375">
        <ele>6.400000095367431640625</ele>
        <time>2024-10-18T00:48:13.000Z</time>
        <extensions>
          <ns3:TrackPointExtension>
            <ns3:atemp>30.0</ns3:atemp>
            <ns3:hr>130</ns3:hr>
          </ns3:TrackPointExtension>
        </extensions>
      </trkpt>
      <trkpt lat="22.598632536828517913818359375" lon="114.30439216084778308868408203125">
        <ele>6.80000019073486328125</ele>
        <time>2024-10-18T00:48:14.000Z</time>
        <extensions>
          <ns3:TrackPointExtension>
            <ns3:atemp>30.0</ns3:atemp>
            <ns3:hr>130</ns3:hr>
          </ns3:TrackPointExtension>
        </extensions>
      </trkpt>
      <trkpt lat="22.59867821820080280303955078125" lon="114.304427616298198699951171875">
        <ele>6.80000019073486328125</ele>
        <time>2024-10-18T00:48:15.000Z</time>
        <extensions>
          <ns3:TrackPointExtension>
            <ns3:atemp>31.0</ns3:atemp>
            <ns3:hr>129</ns3:hr>
          </ns3:TrackPointExtension>
        </extensions>
      </trkpt>
      <trkpt lat="22.5987272523343563079833984375" lon="114.304461143910884857177734375">
        <ele>7</ele>
        <time>2024-10-18T00:48:16.000Z</time>
        <extensions>
          <ns3:TrackPointExtension>
            <ns3:atemp>31.0</ns3:atemp>
            <ns3:hr>129</ns3:hr>
          </ns3:TrackPointExtension>
        </extensions>
      </trkpt>
      <trkpt lat="22.59877662174403667449951171875" lon="114.3044945038855075836181640625">
        <ele>7</ele>
        <time>2024-10-18T00:48:17.000Z</time>
        <extensions>
          <ns3:TrackPointExtension>
            <ns3:atemp>31.0</ns3:atemp>
            <ns3:hr>129</ns3:hr>
          </ns3:TrackPointExtension>
        </extensions>
      </trkpt>
      <trkpt lat="22.59882573969662189483642578125" lon="114.30452962405979633331298828125">
        <ele>7.19999980926513671875</ele>
        <time>2024-10-18T00:48:18.000Z</time>
        <extensions>
          <ns3:TrackPointExtension>
            <ns3:atemp>31.0</ns3:atemp>
            <ns3:hr>129</ns3:hr>
          </ns3:TrackPointExtension>
        </extensions>
      </trkpt>
      <trkpt lat="22.5988741032779216766357421875" lon="114.30456432513892650604248046875">
        <ele>7.19999980926513671875</ele>
        <time>2024-10-18T00:48:19.000Z</time>
        <extensions>
          <ns3:TrackPointExtension>
            <ns3:atemp>31.0</ns3:atemp>
            <ns3:hr>128</ns3:hr>
          </ns3:TrackPointExtension>
        </extensions>
      </trkpt>
      <trkpt lat="22.598925568163394927978515625" lon="114.3045996129512786865234375">
        <ele>7.19999980926513671875</ele>
        <time>2024-10-18T00:48:20.000Z</time>
        <extensions>
          <ns3:TrackPointExtension>
            <ns3:atemp>31.0</ns3:atemp>
            <ns3:hr>128</ns3:hr>
          </ns3:TrackPointExtension>
        </extensions>
      </trkpt>
      <trkpt lat="22.598976194858551025390625" lon="114.3046344816684722900390625">
        <ele>7.19999980926513671875</ele>
        <time>2024-10-18T00:48:21.000Z</time>
        <extensions>
          <ns3:TrackPointExtension>
            <ns3:atemp>31.0</ns3:atemp>
            <ns3:hr>128</ns3:hr>
          </ns3:TrackPointExtension>
        </extensions>
      </trkpt>
      <trkpt lat="22.5990256480872631072998046875" lon="114.3046695180237293243408203125">
        <ele>7.400000095367431640625</ele>
        <time>2024-10-18T00:48:22.000Z</time>
        <extensions>
          <ns3:TrackPointExtension>
            <ns3:atemp>31.0</ns3:atemp>
            <ns3:hr>128</ns3:hr>
          </ns3:TrackPointExtension>
        </extensions>
      </trkpt>
      <trkpt lat="22.5990789569914340972900390625" lon="114.3047050572931766510009765625">
        <ele>7.599999904632568359375</ele>
        <time>2024-10-18T00:48:23.000Z</time>
        <extensions>
          <ns3:TrackPointExtension>
            <ns3:atemp>31.0</ns3:atemp>
            <ns3:hr>128</ns3:hr>
          </ns3:TrackPointExtension>
        </extensions>
      </trkpt>
      <trkpt lat="22.599125392735004425048828125" lon="114.30473950691521167755126953125">
        <ele>7.599999904632568359375</ele>
        <time>2024-10-18T00:48:24.000Z</time>
        <extensions>
          <ns3:TrackPointExtension>
            <ns3:atemp>30.0</ns3:atemp>
            <ns3:hr>129</ns3:hr>
          </ns3:TrackPointExtension>
        </extensions>
      </trkpt>
      <trkpt lat="22.5991708226501941680908203125" lon="114.304773621261119842529296875">
        <ele>7.80000019073486328125</ele>
        <time>2024-10-18T00:48:25.000Z</time>
        <extensions>
          <ns3:TrackPointExtension>
            <ns3:atemp>31.0</ns3:atemp>
            <ns3:hr>129</ns3:hr>
          </ns3:TrackPointExtension>
        </extensions>
      </trkpt>
      <trkpt lat="22.59921113960444927215576171875" lon="114.30481192655861377716064453125">
        <ele>7.80000019073486328125</ele>
        <time>2024-10-18T00:48:26.000Z</time>
        <extensions>
          <ns3:TrackPointExtension>
            <ns3:atemp>31.0</ns3:atemp>
            <ns3:hr>128</ns3:hr>
          </ns3:TrackPointExtension>
        </extensions>
      </trkpt>
      <trkpt lat="22.5992499478161334991455078125" lon="114.30485484190285205841064453125">
        <ele>8</ele>
        <time>2024-10-18T00:48:27.000Z</time>
        <extensions>
          <ns3:TrackPointExtension>
            <ns3:atemp>31.0</ns3:atemp>
            <ns3:hr>128</ns3:hr>
          </ns3:TrackPointExtension>
        </extensions>
      </trkpt>
      <trkpt lat="22.59929261170327663421630859375" lon="114.30489423684775829315185546875">
        <ele>8</ele>
        <time>2024-10-18T00:48:28.000Z</time>
        <extensions>
          <ns3:TrackPointExtension>
            <ns3:atemp>31.0</ns3:atemp>
            <ns3:hr>128</ns3:hr>
          </ns3:TrackPointExtension>
        </extensions>
      </trkpt>
      <trkpt lat="22.5993391312658786773681640625" lon="114.3049280159175395965576171875">
        <ele>8</ele>
        <time>2024-10-18T00:48:29.000Z</time>
        <extensions>
          <ns3:TrackPointExtension>
            <ns3:atemp>31.0</ns3:atemp>
            <ns3:hr>128</ns3:hr>
          </ns3:TrackPointExtension>
        </extensions>
      </trkpt>
      <trkpt lat="22.5993894226849079132080078125" lon="114.30496330372989177703857421875">
        <ele>8</ele>
        <time>2024-10-18T00:48:30.000Z</time>
        <extensions>
          <ns3:TrackPointExtension>
            <ns3:atemp>31.0</ns3:atemp>
            <ns3:hr>128</ns3:hr>
          </ns3:TrackPointExtension>
        </extensions>
      </trkpt>
      <trkpt lat="22.59944365359842777252197265625" lon="114.304998256266117095947265625">
        <ele>8</ele>
        <time>2024-10-18T00:48:31.000Z</time>
        <extensions>
          <ns3:TrackPointExtension>
            <ns3:atemp>31.0</ns3:atemp>
            <ns3:hr>128</ns3:hr>
          </ns3:TrackPointExtension>
        </extensions>
      </trkpt>
      <trkpt lat="22.59949981234967708587646484375" lon="114.30503346025943756103515625">
        <ele>8</ele>
        <time>2024-10-18T00:48:32.000Z</time>
        <extensions>
          <ns3:TrackPointExtension>
            <ns3:atemp>31.0</ns3:atemp>
            <ns3:hr>128</ns3:hr>
          </ns3:TrackPointExtension>
        </extensions>
      </trkpt>
      <trkpt lat="22.599553875625133514404296875" lon="114.30506765842437744140625">
        <ele>8</ele>
        <time>2024-10-18T00:48:33.000Z</time>
        <extensions>
          <ns3:TrackPointExtension>
            <ns3:atemp>30.0</ns3:atemp>
            <ns3:hr>128</ns3:hr>
          </ns3:TrackPointExtension>
        </extensions>
      </trkpt>
      <trkpt lat="22.5996073521673679351806640625" lon="114.30510596372187137603759765625">
        <ele>7.80000019073486328125</ele>
        <time>2024-10-18T00:48:34.000Z</time>
        <extensions>
          <ns3:TrackPointExtension>
            <ns3:atemp>31.0</ns3:atemp>
            <ns3:hr>128</ns3:hr>
          </ns3:TrackPointExtension>
        </extensions>
      </trkpt>
      <trkpt lat="22.59966527111828327178955078125" lon="114.30514871142804622650146484375">
        <ele>7.80000019073486328125</ele>
        <time>2024-10-18T00:48:35.000Z</time>
        <extensions>
          <ns3:TrackPointExtension>
            <ns3:atemp>31.0</ns3:atemp>
            <ns3:hr>128</ns3:hr>
          </ns3:TrackPointExtension>
        </extensions>
      </trkpt>
      <trkpt lat="22.59972210042178630828857421875" lon="114.30519330315291881561279296875">
        <ele>7.599999904632568359375</ele>
        <time>2024-10-18T00:48:36.000Z</time>
        <extensions>
          <ns3:TrackPointExtension>
            <ns3:atemp>31.0</ns3:atemp>
            <ns3:hr>128</ns3:hr>
          </ns3:TrackPointExtension>
        </extensions>
      </trkpt>
      <trkpt lat="22.59977591224014759063720703125" lon="114.3052394874393939971923828125">
        <ele>7.599999904632568359375</ele>
        <time>2024-10-18T00:48:37.000Z</time>
        <extensions>
          <ns3:TrackPointExtension>
            <ns3:atemp>31.0</ns3:atemp>
            <ns3:hr>128</ns3:hr>
          </ns3:TrackPointExtension>
        </extensions>
      </trkpt>
      <trkpt lat="22.5998279638588428497314453125" lon="114.30528818629682064056396484375">
        <ele>7.400000095367431640625</ele>
        <time>2024-10-18T00:48:38.000Z</time>
        <extensions>
          <ns3:TrackPointExtension>
            <ns3:atemp>31.0</ns3:atemp>
            <ns3:hr>129</ns3:hr>
          </ns3:TrackPointExtension>
        </extensions>
      </trkpt>
      <trkpt lat="22.59988269768655300140380859375" lon="114.30533386766910552978515625">
        <ele>7.19999980926513671875</ele>
        <time>2024-10-18T00:48:39.000Z</time>
        <extensions>
          <ns3:TrackPointExtension>
            <ns3:atemp>31.0</ns3:atemp>
            <ns3:hr>129</ns3:hr>
          </ns3:TrackPointExtension>
        </extensions>
      </trkpt>
      <trkpt lat="22.59994086809456348419189453125" lon="114.305378459393978118896484375">
        <ele>7</ele>
        <time>2024-10-18T00:48:40.000Z</time>
        <extensions>
          <ns3:TrackPointExtension>
            <ns3:atemp>31.0</ns3:atemp>
            <ns3:hr>131</ns3:hr>
          </ns3:TrackPointExtension>
        </extensions>
      </trkpt>
      <trkpt lat="22.600003145635128021240234375" lon="114.3054215423762798309326171875">
        <ele>7</ele>
        <time>2024-10-18T00:48:41.000Z</time>
        <extensions>
          <ns3:TrackPointExtension>
            <ns3:atemp>31.0</ns3:atemp>
            <ns3:hr>131</ns3:hr>
          </ns3:TrackPointExtension>
        </extensions>
      </trkpt>
      <trkpt lat="22.60006609372794628143310546875" lon="114.3054668046534061431884765625">
        <ele>6.80000019073486328125</ele>
        <time>2024-10-18T00:48:42.000Z</time>
        <extensions>
          <ns3:TrackPointExtension>
            <ns3:atemp>31.0</ns3:atemp>
            <ns3:hr>132</ns3:hr>
          </ns3:TrackPointExtension>
        </extensions>
      </trkpt>
      <trkpt lat="22.6001250185072422027587890625" lon="114.30551097728312015533447265625">
        <ele>6.599999904632568359375</ele>
        <time>2024-10-18T00:48:43.000Z</time>
        <extensions>
          <ns3:TrackPointExtension>
            <ns3:atemp>31.0</ns3:atemp>
            <ns3:hr>133</ns3:hr>
          </ns3:TrackPointExtension>
        </extensions>
      </trkpt>
      <trkpt lat="22.60018427856266498565673828125" lon="114.30554919876158237457275390625">
        <ele>6.599999904632568359375</ele>
        <time>2024-10-18T00:48:44.000Z</time>
        <extensions>
          <ns3:TrackPointExtension>
            <ns3:atemp>31.0</ns3:atemp>
            <ns3:hr>133</ns3:hr>
          </ns3:TrackPointExtension>
        </extensions>
      </trkpt>
      <trkpt lat="22.6002376712858676910400390625" lon="114.30559311993420124053955078125">
        <ele>6.400000095367431640625</ele>
        <time>2024-10-18T00:48:45.000Z</time>
        <extensions>
          <ns3:TrackPointExtension>
            <ns3:atemp>31.0</ns3:atemp>
            <ns3:hr>133</ns3:hr>
          </ns3:TrackPointExtension>
        </extensions>
      </trkpt>
      <trkpt lat="22.60029072873294353485107421875" lon="114.305636622011661529541015625">
        <ele>6.19999980926513671875</ele>
        <time>2024-10-18T00:48:46.000Z</time>
        <extensions>
          <ns3:TrackPointExtension>
            <ns3:atemp>31.0</ns3:atemp>
            <ns3:hr>134</ns3:hr>
          </ns3:TrackPointExtension>
        </extensions>
      </trkpt>
      <trkpt lat="22.600344121456146240234375" lon="114.30567241273820400238037109375">
        <ele>6.19999980926513671875</ele>
        <time>2024-10-18T00:48:47.000Z</time>
        <extensions>
          <ns3:TrackPointExtension>
            <ns3:atemp>31.0</ns3:atemp>
            <ns3:hr>134</ns3:hr>
          </ns3:TrackPointExtension>
        </extensions>
      </trkpt>
      <trkpt lat="22.60039986111223697662353515625" lon="114.30570644326508045196533203125">
        <ele>6.19999980926513671875</ele>
        <time>2024-10-18T00:48:48.000Z</time>
        <extensions>
          <ns3:TrackPointExtension>
            <ns3:atemp>31.0</ns3:atemp>
            <ns3:hr>134</ns3:hr>
          </ns3:TrackPointExtension>
        </extensions>
      </trkpt>
      <trkpt lat="22.6004502363502979278564453125" lon="114.305745251476764678955078125">
        <ele>6.19999980926513671875</ele>
        <time>2024-10-18T00:48:49.000Z</time>
        <extensions>
          <ns3:TrackPointExtension>
            <ns3:atemp>31.0</ns3:atemp>
            <ns3:hr>134</ns3:hr>
          </ns3:TrackPointExtension>
        </extensions>
      </trkpt>
      <trkpt lat="22.60048787109553813934326171875" lon="114.30579042993485927581787109375">
        <ele>6.19999980926513671875</ele>
        <time>2024-10-18T00:48:50.000Z</time>
        <extensions>
          <ns3:TrackPointExtension>
            <ns3:atemp>31.0</ns3:atemp>
            <ns3:hr>134</ns3:hr>
          </ns3:TrackPointExtension>
        </extensions>
      </trkpt>
      <trkpt lat="22.600523494184017181396484375" lon="114.30582747794687747955322265625">
        <ele>6.19999980926513671875</ele>
        <time>2024-10-18T00:48:51.000Z</time>
        <extensions>
          <ns3:TrackPointExtension>
            <ns3:atemp>31.0</ns3:atemp>
            <ns3:hr>134</ns3:hr>
          </ns3:TrackPointExtension>
        </extensions>
      </trkpt>
      <trkpt lat="22.60054687969386577606201171875" lon="114.3058567307889461517333984375">
        <ele>6.19999980926513671875</ele>
        <time>2024-10-18T00:48:52.000Z</time>
        <extensions>
          <ns3:TrackPointExtension>
            <ns3:atemp>31.0</ns3:atemp>
            <ns3:hr>134</ns3:hr>
          </ns3:TrackPointExtension>
        </extensions>
      </trkpt>
      <trkpt lat="22.600562386214733123779296875" lon="114.30588237941265106201171875">
        <ele>6.19999980926513671875</ele>
        <time>2024-10-18T00:48:53.000Z</time>
        <extensions>
          <ns3:TrackPointExtension>
            <ns3:atemp>31.0</ns3:atemp>
            <ns3:hr>133</ns3:hr>
          </ns3:TrackPointExtension>
        </extensions>
      </trkpt>
      <trkpt lat="22.600573785603046417236328125" lon="114.30591129697859287261962890625">
        <ele>6.19999980926513671875</ele>
        <time>2024-10-18T00:48:54.000Z</time>
        <extensions>
          <ns3:TrackPointExtension>
            <ns3:atemp>31.0</ns3:atemp>
            <ns3:hr>133</ns3:hr>
          </ns3:TrackPointExtension>
        </extensions>
      </trkpt>
      <trkpt lat="22.60058945976197719573974609375" lon="114.30593912489712238311767578125">
        <ele>6.19999980926513671875</ele>
        <time>2024-10-18T00:48:55.000Z</time>
        <extensions>
          <ns3:TrackPointExtension>
            <ns3:atemp>31.0</ns3:atemp>
            <ns3:hr>133</ns3:hr>
          </ns3:TrackPointExtension>
        </extensions>
      </trkpt>
      <trkpt lat="22.6006091572344303131103515625" lon="114.30596577934920787811279296875">
        <ele>6.19999980926513671875</ele>
        <time>2024-10-18T00:48:56.000Z</time>
        <extensions>
          <ns3:TrackPointExtension>
            <ns3:atemp>31.0</ns3:atemp>
            <ns3:hr>133</ns3:hr>
          </ns3:TrackPointExtension>
        </extensions>
      </trkpt>
      <trkpt lat="22.6006275974214076995849609375" lon="114.30599276907742023468017578125">
        <ele>6.19999980926513671875</ele>
        <time>2024-10-18T00:48:57.000Z</time>
        <extensions>
          <ns3:TrackPointExtension>
            <ns3:atemp>31.0</ns3:atemp>
            <ns3:hr>133</ns3:hr>
          </ns3:TrackPointExtension>
        </extensions>
      </trkpt>
      <trkpt lat="22.6006611250340938568115234375" lon="114.306016154587268829345703125">
        <ele>6</ele>
        <time>2024-10-18T00:48:58.000Z</time>
        <extensions>
          <ns3:TrackPointExtension>
            <ns3:atemp>31.0</ns3:atemp>
            <ns3:hr>133</ns3:hr>
          </ns3:TrackPointExtension>
        </extensions>
      </trkpt>
      <trkpt lat="22.60069691576063632965087890625" lon="114.306044988334178924560546875">
        <ele>6</ele>
        <time>2024-10-18T00:48:59.000Z</time>
        <extensions>
          <ns3:TrackPointExtension>
            <ns3:atemp>31.0</ns3:atemp>
            <ns3:hr>133</ns3:hr>
          </ns3:TrackPointExtension>
        </extensions>
      </trkpt>
      <trkpt lat="22.60073362849652767181396484375" lon="114.30607759393751621246337890625">
        <ele>6</ele>
        <time>2024-10-18T00:49:00.000Z</time>
        <extensions>
          <ns3:TrackPointExtension>
            <ns3:atemp>31.0</ns3:atemp>
            <ns3:hr>133</ns3:hr>
          </ns3:TrackPointExtension>
        </extensions>
      </trkpt>
      <trkpt lat="22.600765228271484375" lon="114.30611497722566127777099609375">
        <ele>6</ele>
        <time>2024-10-18T00:49:01.000Z</time>
        <extensions>
          <ns3:TrackPointExtension>
            <ns3:atemp>31.0</ns3:atemp>
            <ns3:hr>132</ns3:hr>
          </ns3:TrackPointExtension>
        </extensions>
      </trkpt>
      <trkpt lat="22.60080018080770969390869140625" lon="114.3061524443328380584716796875">
        <ele>6</ele>
        <time>2024-10-18T00:49:02.000Z</time>
        <extensions>
          <ns3:TrackPointExtension>
            <ns3:atemp>31.0</ns3:atemp>
            <ns3:hr>132</ns3:hr>
          </ns3:TrackPointExtension>
        </extensions>
      </trkpt>
      <trkpt lat="22.60084443725645542144775390625" lon="114.30617742240428924560546875">
        <ele>5.80000019073486328125</ele>
        <time>2024-10-18T00:49:03.000Z</time>
        <extensions>
          <ns3:TrackPointExtension>
            <ns3:atemp>31.0</ns3:atemp>
            <ns3:hr>131</ns3:hr>
          </ns3:TrackPointExtension>
        </extensions>
      </trkpt>
      <trkpt lat="22.60089456103742122650146484375" lon="114.30618018843233585357666015625">
        <ele>5.80000019073486328125</ele>
        <time>2024-10-18T00:49:04.000Z</time>
        <extensions>
          <ns3:TrackPointExtension>
            <ns3:atemp>31.0</ns3:atemp>
            <ns3:hr>130</ns3:hr>
          </ns3:TrackPointExtension>
        </extensions>
      </trkpt>
      <trkpt lat="22.600939236581325531005859375" lon="114.3061673641204833984375">
        <ele>6</ele>
        <time>2024-10-18T00:49:05.000Z</time>
        <extensions>
          <ns3:TrackPointExtension>
            <ns3:atemp>31.0</ns3:atemp>
            <ns3:hr>130</ns3:hr>
          </ns3:TrackPointExtension>
        </extensions>
      </trkpt>
      <trkpt lat="22.60098315775394439697265625" lon="114.3061454035341739654541015625">
        <ele>6</ele>
        <time>2024-10-18T00:49:06.000Z</time>
        <extensions>
          <ns3:TrackPointExtension>
            <ns3:atemp>30.0</ns3:atemp>
            <ns3:hr>129</ns3:hr>
          </ns3:TrackPointExtension>
        </extensions>
      </trkpt>
      <trkpt lat="22.6010218821465969085693359375" lon="114.306111037731170654296875">
        <ele>6.19999980926513671875</ele>
        <time>2024-10-18T00:49:07.000Z</time>
        <extensions>
          <ns3:TrackPointExtension>
            <ns3:atemp>30.0</ns3:atemp>
            <ns3:hr>129</ns3:hr>
          </ns3:TrackPointExtension>
        </extensions>
      </trkpt>
      <trkpt lat="22.60105432011187076568603515625" lon="114.30607440881431102752685546875">
        <ele>6.400000095367431640625</ele>
        <time>2024-10-18T00:49:08.000Z</time>
        <extensions>
          <ns3:TrackPointExtension>
            <ns3:atemp>31.0</ns3:atemp>
            <ns3:hr>129</ns3:hr>
          </ns3:TrackPointExtension>
        </extensions>
      </trkpt>
      <trkpt lat="22.6010892726480960845947265625" lon="114.30603451095521450042724609375">
        <ele>6.400000095367431640625</ele>
        <time>2024-10-18T00:49:09.000Z</time>
        <extensions>
          <ns3:TrackPointExtension>
            <ns3:atemp>31.0</ns3:atemp>
            <ns3:hr>129</ns3:hr>
          </ns3:TrackPointExtension>
        </extensions>
      </trkpt>
      <trkpt lat="22.601133026182651519775390625" lon="114.305998720228672027587890625">
        <ele>6.599999904632568359375</ele>
        <time>2024-10-18T00:49:10.000Z</time>
        <extensions>
          <ns3:TrackPointExtension>
            <ns3:atemp>31.0</ns3:atemp>
            <ns3:hr>129</ns3:hr>
          </ns3:TrackPointExtension>
        </extensions>
      </trkpt>
      <trkpt lat="22.60117418132722377777099609375" lon="114.305959828197956085205078125">
        <ele>6.599999904632568359375</ele>
        <time>2024-10-18T00:49:11.000Z</time>
        <extensions>
          <ns3:TrackPointExtension>
            <ns3:atemp>31.0</ns3:atemp>
            <ns3:hr>129</ns3:hr>
          </ns3:TrackPointExtension>
        </extensions>
      </trkpt>
      <trkpt lat="22.60121005587279796600341796875" lon="114.305917583405971527099609375">
        <ele>6.599999904632568359375</ele>
        <time>2024-10-18T00:49:12.000Z</time>
        <extensions>
          <ns3:TrackPointExtension>
            <ns3:atemp>31.0</ns3:atemp>
            <ns3:hr>129</ns3:hr>
          </ns3:TrackPointExtension>
        </extensions>
      </trkpt>
      <trkpt lat="22.60125179775059223175048828125" lon="114.30587173439562320709228515625">
        <ele>6.599999904632568359375</ele>
        <time>2024-10-18T00:49:13.000Z</time>
        <extensions>
          <ns3:TrackPointExtension>
            <ns3:atemp>31.0</ns3:atemp>
            <ns3:hr>129</ns3:hr>
          </ns3:TrackPointExtension>
        </extensions>
      </trkpt>
      <trkpt lat="22.601295970380306243896484375" lon="114.30582278408110141754150390625">
        <ele>6.599999904632568359375</ele>
        <time>2024-10-18T00:49:14.000Z</time>
        <extensions>
          <ns3:TrackPointExtension>
            <ns3:atemp>31.0</ns3:atemp>
            <ns3:hr>129</ns3:hr>
          </ns3:TrackPointExtension>
        </extensions>
      </trkpt>
      <trkpt lat="22.6013424061238765716552734375" lon="114.3057722412049770355224609375">
        <ele>6.599999904632568359375</ele>
        <time>2024-10-18T00:49:15.000Z</time>
        <extensions>
          <ns3:TrackPointExtension>
            <ns3:atemp>30.0</ns3:atemp>
            <ns3:hr>129</ns3:hr>
          </ns3:TrackPointExtension>
        </extensions>
      </trkpt>
      <trkpt lat="22.601387500762939453125" lon="114.30572186596691608428955078125">
        <ele>6.599999904632568359375</ele>
        <time>2024-10-18T00:49:16.000Z</time>
        <extensions>
          <ns3:TrackPointExtension>
            <ns3:atemp>31.0</ns3:atemp>
            <ns3:hr>129</ns3:hr>
          </ns3:TrackPointExtension>
        </extensions>
      </trkpt>
      <trkpt lat="22.60142848826944828033447265625" lon="114.30567853152751922607421875">
        <ele>6.599999904632568359375</ele>
        <time>2024-10-18T00:49:17.000Z</time>
        <extensions>
          <ns3:TrackPointExtension>
            <ns3:atemp>31.0</ns3:atemp>
            <ns3:hr>129</ns3:hr>
          </ns3:TrackPointExtension>
        </extensions>
      </trkpt>
      <trkpt lat="22.6014661230146884918212890625" lon="114.30565950460731983184814453125">
        <ele>6.80000019073486328125</ele>
        <time>2024-10-18T00:49:18.000Z</time>
        <extensions>
          <ns3:TrackPointExtension>
            <ns3:atemp>30.0</ns3:atemp>
            <ns3:hr>129</ns3:hr>
          </ns3:TrackPointExtension>
        </extensions>
      </trkpt>
      <trkpt lat="22.60150426067411899566650390625" lon="114.305647350847721099853515625">
        <ele>6.80000019073486328125</ele>
        <time>2024-10-18T00:49:19.000Z</time>
        <extensions>
          <ns3:TrackPointExtension>
            <ns3:atemp>30.0</ns3:atemp>
            <ns3:hr>129</ns3:hr>
          </ns3:TrackPointExtension>
        </extensions>
      </trkpt>
      <trkpt lat="22.60153912939131259918212890625" lon="114.30561826564371585845947265625">
        <ele>6.80000019073486328125</ele>
        <time>2024-10-18T00:49:20.000Z</time>
        <extensions>
          <ns3:TrackPointExtension>
            <ns3:atemp>30.0</ns3:atemp>
            <ns3:hr>128</ns3:hr>
          </ns3:TrackPointExtension>
        </extensions>
      </trkpt>
      <trkpt lat="22.6015673764050006866455078125" lon="114.30558524094521999359130859375">
        <ele>6.80000019073486328125</ele>
        <time>2024-10-18T00:49:21.000Z</time>
        <extensions>
          <ns3:TrackPointExtension>
            <ns3:atemp>31.0</ns3:atemp>
            <ns3:hr>128</ns3:hr>
          </ns3:TrackPointExtension>
        </extensions>
      </trkpt>
      <trkpt lat="22.60159528814256191253662109375" lon="114.30554718710482120513916015625">
        <ele>6.80000019073486328125</ele>
        <time>2024-10-18T00:49:22.000Z</time>
        <extensions>
          <ns3:TrackPointExtension>
            <ns3:atemp>31.0</ns3:atemp>
            <ns3:hr>127</ns3:hr>
          </ns3:TrackPointExtension>
        </extensions>
      </trkpt>
      <trkpt lat="22.6016190089285373687744140625" lon="114.3055046908557415008544921875">
        <ele>6.80000019073486328125</ele>
        <time>2024-10-18T00:49:23.000Z</time>
        <extensions>
          <ns3:TrackPointExtension>
            <ns3:atemp>30.0</ns3:atemp>
            <ns3:hr>127</ns3:hr>
          </ns3:TrackPointExtension>
        </extensions>
      </trkpt>
      <trkpt lat="22.60164742358028888702392578125" lon="114.3054691515862941741943359375">
        <ele>6.80000019073486328125</ele>
        <time>2024-10-18T00:49:24.000Z</time>
        <extensions>
          <ns3:TrackPointExtension>
            <ns3:atemp>31.0</ns3:atemp>
            <ns3:hr>126</ns3:hr>
          </ns3:TrackPointExtension>
        </extensions>
      </trkpt>
      <trkpt lat="22.6016758382320404052734375" lon="114.30543738417327404022216796875">
        <ele>6.599999904632568359375</ele>
        <time>2024-10-18T00:49:25.000Z</time>
        <extensions>
          <ns3:TrackPointExtension>
            <ns3:atemp>31.0</ns3:atemp>
            <ns3:hr>126</ns3:hr>
          </ns3:TrackPointExtension>
        </extensions>
      </trkpt>
      <trkpt lat="22.601706683635711669921875" lon="114.305402934551239013671875">
        <ele>6.80000019073486328125</ele>
        <time>2024-10-18T00:49:26.000Z</time>
        <extensions>
          <ns3:TrackPointExtension>
            <ns3:atemp>30.0</ns3:atemp>
            <ns3:hr>126</ns3:hr>
          </ns3:TrackPointExtension>
        </extensions>
      </trkpt>
      <trkpt lat="22.60173426009714603424072265625" lon="114.30536597035825252532958984375">
        <ele>6.80000019073486328125</ele>
        <time>2024-10-18T00:49:27.000Z</time>
        <extensions>
          <ns3:TrackPointExtension>
            <ns3:atemp>30.0</ns3:atemp>
            <ns3:hr>125</ns3:hr>
          </ns3:TrackPointExtension>
        </extensions>
      </trkpt>
      <trkpt lat="22.60176477022469043731689453125" lon="114.30532582104206085205078125">
        <ele>6.80000019073486328125</ele>
        <time>2024-10-18T00:49:28.000Z</time>
        <extensions>
          <ns3:TrackPointExtension>
            <ns3:atemp>31.0</ns3:atemp>
            <ns3:hr>125</ns3:hr>
          </ns3:TrackPointExtension>
        </extensions>
      </trkpt>
      <trkpt lat="22.60179662145674228668212890625" lon="114.3052854202687740325927734375">
        <ele>6.80000019073486328125</ele>
        <time>2024-10-18T00:49:29.000Z</time>
        <extensions>
          <ns3:TrackPointExtension>
            <ns3:atemp>31.0</ns3:atemp>
            <ns3:hr>125</ns3:hr>
          </ns3:TrackPointExtension>
        </extensions>
      </trkpt>
      <trkpt lat="22.60183115489780902862548828125" lon="114.30524527095258235931396484375">
        <ele>6.80000019073486328125</ele>
        <time>2024-10-18T00:49:30.000Z</time>
        <extensions>
          <ns3:TrackPointExtension>
            <ns3:atemp>31.0</ns3:atemp>
            <ns3:hr>125</ns3:hr>
          </ns3:TrackPointExtension>
        </extensions>
      </trkpt>
      <trkpt lat="22.60186468251049518585205078125" lon="114.30520218797028064727783203125">
        <ele>6.80000019073486328125</ele>
        <time>2024-10-18T00:49:31.000Z</time>
        <extensions>
          <ns3:TrackPointExtension>
            <ns3:atemp>31.0</ns3:atemp>
            <ns3:hr>125</ns3:hr>
          </ns3:TrackPointExtension>
        </extensions>
      </trkpt>
      <trkpt lat="22.60189837776124477386474609375" lon="114.30515793152153491973876953125">
        <ele>6.80000019073486328125</ele>
        <time>2024-10-18T00:49:32.000Z</time>
        <extensions>
          <ns3:TrackPointExtension>
            <ns3:atemp>30.0</ns3:atemp>
            <ns3:hr>125</ns3:hr>
          </ns3:TrackPointExtension>
        </extensions>
      </trkpt>
      <trkpt lat="22.60193475522100925445556640625" lon="114.305114932358264923095703125">
        <ele>6.80000019073486328125</ele>
        <time>2024-10-18T00:49:33.000Z</time>
        <extensions>
          <ns3:TrackPointExtension>
            <ns3:atemp>31.0</ns3:atemp>
            <ns3:hr>125</ns3:hr>
          </ns3:TrackPointExtension>
        </extensions>
      </trkpt>
      <trkpt lat="22.6019680313766002655029296875" lon="114.3050711788237094879150390625">
        <ele>6.80000019073486328125</ele>
        <time>2024-10-18T00:49:34.000Z</time>
        <extensions>
          <ns3:TrackPointExtension>
            <ns3:atemp>31.0</ns3:atemp>
            <ns3:hr>125</ns3:hr>
          </ns3:TrackPointExtension>
        </extensions>
      </trkpt>
      <trkpt lat="22.60200197808444499969482421875" lon="114.30503052659332752227783203125">
        <ele>6.80000019073486328125</ele>
        <time>2024-10-18T00:49:35.000Z</time>
        <extensions>
          <ns3:TrackPointExtension>
            <ns3:atemp>31.0</ns3:atemp>
            <ns3:hr>125</ns3:hr>
          </ns3:TrackPointExtension>
        </extensions>
      </trkpt>
      <trkpt lat="22.60203869082033634185791015625" lon="114.3049940653145313262939453125">
        <ele>6.80000019073486328125</ele>
        <time>2024-10-18T00:49:36.000Z</time>
        <extensions>
          <ns3:TrackPointExtension>
            <ns3:atemp>31.0</ns3:atemp>
            <ns3:hr>125</ns3:hr>
          </ns3:TrackPointExtension>
        </extensions>
      </trkpt>
      <trkpt lat="22.60207858867943286895751953125" lon="114.304961375892162322998046875">
        <ele>7</ele>
        <time>2024-10-18T00:49:37.000Z</time>
        <extensions>
          <ns3:TrackPointExtension>
            <ns3:atemp>30.0</ns3:atemp>
            <ns3:hr>124</ns3:hr>
          </ns3:TrackPointExtension>
        </extensions>
      </trkpt>
      <trkpt lat="22.60211312212049961090087890625" lon="114.3049226514995098114013671875">
        <ele>7</ele>
        <time>2024-10-18T00:49:38.000Z</time>
        <extensions>
          <ns3:TrackPointExtension>
            <ns3:atemp>30.0</ns3:atemp>
            <ns3:hr>124</ns3:hr>
          </ns3:TrackPointExtension>
        </extensions>
      </trkpt>
      <trkpt lat="22.6021494157612323760986328125" lon="114.304882250726222991943359375">
        <ele>7</ele>
        <time>2024-10-18T00:49:39.000Z</time>
        <extensions>
          <ns3:TrackPointExtension>
            <ns3:atemp>30.0</ns3:atemp>
            <ns3:hr>124</ns3:hr>
          </ns3:TrackPointExtension>
        </extensions>
      </trkpt>
      <trkpt lat="22.60219073854386806488037109375" lon="114.30484235286712646484375">
        <ele>7</ele>
        <time>2024-10-18T00:49:40.000Z</time>
        <extensions>
          <ns3:TrackPointExtension>
            <ns3:atemp>31.0</ns3:atemp>
            <ns3:hr>123</ns3:hr>
          </ns3:TrackPointExtension>
        </extensions>
      </trkpt>
      <trkpt lat="22.6022285409271717071533203125" lon="114.30479700677096843719482421875">
        <ele>7</ele>
        <time>2024-10-18T00:49:41.000Z</time>
        <extensions>
          <ns3:TrackPointExtension>
            <ns3:atemp>30.0</ns3:atemp>
            <ns3:hr>123</ns3:hr>
          </ns3:TrackPointExtension>
        </extensions>
      </trkpt>
      <trkpt lat="22.6022677682340145111083984375" lon="114.30475409142673015594482421875">
        <ele>7</ele>
        <time>2024-10-18T00:49:42.000Z</time>
        <extensions>
          <ns3:TrackPointExtension>
            <ns3:atemp>30.0</ns3:atemp>
            <ns3:hr>123</ns3:hr>
          </ns3:TrackPointExtension>
        </extensions>
      </trkpt>
      <trkpt lat="22.60230548679828643798828125" lon="114.30470866151154041290283203125">
        <ele>7</ele>
        <time>2024-10-18T00:49:43.000Z</time>
        <extensions>
          <ns3:TrackPointExtension>
            <ns3:atemp>31.0</ns3:atemp>
            <ns3:hr>123</ns3:hr>
          </ns3:TrackPointExtension>
        </extensions>
      </trkpt>
      <trkpt lat="22.60234597139060497283935546875" lon="114.30466155521571636199951171875">
        <ele>7</ele>
        <time>2024-10-18T00:49:44.000Z</time>
        <extensions>
          <ns3:TrackPointExtension>
            <ns3:atemp>30.0</ns3:atemp>
            <ns3:hr>123</ns3:hr>
          </ns3:TrackPointExtension>
        </extensions>
      </trkpt>
      <trkpt lat="22.6023866236209869384765625" lon="114.304616712033748626708984375">
        <ele>7</ele>
        <time>2024-10-18T00:49:45.000Z</time>
        <extensions>
          <ns3:TrackPointExtension>
            <ns3:atemp>30.0</ns3:atemp>
            <ns3:hr>123</ns3:hr>
          </ns3:TrackPointExtension>
        </extensions>
      </trkpt>
      <trkpt lat="22.602425515651702880859375" lon="114.304577149450778961181640625">
        <ele>7</ele>
        <time>2024-10-18T00:49:46.000Z</time>
        <extensions>
          <ns3:TrackPointExtension>
            <ns3:atemp>30.0</ns3:atemp>
            <ns3:hr>122</ns3:hr>
          </ns3:TrackPointExtension>
        </extensions>
      </trkpt>
      <trkpt lat="22.6024659164249897003173828125" lon="114.304533898830413818359375">
        <ele>7.19999980926513671875</ele>
        <time>2024-10-18T00:49:47.000Z</time>
        <extensions>
          <ns3:TrackPointExtension>
            <ns3:atemp>31.0</ns3:atemp>
            <ns3:hr>123</ns3:hr>
          </ns3:TrackPointExtension>
        </extensions>
      </trkpt>
      <trkpt lat="22.60250120423734188079833984375" lon="114.30448939092457294464111328125">
        <ele>7.19999980926513671875</ele>
        <time>2024-10-18T00:49:48.000Z</time>
        <extensions>
          <ns3:TrackPointExtension>
            <ns3:atemp>31.0</ns3:atemp>
            <ns3:hr>124</ns3:hr>
          </ns3:TrackPointExtension>
        </extensions>
      </trkpt>
      <trkpt lat="22.60253657586872577667236328125" lon="114.30444337427616119384765625">
        <ele>7.19999980926513671875</ele>
        <time>2024-10-18T00:49:49.000Z</time>
        <extensions>
          <ns3:TrackPointExtension>
            <ns3:atemp>30.0</ns3:atemp>
            <ns3:hr>125</ns3:hr>
          </ns3:TrackPointExtension>
        </extensions>
      </trkpt>
      <trkpt lat="22.60256289504468441009521484375" lon="114.3043957650661468505859375">
        <ele>7.19999980926513671875</ele>
        <time>2024-10-18T00:49:50.000Z</time>
        <extensions>
          <ns3:TrackPointExtension>
            <ns3:atemp>30.0</ns3:atemp>
            <ns3:hr>126</ns3:hr>
          </ns3:TrackPointExtension>
        </extensions>
      </trkpt>
      <trkpt lat="22.6025822572410106658935546875" lon="114.30434673093259334564208984375">
        <ele>7.400000095367431640625</ele>
        <time>2024-10-18T00:49:51.000Z</time>
        <extensions>
          <ns3:TrackPointExtension>
            <ns3:atemp>31.0</ns3:atemp>
            <ns3:hr>127</ns3:hr>
          </ns3:TrackPointExtension>
        </extensions>
      </trkpt>
      <trkpt lat="22.60260430164635181427001953125" lon="114.304300881922245025634765625">
        <ele>7.400000095367431640625</ele>
        <time>2024-10-18T00:49:52.000Z</time>
        <extensions>
          <ns3:TrackPointExtension>
            <ns3:atemp>31.0</ns3:atemp>
            <ns3:hr>126</ns3:hr>
          </ns3:TrackPointExtension>
        </extensions>
      </trkpt>
      <trkpt lat="22.60262810625135898590087890625" lon="114.30425603874027729034423828125">
        <ele>7.400000095367431640625</ele>
        <time>2024-10-18T00:49:53.000Z</time>
        <extensions>
          <ns3:TrackPointExtension>
            <ns3:atemp>31.0</ns3:atemp>
            <ns3:hr>126</ns3:hr>
          </ns3:TrackPointExtension>
        </extensions>
      </trkpt>
      <trkpt lat="22.602652497589588165283203125" lon="114.304213710129261016845703125">
        <ele>7.400000095367431640625</ele>
        <time>2024-10-18T00:49:54.000Z</time>
        <extensions>
          <ns3:TrackPointExtension>
            <ns3:atemp>30.0</ns3:atemp>
            <ns3:hr>126</ns3:hr>
          </ns3:TrackPointExtension>
        </extensions>
      </trkpt>
      <trkpt lat="22.6026791520416736602783203125" lon="114.3041758239269256591796875">
        <ele>7.400000095367431640625</ele>
        <time>2024-10-18T00:49:55.000Z</time>
        <extensions>
          <ns3:TrackPointExtension>
            <ns3:atemp>30.0</ns3:atemp>
            <ns3:hr>126</ns3:hr>
          </ns3:TrackPointExtension>
        </extensions>
      </trkpt>
      <trkpt lat="22.60271008126437664031982421875" lon="114.3041391111910343170166015625">
        <ele>7.599999904632568359375</ele>
        <time>2024-10-18T00:49:56.000Z</time>
        <extensions>
          <ns3:TrackPointExtension>
            <ns3:atemp>30.0</ns3:atemp>
            <ns3:hr>126</ns3:hr>
          </ns3:TrackPointExtension>
        </extensions>
      </trkpt>
      <trkpt lat="22.60273824445903301239013671875" lon="114.304097704589366912841796875">
        <ele>7.599999904632568359375</ele>
        <time>2024-10-18T00:49:57.000Z</time>
        <extensions>
          <ns3:TrackPointExtension>
            <ns3:atemp>30.0</ns3:atemp>
            <ns3:hr>125</ns3:hr>
          </ns3:TrackPointExtension>
        </extensions>
      </trkpt>
      <trkpt lat="22.60276137851178646087646484375" lon="114.3040536157786846160888671875">
        <ele>7.599999904632568359375</ele>
        <time>2024-10-18T00:49:58.000Z</time>
        <extensions>
          <ns3:TrackPointExtension>
            <ns3:atemp>30.0</ns3:atemp>
            <ns3:hr>124</ns3:hr>
          </ns3:TrackPointExtension>
        </extensions>
      </trkpt>
      <trkpt lat="22.60278250090777873992919921875" lon="114.30400374345481395721435546875">
        <ele>7.599999904632568359375</ele>
        <time>2024-10-18T00:49:59.000Z</time>
        <extensions>
          <ns3:TrackPointExtension>
            <ns3:atemp>31.0</ns3:atemp>
            <ns3:hr>123</ns3:hr>
          </ns3:TrackPointExtension>
        </extensions>
      </trkpt>
      <trkpt lat="22.6028122566640377044677734375" lon="114.30395387113094329833984375">
        <ele>7.599999904632568359375</ele>
        <time>2024-10-18T00:50:00.000Z</time>
        <extensions>
          <ns3:TrackPointExtension>
            <ns3:atemp>30.0</ns3:atemp>
            <ns3:hr>122</ns3:hr>
          </ns3:TrackPointExtension>
        </extensions>
      </trkpt>
      <trkpt lat="22.60283966548740863800048828125" lon="114.303902573883533477783203125">
        <ele>7.599999904632568359375</ele>
        <time>2024-10-18T00:50:01.000Z</time>
        <extensions>
          <ns3:TrackPointExtension>
            <ns3:atemp>31.0</ns3:atemp>
            <ns3:hr>121</ns3:hr>
          </ns3:TrackPointExtension>
        </extensions>
      </trkpt>
      <trkpt lat="22.602858357131481170654296875" lon="114.30385085754096508026123046875">
        <ele>7.599999904632568359375</ele>
        <time>2024-10-18T00:50:02.000Z</time>
        <extensions>
          <ns3:TrackPointExtension>
            <ns3:atemp>30.0</ns3:atemp>
            <ns3:hr>121</ns3:hr>
          </ns3:TrackPointExtension>
        </extensions>
      </trkpt>
      <trkpt lat="22.60287688113749027252197265625" lon="114.3037967942655086517333984375">
        <ele>7.599999904632568359375</ele>
        <time>2024-10-18T00:50:03.000Z</time>
        <extensions>
          <ns3:TrackPointExtension>
            <ns3:atemp>31.0</ns3:atemp>
            <ns3:hr>121</ns3:hr>
          </ns3:TrackPointExtension>
        </extensions>
      </trkpt>
      <trkpt lat="22.60289867408573627471923828125" lon="114.30374289862811565399169921875">
        <ele>7.599999904632568359375</ele>
        <time>2024-10-18T00:50:04.000Z</time>
        <extensions>
          <ns3:TrackPointExtension>
            <ns3:atemp>31.0</ns3:atemp>
            <ns3:hr>121</ns3:hr>
          </ns3:TrackPointExtension>
        </extensions>
      </trkpt>
      <trkpt lat="22.60292013175785541534423828125" lon="114.30368456058204174041748046875">
        <ele>7.599999904632568359375</ele>
        <time>2024-10-18T00:50:05.000Z</time>
        <extensions>
          <ns3:TrackPointExtension>
            <ns3:atemp>31.0</ns3:atemp>
            <ns3:hr>121</ns3:hr>
          </ns3:TrackPointExtension>
        </extensions>
      </trkpt>
      <trkpt lat="22.60293588973581790924072265625" lon="114.303624629974365234375">
        <ele>7.599999904632568359375</ele>
        <time>2024-10-18T00:50:06.000Z</time>
        <extensions>
          <ns3:TrackPointExtension>
            <ns3:atemp>30.0</ns3:atemp>
            <ns3:hr>122</ns3:hr>
          </ns3:TrackPointExtension>
        </extensions>
      </trkpt>
      <trkpt lat="22.60294913314282894134521484375" lon="114.3035654537379741668701171875">
        <ele>7.599999904632568359375</ele>
        <time>2024-10-18T00:50:07.000Z</time>
        <extensions>
          <ns3:TrackPointExtension>
            <ns3:atemp>30.0</ns3:atemp>
            <ns3:hr>122</ns3:hr>
          </ns3:TrackPointExtension>
        </extensions>
      </trkpt>
      <trkpt lat="22.60296489112079143524169921875" lon="114.3035091273486614227294921875">
        <ele>7.599999904632568359375</ele>
        <time>2024-10-18T00:50:08.000Z</time>
        <extensions>
          <ns3:TrackPointExtension>
            <ns3:atemp>30.0</ns3:atemp>
            <ns3:hr>122</ns3:hr>
          </ns3:TrackPointExtension>
        </extensions>
      </trkpt>
      <trkpt lat="22.60297813452780246734619140625" lon="114.30345288477838039398193359375">
        <ele>7.599999904632568359375</ele>
        <time>2024-10-18T00:50:09.000Z</time>
        <extensions>
          <ns3:TrackPointExtension>
            <ns3:atemp>30.0</ns3:atemp>
            <ns3:hr>123</ns3:hr>
          </ns3:TrackPointExtension>
        </extensions>
      </trkpt>
      <trkpt lat="22.6029906235635280609130859375" lon="114.30339622311294078826904296875">
        <ele>7.599999904632568359375</ele>
        <time>2024-10-18T00:50:10.000Z</time>
        <extensions>
          <ns3:TrackPointExtension>
            <ns3:atemp>30.0</ns3:atemp>
            <ns3:hr>123</ns3:hr>
          </ns3:TrackPointExtension>
        </extensions>
      </trkpt>
      <trkpt lat="22.60300244204699993133544921875" lon="114.30334123782813549041748046875">
        <ele>7.80000019073486328125</ele>
        <time>2024-10-18T00:50:11.000Z</time>
        <extensions>
          <ns3:TrackPointExtension>
            <ns3:atemp>31.0</ns3:atemp>
            <ns3:hr>122</ns3:hr>
          </ns3:TrackPointExtension>
        </extensions>
      </trkpt>
      <trkpt lat="22.60301518253982067108154296875" lon="114.30328792892396450042724609375">
        <ele>7.80000019073486328125</ele>
        <time>2024-10-18T00:50:12.000Z</time>
        <extensions>
          <ns3:TrackPointExtension>
            <ns3:atemp>30.0</ns3:atemp>
            <ns3:hr>122</ns3:hr>
          </ns3:TrackPointExtension>
        </extensions>
      </trkpt>
      <trkpt lat="22.60301568545401096343994140625" lon="114.3032368831336498260498046875">
        <ele>8</ele>
        <time>2024-10-18T00:50:13.000Z</time>
        <extensions>
          <ns3:TrackPointExtension>
            <ns3:atemp>30.0</ns3:atemp>
            <ns3:hr>121</ns3:hr>
          </ns3:TrackPointExtension>
        </extensions>
      </trkpt>
      <trkpt lat="22.60301358997821807861328125" lon="114.3031865917146205902099609375">
        <ele>8</ele>
        <time>2024-10-18T00:50:14.000Z</time>
        <extensions>
          <ns3:TrackPointExtension>
            <ns3:atemp>30.0</ns3:atemp>
            <ns3:hr>121</ns3:hr>
          </ns3:TrackPointExtension>
        </extensions>
      </trkpt>
      <trkpt lat="22.60301283560693264007568359375" lon="114.30314124561846256256103515625">
        <ele>8</ele>
        <time>2024-10-18T00:50:15.000Z</time>
        <extensions>
          <ns3:TrackPointExtension>
            <ns3:atemp>30.0</ns3:atemp>
            <ns3:hr>121</ns3:hr>
          </ns3:TrackPointExtension>
        </extensions>
      </trkpt>
      <trkpt lat="22.60302188806235790252685546875" lon="114.30310369469225406646728515625">
        <ele>8</ele>
        <time>2024-10-18T00:50:16.000Z</time>
        <extensions>
          <ns3:TrackPointExtension>
            <ns3:atemp>30.0</ns3:atemp>
            <ns3:hr>121</ns3:hr>
          </ns3:TrackPointExtension>
        </extensions>
      </trkpt>
      <trkpt lat="22.60304267518222332000732421875" lon="114.3030850030481815338134765625">
        <ele>8</ele>
        <time>2024-10-18T00:50:17.000Z</time>
        <extensions>
          <ns3:TrackPointExtension>
            <ns3:atemp>31.0</ns3:atemp>
            <ns3:hr>122</ns3:hr>
          </ns3:TrackPointExtension>
        </extensions>
      </trkpt>
      <trkpt lat="22.60305960662662982940673828125" lon="114.3030769564211368560791015625">
        <ele>8.19999980926513671875</ele>
        <time>2024-10-18T00:50:18.000Z</time>
        <extensions>
          <ns3:TrackPointExtension>
            <ns3:atemp>31.0</ns3:atemp>
            <ns3:hr>122</ns3:hr>
          </ns3:TrackPointExtension>
        </extensions>
      </trkpt>
      <trkpt lat="22.60308559052646160125732421875" lon="114.3030759505927562713623046875">
        <ele>8.3999996185302734375</ele>
        <time>2024-10-18T00:50:19.000Z</time>
        <extensions>
          <ns3:TrackPointExtension>
            <ns3:atemp>31.0</ns3:atemp>
            <ns3:hr>121</ns3:hr>
          </ns3:TrackPointExtension>
        </extensions>
      </trkpt>
      <trkpt lat="22.60311576537787914276123046875" lon="114.3030699156224727630615234375">
        <ele>8.3999996185302734375</ele>
        <time>2024-10-18T00:50:20.000Z</time>
        <extensions>
          <ns3:TrackPointExtension>
            <ns3:atemp>30.0</ns3:atemp>
            <ns3:hr>121</ns3:hr>
          </ns3:TrackPointExtension>
        </extensions>
      </trkpt>
      <trkpt lat="22.603149376809597015380859375" lon="114.3030653893947601318359375">
        <ele>8.3999996185302734375</ele>
        <time>2024-10-18T00:50:21.000Z</time>
        <extensions>
          <ns3:TrackPointExtension>
            <ns3:atemp>30.0</ns3:atemp>
            <ns3:hr>121</ns3:hr>
          </ns3:TrackPointExtension>
        </extensions>
      </trkpt>
      <trkpt lat="22.603180222213268280029296875" lon="114.3030642159283161163330078125">
        <ele>8.3999996185302734375</ele>
        <time>2024-10-18T00:50:22.000Z</time>
        <extensions>
          <ns3:TrackPointExtension>
            <ns3:atemp>30.0</ns3:atemp>
            <ns3:hr>121</ns3:hr>
          </ns3:TrackPointExtension>
        </extensions>
      </trkpt>
      <trkpt lat="22.60319857858121395111083984375" lon="114.30306614376604557037353515625">
        <ele>8.3999996185302734375</ele>
        <time>2024-10-18T00:50:23.000Z</time>
        <extensions>
          <ns3:TrackPointExtension>
            <ns3:atemp>30.0</ns3:atemp>
            <ns3:hr>121</ns3:hr>
          </ns3:TrackPointExtension>
        </extensions>
      </trkpt>
      <trkpt lat="22.60319857858121395111083984375" lon="114.30306614376604557037353515625">
        <ele>8.3999996185302734375</ele>
        <time>2024-10-18T00:50:24.000Z</time>
        <extensions>
          <ns3:TrackPointExtension>
            <ns3:atemp>31.0</ns3:atemp>
            <ns3:hr>121</ns3:hr>
          </ns3:TrackPointExtension>
        </extensions>
      </trkpt>
      <trkpt lat="22.6032046973705291748046875" lon="114.3030645512044429779052734375">
        <ele>8.19999980926513671875</ele>
        <time>2024-10-18T00:50:25.000Z</time>
        <extensions>
          <ns3:TrackPointExtension>
            <ns3:atemp>31.0</ns3:atemp>
            <ns3:hr>120</ns3:hr>
          </ns3:TrackPointExtension>
        </extensions>
      </trkpt>
      <trkpt lat="22.60325096547603607177734375" lon="114.30306798778474330902099609375">
        <ele>8.19999980926513671875</ele>
        <time>2024-10-18T00:50:49.000Z</time>
        <extensions>
          <ns3:TrackPointExtension>
            <ns3:atemp>31.0</ns3:atemp>
            <ns3:hr>138</ns3:hr>
          </ns3:TrackPointExtension>
        </extensions>
      </trkpt>
      <trkpt lat="22.60327242314815521240234375" lon="114.30306564085185527801513671875">
        <ele>7.80000019073486328125</ele>
        <time>2024-10-18T00:50:50.000Z</time>
        <extensions>
          <ns3:TrackPointExtension>
            <ns3:atemp>31.0</ns3:atemp>
            <ns3:hr>138</ns3:hr>
          </ns3:TrackPointExtension>
        </extensions>
      </trkpt>
      <trkpt lat="22.6032947190105915069580078125" lon="114.3030560016632080078125">
        <ele>8</ele>
        <time>2024-10-18T00:50:51.000Z</time>
        <extensions>
          <ns3:TrackPointExtension>
            <ns3:atemp>31.0</ns3:atemp>
            <ns3:hr>138</ns3:hr>
          </ns3:TrackPointExtension>
        </extensions>
      </trkpt>
      <trkpt lat="22.60332296602427959442138671875" lon="114.30304133333265781402587890625">
        <ele>8.19999980926513671875</ele>
        <time>2024-10-18T00:50:52.000Z</time>
        <extensions>
          <ns3:TrackPointExtension>
            <ns3:atemp>31.0</ns3:atemp>
            <ns3:hr>138</ns3:hr>
          </ns3:TrackPointExtension>
        </extensions>
      </trkpt>
      <trkpt lat="22.60335716418921947479248046875" lon="114.30303211323916912078857421875">
        <ele>8.3999996185302734375</ele>
        <time>2024-10-18T00:50:53.000Z</time>
        <extensions>
          <ns3:TrackPointExtension>
            <ns3:atemp>31.0</ns3:atemp>
            <ns3:hr>138</ns3:hr>
          </ns3:TrackPointExtension>
        </extensions>
      </trkpt>
      <trkpt lat="22.6033973135054111480712890625" lon="114.30302255786955356597900390625">
        <ele>8.3999996185302734375</ele>
        <time>2024-10-18T00:50:54.000Z</time>
        <extensions>
          <ns3:TrackPointExtension>
            <ns3:atemp>31.0</ns3:atemp>
            <ns3:hr>138</ns3:hr>
          </ns3:TrackPointExtension>
        </extensions>
      </trkpt>
      <trkpt lat="22.60344215668737888336181640625" lon="114.303011409938335418701171875">
        <ele>8.3999996185302734375</ele>
        <time>2024-10-18T00:50:55.000Z</time>
        <extensions>
          <ns3:TrackPointExtension>
            <ns3:atemp>31.0</ns3:atemp>
            <ns3:hr>138</ns3:hr>
          </ns3:TrackPointExtension>
        </extensions>
      </trkpt>
      <trkpt lat="22.603490017354488372802734375" lon="114.3030072189867496490478515625">
        <ele>8.6000003814697265625</ele>
        <time>2024-10-18T00:50:56.000Z</time>
        <extensions>
          <ns3:TrackPointExtension>
            <ns3:atemp>31.0</ns3:atemp>
            <ns3:hr>138</ns3:hr>
          </ns3:TrackPointExtension>
        </extensions>
      </trkpt>
      <trkpt lat="22.60353821329772472381591796875" lon="114.30301166139543056488037109375">
        <ele>8.6000003814697265625</ele>
        <time>2024-10-18T00:50:57.000Z</time>
        <extensions>
          <ns3:TrackPointExtension>
            <ns3:atemp>31.0</ns3:atemp>
            <ns3:hr>138</ns3:hr>
          </ns3:TrackPointExtension>
        </extensions>
      </trkpt>
      <trkpt lat="22.60359034873545169830322265625" lon="114.30301652289927005767822265625">
        <ele>8.6000003814697265625</ele>
        <time>2024-10-18T00:50:58.000Z</time>
        <extensions>
          <ns3:TrackPointExtension>
            <ns3:atemp>31.0</ns3:atemp>
            <ns3:hr>138</ns3:hr>
          </ns3:TrackPointExtension>
        </extensions>
      </trkpt>
      <trkpt lat="22.60364784859120845794677734375" lon="114.30301769636571407318115234375">
        <ele>8.80000019073486328125</ele>
        <time>2024-10-18T00:50:59.000Z</time>
        <extensions>
          <ns3:TrackPointExtension>
            <ns3:atemp>31.0</ns3:atemp>
            <ns3:hr>138</ns3:hr>
          </ns3:TrackPointExtension>
        </extensions>
      </trkpt>
      <trkpt lat="22.60371020995080471038818359375" lon="114.3030192889273166656494140625">
        <ele>8.80000019073486328125</ele>
        <time>2024-10-18T00:51:00.000Z</time>
        <extensions>
          <ns3:TrackPointExtension>
            <ns3:atemp>31.0</ns3:atemp>
            <ns3:hr>138</ns3:hr>
          </ns3:TrackPointExtension>
        </extensions>
      </trkpt>
      <trkpt lat="22.6037711463868618011474609375" lon="114.303020797669887542724609375">
        <ele>9</ele>
        <time>2024-10-18T00:51:01.000Z</time>
        <extensions>
          <ns3:TrackPointExtension>
            <ns3:atemp>31.0</ns3:atemp>
            <ns3:hr>138</ns3:hr>
          </ns3:TrackPointExtension>
        </extensions>
      </trkpt>
      <trkpt lat="22.60383241809904575347900390625" lon="114.3030162714421749114990234375">
        <ele>9</ele>
        <time>2024-10-18T00:51:02.000Z</time>
        <extensions>
          <ns3:TrackPointExtension>
            <ns3:atemp>31.0</ns3:atemp>
            <ns3:hr>138</ns3:hr>
          </ns3:TrackPointExtension>
        </extensions>
      </trkpt>
      <trkpt lat="22.6038958691060543060302734375" lon="114.3030117452144622802734375">
        <ele>9</ele>
        <time>2024-10-18T00:51:03.000Z</time>
        <extensions>
          <ns3:TrackPointExtension>
            <ns3:atemp>31.0</ns3:atemp>
            <ns3:hr>137</ns3:hr>
          </ns3:TrackPointExtension>
        </extensions>
      </trkpt>
      <trkpt lat="22.6039589010179042816162109375" lon="114.3030065484344959259033203125">
        <ele>9</ele>
        <time>2024-10-18T00:51:04.000Z</time>
        <extensions>
          <ns3:TrackPointExtension>
            <ns3:atemp>31.0</ns3:atemp>
            <ns3:hr>136</ns3:hr>
          </ns3:TrackPointExtension>
        </extensions>
      </trkpt>
      <trkpt lat="22.60402335785329341888427734375" lon="114.30300545878708362579345703125">
        <ele>9</ele>
        <time>2024-10-18T00:51:05.000Z</time>
        <extensions>
          <ns3:TrackPointExtension>
            <ns3:atemp>31.0</ns3:atemp>
            <ns3:hr>135</ns3:hr>
          </ns3:TrackPointExtension>
        </extensions>
      </trkpt>
      <trkpt lat="22.60408806614577770233154296875" lon="114.3030010163784027099609375">
        <ele>9</ele>
        <time>2024-10-18T00:51:06.000Z</time>
        <extensions>
          <ns3:TrackPointExtension>
            <ns3:atemp>31.0</ns3:atemp>
            <ns3:hr>132</ns3:hr>
          </ns3:TrackPointExtension>
        </extensions>
      </trkpt>
      <trkpt lat="22.60415947996079921722412109375" lon="114.3029983341693878173828125">
        <ele>9.19999980926513671875</ele>
        <time>2024-10-18T00:51:07.000Z</time>
        <extensions>
          <ns3:TrackPointExtension>
            <ns3:atemp>31.0</ns3:atemp>
            <ns3:hr>126</ns3:hr>
          </ns3:TrackPointExtension>
        </extensions>
      </trkpt>
      <trkpt lat="22.60422603227198123931884765625" lon="114.30299523286521434783935546875">
        <ele>9.19999980926513671875</ele>
        <time>2024-10-18T00:51:08.000Z</time>
        <extensions>
          <ns3:TrackPointExtension>
            <ns3:atemp>31.0</ns3:atemp>
            <ns3:hr>124</ns3:hr>
          </ns3:TrackPointExtension>
        </extensions>
      </trkpt>
      <trkpt lat="22.60429811663925647735595703125" lon="114.3029911257326602935791015625">
        <ele>9.3999996185302734375</ele>
        <time>2024-10-18T00:51:09.000Z</time>
        <extensions>
          <ns3:TrackPointExtension>
            <ns3:atemp>31.0</ns3:atemp>
            <ns3:hr>124</ns3:hr>
          </ns3:TrackPointExtension>
        </extensions>
      </trkpt>
      <trkpt lat="22.6043702848255634307861328125" lon="114.3029874376952648162841796875">
        <ele>9.3999996185302734375</ele>
        <time>2024-10-18T00:51:10.000Z</time>
        <extensions>
          <ns3:TrackPointExtension>
            <ns3:atemp>31.0</ns3:atemp>
            <ns3:hr>124</ns3:hr>
          </ns3:TrackPointExtension>
        </extensions>
      </trkpt>
      <trkpt lat="22.60444060899317264556884765625" lon="114.30298467166721820831298828125">
        <ele>9.6000003814697265625</ele>
        <time>2024-10-18T00:51:11.000Z</time>
        <extensions>
          <ns3:TrackPointExtension>
            <ns3:atemp>31.0</ns3:atemp>
            <ns3:hr>124</ns3:hr>
          </ns3:TrackPointExtension>
        </extensions>
      </trkpt>
      <trkpt lat="22.60451219044625759124755859375" lon="114.3029849231243133544921875">
        <ele>9.6000003814697265625</ele>
        <time>2024-10-18T00:51:12.000Z</time>
        <extensions>
          <ns3:TrackPointExtension>
            <ns3:atemp>31.0</ns3:atemp>
            <ns3:hr>124</ns3:hr>
          </ns3:TrackPointExtension>
        </extensions>
      </trkpt>
      <trkpt lat="22.60458276607096195220947265625" lon="114.30298232473433017730712890625">
        <ele>9.80000019073486328125</ele>
        <time>2024-10-18T00:51:13.000Z</time>
        <extensions>
          <ns3:TrackPointExtension>
            <ns3:atemp>31.0</ns3:atemp>
            <ns3:hr>126</ns3:hr>
          </ns3:TrackPointExtension>
        </extensions>
      </trkpt>
      <trkpt lat="22.60465443134307861328125" lon="114.30297796614468097686767578125">
        <ele>10</ele>
        <time>2024-10-18T00:51:14.000Z</time>
        <extensions>
          <ns3:TrackPointExtension>
            <ns3:atemp>31.0</ns3:atemp>
            <ns3:hr>126</ns3:hr>
          </ns3:TrackPointExtension>
        </extensions>
      </trkpt>
      <trkpt lat="22.60472618043422698974609375" lon="114.30297276936471462249755859375">
        <ele>10</ele>
        <time>2024-10-18T00:51:15.000Z</time>
        <extensions>
          <ns3:TrackPointExtension>
            <ns3:atemp>31.0</ns3:atemp>
            <ns3:hr>127</ns3:hr>
          </ns3:TrackPointExtension>
        </extensions>
      </trkpt>
      <trkpt lat="22.60479734279215335845947265625" lon="114.30296950042247772216796875">
        <ele>10.19999980926513671875</ele>
        <time>2024-10-18T00:51:16.000Z</time>
        <extensions>
          <ns3:TrackPointExtension>
            <ns3:atemp>31.0</ns3:atemp>
            <ns3:hr>128</ns3:hr>
          </ns3:TrackPointExtension>
        </extensions>
      </trkpt>
      <trkpt lat="22.6048661582171916961669921875" lon="114.3029639683663845062255859375">
        <ele>10.3999996185302734375</ele>
        <time>2024-10-18T00:51:17.000Z</time>
        <extensions>
          <ns3:TrackPointExtension>
            <ns3:atemp>31.0</ns3:atemp>
            <ns3:hr>129</ns3:hr>
          </ns3:TrackPointExtension>
        </extensions>
      </trkpt>
      <trkpt lat="22.60493178851902484893798828125" lon="114.30295986123383045196533203125">
        <ele>10.6000003814697265625</ele>
        <time>2024-10-18T00:51:18.000Z</time>
        <extensions>
          <ns3:TrackPointExtension>
            <ns3:atemp>31.0</ns3:atemp>
            <ns3:hr>129</ns3:hr>
          </ns3:TrackPointExtension>
        </extensions>
      </trkpt>
      <trkpt lat="22.6049989275634288787841796875" lon="114.30295617319643497467041015625">
        <ele>10.6000003814697265625</ele>
        <time>2024-10-18T00:51:19.000Z</time>
        <extensions>
          <ns3:TrackPointExtension>
            <ns3:atemp>31.0</ns3:atemp>
            <ns3:hr>129</ns3:hr>
          </ns3:TrackPointExtension>
        </extensions>
      </trkpt>
      <trkpt lat="22.60506556369364261627197265625" lon="114.30294670164585113525390625">
        <ele>10.80000019073486328125</ele>
        <time>2024-10-18T00:51:20.000Z</time>
        <extensions>
          <ns3:TrackPointExtension>
            <ns3:atemp>31.0</ns3:atemp>
            <ns3:hr>132</ns3:hr>
          </ns3:TrackPointExtension>
        </extensions>
      </trkpt>
      <trkpt lat="22.60513530112802982330322265625" lon="114.3029364757239818572998046875">
        <ele>11</ele>
        <time>2024-10-18T00:51:21.000Z</time>
        <extensions>
          <ns3:TrackPointExtension>
            <ns3:atemp>31.0</ns3:atemp>
            <ns3:hr>135</ns3:hr>
          </ns3:TrackPointExtension>
        </extensions>
      </trkpt>
      <trkpt lat="22.60520151816308498382568359375" lon="114.30293329060077667236328125">
        <ele>11.19999980926513671875</ele>
        <time>2024-10-18T00:51:22.000Z</time>
        <extensions>
          <ns3:TrackPointExtension>
            <ns3:atemp>31.0</ns3:atemp>
            <ns3:hr>137</ns3:hr>
          </ns3:TrackPointExtension>
        </extensions>
      </trkpt>
      <trkpt lat="22.605264969170093536376953125" lon="114.30293555371463298797607421875">
        <ele>11.3999996185302734375</ele>
        <time>2024-10-18T00:51:23.000Z</time>
        <extensions>
          <ns3:TrackPointExtension>
            <ns3:atemp>31.0</ns3:atemp>
            <ns3:hr>137</ns3:hr>
          </ns3:TrackPointExtension>
        </extensions>
      </trkpt>
      <trkpt lat="22.60532456450164318084716796875" lon="114.30293220095336437225341796875">
        <ele>11.80000019073486328125</ele>
        <time>2024-10-18T00:51:24.000Z</time>
        <extensions>
          <ns3:TrackPointExtension>
            <ns3:atemp>31.0</ns3:atemp>
            <ns3:hr>138</ns3:hr>
          </ns3:TrackPointExtension>
        </extensions>
      </trkpt>
      <trkpt lat="22.60538457892835140228271484375" lon="114.30292951874434947967529296875">
        <ele>11.80000019073486328125</ele>
        <time>2024-10-18T00:51:25.000Z</time>
        <extensions>
          <ns3:TrackPointExtension>
            <ns3:atemp>31.0</ns3:atemp>
            <ns3:hr>139</ns3:hr>
          </ns3:TrackPointExtension>
        </extensions>
      </trkpt>
      <trkpt lat="22.605439312756061553955078125" lon="114.302930273115634918212890625">
        <ele>12</ele>
        <time>2024-10-18T00:51:26.000Z</time>
        <extensions>
          <ns3:TrackPointExtension>
            <ns3:atemp>31.0</ns3:atemp>
            <ns3:hr>139</ns3:hr>
          </ns3:TrackPointExtension>
        </extensions>
      </trkpt>
      <trkpt lat="22.60548398829996585845947265625" lon="114.302934966981410980224609375">
        <ele>12.19999980926513671875</ele>
        <time>2024-10-18T00:51:27.000Z</time>
        <extensions>
          <ns3:TrackPointExtension>
            <ns3:atemp>31.0</ns3:atemp>
            <ns3:hr>138</ns3:hr>
          </ns3:TrackPointExtension>
        </extensions>
      </trkpt>
      <trkpt lat="22.60552254505455493927001953125" lon="114.30293069221079349517822265625">
        <ele>12.19999980926513671875</ele>
        <time>2024-10-18T00:51:28.000Z</time>
        <extensions>
          <ns3:TrackPointExtension>
            <ns3:atemp>31.0</ns3:atemp>
            <ns3:hr>138</ns3:hr>
          </ns3:TrackPointExtension>
        </extensions>
      </trkpt>
      <trkpt lat="22.60555900633335113525390625" lon="114.3029213882982730865478515625">
        <ele>12.6000003814697265625</ele>
        <time>2024-10-18T00:51:29.000Z</time>
        <extensions>
          <ns3:TrackPointExtension>
            <ns3:atemp>31.0</ns3:atemp>
            <ns3:hr>139</ns3:hr>
          </ns3:TrackPointExtension>
        </extensions>
      </trkpt>
      <trkpt lat="22.60559798218309879302978515625" lon="114.30291585624217987060546875">
        <ele>13</ele>
        <time>2024-10-18T00:51:30.000Z</time>
        <extensions>
          <ns3:TrackPointExtension>
            <ns3:atemp>31.0</ns3:atemp>
            <ns3:hr>139</ns3:hr>
          </ns3:TrackPointExtension>
        </extensions>
      </trkpt>
      <trkpt lat="22.60564173571765422821044921875" lon="114.30290789343416690826416015625">
        <ele>13</ele>
        <time>2024-10-18T00:51:31.000Z</time>
        <extensions>
          <ns3:TrackPointExtension>
            <ns3:atemp>31.0</ns3:atemp>
            <ns3:hr>139</ns3:hr>
          </ns3:TrackPointExtension>
        </extensions>
      </trkpt>
      <trkpt lat="22.605692110955715179443359375" lon="114.30290286429226398468017578125">
        <ele>13</ele>
        <time>2024-10-18T00:51:32.000Z</time>
        <extensions>
          <ns3:TrackPointExtension>
            <ns3:atemp>31.0</ns3:atemp>
            <ns3:hr>140</ns3:hr>
          </ns3:TrackPointExtension>
        </extensions>
      </trkpt>
      <trkpt lat="22.60574801824986934661865234375" lon="114.30289976298809051513671875">
        <ele>13</ele>
        <time>2024-10-18T00:51:33.000Z</time>
        <extensions>
          <ns3:TrackPointExtension>
            <ns3:atemp>31.0</ns3:atemp>
            <ns3:hr>140</ns3:hr>
          </ns3:TrackPointExtension>
        </extensions>
      </trkpt>
      <trkpt lat="22.605803422629833221435546875" lon="114.3029086478054523468017578125">
        <ele>13.19999980926513671875</ele>
        <time>2024-10-18T00:51:34.000Z</time>
        <extensions>
          <ns3:TrackPointExtension>
            <ns3:atemp>31.0</ns3:atemp>
            <ns3:hr>142</ns3:hr>
          </ns3:TrackPointExtension>
        </extensions>
      </trkpt>
      <trkpt lat="22.60585899464786052703857421875" lon="114.3029187060892581939697265625">
        <ele>13</ele>
        <time>2024-10-18T00:51:35.000Z</time>
        <extensions>
          <ns3:TrackPointExtension>
            <ns3:atemp>31.0</ns3:atemp>
            <ns3:hr>144</ns3:hr>
          </ns3:TrackPointExtension>
        </extensions>
      </trkpt>
      <trkpt lat="22.60591347701847553253173828125" lon="114.30293002165853977203369140625">
        <ele>13</ele>
        <time>2024-10-18T00:51:36.000Z</time>
        <extensions>
          <ns3:TrackPointExtension>
            <ns3:atemp>31.0</ns3:atemp>
            <ns3:hr>146</ns3:hr>
          </ns3:TrackPointExtension>
        </extensions>
      </trkpt>
      <trkpt lat="22.60596829466521739959716796875" lon="114.30293387733399868011474609375">
        <ele>13</ele>
        <time>2024-10-18T00:51:37.000Z</time>
        <extensions>
          <ns3:TrackPointExtension>
            <ns3:atemp>31.0</ns3:atemp>
            <ns3:hr>147</ns3:hr>
          </ns3:TrackPointExtension>
        </extensions>
      </trkpt>
      <trkpt lat="22.60602663271129131317138671875" lon="114.30293069221079349517822265625">
        <ele>13.19999980926513671875</ele>
        <time>2024-10-18T00:51:38.000Z</time>
        <extensions>
          <ns3:TrackPointExtension>
            <ns3:atemp>31.0</ns3:atemp>
            <ns3:hr>148</ns3:hr>
          </ns3:TrackPointExtension>
        </extensions>
      </trkpt>
      <trkpt lat="22.606089748442173004150390625" lon="114.3029317818582057952880859375">
        <ele>13.19999980926513671875</ele>
        <time>2024-10-18T00:51:39.000Z</time>
        <extensions>
          <ns3:TrackPointExtension>
            <ns3:atemp>31.0</ns3:atemp>
            <ns3:hr>148</ns3:hr>
          </ns3:TrackPointExtension>
        </extensions>
      </trkpt>
      <trkpt lat="22.60615403763949871063232421875" lon="114.3029287643730640411376953125">
        <ele>13.19999980926513671875</ele>
        <time>2024-10-18T00:51:40.000Z</time>
        <extensions>
          <ns3:TrackPointExtension>
            <ns3:atemp>31.0</ns3:atemp>
            <ns3:hr>148</ns3:hr>
          </ns3:TrackPointExtension>
        </extensions>
      </trkpt>
      <trkpt lat="22.6062195003032684326171875" lon="114.30292348377406597137451171875">
        <ele>13.19999980926513671875</ele>
        <time>2024-10-18T00:51:41.000Z</time>
        <extensions>
          <ns3:TrackPointExtension>
            <ns3:atemp>31.0</ns3:atemp>
            <ns3:hr>148</ns3:hr>
          </ns3:TrackPointExtension>
        </extensions>
      </trkpt>
      <trkpt lat="22.606286890804767608642578125" lon="114.30292381905019283294677734375">
        <ele>13.19999980926513671875</ele>
        <time>2024-10-18T00:51:42.000Z</time>
        <extensions>
          <ns3:TrackPointExtension>
            <ns3:atemp>31.0</ns3:atemp>
            <ns3:hr>147</ns3:hr>
          </ns3:TrackPointExtension>
        </extensions>
      </trkpt>
      <trkpt lat="22.60635520331561565399169921875" lon="114.302922897040843963623046875">
        <ele>13.19999980926513671875</ele>
        <time>2024-10-18T00:51:43.000Z</time>
        <extensions>
          <ns3:TrackPointExtension>
            <ns3:atemp>31.0</ns3:atemp>
            <ns3:hr>147</ns3:hr>
          </ns3:TrackPointExtension>
        </extensions>
      </trkpt>
      <trkpt lat="22.6064178161323070526123046875" lon="114.30292063392698764801025390625">
        <ele>13</ele>
        <time>2024-10-18T00:51:44.000Z</time>
        <extensions>
          <ns3:TrackPointExtension>
            <ns3:atemp>31.0</ns3:atemp>
            <ns3:hr>147</ns3:hr>
          </ns3:TrackPointExtension>
        </extensions>
      </trkpt>
      <trkpt lat="22.60648495517671108245849609375" lon="114.302914850413799285888671875">
        <ele>13</ele>
        <time>2024-10-18T00:51:45.000Z</time>
        <extensions>
          <ns3:TrackPointExtension>
            <ns3:atemp>31.0</ns3:atemp>
            <ns3:hr>147</ns3:hr>
          </ns3:TrackPointExtension>
        </extensions>
      </trkpt>
      <trkpt lat="22.60655553080141544342041015625" lon="114.3029109947383403778076171875">
        <ele>13</ele>
        <time>2024-10-18T00:51:46.000Z</time>
        <extensions>
          <ns3:TrackPointExtension>
            <ns3:atemp>31.0</ns3:atemp>
            <ns3:hr>147</ns3:hr>
          </ns3:TrackPointExtension>
        </extensions>
      </trkpt>
      <trkpt lat="22.60662107728421688079833984375" lon="114.30290504358708858489990234375">
        <ele>13</ele>
        <time>2024-10-18T00:51:47.000Z</time>
        <extensions>
          <ns3:TrackPointExtension>
            <ns3:atemp>31.0</ns3:atemp>
            <ns3:hr>147</ns3:hr>
          </ns3:TrackPointExtension>
        </extensions>
      </trkpt>
      <trkpt lat="22.60668293572962284088134765625" lon="114.30290387012064456939697265625">
        <ele>13</ele>
        <time>2024-10-18T00:51:48.000Z</time>
        <extensions>
          <ns3:TrackPointExtension>
            <ns3:atemp>31.0</ns3:atemp>
            <ns3:hr>147</ns3:hr>
          </ns3:TrackPointExtension>
        </extensions>
      </trkpt>
      <trkpt lat="22.6067450456321239471435546875" lon="114.3029016070067882537841796875">
        <ele>13.3999996185302734375</ele>
        <time>2024-10-18T00:51:49.000Z</time>
        <extensions>
          <ns3:TrackPointExtension>
            <ns3:atemp>31.0</ns3:atemp>
            <ns3:hr>148</ns3:hr>
          </ns3:TrackPointExtension>
        </extensions>
      </trkpt>
      <trkpt lat="22.60680313222110271453857421875" lon="114.3028975836932659149169921875">
        <ele>13.3999996185302734375</ele>
        <time>2024-10-18T00:51:50.000Z</time>
        <extensions>
          <ns3:TrackPointExtension>
            <ns3:atemp>31.0</ns3:atemp>
            <ns3:hr>147</ns3:hr>
          </ns3:TrackPointExtension>
        </extensions>
      </trkpt>
      <trkpt lat="22.60685677640140056610107421875" lon="114.30290001444518566131591796875">
        <ele>13.6000003814697265625</ele>
        <time>2024-10-18T00:51:51.000Z</time>
        <extensions>
          <ns3:TrackPointExtension>
            <ns3:atemp>31.0</ns3:atemp>
            <ns3:hr>147</ns3:hr>
          </ns3:TrackPointExtension>
        </extensions>
      </trkpt>
      <trkpt lat="22.60690991766750812530517578125" lon="114.3028990924358367919921875">
        <ele>13.80000019073486328125</ele>
        <time>2024-10-18T00:51:52.000Z</time>
        <extensions>
          <ns3:TrackPointExtension>
            <ns3:atemp>31.0</ns3:atemp>
            <ns3:hr>147</ns3:hr>
          </ns3:TrackPointExtension>
        </extensions>
      </trkpt>
      <trkpt lat="22.60696087963879108428955078125" lon="114.302900098264217376708984375">
        <ele>14.3999996185302734375</ele>
        <time>2024-10-18T00:51:53.000Z</time>
        <extensions>
          <ns3:TrackPointExtension>
            <ns3:atemp>31.0</ns3:atemp>
            <ns3:hr>148</ns3:hr>
          </ns3:TrackPointExtension>
        </extensions>
      </trkpt>
      <trkpt lat="22.60700739920139312744140625" lon="114.30291049182415008544921875">
        <ele>14.80000019073486328125</ele>
        <time>2024-10-18T00:51:54.000Z</time>
        <extensions>
          <ns3:TrackPointExtension>
            <ns3:atemp>31.0</ns3:atemp>
            <ns3:hr>148</ns3:hr>
          </ns3:TrackPointExtension>
        </extensions>
      </trkpt>
      <trkpt lat="22.6070477999746799468994140625" lon="114.3029287643730640411376953125">
        <ele>15.3999996185302734375</ele>
        <time>2024-10-18T00:51:55.000Z</time>
        <extensions>
          <ns3:TrackPointExtension>
            <ns3:atemp>31.0</ns3:atemp>
            <ns3:hr>148</ns3:hr>
          </ns3:TrackPointExtension>
        </extensions>
      </trkpt>
      <trkpt lat="22.6070813275873661041259765625" lon="114.302951060235500335693359375">
        <ele>16</ele>
        <time>2024-10-18T00:51:56.000Z</time>
        <extensions>
          <ns3:TrackPointExtension>
            <ns3:atemp>31.0</ns3:atemp>
            <ns3:hr>148</ns3:hr>
          </ns3:TrackPointExtension>
        </extensions>
      </trkpt>
      <trkpt lat="22.60711259208619594573974609375" lon="114.30297486484050750732421875">
        <ele>16.3999996185302734375</ele>
        <time>2024-10-18T00:51:57.000Z</time>
        <extensions>
          <ns3:TrackPointExtension>
            <ns3:atemp>31.0</ns3:atemp>
            <ns3:hr>149</ns3:hr>
          </ns3:TrackPointExtension>
        </extensions>
      </trkpt>
      <trkpt lat="22.60713882744312286376953125" lon="114.30300093255937099456787109375">
        <ele>16.799999237060546875</ele>
        <time>2024-10-18T00:51:58.000Z</time>
        <extensions>
          <ns3:TrackPointExtension>
            <ns3:atemp>31.0</ns3:atemp>
            <ns3:hr>150</ns3:hr>
          </ns3:TrackPointExtension>
        </extensions>
      </trkpt>
      <trkpt lat="22.60716103948652744293212890625" lon="114.30302876047790050506591796875">
        <ele>17.200000762939453125</ele>
        <time>2024-10-18T00:51:59.000Z</time>
        <extensions>
          <ns3:TrackPointExtension>
            <ns3:atemp>31.0</ns3:atemp>
            <ns3:hr>151</ns3:hr>
          </ns3:TrackPointExtension>
        </extensions>
      </trkpt>
      <trkpt lat="22.60718216188251972198486328125" lon="114.3030551634728908538818359375">
        <ele>17.6000003814697265625</ele>
        <time>2024-10-18T00:52:00.000Z</time>
        <extensions>
          <ns3:TrackPointExtension>
            <ns3:atemp>31.0</ns3:atemp>
            <ns3:hr>151</ns3:hr>
          </ns3:TrackPointExtension>
        </extensions>
      </trkpt>
      <trkpt lat="22.60720512829720973968505859375" lon="114.30308324284851551055908203125">
        <ele>17.799999237060546875</ele>
        <time>2024-10-18T00:52:01.000Z</time>
        <extensions>
          <ns3:TrackPointExtension>
            <ns3:atemp>31.0</ns3:atemp>
            <ns3:hr>151</ns3:hr>
          </ns3:TrackPointExtension>
        </extensions>
      </trkpt>
      <trkpt lat="22.60722256265580654144287109375" lon="114.303114004433155059814453125">
        <ele>18.200000762939453125</ele>
        <time>2024-10-18T00:52:02.000Z</time>
        <extensions>
          <ns3:TrackPointExtension>
            <ns3:atemp>31.0</ns3:atemp>
            <ns3:hr>151</ns3:hr>
          </ns3:TrackPointExtension>
        </extensions>
      </trkpt>
      <trkpt lat="22.607236392796039581298828125" lon="114.30314610712230205535888671875">
        <ele>18.3999996185302734375</ele>
        <time>2024-10-18T00:52:03.000Z</time>
        <extensions>
          <ns3:TrackPointExtension>
            <ns3:atemp>31.0</ns3:atemp>
            <ns3:hr>150</ns3:hr>
          </ns3:TrackPointExtension>
        </extensions>
      </trkpt>
      <trkpt lat="22.60724745690822601318359375" lon="114.3031805567443370819091796875">
        <ele>18.799999237060546875</ele>
        <time>2024-10-18T00:52:04.000Z</time>
        <extensions>
          <ns3:TrackPointExtension>
            <ns3:atemp>31.0</ns3:atemp>
            <ns3:hr>150</ns3:hr>
          </ns3:TrackPointExtension>
        </extensions>
      </trkpt>
      <trkpt lat="22.6072546653449535369873046875" lon="114.3032147549092769622802734375">
        <ele>19</ele>
        <time>2024-10-18T00:52:05.000Z</time>
        <extensions>
          <ns3:TrackPointExtension>
            <ns3:atemp>31.0</ns3:atemp>
            <ns3:hr>149</ns3:hr>
          </ns3:TrackPointExtension>
        </extensions>
      </trkpt>
      <trkpt lat="22.60725676082074642181396484375" lon="114.30324845016002655029296875">
        <ele>19.6000003814697265625</ele>
        <time>2024-10-18T00:52:06.000Z</time>
        <extensions>
          <ns3:TrackPointExtension>
            <ns3:atemp>31.0</ns3:atemp>
            <ns3:hr>149</ns3:hr>
          </ns3:TrackPointExtension>
        </extensions>
      </trkpt>
      <trkpt lat="22.60725575499236583709716796875" lon="114.30328105576336383819580078125">
        <ele>19.799999237060546875</ele>
        <time>2024-10-18T00:52:07.000Z</time>
        <extensions>
          <ns3:TrackPointExtension>
            <ns3:atemp>31.0</ns3:atemp>
            <ns3:hr>148</ns3:hr>
          </ns3:TrackPointExtension>
        </extensions>
      </trkpt>
      <trkpt lat="22.60725525207817554473876953125" lon="114.3033113144338130950927734375">
        <ele>19.799999237060546875</ele>
        <time>2024-10-18T00:52:08.000Z</time>
        <extensions>
          <ns3:TrackPointExtension>
            <ns3:atemp>31.0</ns3:atemp>
            <ns3:hr>149</ns3:hr>
          </ns3:TrackPointExtension>
        </extensions>
      </trkpt>
      <trkpt lat="22.6072573475539684295654296875" lon="114.30333738215267658233642578125">
        <ele>20</ele>
        <time>2024-10-18T00:52:09.000Z</time>
        <extensions>
          <ns3:TrackPointExtension>
            <ns3:atemp>31.0</ns3:atemp>
            <ns3:hr>149</ns3:hr>
          </ns3:TrackPointExtension>
        </extensions>
      </trkpt>
      <trkpt lat="22.60725416243076324462890625" lon="114.3033646233379840850830078125">
        <ele>20.200000762939453125</ele>
        <time>2024-10-18T00:52:10.000Z</time>
        <extensions>
          <ns3:TrackPointExtension>
            <ns3:atemp>31.0</ns3:atemp>
            <ns3:hr>150</ns3:hr>
          </ns3:TrackPointExtension>
        </extensions>
      </trkpt>
      <trkpt lat="22.60724703781306743621826171875" lon="114.30339194834232330322265625">
        <ele>20.3999996185302734375</ele>
        <time>2024-10-18T00:52:11.000Z</time>
        <extensions>
          <ns3:TrackPointExtension>
            <ns3:atemp>31.0</ns3:atemp>
            <ns3:hr>151</ns3:hr>
          </ns3:TrackPointExtension>
        </extensions>
      </trkpt>
      <trkpt lat="22.6072372309863567352294921875" lon="114.30341818369925022125244140625">
        <ele>20.799999237060546875</ele>
        <time>2024-10-18T00:52:12.000Z</time>
        <extensions>
          <ns3:TrackPointExtension>
            <ns3:atemp>31.0</ns3:atemp>
            <ns3:hr>151</ns3:hr>
          </ns3:TrackPointExtension>
        </extensions>
      </trkpt>
      <trkpt lat="22.60722625069320201873779296875" lon="114.3034467659890651702880859375">
        <ele>21.200000762939453125</ele>
        <time>2024-10-18T00:52:13.000Z</time>
        <extensions>
          <ns3:TrackPointExtension>
            <ns3:atemp>31.0</ns3:atemp>
            <ns3:hr>151</ns3:hr>
          </ns3:TrackPointExtension>
        </extensions>
      </trkpt>
      <trkpt lat="22.6072130911052227020263671875" lon="114.30347031913697719573974609375">
        <ele>21.3999996185302734375</ele>
        <time>2024-10-18T00:52:14.000Z</time>
        <extensions>
          <ns3:TrackPointExtension>
            <ns3:atemp>31.0</ns3:atemp>
            <ns3:hr>152</ns3:hr>
          </ns3:TrackPointExtension>
        </extensions>
      </trkpt>
      <trkpt lat="22.6071983389556407928466796875" lon="114.3034916929900646209716796875">
        <ele>21.799999237060546875</ele>
        <time>2024-10-18T00:52:15.000Z</time>
        <extensions>
          <ns3:TrackPointExtension>
            <ns3:atemp>31.0</ns3:atemp>
            <ns3:hr>152</ns3:hr>
          </ns3:TrackPointExtension>
        </extensions>
      </trkpt>
      <trkpt lat="22.60718484409153461456298828125" lon="114.30351625196635723114013671875">
        <ele>22</ele>
        <time>2024-10-18T00:52:16.000Z</time>
        <extensions>
          <ns3:TrackPointExtension>
            <ns3:atemp>31.0</ns3:atemp>
            <ns3:hr>153</ns3:hr>
          </ns3:TrackPointExtension>
        </extensions>
      </trkpt>
      <trkpt lat="22.6071708463132381439208984375" lon="114.3035439960658550262451171875">
        <ele>22</ele>
        <time>2024-10-18T00:52:17.000Z</time>
        <extensions>
          <ns3:TrackPointExtension>
            <ns3:atemp>31.0</ns3:atemp>
            <ns3:hr>153</ns3:hr>
          </ns3:TrackPointExtension>
        </extensions>
      </trkpt>
      <trkpt lat="22.6071570999920368194580078125" lon="114.30357031524181365966796875">
        <ele>22.200000762939453125</ele>
        <time>2024-10-18T00:52:18.000Z</time>
        <extensions>
          <ns3:TrackPointExtension>
            <ns3:atemp>31.0</ns3:atemp>
            <ns3:hr>153</ns3:hr>
          </ns3:TrackPointExtension>
        </extensions>
      </trkpt>
      <trkpt lat="22.60714444331824779510498046875" lon="114.30359043180942535400390625">
        <ele>22.3999996185302734375</ele>
        <time>2024-10-18T00:52:19.000Z</time>
        <extensions>
          <ns3:TrackPointExtension>
            <ns3:atemp>31.0</ns3:atemp>
            <ns3:hr>154</ns3:hr>
          </ns3:TrackPointExtension>
        </extensions>
      </trkpt>
      <trkpt lat="22.60712985880672931671142578125" lon="114.30361188948154449462890625">
        <ele>22.6000003814697265625</ele>
        <time>2024-10-18T00:52:20.000Z</time>
        <extensions>
          <ns3:TrackPointExtension>
            <ns3:atemp>31.0</ns3:atemp>
            <ns3:hr>154</ns3:hr>
          </ns3:TrackPointExtension>
        </extensions>
      </trkpt>
      <trkpt lat="22.60711376555263996124267578125" lon="114.303634352982044219970703125">
        <ele>23</ele>
        <time>2024-10-18T00:52:21.000Z</time>
        <extensions>
          <ns3:TrackPointExtension>
            <ns3:atemp>31.0</ns3:atemp>
            <ns3:hr>154</ns3:hr>
          </ns3:TrackPointExtension>
        </extensions>
      </trkpt>
      <trkpt lat="22.607098929584026336669921875" lon="114.303657822310924530029296875">
        <ele>23.200000762939453125</ele>
        <time>2024-10-18T00:52:22.000Z</time>
        <extensions>
          <ns3:TrackPointExtension>
            <ns3:atemp>31.0</ns3:atemp>
            <ns3:hr>154</ns3:hr>
          </ns3:TrackPointExtension>
        </extensions>
      </trkpt>
      <trkpt lat="22.60708526708185672760009765625" lon="114.303679950535297393798828125">
        <ele>23.6000003814697265625</ele>
        <time>2024-10-18T00:52:23.000Z</time>
        <extensions>
          <ns3:TrackPointExtension>
            <ns3:atemp>31.0</ns3:atemp>
            <ns3:hr>155</ns3:hr>
          </ns3:TrackPointExtension>
        </extensions>
      </trkpt>
      <trkpt lat="22.6070682518184185028076171875" lon="114.303700737655162811279296875">
        <ele>23.6000003814697265625</ele>
        <time>2024-10-18T00:52:24.000Z</time>
        <extensions>
          <ns3:TrackPointExtension>
            <ns3:atemp>31.0</ns3:atemp>
            <ns3:hr>155</ns3:hr>
          </ns3:TrackPointExtension>
        </extensions>
      </trkpt>
      <trkpt lat="22.60704838670790195465087890625" lon="114.3037193454802036285400390625">
        <ele>24.200000762939453125</ele>
        <time>2024-10-18T00:52:25.000Z</time>
        <extensions>
          <ns3:TrackPointExtension>
            <ns3:atemp>31.0</ns3:atemp>
            <ns3:hr>155</ns3:hr>
          </ns3:TrackPointExtension>
        </extensions>
      </trkpt>
      <trkpt lat="22.6070293597877025604248046875" lon="114.30374105460941791534423828125">
        <ele>24.3999996185302734375</ele>
        <time>2024-10-18T00:52:26.000Z</time>
        <extensions>
          <ns3:TrackPointExtension>
            <ns3:atemp>31.0</ns3:atemp>
            <ns3:hr>155</ns3:hr>
          </ns3:TrackPointExtension>
        </extensions>
      </trkpt>
      <trkpt lat="22.60701167397201061248779296875" lon="114.30376368574798107147216796875">
        <ele>24.3999996185302734375</ele>
        <time>2024-10-18T00:52:27.000Z</time>
        <extensions>
          <ns3:TrackPointExtension>
            <ns3:atemp>31.0</ns3:atemp>
            <ns3:hr>155</ns3:hr>
          </ns3:TrackPointExtension>
        </extensions>
      </trkpt>
      <trkpt lat="22.60699356906116008758544921875" lon="114.30378732271492481231689453125">
        <ele>24.799999237060546875</ele>
        <time>2024-10-18T00:52:28.000Z</time>
        <extensions>
          <ns3:TrackPointExtension>
            <ns3:atemp>31.0</ns3:atemp>
            <ns3:hr>155</ns3:hr>
          </ns3:TrackPointExtension>
        </extensions>
      </trkpt>
      <trkpt lat="22.6069743745028972625732421875" lon="114.30381129495799541473388671875">
        <ele>24.799999237060546875</ele>
        <time>2024-10-18T00:52:29.000Z</time>
        <extensions>
          <ns3:TrackPointExtension>
            <ns3:atemp>31.0</ns3:atemp>
            <ns3:hr>155</ns3:hr>
          </ns3:TrackPointExtension>
        </extensions>
      </trkpt>
      <trkpt lat="22.6069566048681735992431640625" lon="114.3038366921246051788330078125">
        <ele>25</ele>
        <time>2024-10-18T00:52:30.000Z</time>
        <extensions>
          <ns3:TrackPointExtension>
            <ns3:atemp>31.0</ns3:atemp>
            <ns3:hr>155</ns3:hr>
          </ns3:TrackPointExtension>
        </extensions>
      </trkpt>
      <trkpt lat="22.60693757794797420501708984375" lon="114.30386108346283435821533203125">
        <ele>25.3999996185302734375</ele>
        <time>2024-10-18T00:52:31.000Z</time>
        <extensions>
          <ns3:TrackPointExtension>
            <ns3:atemp>31.0</ns3:atemp>
            <ns3:hr>155</ns3:hr>
          </ns3:TrackPointExtension>
        </extensions>
      </trkpt>
      <trkpt lat="22.60691930539906024932861328125" lon="114.30388656444847583770751953125">
        <ele>25.6000003814697265625</ele>
        <time>2024-10-18T00:52:32.000Z</time>
        <extensions>
          <ns3:TrackPointExtension>
            <ns3:atemp>31.0</ns3:atemp>
            <ns3:hr>156</ns3:hr>
          </ns3:TrackPointExtension>
        </extensions>
      </trkpt>
      <trkpt lat="22.60689868591725826263427734375" lon="114.3039121292531490325927734375">
        <ele>26</ele>
        <time>2024-10-18T00:52:33.000Z</time>
        <extensions>
          <ns3:TrackPointExtension>
            <ns3:atemp>31.0</ns3:atemp>
            <ns3:hr>156</ns3:hr>
          </ns3:TrackPointExtension>
        </extensions>
      </trkpt>
      <trkpt lat="22.60688007809221744537353515625" lon="114.30393953807651996612548828125">
        <ele>26.200000762939453125</ele>
        <time>2024-10-18T00:52:34.000Z</time>
        <extensions>
          <ns3:TrackPointExtension>
            <ns3:atemp>31.0</ns3:atemp>
            <ns3:hr>156</ns3:hr>
          </ns3:TrackPointExtension>
        </extensions>
      </trkpt>
      <trkpt lat="22.60686096735298633575439453125" lon="114.3039667792618274688720703125">
        <ele>26.3999996185302734375</ele>
        <time>2024-10-18T00:52:35.000Z</time>
        <extensions>
          <ns3:TrackPointExtension>
            <ns3:atemp>31.0</ns3:atemp>
            <ns3:hr>156</ns3:hr>
          </ns3:TrackPointExtension>
        </extensions>
      </trkpt>
      <trkpt lat="22.60684420354664325714111328125" lon="114.3039929307997226715087890625">
        <ele>26.799999237060546875</ele>
        <time>2024-10-18T00:52:36.000Z</time>
        <extensions>
          <ns3:TrackPointExtension>
            <ns3:atemp>31.0</ns3:atemp>
            <ns3:hr>157</ns3:hr>
          </ns3:TrackPointExtension>
        </extensions>
      </trkpt>
      <trkpt lat="22.60682676918804645538330078125" lon="114.3040174059569835662841796875">
        <ele>26.799999237060546875</ele>
        <time>2024-10-18T00:52:37.000Z</time>
        <extensions>
          <ns3:TrackPointExtension>
            <ns3:atemp>31.0</ns3:atemp>
            <ns3:hr>157</ns3:hr>
          </ns3:TrackPointExtension>
        </extensions>
      </trkpt>
      <trkpt lat="22.606809251010417938232421875" lon="114.30404230020940303802490234375">
        <ele>27.200000762939453125</ele>
        <time>2024-10-18T00:52:38.000Z</time>
        <extensions>
          <ns3:TrackPointExtension>
            <ns3:atemp>31.0</ns3:atemp>
            <ns3:hr>157</ns3:hr>
          </ns3:TrackPointExtension>
        </extensions>
      </trkpt>
      <trkpt lat="22.606791816651821136474609375" lon="114.30406627245247364044189453125">
        <ele>27.3999996185302734375</ele>
        <time>2024-10-18T00:52:39.000Z</time>
        <extensions>
          <ns3:TrackPointExtension>
            <ns3:atemp>31.0</ns3:atemp>
            <ns3:hr>157</ns3:hr>
          </ns3:TrackPointExtension>
        </extensions>
      </trkpt>
      <trkpt lat="22.60677413083612918853759765625" lon="114.30409108288586139678955078125">
        <ele>27.6000003814697265625</ele>
        <time>2024-10-18T00:52:40.000Z</time>
        <extensions>
          <ns3:TrackPointExtension>
            <ns3:atemp>31.0</ns3:atemp>
            <ns3:hr>157</ns3:hr>
          </ns3:TrackPointExtension>
        </extensions>
      </trkpt>
      <trkpt lat="22.60675351135432720184326171875" lon="114.3041163124144077301025390625">
        <ele>27.799999237060546875</ele>
        <time>2024-10-18T00:52:41.000Z</time>
        <extensions>
          <ns3:TrackPointExtension>
            <ns3:atemp>31.0</ns3:atemp>
            <ns3:hr>158</ns3:hr>
          </ns3:TrackPointExtension>
        </extensions>
      </trkpt>
      <trkpt lat="22.6067349873483180999755859375" lon="114.30414020083844661712646484375">
        <ele>28</ele>
        <time>2024-10-18T00:52:42.000Z</time>
        <extensions>
          <ns3:TrackPointExtension>
            <ns3:atemp>31.0</ns3:atemp>
            <ns3:hr>158</ns3:hr>
          </ns3:TrackPointExtension>
        </extensions>
      </trkpt>
      <trkpt lat="22.60671612806618213653564453125" lon="114.30416467599570751190185546875">
        <ele>28.3999996185302734375</ele>
        <time>2024-10-18T00:52:43.000Z</time>
        <extensions>
          <ns3:TrackPointExtension>
            <ns3:atemp>31.0</ns3:atemp>
            <ns3:hr>158</ns3:hr>
          </ns3:TrackPointExtension>
        </extensions>
      </trkpt>
      <trkpt lat="22.60669819079339504241943359375" lon="114.3041890673339366912841796875">
        <ele>28.6000003814697265625</ele>
        <time>2024-10-18T00:52:44.000Z</time>
        <extensions>
          <ns3:TrackPointExtension>
            <ns3:atemp>31.0</ns3:atemp>
            <ns3:hr>159</ns3:hr>
          </ns3:TrackPointExtension>
        </extensions>
      </trkpt>
      <trkpt lat="22.60668016970157623291015625" lon="114.30421396158635616302490234375">
        <ele>28.799999237060546875</ele>
        <time>2024-10-18T00:52:45.000Z</time>
        <extensions>
          <ns3:TrackPointExtension>
            <ns3:atemp>31.0</ns3:atemp>
            <ns3:hr>159</ns3:hr>
          </ns3:TrackPointExtension>
        </extensions>
      </trkpt>
      <trkpt lat="22.6066642440855503082275390625" lon="114.3042386882007122039794921875">
        <ele>29</ele>
        <time>2024-10-18T00:52:46.000Z</time>
        <extensions>
          <ns3:TrackPointExtension>
            <ns3:atemp>31.0</ns3:atemp>
            <ns3:hr>159</ns3:hr>
          </ns3:TrackPointExtension>
        </extensions>
      </trkpt>
      <trkpt lat="22.60664924047887325286865234375" lon="114.30426525883376598358154296875">
        <ele>29</ele>
        <time>2024-10-18T00:52:47.000Z</time>
        <extensions>
          <ns3:TrackPointExtension>
            <ns3:atemp>31.0</ns3:atemp>
            <ns3:hr>159</ns3:hr>
          </ns3:TrackPointExtension>
        </extensions>
      </trkpt>
      <trkpt lat="22.60663532651960849761962890625" lon="114.3042913265526294708251953125">
        <ele>29.200000762939453125</ele>
        <time>2024-10-18T00:52:48.000Z</time>
        <extensions>
          <ns3:TrackPointExtension>
            <ns3:atemp>31.0</ns3:atemp>
            <ns3:hr>159</ns3:hr>
          </ns3:TrackPointExtension>
        </extensions>
      </trkpt>
      <trkpt lat="22.60662208311259746551513671875" lon="114.30431689135730266571044921875">
        <ele>29.3999996185302734375</ele>
        <time>2024-10-18T00:52:49.000Z</time>
        <extensions>
          <ns3:TrackPointExtension>
            <ns3:atemp>31.0</ns3:atemp>
            <ns3:hr>159</ns3:hr>
          </ns3:TrackPointExtension>
        </extensions>
      </trkpt>
      <trkpt lat="22.6066099293529987335205078125" lon="114.3043429590761661529541015625">
        <ele>29.6000003814697265625</ele>
        <time>2024-10-18T00:52:50.000Z</time>
        <extensions>
          <ns3:TrackPointExtension>
            <ns3:atemp>31.0</ns3:atemp>
            <ns3:hr>159</ns3:hr>
          </ns3:TrackPointExtension>
        </extensions>
      </trkpt>
      <trkpt lat="22.60659626685082912445068359375" lon="114.3043711222708225250244140625">
        <ele>30</ele>
        <time>2024-10-18T00:52:51.000Z</time>
        <extensions>
          <ns3:TrackPointExtension>
            <ns3:atemp>31.0</ns3:atemp>
            <ns3:hr>159</ns3:hr>
          </ns3:TrackPointExtension>
        </extensions>
      </trkpt>
      <trkpt lat="22.60658537037670612335205078125" lon="114.3044026382267475128173828125">
        <ele>30.200000762939453125</ele>
        <time>2024-10-18T00:52:52.000Z</time>
        <extensions>
          <ns3:TrackPointExtension>
            <ns3:atemp>31.0</ns3:atemp>
            <ns3:hr>159</ns3:hr>
          </ns3:TrackPointExtension>
        </extensions>
      </trkpt>
      <trkpt lat="22.60657422244548797607421875" lon="114.30443465709686279296875">
        <ele>30.3999996185302734375</ele>
        <time>2024-10-18T00:52:53.000Z</time>
        <extensions>
          <ns3:TrackPointExtension>
            <ns3:atemp>31.0</ns3:atemp>
            <ns3:hr>159</ns3:hr>
          </ns3:TrackPointExtension>
        </extensions>
      </trkpt>
      <trkpt lat="22.60656391270458698272705078125" lon="114.30446642450988292694091796875">
        <ele>30.799999237060546875</ele>
        <time>2024-10-18T00:52:54.000Z</time>
        <extensions>
          <ns3:TrackPointExtension>
            <ns3:atemp>31.0</ns3:atemp>
            <ns3:hr>159</ns3:hr>
          </ns3:TrackPointExtension>
        </extensions>
      </trkpt>
      <trkpt lat="22.606555782258510589599609375" lon="114.3044988624751567840576171875">
        <ele>31</ele>
        <time>2024-10-18T00:52:55.000Z</time>
        <extensions>
          <ns3:TrackPointExtension>
            <ns3:atemp>31.0</ns3:atemp>
            <ns3:hr>160</ns3:hr>
          </ns3:TrackPointExtension>
        </extensions>
      </trkpt>
      <trkpt lat="22.6065479032695293426513671875" lon="114.30452962405979633331298828125">
        <ele>31.200000762939453125</ele>
        <time>2024-10-18T00:52:56.000Z</time>
        <extensions>
          <ns3:TrackPointExtension>
            <ns3:atemp>31.0</ns3:atemp>
            <ns3:hr>160</ns3:hr>
          </ns3:TrackPointExtension>
        </extensions>
      </trkpt>
      <trkpt lat="22.606542371213436126708984375" lon="114.30456030182540416717529296875">
        <ele>31.3999996185302734375</ele>
        <time>2024-10-18T00:52:57.000Z</time>
        <extensions>
          <ns3:TrackPointExtension>
            <ns3:atemp>31.0</ns3:atemp>
            <ns3:hr>160</ns3:hr>
          </ns3:TrackPointExtension>
        </extensions>
      </trkpt>
      <trkpt lat="22.60653642006218433380126953125" lon="114.3045917339622974395751953125">
        <ele>31.799999237060546875</ele>
        <time>2024-10-18T00:52:58.000Z</time>
        <extensions>
          <ns3:TrackPointExtension>
            <ns3:atemp>31.0</ns3:atemp>
            <ns3:hr>160</ns3:hr>
          </ns3:TrackPointExtension>
        </extensions>
      </trkpt>
      <trkpt lat="22.60653197765350341796875" lon="114.30462014861404895782470703125">
        <ele>32</ele>
        <time>2024-10-18T00:52:59.000Z</time>
        <extensions>
          <ns3:TrackPointExtension>
            <ns3:atemp>31.0</ns3:atemp>
            <ns3:hr>160</ns3:hr>
          </ns3:TrackPointExtension>
        </extensions>
      </trkpt>
      <trkpt lat="22.60652862489223480224609375" lon="114.304649569094181060791015625">
        <ele>32.200000762939453125</ele>
        <time>2024-10-18T00:53:00.000Z</time>
        <extensions>
          <ns3:TrackPointExtension>
            <ns3:atemp>31.0</ns3:atemp>
            <ns3:hr>160</ns3:hr>
          </ns3:TrackPointExtension>
        </extensions>
      </trkpt>
      <trkpt lat="22.60652594268321990966796875" lon="114.30467831902205944061279296875">
        <ele>32.40000152587890625</ele>
        <time>2024-10-18T00:53:01.000Z</time>
        <extensions>
          <ns3:TrackPointExtension>
            <ns3:atemp>31.0</ns3:atemp>
            <ns3:hr>160</ns3:hr>
          </ns3:TrackPointExtension>
        </extensions>
      </trkpt>
      <trkpt lat="22.60652183555066585540771484375" lon="114.30470757186412811279296875">
        <ele>32.59999847412109375</ele>
        <time>2024-10-18T00:53:02.000Z</time>
        <extensions>
          <ns3:TrackPointExtension>
            <ns3:atemp>31.0</ns3:atemp>
            <ns3:hr>160</ns3:hr>
          </ns3:TrackPointExtension>
        </extensions>
      </trkpt>
      <trkpt lat="22.6065170578658580780029296875" lon="114.30473682470619678497314453125">
        <ele>32.59999847412109375</ele>
        <time>2024-10-18T00:53:03.000Z</time>
        <extensions>
          <ns3:TrackPointExtension>
            <ns3:atemp>31.0</ns3:atemp>
            <ns3:hr>160</ns3:hr>
          </ns3:TrackPointExtension>
        </extensions>
      </trkpt>
      <trkpt lat="22.606513202190399169921875" lon="114.30476565845310688018798828125">
        <ele>32.799999237060546875</ele>
        <time>2024-10-18T00:53:04.000Z</time>
        <extensions>
          <ns3:TrackPointExtension>
            <ns3:atemp>31.0</ns3:atemp>
            <ns3:hr>160</ns3:hr>
          </ns3:TrackPointExtension>
        </extensions>
      </trkpt>
      <trkpt lat="22.6065083406865596771240234375" lon="114.30479600094258785247802734375">
        <ele>33</ele>
        <time>2024-10-18T00:53:05.000Z</time>
        <extensions>
          <ns3:TrackPointExtension>
            <ns3:atemp>31.0</ns3:atemp>
            <ns3:hr>160</ns3:hr>
          </ns3:TrackPointExtension>
        </extensions>
      </trkpt>
      <trkpt lat="22.60650507174432277679443359375" lon="114.30482600815594196319580078125">
        <ele>33.200000762939453125</ele>
        <time>2024-10-18T00:53:06.000Z</time>
        <extensions>
          <ns3:TrackPointExtension>
            <ns3:atemp>31.0</ns3:atemp>
            <ns3:hr>161</ns3:hr>
          </ns3:TrackPointExtension>
        </extensions>
      </trkpt>
      <trkpt lat="22.60650188662111759185791015625" lon="114.3048555962741374969482421875">
        <ele>33.40000152587890625</ele>
        <time>2024-10-18T00:53:07.000Z</time>
        <extensions>
          <ns3:TrackPointExtension>
            <ns3:atemp>31.0</ns3:atemp>
            <ns3:hr>161</ns3:hr>
          </ns3:TrackPointExtension>
        </extensions>
      </trkpt>
      <trkpt lat="22.60649853385984897613525390625" lon="114.30488166399300098419189453125">
        <ele>33.799999237060546875</ele>
        <time>2024-10-18T00:53:08.000Z</time>
        <extensions>
          <ns3:TrackPointExtension>
            <ns3:atemp>31.0</ns3:atemp>
            <ns3:hr>161</ns3:hr>
          </ns3:TrackPointExtension>
        </extensions>
      </trkpt>
      <trkpt lat="22.60649484582245349884033203125" lon="114.304908402264118194580078125">
        <ele>34</ele>
        <time>2024-10-18T00:53:09.000Z</time>
        <extensions>
          <ns3:TrackPointExtension>
            <ns3:atemp>31.0</ns3:atemp>
            <ns3:hr>161</ns3:hr>
          </ns3:TrackPointExtension>
        </extensions>
      </trkpt>
      <trkpt lat="22.6064892299473285675048828125" lon="114.30493949912488460540771484375">
        <ele>34.200000762939453125</ele>
        <time>2024-10-18T00:53:10.000Z</time>
        <extensions>
          <ns3:TrackPointExtension>
            <ns3:atemp>31.0</ns3:atemp>
            <ns3:hr>161</ns3:hr>
          </ns3:TrackPointExtension>
        </extensions>
      </trkpt>
      <trkpt lat="22.60648478753864765167236328125" lon="114.30497101508080959320068359375">
        <ele>34.40000152587890625</ele>
        <time>2024-10-18T00:53:11.000Z</time>
        <extensions>
          <ns3:TrackPointExtension>
            <ns3:atemp>31.0</ns3:atemp>
            <ns3:hr>161</ns3:hr>
          </ns3:TrackPointExtension>
        </extensions>
      </trkpt>
      <trkpt lat="22.60648277588188648223876953125" lon="114.3049990944564342498779296875">
        <ele>34.59999847412109375</ele>
        <time>2024-10-18T00:53:12.000Z</time>
        <extensions>
          <ns3:TrackPointExtension>
            <ns3:atemp>31.0</ns3:atemp>
            <ns3:hr>162</ns3:hr>
          </ns3:TrackPointExtension>
        </extensions>
      </trkpt>
      <trkpt lat="22.60648227296769618988037109375" lon="114.30502667091786861419677734375">
        <ele>35.200000762939453125</ele>
        <time>2024-10-18T00:53:13.000Z</time>
        <extensions>
          <ns3:TrackPointExtension>
            <ns3:atemp>31.0</ns3:atemp>
            <ns3:hr>162</ns3:hr>
          </ns3:TrackPointExtension>
        </extensions>
      </trkpt>
      <trkpt lat="22.60647791437804698944091796875" lon="114.305055253207683563232421875">
        <ele>35.200000762939453125</ele>
        <time>2024-10-18T00:53:14.000Z</time>
        <extensions>
          <ns3:TrackPointExtension>
            <ns3:atemp>31.0</ns3:atemp>
            <ns3:hr>162</ns3:hr>
          </ns3:TrackPointExtension>
        </extensions>
      </trkpt>
      <trkpt lat="22.606475315988063812255859375" lon="114.305084086954593658447265625">
        <ele>35.40000152587890625</ele>
        <time>2024-10-18T00:53:15.000Z</time>
        <extensions>
          <ns3:TrackPointExtension>
            <ns3:atemp>31.0</ns3:atemp>
            <ns3:hr>163</ns3:hr>
          </ns3:TrackPointExtension>
        </extensions>
      </trkpt>
      <trkpt lat="22.60647171176970005035400390625" lon="114.305114261806011199951171875">
        <ele>35.59999847412109375</ele>
        <time>2024-10-18T00:53:16.000Z</time>
        <extensions>
          <ns3:TrackPointExtension>
            <ns3:atemp>31.0</ns3:atemp>
            <ns3:hr>163</ns3:hr>
          </ns3:TrackPointExtension>
        </extensions>
      </trkpt>
      <trkpt lat="22.6064681075513362884521484375" lon="114.30514074862003326416015625">
        <ele>35.799999237060546875</ele>
        <time>2024-10-18T00:53:17.000Z</time>
        <extensions>
          <ns3:TrackPointExtension>
            <ns3:atemp>31.0</ns3:atemp>
            <ns3:hr>163</ns3:hr>
          </ns3:TrackPointExtension>
        </extensions>
      </trkpt>
      <trkpt lat="22.6064620725810527801513671875" lon="114.30516891181468963623046875">
        <ele>36.200000762939453125</ele>
        <time>2024-10-18T00:53:18.000Z</time>
        <extensions>
          <ns3:TrackPointExtension>
            <ns3:atemp>31.0</ns3:atemp>
            <ns3:hr>163</ns3:hr>
          </ns3:TrackPointExtension>
        </extensions>
      </trkpt>
      <trkpt lat="22.60645695962011814117431640625" lon="114.305200092494487762451171875">
        <ele>36.40000152587890625</ele>
        <time>2024-10-18T00:53:19.000Z</time>
        <extensions>
          <ns3:TrackPointExtension>
            <ns3:atemp>31.0</ns3:atemp>
            <ns3:hr>163</ns3:hr>
          </ns3:TrackPointExtension>
        </extensions>
      </trkpt>
      <trkpt lat="22.60645243339240550994873046875" lon="114.30523051880300045013427734375">
        <ele>36.40000152587890625</ele>
        <time>2024-10-18T00:53:20.000Z</time>
        <extensions>
          <ns3:TrackPointExtension>
            <ns3:atemp>31.0</ns3:atemp>
            <ns3:hr>163</ns3:hr>
          </ns3:TrackPointExtension>
        </extensions>
      </trkpt>
      <trkpt lat="22.60644841007888317108154296875" lon="114.305262453854084014892578125">
        <ele>36.59999847412109375</ele>
        <time>2024-10-18T00:53:21.000Z</time>
        <extensions>
          <ns3:TrackPointExtension>
            <ns3:atemp>31.0</ns3:atemp>
            <ns3:hr>163</ns3:hr>
          </ns3:TrackPointExtension>
        </extensions>
      </trkpt>
      <trkpt lat="22.6064436323940753936767578125" lon="114.305293969810009002685546875">
        <ele>37</ele>
        <time>2024-10-18T00:53:22.000Z</time>
        <extensions>
          <ns3:TrackPointExtension>
            <ns3:atemp>31.0</ns3:atemp>
            <ns3:hr>163</ns3:hr>
          </ns3:TrackPointExtension>
        </extensions>
      </trkpt>
      <trkpt lat="22.60643550194799900054931640625" lon="114.3053283356130123138427734375">
        <ele>37.200000762939453125</ele>
        <time>2024-10-18T00:53:23.000Z</time>
        <extensions>
          <ns3:TrackPointExtension>
            <ns3:atemp>31.0</ns3:atemp>
            <ns3:hr>163</ns3:hr>
          </ns3:TrackPointExtension>
        </extensions>
      </trkpt>
      <trkpt lat="22.60642644949257373809814453125" lon="114.30536362342536449432373046875">
        <ele>37.40000152587890625</ele>
        <time>2024-10-18T00:53:24.000Z</time>
        <extensions>
          <ns3:TrackPointExtension>
            <ns3:atemp>31.0</ns3:atemp>
            <ns3:hr>163</ns3:hr>
          </ns3:TrackPointExtension>
        </extensions>
      </trkpt>
      <trkpt lat="22.6064153015613555908203125" lon="114.3054017610847949981689453125">
        <ele>37.59999847412109375</ele>
        <time>2024-10-18T00:53:25.000Z</time>
        <extensions>
          <ns3:TrackPointExtension>
            <ns3:atemp>31.0</ns3:atemp>
            <ns3:hr>163</ns3:hr>
          </ns3:TrackPointExtension>
        </extensions>
      </trkpt>
      <trkpt lat="22.60640666820108890533447265625" lon="114.305437467992305755615234375">
        <ele>37.799999237060546875</ele>
        <time>2024-10-18T00:53:26.000Z</time>
        <extensions>
          <ns3:TrackPointExtension>
            <ns3:atemp>31.0</ns3:atemp>
            <ns3:hr>163</ns3:hr>
          </ns3:TrackPointExtension>
        </extensions>
      </trkpt>
      <trkpt lat="22.60640063323080539703369140625" lon="114.30546688847243785858154296875">
        <ele>38.200000762939453125</ele>
        <time>2024-10-18T00:53:27.000Z</time>
        <extensions>
          <ns3:TrackPointExtension>
            <ns3:atemp>32.0</ns3:atemp>
            <ns3:hr>163</ns3:hr>
          </ns3:TrackPointExtension>
        </extensions>
      </trkpt>
      <trkpt lat="22.60639376007020473480224609375" lon="114.305494464933872222900390625">
        <ele>38.59999847412109375</ele>
        <time>2024-10-18T00:53:28.000Z</time>
        <extensions>
          <ns3:TrackPointExtension>
            <ns3:atemp>31.0</ns3:atemp>
            <ns3:hr>163</ns3:hr>
          </ns3:TrackPointExtension>
        </extensions>
      </trkpt>
      <trkpt lat="22.60638705454766750335693359375" lon="114.30552355013787746429443359375">
        <ele>38.799999237060546875</ele>
        <time>2024-10-18T00:53:29.000Z</time>
        <extensions>
          <ns3:TrackPointExtension>
            <ns3:atemp>31.0</ns3:atemp>
            <ns3:hr>163</ns3:hr>
          </ns3:TrackPointExtension>
        </extensions>
      </trkpt>
      <trkpt lat="22.60637833736836910247802734375" lon="114.30555514991283416748046875">
        <ele>38.799999237060546875</ele>
        <time>2024-10-18T00:53:30.000Z</time>
        <extensions>
          <ns3:TrackPointExtension>
            <ns3:atemp>32.0</ns3:atemp>
            <ns3:hr>163</ns3:hr>
          </ns3:TrackPointExtension>
        </extensions>
      </trkpt>
      <trkpt lat="22.60636844672262668609619140625" lon="114.3055888451635837554931640625">
        <ele>39.200000762939453125</ele>
        <time>2024-10-18T00:53:31.000Z</time>
        <extensions>
          <ns3:TrackPointExtension>
            <ns3:atemp>32.0</ns3:atemp>
            <ns3:hr>163</ns3:hr>
          </ns3:TrackPointExtension>
        </extensions>
      </trkpt>
      <trkpt lat="22.606357969343662261962890625" lon="114.30562363006174564361572265625">
        <ele>39.40000152587890625</ele>
        <time>2024-10-18T00:53:32.000Z</time>
        <extensions>
          <ns3:TrackPointExtension>
            <ns3:atemp>32.0</ns3:atemp>
            <ns3:hr>163</ns3:hr>
          </ns3:TrackPointExtension>
        </extensions>
      </trkpt>
      <trkpt lat="22.60634648613631725311279296875" lon="114.3056564033031463623046875">
        <ele>39.40000152587890625</ele>
        <time>2024-10-18T00:53:33.000Z</time>
        <extensions>
          <ns3:TrackPointExtension>
            <ns3:atemp>32.0</ns3:atemp>
            <ns3:hr>163</ns3:hr>
          </ns3:TrackPointExtension>
        </extensions>
      </trkpt>
      <trkpt lat="22.6063373498618602752685546875" lon="114.3056911043822765350341796875">
        <ele>39.59999847412109375</ele>
        <time>2024-10-18T00:53:34.000Z</time>
        <extensions>
          <ns3:TrackPointExtension>
            <ns3:atemp>32.0</ns3:atemp>
            <ns3:hr>163</ns3:hr>
          </ns3:TrackPointExtension>
        </extensions>
      </trkpt>
      <trkpt lat="22.60632888413965702056884765625" lon="114.3057232908904552459716796875">
        <ele>39.799999237060546875</ele>
        <time>2024-10-18T00:53:35.000Z</time>
        <extensions>
          <ns3:TrackPointExtension>
            <ns3:atemp>32.0</ns3:atemp>
            <ns3:hr>163</ns3:hr>
          </ns3:TrackPointExtension>
        </extensions>
      </trkpt>
      <trkpt lat="22.60632184334099292755126953125" lon="114.30575405247509479522705078125">
        <ele>39.799999237060546875</ele>
        <time>2024-10-18T00:53:36.000Z</time>
        <extensions>
          <ns3:TrackPointExtension>
            <ns3:atemp>31.0</ns3:atemp>
            <ns3:hr>163</ns3:hr>
          </ns3:TrackPointExtension>
        </extensions>
      </trkpt>
      <trkpt lat="22.60631832294166088104248046875" lon="114.3057839758694171905517578125">
        <ele>40</ele>
        <time>2024-10-18T00:53:37.000Z</time>
        <extensions>
          <ns3:TrackPointExtension>
            <ns3:atemp>31.0</ns3:atemp>
            <ns3:hr>163</ns3:hr>
          </ns3:TrackPointExtension>
        </extensions>
      </trkpt>
      <trkpt lat="22.60631312616169452667236328125" lon="114.30581607855856418609619140625">
        <ele>40.40000152587890625</ele>
        <time>2024-10-18T00:53:38.000Z</time>
        <extensions>
          <ns3:TrackPointExtension>
            <ns3:atemp>32.0</ns3:atemp>
            <ns3:hr>162</ns3:hr>
          </ns3:TrackPointExtension>
        </extensions>
      </trkpt>
      <trkpt lat="22.60630507953464984893798828125" lon="114.30584809742867946624755859375">
        <ele>40.40000152587890625</ele>
        <time>2024-10-18T00:53:39.000Z</time>
        <extensions>
          <ns3:TrackPointExtension>
            <ns3:atemp>32.0</ns3:atemp>
            <ns3:hr>162</ns3:hr>
          </ns3:TrackPointExtension>
        </extensions>
      </trkpt>
      <trkpt lat="22.6063004694879055023193359375" lon="114.30587961338460445404052734375">
        <ele>40.40000152587890625</ele>
        <time>2024-10-18T00:53:40.000Z</time>
        <extensions>
          <ns3:TrackPointExtension>
            <ns3:atemp>32.0</ns3:atemp>
            <ns3:hr>162</ns3:hr>
          </ns3:TrackPointExtension>
        </extensions>
      </trkpt>
      <trkpt lat="22.6062974520027637481689453125" lon="114.30591523647308349609375">
        <ele>40.799999237060546875</ele>
        <time>2024-10-18T00:53:41.000Z</time>
        <extensions>
          <ns3:TrackPointExtension>
            <ns3:atemp>32.0</ns3:atemp>
            <ns3:hr>162</ns3:hr>
          </ns3:TrackPointExtension>
        </extensions>
      </trkpt>
      <trkpt lat="22.60629032738506793975830078125" lon="114.30595203302800655364990234375">
        <ele>40.799999237060546875</ele>
        <time>2024-10-18T00:53:42.000Z</time>
        <extensions>
          <ns3:TrackPointExtension>
            <ns3:atemp>32.0</ns3:atemp>
            <ns3:hr>163</ns3:hr>
          </ns3:TrackPointExtension>
        </extensions>
      </trkpt>
      <trkpt lat="22.60628454387187957763671875" lon="114.305987991392612457275390625">
        <ele>41</ele>
        <time>2024-10-18T00:53:43.000Z</time>
        <extensions>
          <ns3:TrackPointExtension>
            <ns3:atemp>32.0</ns3:atemp>
            <ns3:hr>163</ns3:hr>
          </ns3:TrackPointExtension>
        </extensions>
      </trkpt>
      <trkpt lat="22.60627641342580318450927734375" lon="114.306026883423328399658203125">
        <ele>41</ele>
        <time>2024-10-18T00:53:44.000Z</time>
        <extensions>
          <ns3:TrackPointExtension>
            <ns3:atemp>31.0</ns3:atemp>
            <ns3:hr>163</ns3:hr>
          </ns3:TrackPointExtension>
        </extensions>
      </trkpt>
      <trkpt lat="22.60626769624650478363037109375" lon="114.30606535635888576507568359375">
        <ele>41.200000762939453125</ele>
        <time>2024-10-18T00:53:45.000Z</time>
        <extensions>
          <ns3:TrackPointExtension>
            <ns3:atemp>32.0</ns3:atemp>
            <ns3:hr>163</ns3:hr>
          </ns3:TrackPointExtension>
        </extensions>
      </trkpt>
      <trkpt lat="22.6062565483152866363525390625" lon="114.306105338037014007568359375">
        <ele>41.200000762939453125</ele>
        <time>2024-10-18T00:53:46.000Z</time>
        <extensions>
          <ns3:TrackPointExtension>
            <ns3:atemp>32.0</ns3:atemp>
            <ns3:hr>163</ns3:hr>
          </ns3:TrackPointExtension>
        </extensions>
      </trkpt>
      <trkpt lat="22.606243304908275604248046875" lon="114.3061413802206516265869140625">
        <ele>41.40000152587890625</ele>
        <time>2024-10-18T00:53:47.000Z</time>
        <extensions>
          <ns3:TrackPointExtension>
            <ns3:atemp>32.0</ns3:atemp>
            <ns3:hr>163</ns3:hr>
          </ns3:TrackPointExtension>
        </extensions>
      </trkpt>
      <trkpt lat="22.60623115114867687225341796875" lon="114.30617901496589183807373046875">
        <ele>41.40000152587890625</ele>
        <time>2024-10-18T00:53:48.000Z</time>
        <extensions>
          <ns3:TrackPointExtension>
            <ns3:atemp>32.0</ns3:atemp>
            <ns3:hr>162</ns3:hr>
          </ns3:TrackPointExtension>
        </extensions>
      </trkpt>
      <trkpt lat="22.60621790774166584014892578125" lon="114.3062148056924343109130859375">
        <ele>41.40000152587890625</ele>
        <time>2024-10-18T00:53:49.000Z</time>
        <extensions>
          <ns3:TrackPointExtension>
            <ns3:atemp>32.0</ns3:atemp>
            <ns3:hr>162</ns3:hr>
          </ns3:TrackPointExtension>
        </extensions>
      </trkpt>
      <trkpt lat="22.6062065921723842620849609375" lon="114.30625227279961109161376953125">
        <ele>41.59999847412109375</ele>
        <time>2024-10-18T00:53:50.000Z</time>
        <extensions>
          <ns3:TrackPointExtension>
            <ns3:atemp>32.0</ns3:atemp>
            <ns3:hr>162</ns3:hr>
          </ns3:TrackPointExtension>
        </extensions>
      </trkpt>
      <trkpt lat="22.6066890545189380645751953125" lon="114.30846978910267353057861328125">
        <ele>48</ele>
        <time>2024-10-18T00:54:39.000Z</time>
        <extensions>
          <ns3:TrackPointExtension>
            <ns3:atemp>31.0</ns3:atemp>
            <ns3:hr>157</ns3:hr>
          </ns3:TrackPointExtension>
        </extensions>
      </trkpt>
      <trkpt lat="22.6068094186484813690185546875" lon="114.30853332392871379852294921875">
        <ele>48</ele>
        <time>2024-10-18T00:54:40.000Z</time>
        <extensions>
          <ns3:TrackPointExtension>
            <ns3:atemp>31.0</ns3:atemp>
            <ns3:hr>157</ns3:hr>
          </ns3:TrackPointExtension>
        </extensions>
      </trkpt>
      <trkpt lat="22.6068637333810329437255859375" lon="114.308585040271282196044921875">
        <ele>48.200000762939453125</ele>
        <time>2024-10-18T00:54:41.000Z</time>
        <extensions>
          <ns3:TrackPointExtension>
            <ns3:atemp>31.0</ns3:atemp>
            <ns3:hr>157</ns3:hr>
          </ns3:TrackPointExtension>
        </extensions>
      </trkpt>
      <trkpt lat="22.60690572671592235565185546875" lon="114.30863055400550365447998046875">
        <ele>48.200000762939453125</ele>
        <time>2024-10-18T00:54:42.000Z</time>
        <extensions>
          <ns3:TrackPointExtension>
            <ns3:atemp>31.0</ns3:atemp>
            <ns3:hr>157</ns3:hr>
          </ns3:TrackPointExtension>
        </extensions>
      </trkpt>
      <trkpt lat="22.60694344528019428253173828125" lon="114.308684952557086944580078125">
        <ele>48.200000762939453125</ele>
        <time>2024-10-18T00:54:43.000Z</time>
        <extensions>
          <ns3:TrackPointExtension>
            <ns3:atemp>31.0</ns3:atemp>
            <ns3:hr>156</ns3:hr>
          </ns3:TrackPointExtension>
        </extensions>
      </trkpt>
      <trkpt lat="22.6069361530244350433349609375" lon="114.308731891214847564697265625">
        <ele>48.59999847412109375</ele>
        <time>2024-10-18T00:54:44.000Z</time>
        <extensions>
          <ns3:TrackPointExtension>
            <ns3:atemp>31.0</ns3:atemp>
            <ns3:hr>156</ns3:hr>
          </ns3:TrackPointExtension>
        </extensions>
      </trkpt>
      <trkpt lat="22.6069384999573230743408203125" lon="114.3087719567120075225830078125">
        <ele>48.59999847412109375</ele>
        <time>2024-10-18T00:54:45.000Z</time>
        <extensions>
          <ns3:TrackPointExtension>
            <ns3:atemp>31.0</ns3:atemp>
            <ns3:hr>156</ns3:hr>
          </ns3:TrackPointExtension>
        </extensions>
      </trkpt>
      <trkpt lat="22.60693774558603763580322265625" lon="114.3088148720562458038330078125">
        <ele>48.59999847412109375</ele>
        <time>2024-10-18T00:54:46.000Z</time>
        <extensions>
          <ns3:TrackPointExtension>
            <ns3:atemp>31.0</ns3:atemp>
            <ns3:hr>156</ns3:hr>
          </ns3:TrackPointExtension>
        </extensions>
      </trkpt>
      <trkpt lat="22.6069371588528156280517578125" lon="114.30884714238345623016357421875">
        <ele>48.59999847412109375</ele>
        <time>2024-10-18T00:54:47.000Z</time>
        <extensions>
          <ns3:TrackPointExtension>
            <ns3:atemp>31.0</ns3:atemp>
            <ns3:hr>155</ns3:hr>
          </ns3:TrackPointExtension>
        </extensions>
      </trkpt>
      <trkpt lat="22.606936655938625335693359375" lon="114.30888720788061618804931640625">
        <ele>48.799999237060546875</ele>
        <time>2024-10-18T00:54:48.000Z</time>
        <extensions>
          <ns3:TrackPointExtension>
            <ns3:atemp>31.0</ns3:atemp>
            <ns3:hr>154</ns3:hr>
          </ns3:TrackPointExtension>
        </extensions>
      </trkpt>
      <trkpt lat="22.60693305172026157379150390625" lon="114.30893146432936191558837890625">
        <ele>48.59999847412109375</ele>
        <time>2024-10-18T00:54:49.000Z</time>
        <extensions>
          <ns3:TrackPointExtension>
            <ns3:atemp>31.0</ns3:atemp>
            <ns3:hr>154</ns3:hr>
          </ns3:TrackPointExtension>
        </extensions>
      </trkpt>
      <trkpt lat="22.60694143362343311309814453125" lon="114.30897823534905910491943359375">
        <ele>48.59999847412109375</ele>
        <time>2024-10-18T00:54:50.000Z</time>
        <extensions>
          <ns3:TrackPointExtension>
            <ns3:atemp>31.0</ns3:atemp>
            <ns3:hr>153</ns3:hr>
          </ns3:TrackPointExtension>
        </extensions>
      </trkpt>
      <trkpt lat="22.60695367120206356048583984375" lon="114.30902467109262943267822265625">
        <ele>48.799999237060546875</ele>
        <time>2024-10-18T00:54:51.000Z</time>
        <extensions>
          <ns3:TrackPointExtension>
            <ns3:atemp>31.0</ns3:atemp>
            <ns3:hr>152</ns3:hr>
          </ns3:TrackPointExtension>
        </extensions>
      </trkpt>
      <trkpt lat="22.60696104727685451507568359375" lon="114.30906138382852077484130859375">
        <ele>48.799999237060546875</ele>
        <time>2024-10-18T00:54:52.000Z</time>
        <extensions>
          <ns3:TrackPointExtension>
            <ns3:atemp>31.0</ns3:atemp>
            <ns3:hr>152</ns3:hr>
          </ns3:TrackPointExtension>
        </extensions>
      </trkpt>
      <trkpt lat="22.60696473531424999237060546875" lon="114.30910044349730014801025390625">
        <ele>48.799999237060546875</ele>
        <time>2024-10-18T00:54:53.000Z</time>
        <extensions>
          <ns3:TrackPointExtension>
            <ns3:atemp>31.0</ns3:atemp>
            <ns3:hr>153</ns3:hr>
          </ns3:TrackPointExtension>
        </extensions>
      </trkpt>
      <trkpt lat="22.60696909390389919281005859375" lon="114.3091307021677494049072265625">
        <ele>48.799999237060546875</ele>
        <time>2024-10-18T00:54:54.000Z</time>
        <extensions>
          <ns3:TrackPointExtension>
            <ns3:atemp>31.0</ns3:atemp>
            <ns3:hr>152</ns3:hr>
          </ns3:TrackPointExtension>
        </extensions>
      </trkpt>
      <trkpt lat="22.606990300118923187255859375" lon="114.3091565184295177459716796875">
        <ele>48.799999237060546875</ele>
        <time>2024-10-18T00:54:55.000Z</time>
        <extensions>
          <ns3:TrackPointExtension>
            <ns3:atemp>31.0</ns3:atemp>
            <ns3:hr>152</ns3:hr>
          </ns3:TrackPointExtension>
        </extensions>
      </trkpt>
      <trkpt lat="22.6070273481309413909912109375" lon="114.30917621590197086334228515625">
        <ele>48.799999237060546875</ele>
        <time>2024-10-18T00:54:56.000Z</time>
        <extensions>
          <ns3:TrackPointExtension>
            <ns3:atemp>31.0</ns3:atemp>
            <ns3:hr>152</ns3:hr>
          </ns3:TrackPointExtension>
        </extensions>
      </trkpt>
      <trkpt lat="22.60707017965614795684814453125" lon="114.30919180624186992645263671875">
        <ele>48.799999237060546875</ele>
        <time>2024-10-18T00:54:57.000Z</time>
        <extensions>
          <ns3:TrackPointExtension>
            <ns3:atemp>31.0</ns3:atemp>
            <ns3:hr>151</ns3:hr>
          </ns3:TrackPointExtension>
        </extensions>
      </trkpt>
      <trkpt lat="22.60711007751524448394775390625" lon="114.3092161975800991058349609375">
        <ele>48.799999237060546875</ele>
        <time>2024-10-18T00:54:58.000Z</time>
        <extensions>
          <ns3:TrackPointExtension>
            <ns3:atemp>31.0</ns3:atemp>
            <ns3:hr>150</ns3:hr>
          </ns3:TrackPointExtension>
        </extensions>
      </trkpt>
      <trkpt lat="22.60714955627918243408203125" lon="114.3092470429837703704833984375">
        <ele>48.59999847412109375</ele>
        <time>2024-10-18T00:54:59.000Z</time>
        <extensions>
          <ns3:TrackPointExtension>
            <ns3:atemp>31.0</ns3:atemp>
            <ns3:hr>150</ns3:hr>
          </ns3:TrackPointExtension>
        </extensions>
      </trkpt>
      <trkpt lat="22.60718584991991519927978515625" lon="114.30928451009094715118408203125">
        <ele>48.59999847412109375</ele>
        <time>2024-10-18T00:55:00.000Z</time>
        <extensions>
          <ns3:TrackPointExtension>
            <ns3:atemp>31.0</ns3:atemp>
            <ns3:hr>149</ns3:hr>
          </ns3:TrackPointExtension>
        </extensions>
      </trkpt>
      <trkpt lat="22.60721661150455474853515625" lon="114.30932633578777313232421875">
        <ele>48.59999847412109375</ele>
        <time>2024-10-18T00:55:01.000Z</time>
        <extensions>
          <ns3:TrackPointExtension>
            <ns3:atemp>31.0</ns3:atemp>
            <ns3:hr>149</ns3:hr>
          </ns3:TrackPointExtension>
        </extensions>
      </trkpt>
      <trkpt lat="22.60724871419370174407958984375" lon="114.30937067605555057525634765625">
        <ele>48.59999847412109375</ele>
        <time>2024-10-18T00:55:02.000Z</time>
        <extensions>
          <ns3:TrackPointExtension>
            <ns3:atemp>31.0</ns3:atemp>
            <ns3:hr>148</ns3:hr>
          </ns3:TrackPointExtension>
        </extensions>
      </trkpt>
      <trkpt lat="22.60728224180638790130615234375" lon="114.3094153515994548797607421875">
        <ele>48.59999847412109375</ele>
        <time>2024-10-18T00:55:03.000Z</time>
        <extensions>
          <ns3:TrackPointExtension>
            <ns3:atemp>31.0</ns3:atemp>
            <ns3:hr>147</ns3:hr>
          </ns3:TrackPointExtension>
        </extensions>
      </trkpt>
      <trkpt lat="22.607325576245784759521484375" lon="114.309451393783092498779296875">
        <ele>48.59999847412109375</ele>
        <time>2024-10-18T00:55:04.000Z</time>
        <extensions>
          <ns3:TrackPointExtension>
            <ns3:atemp>31.0</ns3:atemp>
            <ns3:hr>146</ns3:hr>
          </ns3:TrackPointExtension>
        </extensions>
      </trkpt>
      <trkpt lat="22.60737494565546512603759765625" lon="114.3094777129590511322021484375">
        <ele>48.59999847412109375</ele>
        <time>2024-10-18T00:55:05.000Z</time>
        <extensions>
          <ns3:TrackPointExtension>
            <ns3:atemp>31.0</ns3:atemp>
            <ns3:hr>145</ns3:hr>
          </ns3:TrackPointExtension>
        </extensions>
      </trkpt>
      <trkpt lat="22.60742314159870147705078125" lon="114.30950411595404148101806640625">
        <ele>48.59999847412109375</ele>
        <time>2024-10-18T00:55:06.000Z</time>
        <extensions>
          <ns3:TrackPointExtension>
            <ns3:atemp>31.0</ns3:atemp>
            <ns3:hr>145</ns3:hr>
          </ns3:TrackPointExtension>
        </extensions>
      </trkpt>
      <trkpt lat="22.60746329091489315032958984375" lon="114.30954493582248687744140625">
        <ele>48.40000152587890625</ele>
        <time>2024-10-18T00:55:07.000Z</time>
        <extensions>
          <ns3:TrackPointExtension>
            <ns3:atemp>31.0</ns3:atemp>
            <ns3:hr>144</ns3:hr>
          </ns3:TrackPointExtension>
        </extensions>
      </trkpt>
      <trkpt lat="22.6074906997382640838623046875" lon="114.3095967359840869903564453125">
        <ele>48.40000152587890625</ele>
        <time>2024-10-18T00:55:08.000Z</time>
        <extensions>
          <ns3:TrackPointExtension>
            <ns3:atemp>31.0</ns3:atemp>
            <ns3:hr>143</ns3:hr>
          </ns3:TrackPointExtension>
        </extensions>
      </trkpt>
      <trkpt lat="22.60750318877398967742919921875" lon="114.309653900563716888427734375">
        <ele>48.40000152587890625</ele>
        <time>2024-10-18T00:55:09.000Z</time>
        <extensions>
          <ns3:TrackPointExtension>
            <ns3:atemp>31.0</ns3:atemp>
            <ns3:hr>143</ns3:hr>
          </ns3:TrackPointExtension>
        </extensions>
      </trkpt>
      <trkpt lat="22.6074970699846744537353515625" lon="114.30970511399209499359130859375">
        <ele>48.40000152587890625</ele>
        <time>2024-10-18T00:55:10.000Z</time>
        <extensions>
          <ns3:TrackPointExtension>
            <ns3:atemp>31.0</ns3:atemp>
            <ns3:hr>142</ns3:hr>
          </ns3:TrackPointExtension>
        </extensions>
      </trkpt>
      <trkpt lat="22.60749229229986667633056640625" lon="114.30973981507122516632080078125">
        <ele>48.40000152587890625</ele>
        <time>2024-10-18T00:55:11.000Z</time>
        <extensions>
          <ns3:TrackPointExtension>
            <ns3:atemp>31.0</ns3:atemp>
            <ns3:hr>141</ns3:hr>
          </ns3:TrackPointExtension>
        </extensions>
      </trkpt>
      <trkpt lat="22.60748810134828090667724609375" lon="114.30977694690227508544921875">
        <ele>48.40000152587890625</ele>
        <time>2024-10-18T00:55:12.000Z</time>
        <extensions>
          <ns3:TrackPointExtension>
            <ns3:atemp>31.0</ns3:atemp>
            <ns3:hr>141</ns3:hr>
          </ns3:TrackPointExtension>
        </extensions>
      </trkpt>
      <trkpt lat="22.607477121055126190185546875" lon="114.3098136596381664276123046875">
        <ele>48.40000152587890625</ele>
        <time>2024-10-18T00:55:13.000Z</time>
        <extensions>
          <ns3:TrackPointExtension>
            <ns3:atemp>31.0</ns3:atemp>
            <ns3:hr>141</ns3:hr>
          </ns3:TrackPointExtension>
        </extensions>
      </trkpt>
      <trkpt lat="22.60746731422841548919677734375" lon="114.309850037097930908203125">
        <ele>48.40000152587890625</ele>
        <time>2024-10-18T00:55:14.000Z</time>
        <extensions>
          <ns3:TrackPointExtension>
            <ns3:atemp>31.0</ns3:atemp>
            <ns3:hr>141</ns3:hr>
          </ns3:TrackPointExtension>
        </extensions>
      </trkpt>
      <trkpt lat="22.607448957860469818115234375" lon="114.30989588610827922821044921875">
        <ele>48.40000152587890625</ele>
        <time>2024-10-18T00:55:15.000Z</time>
        <extensions>
          <ns3:TrackPointExtension>
            <ns3:atemp>31.0</ns3:atemp>
            <ns3:hr>141</ns3:hr>
          </ns3:TrackPointExtension>
        </extensions>
      </trkpt>
      <trkpt lat="22.60743127204477787017822265625" lon="114.309941567480564117431640625">
        <ele>48.40000152587890625</ele>
        <time>2024-10-18T00:55:16.000Z</time>
        <extensions>
          <ns3:TrackPointExtension>
            <ns3:atemp>31.0</ns3:atemp>
            <ns3:hr>141</ns3:hr>
          </ns3:TrackPointExtension>
        </extensions>
      </trkpt>
      <trkpt lat="22.607412748038768768310546875" lon="114.30999018251895904541015625">
        <ele>48.200000762939453125</ele>
        <time>2024-10-18T00:55:17.000Z</time>
        <extensions>
          <ns3:TrackPointExtension>
            <ns3:atemp>31.0</ns3:atemp>
            <ns3:hr>140</ns3:hr>
          </ns3:TrackPointExtension>
        </extensions>
      </trkpt>
      <trkpt lat="22.60739489458501338958740234375" lon="114.31003770790994167327880859375">
        <ele>48</ele>
        <time>2024-10-18T00:55:18.000Z</time>
        <extensions>
          <ns3:TrackPointExtension>
            <ns3:atemp>31.0</ns3:atemp>
            <ns3:hr>140</ns3:hr>
          </ns3:TrackPointExtension>
        </extensions>
      </trkpt>
      <trkpt lat="22.60737427510321140289306640625" lon="114.3100822158157825469970703125">
        <ele>47.799999237060546875</ele>
        <time>2024-10-18T00:55:19.000Z</time>
        <extensions>
          <ns3:TrackPointExtension>
            <ns3:atemp>31.0</ns3:atemp>
            <ns3:hr>139</ns3:hr>
          </ns3:TrackPointExtension>
        </extensions>
      </trkpt>
      <trkpt lat="22.6073532365262508392333984375" lon="114.3101351894438266754150390625">
        <ele>47.799999237060546875</ele>
        <time>2024-10-18T00:55:20.000Z</time>
        <extensions>
          <ns3:TrackPointExtension>
            <ns3:atemp>31.0</ns3:atemp>
            <ns3:hr>138</ns3:hr>
          </ns3:TrackPointExtension>
        </extensions>
      </trkpt>
      <trkpt lat="22.6073287613689899444580078125" lon="114.31018103845417499542236328125">
        <ele>47.799999237060546875</ele>
        <time>2024-10-18T00:55:21.000Z</time>
        <extensions>
          <ns3:TrackPointExtension>
            <ns3:atemp>31.0</ns3:atemp>
            <ns3:hr>138</ns3:hr>
          </ns3:TrackPointExtension>
        </extensions>
      </trkpt>
      <trkpt lat="22.60731224901974201202392578125" lon="114.310237281024456024169921875">
        <ele>47.799999237060546875</ele>
        <time>2024-10-18T00:55:22.000Z</time>
        <extensions>
          <ns3:TrackPointExtension>
            <ns3:atemp>31.0</ns3:atemp>
            <ns3:hr>137</ns3:hr>
          </ns3:TrackPointExtension>
        </extensions>
      </trkpt>
      <trkpt lat="22.60729464702308177947998046875" lon="114.3102900870144367218017578125">
        <ele>47.799999237060546875</ele>
        <time>2024-10-18T00:55:23.000Z</time>
        <extensions>
          <ns3:TrackPointExtension>
            <ns3:atemp>31.0</ns3:atemp>
            <ns3:hr>136</ns3:hr>
          </ns3:TrackPointExtension>
        </extensions>
      </trkpt>
      <trkpt lat="22.60728140361607074737548828125" lon="114.31034398265182971954345703125">
        <ele>47.799999237060546875</ele>
        <time>2024-10-18T00:55:24.000Z</time>
        <extensions>
          <ns3:TrackPointExtension>
            <ns3:atemp>31.0</ns3:atemp>
            <ns3:hr>136</ns3:hr>
          </ns3:TrackPointExtension>
        </extensions>
      </trkpt>
      <trkpt lat="22.60727134533226490020751953125" lon="114.3103997223079204559326171875">
        <ele>47.799999237060546875</ele>
        <time>2024-10-18T00:55:25.000Z</time>
        <extensions>
          <ns3:TrackPointExtension>
            <ns3:atemp>31.0</ns3:atemp>
            <ns3:hr>136</ns3:hr>
          </ns3:TrackPointExtension>
        </extensions>
      </trkpt>
      <trkpt lat="22.60726212523877620697021484375" lon="114.310450516641139984130859375">
        <ele>48</ele>
        <time>2024-10-18T00:55:26.000Z</time>
        <extensions>
          <ns3:TrackPointExtension>
            <ns3:atemp>31.0</ns3:atemp>
            <ns3:hr>136</ns3:hr>
          </ns3:TrackPointExtension>
        </extensions>
      </trkpt>
      <trkpt lat="22.6072566770017147064208984375" lon="114.310478009283542633056640625">
        <ele>48</ele>
        <time>2024-10-18T00:55:27.000Z</time>
        <extensions>
          <ns3:TrackPointExtension>
            <ns3:atemp>31.0</ns3:atemp>
            <ns3:hr>136</ns3:hr>
          </ns3:TrackPointExtension>
        </extensions>
      </trkpt>
      <trkpt lat="22.607231698930263519287109375" lon="114.31047256104648113250732421875">
        <ele>48</ele>
        <time>2024-10-18T00:55:28.000Z</time>
        <extensions>
          <ns3:TrackPointExtension>
            <ns3:atemp>31.0</ns3:atemp>
            <ns3:hr>136</ns3:hr>
          </ns3:TrackPointExtension>
        </extensions>
      </trkpt>
    </trkseg>
  </trk>
</gpx>
