<gpx xmlns:ns3="http://www.garmin.com/xmlschemas/TrackPointExtension/v1" xmlns="http://www.topografix.com/GPX/1/1" xmlns:xsi="http://www.w3.org/2001/XMLSchema-instance" xmlns:ns2="http://www.garmin.com/xmlschemas/GpxExtensions/v3" creator="Garmin Connect" version="1.1" xsi:schemaLocation="http://www.topografix.com/GPX/1/1 http://www.topografix.com/GPX/11.xsd">
  <extensions>
<distance>8806.38</distance>
<average_hr>115.0</average_hr>
<average_speed>5.664000034332275</average_speed>
<start_time>2024-12-10T10:12:49+00:00</start_time>
<end_time>2024-12-10T10:38:43.778000+00:00</end_time>
<moving_time>1506.008</moving_time>
<elapsed_time>1783.778</elapsed_time>
</extensions>
<metadata>
    <link href="connect.garmin.com">
      <text>Garmin Connect</text>
    </link>
    <time>2024-12-10T10:12:49.000Z</time>
  </metadata>
  <trk>
    <name>深圳市 骑行</name>
    <type>cycling</type>
    <trkseg>
      <trkpt lat="22.6073710061609745025634765625" lon="114.30986319668591022491455078125">
        <ele>189</ele>
        <time>2024-12-10T10:12:49.000Z</time>
        <extensions>
          <ns3:TrackPointExtension>
            <ns3:atemp>24.0</ns3:atemp>
            <ns3:hr>79</ns3:hr>
          </ns3:TrackPointExtension>
        </extensions>
      </trkpt>
      <trkpt lat="22.607447616755962371826171875" lon="114.30986135266721248626708984375">
        <ele>189.1999969482421875</ele>
        <time>2024-12-10T10:12:50.000Z</time>
        <extensions>
          <ns3:TrackPointExtension>
            <ns3:atemp>24.0</ns3:atemp>
            <ns3:hr>79</ns3:hr>
          </ns3:TrackPointExtension>
        </extensions>
      </trkpt>
      <trkpt lat="22.60752229951322078704833984375" lon="114.30987308733165264129638671875">
        <ele>189.8000030517578125</ele>
        <time>2024-12-10T10:12:51.000Z</time>
        <extensions>
          <ns3:TrackPointExtension>
            <ns3:atemp>25.0</ns3:atemp>
            <ns3:hr>78</ns3:hr>
          </ns3:TrackPointExtension>
        </extensions>
      </trkpt>
      <trkpt lat="22.6075409911572933197021484375" lon="114.3098270706832408905029296875">
        <ele>189.8000030517578125</ele>
        <time>2024-12-10T10:12:52.000Z</time>
        <extensions>
          <ns3:TrackPointExtension>
            <ns3:atemp>24.0</ns3:atemp>
            <ns3:hr>79</ns3:hr>
          </ns3:TrackPointExtension>
        </extensions>
      </trkpt>
      <trkpt lat="22.6075498759746551513671875" lon="114.30977937765419483184814453125">
        <ele>189.8000030517578125</ele>
        <time>2024-12-10T10:12:53.000Z</time>
        <extensions>
          <ns3:TrackPointExtension>
            <ns3:atemp>24.0</ns3:atemp>
            <ns3:hr>79</ns3:hr>
          </ns3:TrackPointExtension>
        </extensions>
      </trkpt>
      <trkpt lat="22.60755515657365322113037109375" lon="114.30973579175770282745361328125">
        <ele>189.8000030517578125</ele>
        <time>2024-12-10T10:12:54.000Z</time>
        <extensions>
          <ns3:TrackPointExtension>
            <ns3:atemp>24.0</ns3:atemp>
            <ns3:hr>79</ns3:hr>
          </ns3:TrackPointExtension>
        </extensions>
      </trkpt>
      <trkpt lat="22.6075540669262409210205078125" lon="114.3096896074712276458740234375">
        <ele>189.8000030517578125</ele>
        <time>2024-12-10T10:12:55.000Z</time>
        <extensions>
          <ns3:TrackPointExtension>
            <ns3:atemp>24.0</ns3:atemp>
            <ns3:hr>79</ns3:hr>
          </ns3:TrackPointExtension>
        </extensions>
      </trkpt>
      <trkpt lat="22.60754828341305255889892578125" lon="114.30964141152799129486083984375">
        <ele>189.8000030517578125</ele>
        <time>2024-12-10T10:12:56.000Z</time>
        <extensions>
          <ns3:TrackPointExtension>
            <ns3:atemp>24.0</ns3:atemp>
            <ns3:hr>80</ns3:hr>
          </ns3:TrackPointExtension>
        </extensions>
      </trkpt>
      <trkpt lat="22.60752799920737743377685546875" lon="114.30959179066121578216552734375">
        <ele>189.600006103515625</ele>
        <time>2024-12-10T10:12:57.000Z</time>
        <extensions>
          <ns3:TrackPointExtension>
            <ns3:atemp>24.0</ns3:atemp>
            <ns3:hr>80</ns3:hr>
          </ns3:TrackPointExtension>
        </extensions>
      </trkpt>
      <trkpt lat="22.6075051166117191314697265625" lon="114.309557341039180755615234375">
        <ele>189.600006103515625</ele>
        <time>2024-12-10T10:12:58.000Z</time>
        <extensions>
          <ns3:TrackPointExtension>
            <ns3:atemp>24.0</ns3:atemp>
            <ns3:hr>80</ns3:hr>
          </ns3:TrackPointExtension>
        </extensions>
      </trkpt>
      <trkpt lat="22.60747787542641162872314453125" lon="114.309545941650867462158203125">
        <ele>189.600006103515625</ele>
        <time>2024-12-10T10:12:59.000Z</time>
        <extensions>
          <ns3:TrackPointExtension>
            <ns3:atemp>24.0</ns3:atemp>
            <ns3:hr>79</ns3:hr>
          </ns3:TrackPointExtension>
        </extensions>
      </trkpt>
      <trkpt lat="22.60745038278400897979736328125" lon="114.3095370568335056304931640625">
        <ele>189.600006103515625</ele>
        <time>2024-12-10T10:13:00.000Z</time>
        <extensions>
          <ns3:TrackPointExtension>
            <ns3:atemp>24.0</ns3:atemp>
            <ns3:hr>80</ns3:hr>
          </ns3:TrackPointExtension>
        </extensions>
      </trkpt>
      <trkpt lat="22.607437558472156524658203125" lon="114.30953261442482471466064453125">
        <ele>189.600006103515625</ele>
        <time>2024-12-10T10:13:01.000Z</time>
        <extensions>
          <ns3:TrackPointExtension>
            <ns3:atemp>24.0</ns3:atemp>
            <ns3:hr>81</ns3:hr>
          </ns3:TrackPointExtension>
        </extensions>
      </trkpt>
      <trkpt lat="22.607411406934261322021484375" lon="114.30951098911464214324951171875">
        <ele>189.8000030517578125</ele>
        <time>2024-12-10T10:13:02.000Z</time>
        <extensions>
          <ns3:TrackPointExtension>
            <ns3:atemp>24.0</ns3:atemp>
            <ns3:hr>82</ns3:hr>
          </ns3:TrackPointExtension>
        </extensions>
      </trkpt>
      <trkpt lat="22.6073602773249149322509765625" lon="114.3094669841229915618896484375">
        <ele>189.8000030517578125</ele>
        <time>2024-12-10T10:13:03.000Z</time>
        <extensions>
          <ns3:TrackPointExtension>
            <ns3:atemp>24.0</ns3:atemp>
            <ns3:hr>82</ns3:hr>
          </ns3:TrackPointExtension>
        </extensions>
      </trkpt>
      <trkpt lat="22.607297413051128387451171875" lon="114.30940814316272735595703125">
        <ele>189.8000030517578125</ele>
        <time>2024-12-10T10:13:04.000Z</time>
        <extensions>
          <ns3:TrackPointExtension>
            <ns3:atemp>24.0</ns3:atemp>
            <ns3:hr>83</ns3:hr>
          </ns3:TrackPointExtension>
        </extensions>
      </trkpt>
      <trkpt lat="22.60725416243076324462890625" lon="114.30935760028660297393798828125">
        <ele>189.8000030517578125</ele>
        <time>2024-12-10T10:13:05.000Z</time>
        <extensions>
          <ns3:TrackPointExtension>
            <ns3:atemp>24.0</ns3:atemp>
            <ns3:hr>84</ns3:hr>
          </ns3:TrackPointExtension>
        </extensions>
      </trkpt>
      <trkpt lat="22.60720462538301944732666015625" lon="114.30930353701114654541015625">
        <ele>189.8000030517578125</ele>
        <time>2024-12-10T10:13:06.000Z</time>
        <extensions>
          <ns3:TrackPointExtension>
            <ns3:atemp>24.0</ns3:atemp>
            <ns3:hr>85</ns3:hr>
          </ns3:TrackPointExtension>
        </extensions>
      </trkpt>
      <trkpt lat="22.6071567647159099578857421875" lon="114.3092571012675762176513671875">
        <ele>190</ele>
        <time>2024-12-10T10:13:07.000Z</time>
        <extensions>
          <ns3:TrackPointExtension>
            <ns3:atemp>24.0</ns3:atemp>
            <ns3:hr>86</ns3:hr>
          </ns3:TrackPointExtension>
        </extensions>
      </trkpt>
      <trkpt lat="22.60710664093494415283203125" lon="114.3092121742665767669677734375">
        <ele>190</ele>
        <time>2024-12-10T10:13:08.000Z</time>
        <extensions>
          <ns3:TrackPointExtension>
            <ns3:atemp>24.0</ns3:atemp>
            <ns3:hr>89</ns3:hr>
          </ns3:TrackPointExtension>
        </extensions>
      </trkpt>
      <trkpt lat="22.6070638932287693023681640625" lon="114.3091727793216705322265625">
        <ele>190</ele>
        <time>2024-12-10T10:13:09.000Z</time>
        <extensions>
          <ns3:TrackPointExtension>
            <ns3:atemp>24.0</ns3:atemp>
            <ns3:hr>92</ns3:hr>
          </ns3:TrackPointExtension>
        </extensions>
      </trkpt>
      <trkpt lat="22.6070286892354488372802734375" lon="114.30911821313202381134033203125">
        <ele>190</ele>
        <time>2024-12-10T10:13:10.000Z</time>
        <extensions>
          <ns3:TrackPointExtension>
            <ns3:atemp>24.0</ns3:atemp>
            <ns3:hr>95</ns3:hr>
          </ns3:TrackPointExtension>
        </extensions>
      </trkpt>
      <trkpt lat="22.607007063925266265869140625" lon="114.30906473658978939056396484375">
        <ele>190</ele>
        <time>2024-12-10T10:13:11.000Z</time>
        <extensions>
          <ns3:TrackPointExtension>
            <ns3:atemp>24.0</ns3:atemp>
            <ns3:hr>96</ns3:hr>
          </ns3:TrackPointExtension>
        </extensions>
      </trkpt>
      <trkpt lat="22.6069988496601581573486328125" lon="114.309014193713665008544921875">
        <ele>190</ele>
        <time>2024-12-10T10:13:12.000Z</time>
        <extensions>
          <ns3:TrackPointExtension>
            <ns3:atemp>24.0</ns3:atemp>
            <ns3:hr>97</ns3:hr>
          </ns3:TrackPointExtension>
        </extensions>
      </trkpt>
      <trkpt lat="22.6070053875446319580078125" lon="114.30896222591400146484375">
        <ele>190.1999969482421875</ele>
        <time>2024-12-10T10:13:13.000Z</time>
        <extensions>
          <ns3:TrackPointExtension>
            <ns3:atemp>24.0</ns3:atemp>
            <ns3:hr>97</ns3:hr>
          </ns3:TrackPointExtension>
        </extensions>
      </trkpt>
      <trkpt lat="22.60701569728553295135498046875" lon="114.30891738273203372955322265625">
        <ele>190.1999969482421875</ele>
        <time>2024-12-10T10:13:14.000Z</time>
        <extensions>
          <ns3:TrackPointExtension>
            <ns3:atemp>24.0</ns3:atemp>
            <ns3:hr>96</ns3:hr>
          </ns3:TrackPointExtension>
        </extensions>
      </trkpt>
      <trkpt lat="22.60702391155064105987548828125" lon="114.30887413211166858673095703125">
        <ele>190.399993896484375</ele>
        <time>2024-12-10T10:13:15.000Z</time>
        <extensions>
          <ns3:TrackPointExtension>
            <ns3:atemp>24.0</ns3:atemp>
            <ns3:hr>96</ns3:hr>
          </ns3:TrackPointExtension>
        </extensions>
      </trkpt>
      <trkpt lat="22.6070357300341129302978515625" lon="114.30882954038679599761962890625">
        <ele>190.600006103515625</ele>
        <time>2024-12-10T10:13:16.000Z</time>
        <extensions>
          <ns3:TrackPointExtension>
            <ns3:atemp>24.0</ns3:atemp>
            <ns3:hr>96</ns3:hr>
          </ns3:TrackPointExtension>
        </extensions>
      </trkpt>
      <trkpt lat="22.60704184882342815399169921875" lon="114.30878176353871822357177734375">
        <ele>190.600006103515625</ele>
        <time>2024-12-10T10:13:17.000Z</time>
        <extensions>
          <ns3:TrackPointExtension>
            <ns3:atemp>24.0</ns3:atemp>
            <ns3:hr>95</ns3:hr>
          </ns3:TrackPointExtension>
        </extensions>
      </trkpt>
      <trkpt lat="22.60704495012760162353515625" lon="114.30873482488095760345458984375">
        <ele>190.600006103515625</ele>
        <time>2024-12-10T10:13:18.000Z</time>
        <extensions>
          <ns3:TrackPointExtension>
            <ns3:atemp>24.0</ns3:atemp>
            <ns3:hr>95</ns3:hr>
          </ns3:TrackPointExtension>
        </extensions>
      </trkpt>
      <trkpt lat="22.60704318992793560028076171875" lon="114.308693669736385345458984375">
        <ele>190.600006103515625</ele>
        <time>2024-12-10T10:13:19.000Z</time>
        <extensions>
          <ns3:TrackPointExtension>
            <ns3:atemp>24.0</ns3:atemp>
            <ns3:hr>95</ns3:hr>
          </ns3:TrackPointExtension>
        </extensions>
      </trkpt>
      <trkpt lat="22.6070286892354488372802734375" lon="114.30864907801151275634765625">
        <ele>190.600006103515625</ele>
        <time>2024-12-10T10:13:20.000Z</time>
        <extensions>
          <ns3:TrackPointExtension>
            <ns3:atemp>24.0</ns3:atemp>
            <ns3:hr>95</ns3:hr>
          </ns3:TrackPointExtension>
        </extensions>
      </trkpt>
      <trkpt lat="22.60700899176299571990966796875" lon="114.30860859341919422149658203125">
        <ele>190.399993896484375</ele>
        <time>2024-12-10T10:13:21.000Z</time>
        <extensions>
          <ns3:TrackPointExtension>
            <ns3:atemp>24.0</ns3:atemp>
            <ns3:hr>95</ns3:hr>
          </ns3:TrackPointExtension>
        </extensions>
      </trkpt>
      <trkpt lat="22.6069877855479717254638671875" lon="114.30857104249298572540283203125">
        <ele>190.1999969482421875</ele>
        <time>2024-12-10T10:13:22.000Z</time>
        <extensions>
          <ns3:TrackPointExtension>
            <ns3:atemp>24.0</ns3:atemp>
            <ns3:hr>95</ns3:hr>
          </ns3:TrackPointExtension>
        </extensions>
      </trkpt>
      <trkpt lat="22.60696523822844028472900390625" lon="114.30853248573839664459228515625">
        <ele>190.1999969482421875</ele>
        <time>2024-12-10T10:13:23.000Z</time>
        <extensions>
          <ns3:TrackPointExtension>
            <ns3:atemp>24.0</ns3:atemp>
            <ns3:hr>95</ns3:hr>
          </ns3:TrackPointExtension>
        </extensions>
      </trkpt>
      <trkpt lat="22.60694076307117938995361328125" lon="114.30849309079349040985107421875">
        <ele>190.1999969482421875</ele>
        <time>2024-12-10T10:13:24.000Z</time>
        <extensions>
          <ns3:TrackPointExtension>
            <ns3:atemp>24.0</ns3:atemp>
            <ns3:hr>96</ns3:hr>
          </ns3:TrackPointExtension>
        </extensions>
      </trkpt>
      <trkpt lat="22.6069146953523159027099609375" lon="114.308449923992156982421875">
        <ele>190.1999969482421875</ele>
        <time>2024-12-10T10:13:25.000Z</time>
        <extensions>
          <ns3:TrackPointExtension>
            <ns3:atemp>24.0</ns3:atemp>
            <ns3:hr>97</ns3:hr>
          </ns3:TrackPointExtension>
        </extensions>
      </trkpt>
      <trkpt lat="22.606886364519596099853515625" lon="114.308401308953762054443359375">
        <ele>190.1999969482421875</ele>
        <time>2024-12-10T10:13:26.000Z</time>
        <extensions>
          <ns3:TrackPointExtension>
            <ns3:atemp>24.0</ns3:atemp>
            <ns3:hr>98</ns3:hr>
          </ns3:TrackPointExtension>
        </extensions>
      </trkpt>
      <trkpt lat="22.6068597100675106048583984375" lon="114.3083515204489231109619140625">
        <ele>190.1999969482421875</ele>
        <time>2024-12-10T10:13:27.000Z</time>
        <extensions>
          <ns3:TrackPointExtension>
            <ns3:atemp>24.0</ns3:atemp>
            <ns3:hr>99</ns3:hr>
          </ns3:TrackPointExtension>
        </extensions>
      </trkpt>
      <trkpt lat="22.60683364234864711761474609375" lon="114.3083005584776401519775390625">
        <ele>190.1999969482421875</ele>
        <time>2024-12-10T10:13:28.000Z</time>
        <extensions>
          <ns3:TrackPointExtension>
            <ns3:atemp>24.0</ns3:atemp>
            <ns3:hr>101</ns3:hr>
          </ns3:TrackPointExtension>
        </extensions>
      </trkpt>
      <trkpt lat="22.6068040542304515838623046875" lon="114.30824733339250087738037109375">
        <ele>190.399993896484375</ele>
        <time>2024-12-10T10:13:29.000Z</time>
        <extensions>
          <ns3:TrackPointExtension>
            <ns3:atemp>24.0</ns3:atemp>
            <ns3:hr>103</ns3:hr>
          </ns3:TrackPointExtension>
        </extensions>
      </trkpt>
      <trkpt lat="22.60677337646484375" lon="114.30819184519350528717041015625">
        <ele>190.399993896484375</ele>
        <time>2024-12-10T10:13:30.000Z</time>
        <extensions>
          <ns3:TrackPointExtension>
            <ns3:atemp>24.0</ns3:atemp>
            <ns3:hr>103</ns3:hr>
          </ns3:TrackPointExtension>
        </extensions>
      </trkpt>
      <trkpt lat="22.60674043558537960052490234375" lon="114.30813216604292392730712890625">
        <ele>190.399993896484375</ele>
        <time>2024-12-10T10:13:31.000Z</time>
        <extensions>
          <ns3:TrackPointExtension>
            <ns3:atemp>24.0</ns3:atemp>
            <ns3:hr>102</ns3:hr>
          </ns3:TrackPointExtension>
        </extensions>
      </trkpt>
      <trkpt lat="22.6067091710865497589111328125" lon="114.30807416327297687530517578125">
        <ele>190.1999969482421875</ele>
        <time>2024-12-10T10:13:32.000Z</time>
        <extensions>
          <ns3:TrackPointExtension>
            <ns3:atemp>24.0</ns3:atemp>
            <ns3:hr>102</ns3:hr>
          </ns3:TrackPointExtension>
        </extensions>
      </trkpt>
      <trkpt lat="22.6066813431680202484130859375" lon="114.308021776378154754638671875">
        <ele>190.1999969482421875</ele>
        <time>2024-12-10T10:13:33.000Z</time>
        <extensions>
          <ns3:TrackPointExtension>
            <ns3:atemp>24.0</ns3:atemp>
            <ns3:hr>102</ns3:hr>
          </ns3:TrackPointExtension>
        </extensions>
      </trkpt>
      <trkpt lat="22.6063380204141139984130859375" lon="114.30607776157557964324951171875">
        <ele>184</ele>
        <time>2024-12-10T10:14:17.000Z</time>
        <extensions>
          <ns3:TrackPointExtension>
            <ns3:atemp>24.0</ns3:atemp>
            <ns3:hr>95</ns3:hr>
          </ns3:TrackPointExtension>
        </extensions>
      </trkpt>
      <trkpt lat="22.60643198154866695404052734375" lon="114.3060595728456974029541015625">
        <ele>183.8000030517578125</ele>
        <time>2024-12-10T10:14:18.000Z</time>
        <extensions>
          <ns3:TrackPointExtension>
            <ns3:atemp>24.0</ns3:atemp>
            <ns3:hr>95</ns3:hr>
          </ns3:TrackPointExtension>
        </extensions>
      </trkpt>
      <trkpt lat="22.60642913170158863067626953125" lon="114.305892772972583770751953125">
        <ele>183.600006103515625</ele>
        <time>2024-12-10T10:14:19.000Z</time>
        <extensions>
          <ns3:TrackPointExtension>
            <ns3:atemp>24.0</ns3:atemp>
            <ns3:hr>95</ns3:hr>
          </ns3:TrackPointExtension>
        </extensions>
      </trkpt>
      <trkpt lat="22.60643365792930126190185546875" lon="114.3058164976537227630615234375">
        <ele>183.600006103515625</ele>
        <time>2024-12-10T10:14:20.000Z</time>
        <extensions>
          <ns3:TrackPointExtension>
            <ns3:atemp>24.0</ns3:atemp>
            <ns3:hr>96</ns3:hr>
          </ns3:TrackPointExtension>
        </extensions>
      </trkpt>
      <trkpt lat="22.60644924826920032501220703125" lon="114.305705018341541290283203125">
        <ele>183.1999969482421875</ele>
        <time>2024-12-10T10:14:21.000Z</time>
        <extensions>
          <ns3:TrackPointExtension>
            <ns3:atemp>24.0</ns3:atemp>
            <ns3:hr>98</ns3:hr>
          </ns3:TrackPointExtension>
        </extensions>
      </trkpt>
      <trkpt lat="22.6064662635326385498046875" lon="114.30559379048645496368408203125">
        <ele>182.8000030517578125</ele>
        <time>2024-12-10T10:14:22.000Z</time>
        <extensions>
          <ns3:TrackPointExtension>
            <ns3:atemp>24.0</ns3:atemp>
            <ns3:hr>98</ns3:hr>
          </ns3:TrackPointExtension>
        </extensions>
      </trkpt>
      <trkpt lat="22.60648394934833049774169921875" lon="114.3055013380944728851318359375">
        <ele>182.399993896484375</ele>
        <time>2024-12-10T10:14:23.000Z</time>
        <extensions>
          <ns3:TrackPointExtension>
            <ns3:atemp>24.0</ns3:atemp>
            <ns3:hr>98</ns3:hr>
          </ns3:TrackPointExtension>
        </extensions>
      </trkpt>
      <trkpt lat="22.60650054551661014556884765625" lon="114.305423386394977569580078125">
        <ele>182</ele>
        <time>2024-12-10T10:14:24.000Z</time>
        <extensions>
          <ns3:TrackPointExtension>
            <ns3:atemp>24.0</ns3:atemp>
            <ns3:hr>98</ns3:hr>
          </ns3:TrackPointExtension>
        </extensions>
      </trkpt>
      <trkpt lat="22.6065150462090969085693359375" lon="114.30535390041768550872802734375">
        <ele>181.600006103515625</ele>
        <time>2024-12-10T10:14:25.000Z</time>
        <extensions>
          <ns3:TrackPointExtension>
            <ns3:atemp>24.0</ns3:atemp>
            <ns3:hr>99</ns3:hr>
          </ns3:TrackPointExtension>
        </extensions>
      </trkpt>
      <trkpt lat="22.606529630720615386962890625" lon="114.30528952740132808685302734375">
        <ele>181</ele>
        <time>2024-12-10T10:14:26.000Z</time>
        <extensions>
          <ns3:TrackPointExtension>
            <ns3:atemp>24.0</ns3:atemp>
            <ns3:hr>99</ns3:hr>
          </ns3:TrackPointExtension>
        </extensions>
      </trkpt>
      <trkpt lat="22.60654329322278499603271484375" lon="114.3052371405065059661865234375">
        <ele>180.600006103515625</ele>
        <time>2024-12-10T10:14:27.000Z</time>
        <extensions>
          <ns3:TrackPointExtension>
            <ns3:atemp>24.0</ns3:atemp>
            <ns3:hr>99</ns3:hr>
          </ns3:TrackPointExtension>
        </extensions>
      </trkpt>
      <trkpt lat="22.606555111706256866455078125" lon="114.30519430898129940032958984375">
        <ele>180.1999969482421875</ele>
        <time>2024-12-10T10:14:28.000Z</time>
        <extensions>
          <ns3:TrackPointExtension>
            <ns3:atemp>24.0</ns3:atemp>
            <ns3:hr>100</ns3:hr>
          </ns3:TrackPointExtension>
        </extensions>
      </trkpt>
      <trkpt lat="22.6065628230571746826171875" lon="114.305165894329547882080078125">
        <ele>179.600006103515625</ele>
        <time>2024-12-10T10:14:29.000Z</time>
        <extensions>
          <ns3:TrackPointExtension>
            <ns3:atemp>24.0</ns3:atemp>
            <ns3:hr>100</ns3:hr>
          </ns3:TrackPointExtension>
        </extensions>
      </trkpt>
      <trkpt lat="22.6065681874752044677734375" lon="114.3051415868103504180908203125">
        <ele>179.399993896484375</ele>
        <time>2024-12-10T10:14:30.000Z</time>
        <extensions>
          <ns3:TrackPointExtension>
            <ns3:atemp>24.0</ns3:atemp>
            <ns3:hr>100</ns3:hr>
          </ns3:TrackPointExtension>
        </extensions>
      </trkpt>
      <trkpt lat="22.60656994767487049102783203125" lon="114.30512138642370700836181640625">
        <ele>179.1999969482421875</ele>
        <time>2024-12-10T10:14:31.000Z</time>
        <extensions>
          <ns3:TrackPointExtension>
            <ns3:atemp>24.0</ns3:atemp>
            <ns3:hr>100</ns3:hr>
          </ns3:TrackPointExtension>
        </extensions>
      </trkpt>
      <trkpt lat="22.60656617581844329833984375" lon="114.30508769117295742034912109375">
        <ele>179.1999969482421875</ele>
        <time>2024-12-10T10:14:32.000Z</time>
        <extensions>
          <ns3:TrackPointExtension>
            <ns3:atemp>24.0</ns3:atemp>
            <ns3:hr>99</ns3:hr>
          </ns3:TrackPointExtension>
        </extensions>
      </trkpt>
      <trkpt lat="22.6065646670758724212646484375" lon="114.305050559341907501220703125">
        <ele>179</ele>
        <time>2024-12-10T10:14:33.000Z</time>
        <extensions>
          <ns3:TrackPointExtension>
            <ns3:atemp>24.0</ns3:atemp>
            <ns3:hr>98</ns3:hr>
          </ns3:TrackPointExtension>
        </extensions>
      </trkpt>
      <trkpt lat="22.6065676845610141754150390625" lon="114.3050099909305572509765625">
        <ele>178.8000030517578125</ele>
        <time>2024-12-10T10:14:34.000Z</time>
        <extensions>
          <ns3:TrackPointExtension>
            <ns3:atemp>24.0</ns3:atemp>
            <ns3:hr>96</ns3:hr>
          </ns3:TrackPointExtension>
        </extensions>
      </trkpt>
      <trkpt lat="22.60657422244548797607421875" lon="114.304956682026386260986328125">
        <ele>178.600006103515625</ele>
        <time>2024-12-10T10:14:35.000Z</time>
        <extensions>
          <ns3:TrackPointExtension>
            <ns3:atemp>24.0</ns3:atemp>
            <ns3:hr>96</ns3:hr>
          </ns3:TrackPointExtension>
        </extensions>
      </trkpt>
      <trkpt lat="22.60658134706318378448486328125" lon="114.3049013614654541015625">
        <ele>178</ele>
        <time>2024-12-10T10:14:36.000Z</time>
        <extensions>
          <ns3:TrackPointExtension>
            <ns3:atemp>24.0</ns3:atemp>
            <ns3:hr>94</ns3:hr>
          </ns3:TrackPointExtension>
        </extensions>
      </trkpt>
      <trkpt lat="22.6065909862518310546875" lon="114.30483841337263584136962890625">
        <ele>177.600006103515625</ele>
        <time>2024-12-10T10:14:37.000Z</time>
        <extensions>
          <ns3:TrackPointExtension>
            <ns3:atemp>24.0</ns3:atemp>
            <ns3:hr>94</ns3:hr>
          </ns3:TrackPointExtension>
        </extensions>
      </trkpt>
      <trkpt lat="22.60659978725016117095947265625" lon="114.3047731183469295501708984375">
        <ele>177</ele>
        <time>2024-12-10T10:14:38.000Z</time>
        <extensions>
          <ns3:TrackPointExtension>
            <ns3:atemp>24.0</ns3:atemp>
            <ns3:hr>94</ns3:hr>
          </ns3:TrackPointExtension>
        </extensions>
      </trkpt>
      <trkpt lat="22.6066095940768718719482421875" lon="114.3047082424163818359375">
        <ele>176.399993896484375</ele>
        <time>2024-12-10T10:14:39.000Z</time>
        <extensions>
          <ns3:TrackPointExtension>
            <ns3:atemp>24.0</ns3:atemp>
            <ns3:hr>95</ns3:hr>
          </ns3:TrackPointExtension>
        </extensions>
      </trkpt>
      <trkpt lat="22.60662241838872432708740234375" lon="114.3046410195529460906982421875">
        <ele>175.8000030517578125</ele>
        <time>2024-12-10T10:14:40.000Z</time>
        <extensions>
          <ns3:TrackPointExtension>
            <ns3:atemp>24.0</ns3:atemp>
            <ns3:hr>98</ns3:hr>
          </ns3:TrackPointExtension>
        </extensions>
      </trkpt>
      <trkpt lat="22.60663750581443309783935546875" lon="114.30457077920436859130859375">
        <ele>175.399993896484375</ele>
        <time>2024-12-10T10:14:41.000Z</time>
        <extensions>
          <ns3:TrackPointExtension>
            <ns3:atemp>24.0</ns3:atemp>
            <ns3:hr>101</ns3:hr>
          </ns3:TrackPointExtension>
        </extensions>
      </trkpt>
      <trkpt lat="22.6066535152494907379150390625" lon="114.304508753120899200439453125">
        <ele>174.8000030517578125</ele>
        <time>2024-12-10T10:14:42.000Z</time>
        <extensions>
          <ns3:TrackPointExtension>
            <ns3:atemp>24.0</ns3:atemp>
            <ns3:hr>103</ns3:hr>
          </ns3:TrackPointExtension>
        </extensions>
      </trkpt>
      <trkpt lat="22.6066736318171024322509765625" lon="114.3044494092464447021484375">
        <ele>174.1999969482421875</ele>
        <time>2024-12-10T10:14:43.000Z</time>
        <extensions>
          <ns3:TrackPointExtension>
            <ns3:atemp>24.0</ns3:atemp>
            <ns3:hr>103</ns3:hr>
          </ns3:TrackPointExtension>
        </extensions>
      </trkpt>
      <trkpt lat="22.6066982746124267578125" lon="114.30439048446714878082275390625">
        <ele>173.600006103515625</ele>
        <time>2024-12-10T10:14:44.000Z</time>
        <extensions>
          <ns3:TrackPointExtension>
            <ns3:atemp>24.0</ns3:atemp>
            <ns3:hr>102</ns3:hr>
          </ns3:TrackPointExtension>
        </extensions>
      </trkpt>
      <trkpt lat="22.6067262701690196990966796875" lon="114.3043292127549648284912109375">
        <ele>173.1999969482421875</ele>
        <time>2024-12-10T10:14:45.000Z</time>
        <extensions>
          <ns3:TrackPointExtension>
            <ns3:atemp>24.0</ns3:atemp>
            <ns3:hr>102</ns3:hr>
          </ns3:TrackPointExtension>
        </extensions>
      </trkpt>
      <trkpt lat="22.6067614741623401641845703125" lon="114.304265342652797698974609375">
        <ele>172.8000030517578125</ele>
        <time>2024-12-10T10:14:46.000Z</time>
        <extensions>
          <ns3:TrackPointExtension>
            <ns3:atemp>24.0</ns3:atemp>
            <ns3:hr>100</ns3:hr>
          </ns3:TrackPointExtension>
        </extensions>
      </trkpt>
      <trkpt lat="22.60679793544113636016845703125" lon="114.30420675314962863922119140625">
        <ele>172.1999969482421875</ele>
        <time>2024-12-10T10:14:47.000Z</time>
        <extensions>
          <ns3:TrackPointExtension>
            <ns3:atemp>24.0</ns3:atemp>
            <ns3:hr>97</ns3:hr>
          </ns3:TrackPointExtension>
        </extensions>
      </trkpt>
      <trkpt lat="22.60683582164347171783447265625" lon="114.304152019321918487548828125">
        <ele>171.600006103515625</ele>
        <time>2024-12-10T10:14:48.000Z</time>
        <extensions>
          <ns3:TrackPointExtension>
            <ns3:atemp>24.0</ns3:atemp>
            <ns3:hr>91</ns3:hr>
          </ns3:TrackPointExtension>
        </extensions>
      </trkpt>
      <trkpt lat="22.60687421075999736785888671875" lon="114.3040985427796840667724609375">
        <ele>170.8000030517578125</ele>
        <time>2024-12-10T10:14:49.000Z</time>
        <extensions>
          <ns3:TrackPointExtension>
            <ns3:atemp>24.0</ns3:atemp>
            <ns3:hr>88</ns3:hr>
          </ns3:TrackPointExtension>
        </extensions>
      </trkpt>
      <trkpt lat="22.6069130189716815948486328125" lon="114.30404950864613056182861328125">
        <ele>170.600006103515625</ele>
        <time>2024-12-10T10:14:50.000Z</time>
        <extensions>
          <ns3:TrackPointExtension>
            <ns3:atemp>24.0</ns3:atemp>
            <ns3:hr>86</ns3:hr>
          </ns3:TrackPointExtension>
        </extensions>
      </trkpt>
      <trkpt lat="22.60694679804146289825439453125" lon="114.304006509482860565185546875">
        <ele>170.1999969482421875</ele>
        <time>2024-12-10T10:14:51.000Z</time>
        <extensions>
          <ns3:TrackPointExtension>
            <ns3:atemp>24.0</ns3:atemp>
            <ns3:hr>86</ns3:hr>
          </ns3:TrackPointExtension>
        </extensions>
      </trkpt>
      <trkpt lat="22.60697915218770503997802734375" lon="114.30397130548954010009765625">
        <ele>169.8000030517578125</ele>
        <time>2024-12-10T10:14:52.000Z</time>
        <extensions>
          <ns3:TrackPointExtension>
            <ns3:atemp>24.0</ns3:atemp>
            <ns3:hr>85</ns3:hr>
          </ns3:TrackPointExtension>
        </extensions>
      </trkpt>
      <trkpt lat="22.60701184161007404327392578125" lon="114.30393635295331478118896484375">
        <ele>169.399993896484375</ele>
        <time>2024-12-10T10:14:53.000Z</time>
        <extensions>
          <ns3:TrackPointExtension>
            <ns3:atemp>24.0</ns3:atemp>
            <ns3:hr>85</ns3:hr>
          </ns3:TrackPointExtension>
        </extensions>
      </trkpt>
      <trkpt lat="22.60704050771892070770263671875" lon="114.30389544926583766937255859375">
        <ele>169.1999969482421875</ele>
        <time>2024-12-10T10:14:54.000Z</time>
        <extensions>
          <ns3:TrackPointExtension>
            <ns3:atemp>24.0</ns3:atemp>
            <ns3:hr>85</ns3:hr>
          </ns3:TrackPointExtension>
        </extensions>
      </trkpt>
      <trkpt lat="22.607068754732608795166015625" lon="114.3038531206548213958740234375">
        <ele>168.600006103515625</ele>
        <time>2024-12-10T10:14:55.000Z</time>
        <extensions>
          <ns3:TrackPointExtension>
            <ns3:atemp>24.0</ns3:atemp>
            <ns3:hr>85</ns3:hr>
          </ns3:TrackPointExtension>
        </extensions>
      </trkpt>
      <trkpt lat="22.6071024499833583831787109375" lon="114.3038061819970607757568359375">
        <ele>168.1999969482421875</ele>
        <time>2024-12-10T10:14:56.000Z</time>
        <extensions>
          <ns3:TrackPointExtension>
            <ns3:atemp>24.0</ns3:atemp>
            <ns3:hr>86</ns3:hr>
          </ns3:TrackPointExtension>
        </extensions>
      </trkpt>
      <trkpt lat="22.6071386598050594329833984375" lon="114.30375547148287296295166015625">
        <ele>167.8000030517578125</ele>
        <time>2024-12-10T10:14:57.000Z</time>
        <extensions>
          <ns3:TrackPointExtension>
            <ns3:atemp>24.0</ns3:atemp>
            <ns3:hr>85</ns3:hr>
          </ns3:TrackPointExtension>
        </extensions>
      </trkpt>
      <trkpt lat="22.607178390026092529296875" lon="114.30370174348354339599609375">
        <ele>167</ele>
        <time>2024-12-10T10:14:58.000Z</time>
        <extensions>
          <ns3:TrackPointExtension>
            <ns3:atemp>23.0</ns3:atemp>
            <ns3:hr>85</ns3:hr>
          </ns3:TrackPointExtension>
        </extensions>
      </trkpt>
      <trkpt lat="22.607218958437442779541015625" lon="114.30364633910357952117919921875">
        <ele>166.8000030517578125</ele>
        <time>2024-12-10T10:14:59.000Z</time>
        <extensions>
          <ns3:TrackPointExtension>
            <ns3:atemp>24.0</ns3:atemp>
            <ns3:hr>85</ns3:hr>
          </ns3:TrackPointExtension>
        </extensions>
      </trkpt>
      <trkpt lat="22.607258856296539306640625" lon="114.30359018035233020782470703125">
        <ele>166</ele>
        <time>2024-12-10T10:15:00.000Z</time>
        <extensions>
          <ns3:TrackPointExtension>
            <ns3:atemp>24.0</ns3:atemp>
            <ns3:hr>85</ns3:hr>
          </ns3:TrackPointExtension>
        </extensions>
      </trkpt>
      <trkpt lat="22.60729716159403324127197265625" lon="114.30353033356368541717529296875">
        <ele>165.600006103515625</ele>
        <time>2024-12-10T10:15:01.000Z</time>
        <extensions>
          <ns3:TrackPointExtension>
            <ns3:atemp>24.0</ns3:atemp>
            <ns3:hr>85</ns3:hr>
          </ns3:TrackPointExtension>
        </extensions>
      </trkpt>
      <trkpt lat="22.607330940663814544677734375" lon="114.30347082205116748809814453125">
        <ele>165.1999969482421875</ele>
        <time>2024-12-10T10:15:02.000Z</time>
        <extensions>
          <ns3:TrackPointExtension>
            <ns3:atemp>24.0</ns3:atemp>
            <ns3:hr>84</ns3:hr>
          </ns3:TrackPointExtension>
        </extensions>
      </trkpt>
      <trkpt lat="22.6073562540113925933837890625" lon="114.303412400186061859130859375">
        <ele>164.399993896484375</ele>
        <time>2024-12-10T10:15:03.000Z</time>
        <extensions>
          <ns3:TrackPointExtension>
            <ns3:atemp>23.0</ns3:atemp>
            <ns3:hr>84</ns3:hr>
          </ns3:TrackPointExtension>
        </extensions>
      </trkpt>
      <trkpt lat="22.60737142525613307952880859375" lon="114.3033465184271335601806640625">
        <ele>164</ele>
        <time>2024-12-10T10:15:04.000Z</time>
        <extensions>
          <ns3:TrackPointExtension>
            <ns3:atemp>24.0</ns3:atemp>
            <ns3:hr>82</ns3:hr>
          </ns3:TrackPointExtension>
        </extensions>
      </trkpt>
      <trkpt lat="22.60737092234194278717041015625" lon="114.30327904410660266876220703125">
        <ele>163.600006103515625</ele>
        <time>2024-12-10T10:15:05.000Z</time>
        <extensions>
          <ns3:TrackPointExtension>
            <ns3:atemp>24.0</ns3:atemp>
            <ns3:hr>80</ns3:hr>
          </ns3:TrackPointExtension>
        </extensions>
      </trkpt>
      <trkpt lat="22.60736471973359584808349609375" lon="114.30321198888123035430908203125">
        <ele>163.1999969482421875</ele>
        <time>2024-12-10T10:15:06.000Z</time>
        <extensions>
          <ns3:TrackPointExtension>
            <ns3:atemp>24.0</ns3:atemp>
            <ns3:hr>78</ns3:hr>
          </ns3:TrackPointExtension>
        </extensions>
      </trkpt>
      <trkpt lat="22.60735130868852138519287109375" lon="114.3031523935496807098388671875">
        <ele>162.600006103515625</ele>
        <time>2024-12-10T10:15:07.000Z</time>
        <extensions>
          <ns3:TrackPointExtension>
            <ns3:atemp>24.0</ns3:atemp>
            <ns3:hr>77</ns3:hr>
          </ns3:TrackPointExtension>
        </extensions>
      </trkpt>
      <trkpt lat="22.60732951574027538299560546875" lon="114.3030947260558605194091796875">
        <ele>162</ele>
        <time>2024-12-10T10:15:08.000Z</time>
        <extensions>
          <ns3:TrackPointExtension>
            <ns3:atemp>24.0</ns3:atemp>
            <ns3:hr>77</ns3:hr>
          </ns3:TrackPointExtension>
        </extensions>
      </trkpt>
      <trkpt lat="22.607301771640777587890625" lon="114.30304401554167270660400390625">
        <ele>161.399993896484375</ele>
        <time>2024-12-10T10:15:09.000Z</time>
        <extensions>
          <ns3:TrackPointExtension>
            <ns3:atemp>23.0</ns3:atemp>
            <ns3:hr>76</ns3:hr>
          </ns3:TrackPointExtension>
        </extensions>
      </trkpt>
      <trkpt lat="22.6072677411139011383056640625" lon="114.30299959145486354827880859375">
        <ele>161</ele>
        <time>2024-12-10T10:15:10.000Z</time>
        <extensions>
          <ns3:TrackPointExtension>
            <ns3:atemp>24.0</ns3:atemp>
            <ns3:hr>76</ns3:hr>
          </ns3:TrackPointExtension>
        </extensions>
      </trkpt>
      <trkpt lat="22.6072268374264240264892578125" lon="114.30296354927122592926025390625">
        <ele>160.600006103515625</ele>
        <time>2024-12-10T10:15:11.000Z</time>
        <extensions>
          <ns3:TrackPointExtension>
            <ns3:atemp>24.0</ns3:atemp>
            <ns3:hr>76</ns3:hr>
          </ns3:TrackPointExtension>
        </extensions>
      </trkpt>
      <trkpt lat="22.60718015022575855255126953125" lon="114.302933625876903533935546875">
        <ele>160</ele>
        <time>2024-12-10T10:15:12.000Z</time>
        <extensions>
          <ns3:TrackPointExtension>
            <ns3:atemp>23.0</ns3:atemp>
            <ns3:hr>76</ns3:hr>
          </ns3:TrackPointExtension>
        </extensions>
      </trkpt>
      <trkpt lat="22.60713421739637851715087890625" lon="114.30290806107223033905029296875">
        <ele>159.399993896484375</ele>
        <time>2024-12-10T10:15:13.000Z</time>
        <extensions>
          <ns3:TrackPointExtension>
            <ns3:atemp>23.0</ns3:atemp>
            <ns3:hr>76</ns3:hr>
          </ns3:TrackPointExtension>
        </extensions>
      </trkpt>
      <trkpt lat="22.60709214024245738983154296875" lon="114.302891381084918975830078125">
        <ele>159.1999969482421875</ele>
        <time>2024-12-10T10:15:14.000Z</time>
        <extensions>
          <ns3:TrackPointExtension>
            <ns3:atemp>24.0</ns3:atemp>
            <ns3:hr>76</ns3:hr>
          </ns3:TrackPointExtension>
        </extensions>
      </trkpt>
      <trkpt lat="22.60705442167818546295166015625" lon="114.30288492701947689056396484375">
        <ele>158.8000030517578125</ele>
        <time>2024-12-10T10:15:15.000Z</time>
        <extensions>
          <ns3:TrackPointExtension>
            <ns3:atemp>24.0</ns3:atemp>
            <ns3:hr>76</ns3:hr>
          </ns3:TrackPointExtension>
        </extensions>
      </trkpt>
      <trkpt lat="22.6070134341716766357421875" lon="114.30288224481046199798583984375">
        <ele>158.1999969482421875</ele>
        <time>2024-12-10T10:15:16.000Z</time>
        <extensions>
          <ns3:TrackPointExtension>
            <ns3:atemp>23.0</ns3:atemp>
            <ns3:hr>77</ns3:hr>
          </ns3:TrackPointExtension>
        </extensions>
      </trkpt>
      <trkpt lat="22.6069659925997257232666015625" lon="114.3028829991817474365234375">
        <ele>158</ele>
        <time>2024-12-10T10:15:17.000Z</time>
        <extensions>
          <ns3:TrackPointExtension>
            <ns3:atemp>24.0</ns3:atemp>
            <ns3:hr>76</ns3:hr>
          </ns3:TrackPointExtension>
        </extensions>
      </trkpt>
      <trkpt lat="22.60691243223845958709716796875" lon="114.30288375355303287506103515625">
        <ele>157.600006103515625</ele>
        <time>2024-12-10T10:15:18.000Z</time>
        <extensions>
          <ns3:TrackPointExtension>
            <ns3:atemp>23.0</ns3:atemp>
            <ns3:hr>76</ns3:hr>
          </ns3:TrackPointExtension>
        </extensions>
      </trkpt>
      <trkpt lat="22.6068525016307830810546875" lon="114.30288677103817462921142578125">
        <ele>157.1999969482421875</ele>
        <time>2024-12-10T10:15:19.000Z</time>
        <extensions>
          <ns3:TrackPointExtension>
            <ns3:atemp>24.0</ns3:atemp>
            <ns3:hr>76</ns3:hr>
          </ns3:TrackPointExtension>
        </extensions>
      </trkpt>
      <trkpt lat="22.60679223574697971343994140625" lon="114.30289171636104583740234375">
        <ele>156.600006103515625</ele>
        <time>2024-12-10T10:15:20.000Z</time>
        <extensions>
          <ns3:TrackPointExtension>
            <ns3:atemp>23.0</ns3:atemp>
            <ns3:hr>76</ns3:hr>
          </ns3:TrackPointExtension>
        </extensions>
      </trkpt>
      <trkpt lat="22.60672635398805141448974609375" lon="114.30289766751229763031005859375">
        <ele>156</ele>
        <time>2024-12-10T10:15:21.000Z</time>
        <extensions>
          <ns3:TrackPointExtension>
            <ns3:atemp>23.0</ns3:atemp>
            <ns3:hr>76</ns3:hr>
          </ns3:TrackPointExtension>
        </extensions>
      </trkpt>
      <trkpt lat="22.60666131041944026947021484375" lon="114.30290504358708858489990234375">
        <ele>155.399993896484375</ele>
        <time>2024-12-10T10:15:22.000Z</time>
        <extensions>
          <ns3:TrackPointExtension>
            <ns3:atemp>24.0</ns3:atemp>
            <ns3:hr>75</ns3:hr>
          </ns3:TrackPointExtension>
        </extensions>
      </trkpt>
      <trkpt lat="22.60659878142178058624267578125" lon="114.3029153533279895782470703125">
        <ele>155.399993896484375</ele>
        <time>2024-12-10T10:15:23.000Z</time>
        <extensions>
          <ns3:TrackPointExtension>
            <ns3:atemp>23.0</ns3:atemp>
            <ns3:hr>75</ns3:hr>
          </ns3:TrackPointExtension>
        </extensions>
      </trkpt>
      <trkpt lat="22.6065391860902309417724609375" lon="114.3029207177460193634033203125">
        <ele>155.1999969482421875</ele>
        <time>2024-12-10T10:15:24.000Z</time>
        <extensions>
          <ns3:TrackPointExtension>
            <ns3:atemp>23.0</ns3:atemp>
            <ns3:hr>76</ns3:hr>
          </ns3:TrackPointExtension>
        </extensions>
      </trkpt>
      <trkpt lat="22.60648193769156932830810546875" lon="114.30292448960244655609130859375">
        <ele>155.1999969482421875</ele>
        <time>2024-12-10T10:15:25.000Z</time>
        <extensions>
          <ns3:TrackPointExtension>
            <ns3:atemp>23.0</ns3:atemp>
            <ns3:hr>77</ns3:hr>
          </ns3:TrackPointExtension>
        </extensions>
      </trkpt>
      <trkpt lat="22.60642728768289089202880859375" lon="114.30292566306889057159423828125">
        <ele>155.399993896484375</ele>
        <time>2024-12-10T10:15:26.000Z</time>
        <extensions>
          <ns3:TrackPointExtension>
            <ns3:atemp>24.0</ns3:atemp>
            <ns3:hr>77</ns3:hr>
          </ns3:TrackPointExtension>
        </extensions>
      </trkpt>
      <trkpt lat="22.60636241175234317779541015625" lon="114.302926920354366302490234375">
        <ele>155.399993896484375</ele>
        <time>2024-12-10T10:15:27.000Z</time>
        <extensions>
          <ns3:TrackPointExtension>
            <ns3:atemp>23.0</ns3:atemp>
            <ns3:hr>77</ns3:hr>
          </ns3:TrackPointExtension>
        </extensions>
      </trkpt>
      <trkpt lat="22.60630809701979160308837890625" lon="114.30293186567723751068115234375">
        <ele>155.399993896484375</ele>
        <time>2024-12-10T10:15:28.000Z</time>
        <extensions>
          <ns3:TrackPointExtension>
            <ns3:atemp>23.0</ns3:atemp>
            <ns3:hr>78</ns3:hr>
          </ns3:TrackPointExtension>
        </extensions>
      </trkpt>
      <trkpt lat="22.606254704296588897705078125" lon="114.302938990294933319091796875">
        <ele>155.399993896484375</ele>
        <time>2024-12-10T10:15:29.000Z</time>
        <extensions>
          <ns3:TrackPointExtension>
            <ns3:atemp>23.0</ns3:atemp>
            <ns3:hr>77</ns3:hr>
          </ns3:TrackPointExtension>
        </extensions>
      </trkpt>
      <trkpt lat="22.60619577951729297637939453125" lon="114.30294142104685306549072265625">
        <ele>155.399993896484375</ele>
        <time>2024-12-10T10:15:30.000Z</time>
        <extensions>
          <ns3:TrackPointExtension>
            <ns3:atemp>23.0</ns3:atemp>
            <ns3:hr>77</ns3:hr>
          </ns3:TrackPointExtension>
        </extensions>
      </trkpt>
      <trkpt lat="22.60614104568958282470703125" lon="114.302940331399440765380859375">
        <ele>155.600006103515625</ele>
        <time>2024-12-10T10:15:31.000Z</time>
        <extensions>
          <ns3:TrackPointExtension>
            <ns3:atemp>23.0</ns3:atemp>
            <ns3:hr>77</ns3:hr>
          </ns3:TrackPointExtension>
        </extensions>
      </trkpt>
      <trkpt lat="22.6060848869383335113525390625" lon="114.30294041521847248077392578125">
        <ele>155.600006103515625</ele>
        <time>2024-12-10T10:15:32.000Z</time>
        <extensions>
          <ns3:TrackPointExtension>
            <ns3:atemp>23.0</ns3:atemp>
            <ns3:hr>77</ns3:hr>
          </ns3:TrackPointExtension>
        </extensions>
      </trkpt>
      <trkpt lat="22.60603115893900394439697265625" lon="114.30293194949626922607421875">
        <ele>155.399993896484375</ele>
        <time>2024-12-10T10:15:33.000Z</time>
        <extensions>
          <ns3:TrackPointExtension>
            <ns3:atemp>23.0</ns3:atemp>
            <ns3:hr>79</ns3:hr>
          </ns3:TrackPointExtension>
        </extensions>
      </trkpt>
      <trkpt lat="22.6059775985777378082275390625" lon="114.30292482487857341766357421875">
        <ele>155.399993896484375</ele>
        <time>2024-12-10T10:15:34.000Z</time>
        <extensions>
          <ns3:TrackPointExtension>
            <ns3:atemp>23.0</ns3:atemp>
            <ns3:hr>80</ns3:hr>
          </ns3:TrackPointExtension>
        </extensions>
      </trkpt>
      <trkpt lat="22.605921439826488494873046875" lon="114.30291912518441677093505859375">
        <ele>155.399993896484375</ele>
        <time>2024-12-10T10:15:35.000Z</time>
        <extensions>
          <ns3:TrackPointExtension>
            <ns3:atemp>23.0</ns3:atemp>
            <ns3:hr>81</ns3:hr>
          </ns3:TrackPointExtension>
        </extensions>
      </trkpt>
      <trkpt lat="22.60586922056972980499267578125" lon="114.30292398668825626373291015625">
        <ele>155.399993896484375</ele>
        <time>2024-12-10T10:15:36.000Z</time>
        <extensions>
          <ns3:TrackPointExtension>
            <ns3:atemp>23.0</ns3:atemp>
            <ns3:hr>82</ns3:hr>
          </ns3:TrackPointExtension>
        </extensions>
      </trkpt>
      <trkpt lat="22.60581490583717823028564453125" lon="114.3029280938208103179931640625">
        <ele>155.399993896484375</ele>
        <time>2024-12-10T10:15:37.000Z</time>
        <extensions>
          <ns3:TrackPointExtension>
            <ns3:atemp>23.0</ns3:atemp>
            <ns3:hr>83</ns3:hr>
          </ns3:TrackPointExtension>
        </extensions>
      </trkpt>
      <trkpt lat="22.6057616807520389556884765625" lon="114.3029311113059520721435546875">
        <ele>155.1999969482421875</ele>
        <time>2024-12-10T10:15:38.000Z</time>
        <extensions>
          <ns3:TrackPointExtension>
            <ns3:atemp>23.0</ns3:atemp>
            <ns3:hr>83</ns3:hr>
          </ns3:TrackPointExtension>
        </extensions>
      </trkpt>
      <trkpt lat="22.60570761747658252716064453125" lon="114.30293136276304721832275390625">
        <ele>155.1999969482421875</ele>
        <time>2024-12-10T10:15:39.000Z</time>
        <extensions>
          <ns3:TrackPointExtension>
            <ns3:atemp>23.0</ns3:atemp>
            <ns3:hr>84</ns3:hr>
          </ns3:TrackPointExtension>
        </extensions>
      </trkpt>
      <trkpt lat="22.60566134937107563018798828125" lon="114.30293974466621875762939453125">
        <ele>155.1999969482421875</ele>
        <time>2024-12-10T10:15:40.000Z</time>
        <extensions>
          <ns3:TrackPointExtension>
            <ns3:atemp>23.0</ns3:atemp>
            <ns3:hr>83</ns3:hr>
          </ns3:TrackPointExtension>
        </extensions>
      </trkpt>
      <trkpt lat="22.60561466217041015625" lon="114.30294812656939029693603515625">
        <ele>155.1999969482421875</ele>
        <time>2024-12-10T10:15:41.000Z</time>
        <extensions>
          <ns3:TrackPointExtension>
            <ns3:atemp>23.0</ns3:atemp>
            <ns3:hr>84</ns3:hr>
          </ns3:TrackPointExtension>
        </extensions>
      </trkpt>
      <trkpt lat="22.60557149536907672882080078125" lon="114.30295147933065891265869140625">
        <ele>155.1999969482421875</ele>
        <time>2024-12-10T10:15:42.000Z</time>
        <extensions>
          <ns3:TrackPointExtension>
            <ns3:atemp>23.0</ns3:atemp>
            <ns3:hr>83</ns3:hr>
          </ns3:TrackPointExtension>
        </extensions>
      </trkpt>
      <trkpt lat="22.60552220977842807769775390625" lon="114.30295315571129322052001953125">
        <ele>155.1999969482421875</ele>
        <time>2024-12-10T10:15:43.000Z</time>
        <extensions>
          <ns3:TrackPointExtension>
            <ns3:atemp>23.0</ns3:atemp>
            <ns3:hr>83</ns3:hr>
          </ns3:TrackPointExtension>
        </extensions>
      </trkpt>
      <trkpt lat="22.60547158308327198028564453125" lon="114.30295885540544986724853515625">
        <ele>155</ele>
        <time>2024-12-10T10:15:44.000Z</time>
        <extensions>
          <ns3:TrackPointExtension>
            <ns3:atemp>23.0</ns3:atemp>
            <ns3:hr>83</ns3:hr>
          </ns3:TrackPointExtension>
        </extensions>
      </trkpt>
      <trkpt lat="22.60541684925556182861328125" lon="114.30296421982347965240478515625">
        <ele>155</ele>
        <time>2024-12-10T10:15:45.000Z</time>
        <extensions>
          <ns3:TrackPointExtension>
            <ns3:atemp>23.0</ns3:atemp>
            <ns3:hr>84</ns3:hr>
          </ns3:TrackPointExtension>
        </extensions>
      </trkpt>
      <trkpt lat="22.6053580082952976226806640625" lon="114.30296572856605052947998046875">
        <ele>154.8000030517578125</ele>
        <time>2024-12-10T10:15:46.000Z</time>
        <extensions>
          <ns3:TrackPointExtension>
            <ns3:atemp>23.0</ns3:atemp>
            <ns3:hr>84</ns3:hr>
          </ns3:TrackPointExtension>
        </extensions>
      </trkpt>
      <trkpt lat="22.60529749095439910888671875" lon="114.302967488765716552734375">
        <ele>154.600006103515625</ele>
        <time>2024-12-10T10:15:47.000Z</time>
        <extensions>
          <ns3:TrackPointExtension>
            <ns3:atemp>23.0</ns3:atemp>
            <ns3:hr>83</ns3:hr>
          </ns3:TrackPointExtension>
        </extensions>
      </trkpt>
      <trkpt lat="22.60523605160415172576904296875" lon="114.30296950042247772216796875">
        <ele>154.399993896484375</ele>
        <time>2024-12-10T10:15:48.000Z</time>
        <extensions>
          <ns3:TrackPointExtension>
            <ns3:atemp>23.0</ns3:atemp>
            <ns3:hr>83</ns3:hr>
          </ns3:TrackPointExtension>
        </extensions>
      </trkpt>
      <trkpt lat="22.605174444615840911865234375" lon="114.3029723502695560455322265625">
        <ele>154.1999969482421875</ele>
        <time>2024-12-10T10:15:49.000Z</time>
        <extensions>
          <ns3:TrackPointExtension>
            <ns3:atemp>23.0</ns3:atemp>
            <ns3:hr>83</ns3:hr>
          </ns3:TrackPointExtension>
        </extensions>
      </trkpt>
      <trkpt lat="22.605111412703990936279296875" lon="114.3029750324785709381103515625">
        <ele>154.1999969482421875</ele>
        <time>2024-12-10T10:15:50.000Z</time>
        <extensions>
          <ns3:TrackPointExtension>
            <ns3:atemp>23.0</ns3:atemp>
            <ns3:hr>83</ns3:hr>
          </ns3:TrackPointExtension>
        </extensions>
      </trkpt>
      <trkpt lat="22.60504829697310924530029296875" lon="114.302979893982410430908203125">
        <ele>154</ele>
        <time>2024-12-10T10:15:51.000Z</time>
        <extensions>
          <ns3:TrackPointExtension>
            <ns3:atemp>23.0</ns3:atemp>
            <ns3:hr>82</ns3:hr>
          </ns3:TrackPointExtension>
        </extensions>
      </trkpt>
      <trkpt lat="22.6049821637570858001708984375" lon="114.30298215709626674652099609375">
        <ele>153.600006103515625</ele>
        <time>2024-12-10T10:15:52.000Z</time>
        <extensions>
          <ns3:TrackPointExtension>
            <ns3:atemp>24.0</ns3:atemp>
            <ns3:hr>82</ns3:hr>
          </ns3:TrackPointExtension>
        </extensions>
      </trkpt>
      <trkpt lat="22.60491267777979373931884765625" lon="114.30298517458140850067138671875">
        <ele>153.1999969482421875</ele>
        <time>2024-12-10T10:15:53.000Z</time>
        <extensions>
          <ns3:TrackPointExtension>
            <ns3:atemp>23.0</ns3:atemp>
            <ns3:hr>82</ns3:hr>
          </ns3:TrackPointExtension>
        </extensions>
      </trkpt>
      <trkpt lat="22.60483891703188419342041015625" lon="114.3029911257326602935791015625">
        <ele>153</ele>
        <time>2024-12-10T10:15:54.000Z</time>
        <extensions>
          <ns3:TrackPointExtension>
            <ns3:atemp>23.0</ns3:atemp>
            <ns3:hr>83</ns3:hr>
          </ns3:TrackPointExtension>
        </extensions>
      </trkpt>
      <trkpt lat="22.604764401912689208984375" lon="114.3030018545687198638916015625">
        <ele>153</ele>
        <time>2024-12-10T10:15:55.000Z</time>
        <extensions>
          <ns3:TrackPointExtension>
            <ns3:atemp>23.0</ns3:atemp>
            <ns3:hr>84</ns3:hr>
          </ns3:TrackPointExtension>
        </extensions>
      </trkpt>
      <trkpt lat="22.60469575412571430206298828125" lon="114.30300897918641567230224609375">
        <ele>152.8000030517578125</ele>
        <time>2024-12-10T10:15:56.000Z</time>
        <extensions>
          <ns3:TrackPointExtension>
            <ns3:atemp>23.0</ns3:atemp>
            <ns3:hr>84</ns3:hr>
          </ns3:TrackPointExtension>
        </extensions>
      </trkpt>
      <trkpt lat="22.60462568141520023345947265625" lon="114.30301635526120662689208984375">
        <ele>152.8000030517578125</ele>
        <time>2024-12-10T10:15:57.000Z</time>
        <extensions>
          <ns3:TrackPointExtension>
            <ns3:atemp>23.0</ns3:atemp>
            <ns3:hr>84</ns3:hr>
          </ns3:TrackPointExtension>
        </extensions>
      </trkpt>
      <trkpt lat="22.604562900960445404052734375" lon="114.303024820983409881591796875">
        <ele>152.600006103515625</ele>
        <time>2024-12-10T10:15:58.000Z</time>
        <extensions>
          <ns3:TrackPointExtension>
            <ns3:atemp>23.0</ns3:atemp>
            <ns3:hr>84</ns3:hr>
          </ns3:TrackPointExtension>
        </extensions>
      </trkpt>
      <trkpt lat="22.60449576191604137420654296875" lon="114.3030290119349956512451171875">
        <ele>152.600006103515625</ele>
        <time>2024-12-10T10:15:59.000Z</time>
        <extensions>
          <ns3:TrackPointExtension>
            <ns3:atemp>23.0</ns3:atemp>
            <ns3:hr>85</ns3:hr>
          </ns3:TrackPointExtension>
        </extensions>
      </trkpt>
      <trkpt lat="22.60442979633808135986328125" lon="114.30303345434367656707763671875">
        <ele>152.399993896484375</ele>
        <time>2024-12-10T10:16:00.000Z</time>
        <extensions>
          <ns3:TrackPointExtension>
            <ns3:atemp>23.0</ns3:atemp>
            <ns3:hr>85</ns3:hr>
          </ns3:TrackPointExtension>
        </extensions>
      </trkpt>
      <trkpt lat="22.60436936281621456146240234375" lon="114.30303697474300861358642578125">
        <ele>152.399993896484375</ele>
        <time>2024-12-10T10:16:01.000Z</time>
        <extensions>
          <ns3:TrackPointExtension>
            <ns3:atemp>23.0</ns3:atemp>
            <ns3:hr>85</ns3:hr>
          </ns3:TrackPointExtension>
        </extensions>
      </trkpt>
      <trkpt lat="22.60430775582790374755859375" lon="114.3030387349426746368408203125">
        <ele>152</ele>
        <time>2024-12-10T10:16:02.000Z</time>
        <extensions>
          <ns3:TrackPointExtension>
            <ns3:atemp>23.0</ns3:atemp>
            <ns3:hr>84</ns3:hr>
          </ns3:TrackPointExtension>
        </extensions>
      </trkpt>
      <trkpt lat="22.60424740612506866455078125" lon="114.30304485373198986053466796875">
        <ele>152</ele>
        <time>2024-12-10T10:16:03.000Z</time>
        <extensions>
          <ns3:TrackPointExtension>
            <ns3:atemp>23.0</ns3:atemp>
            <ns3:hr>84</ns3:hr>
          </ns3:TrackPointExtension>
        </extensions>
      </trkpt>
      <trkpt lat="22.60418898425996303558349609375" lon="114.30305558256804943084716796875">
        <ele>152</ele>
        <time>2024-12-10T10:16:04.000Z</time>
        <extensions>
          <ns3:TrackPointExtension>
            <ns3:atemp>23.0</ns3:atemp>
            <ns3:hr>84</ns3:hr>
          </ns3:TrackPointExtension>
        </extensions>
      </trkpt>
      <trkpt lat="22.60413098149001598358154296875" lon="114.30306061170995235443115234375">
        <ele>151.8000030517578125</ele>
        <time>2024-12-10T10:16:05.000Z</time>
        <extensions>
          <ns3:TrackPointExtension>
            <ns3:atemp>23.0</ns3:atemp>
            <ns3:hr>84</ns3:hr>
          </ns3:TrackPointExtension>
        </extensions>
      </trkpt>
      <trkpt lat="22.6040735654532909393310546875" lon="114.30306614376604557037353515625">
        <ele>151.8000030517578125</ele>
        <time>2024-12-10T10:16:06.000Z</time>
        <extensions>
          <ns3:TrackPointExtension>
            <ns3:atemp>23.0</ns3:atemp>
            <ns3:hr>84</ns3:hr>
          </ns3:TrackPointExtension>
        </extensions>
      </trkpt>
      <trkpt lat="22.60401413775980472564697265625" lon="114.30307117290794849395751953125">
        <ele>151.8000030517578125</ele>
        <time>2024-12-10T10:16:07.000Z</time>
        <extensions>
          <ns3:TrackPointExtension>
            <ns3:atemp>23.0</ns3:atemp>
            <ns3:hr>84</ns3:hr>
          </ns3:TrackPointExtension>
        </extensions>
      </trkpt>
      <trkpt lat="22.603951357305049896240234375" lon="114.30307284928858280181884765625">
        <ele>151.600006103515625</ele>
        <time>2024-12-10T10:16:08.000Z</time>
        <extensions>
          <ns3:TrackPointExtension>
            <ns3:atemp>23.0</ns3:atemp>
            <ns3:hr>84</ns3:hr>
          </ns3:TrackPointExtension>
        </extensions>
      </trkpt>
      <trkpt lat="22.60388656519353389739990234375" lon="114.3030722625553607940673828125">
        <ele>151.600006103515625</ele>
        <time>2024-12-10T10:16:09.000Z</time>
        <extensions>
          <ns3:TrackPointExtension>
            <ns3:atemp>23.0</ns3:atemp>
            <ns3:hr>84</ns3:hr>
          </ns3:TrackPointExtension>
        </extensions>
      </trkpt>
      <trkpt lat="22.60381833650171756744384765625" lon="114.30307142436504364013671875">
        <ele>151.600006103515625</ele>
        <time>2024-12-10T10:16:10.000Z</time>
        <extensions>
          <ns3:TrackPointExtension>
            <ns3:atemp>23.0</ns3:atemp>
            <ns3:hr>83</ns3:hr>
          </ns3:TrackPointExtension>
        </extensions>
      </trkpt>
      <trkpt lat="22.6037518680095672607421875" lon="114.30306966416537761688232421875">
        <ele>151.399993896484375</ele>
        <time>2024-12-10T10:16:11.000Z</time>
        <extensions>
          <ns3:TrackPointExtension>
            <ns3:atemp>23.0</ns3:atemp>
            <ns3:hr>83</ns3:hr>
          </ns3:TrackPointExtension>
        </extensions>
      </trkpt>
      <trkpt lat="22.6036821305751800537109375" lon="114.30306463502347469329833984375">
        <ele>151.1999969482421875</ele>
        <time>2024-12-10T10:16:12.000Z</time>
        <extensions>
          <ns3:TrackPointExtension>
            <ns3:atemp>23.0</ns3:atemp>
            <ns3:hr>84</ns3:hr>
          </ns3:TrackPointExtension>
        </extensions>
      </trkpt>
      <trkpt lat="22.6036206074059009552001953125" lon="114.30305927060544490814208984375">
        <ele>151.1999969482421875</ele>
        <time>2024-12-10T10:16:13.000Z</time>
        <extensions>
          <ns3:TrackPointExtension>
            <ns3:atemp>23.0</ns3:atemp>
            <ns3:hr>84</ns3:hr>
          </ns3:TrackPointExtension>
        </extensions>
      </trkpt>
      <trkpt lat="22.60356486774981021881103515625" lon="114.30306136608123779296875">
        <ele>151.1999969482421875</ele>
        <time>2024-12-10T10:16:14.000Z</time>
        <extensions>
          <ns3:TrackPointExtension>
            <ns3:atemp>23.0</ns3:atemp>
            <ns3:hr>84</ns3:hr>
          </ns3:TrackPointExtension>
        </extensions>
      </trkpt>
      <trkpt lat="22.603525556623935699462890625" lon="114.30306513793766498565673828125">
        <ele>151.1999969482421875</ele>
        <time>2024-12-10T10:16:15.000Z</time>
        <extensions>
          <ns3:TrackPointExtension>
            <ns3:atemp>23.0</ns3:atemp>
            <ns3:hr>85</ns3:hr>
          </ns3:TrackPointExtension>
        </extensions>
      </trkpt>
      <trkpt lat="22.603490687906742095947265625" lon="114.3030734360218048095703125">
        <ele>151.1999969482421875</ele>
        <time>2024-12-10T10:16:16.000Z</time>
        <extensions>
          <ns3:TrackPointExtension>
            <ns3:atemp>23.0</ns3:atemp>
            <ns3:hr>85</ns3:hr>
          </ns3:TrackPointExtension>
        </extensions>
      </trkpt>
      <trkpt lat="22.6034553162753582000732421875" lon="114.303082488477230072021484375">
        <ele>151.1999969482421875</ele>
        <time>2024-12-10T10:16:17.000Z</time>
        <extensions>
          <ns3:TrackPointExtension>
            <ns3:atemp>23.0</ns3:atemp>
            <ns3:hr>85</ns3:hr>
          </ns3:TrackPointExtension>
        </extensions>
      </trkpt>
      <trkpt lat="22.6034192740917205810546875" lon="114.30308961309492588043212890625">
        <ele>151.1999969482421875</ele>
        <time>2024-12-10T10:16:18.000Z</time>
        <extensions>
          <ns3:TrackPointExtension>
            <ns3:atemp>23.0</ns3:atemp>
            <ns3:hr>86</ns3:hr>
          </ns3:TrackPointExtension>
        </extensions>
      </trkpt>
      <trkpt lat="22.6033718325197696685791015625" lon="114.30309447459876537322998046875">
        <ele>151.1999969482421875</ele>
        <time>2024-12-10T10:16:19.000Z</time>
        <extensions>
          <ns3:TrackPointExtension>
            <ns3:atemp>23.0</ns3:atemp>
            <ns3:hr>86</ns3:hr>
          </ns3:TrackPointExtension>
        </extensions>
      </trkpt>
      <trkpt lat="22.60332397185266017913818359375" lon="114.30309531278908252716064453125">
        <ele>151.1999969482421875</ele>
        <time>2024-12-10T10:16:20.000Z</time>
        <extensions>
          <ns3:TrackPointExtension>
            <ns3:atemp>23.0</ns3:atemp>
            <ns3:hr>86</ns3:hr>
          </ns3:TrackPointExtension>
        </extensions>
      </trkpt>
      <trkpt lat="22.6032866723835468292236328125" lon="114.30309581570327281951904296875">
        <ele>151.1999969482421875</ele>
        <time>2024-12-10T10:16:21.000Z</time>
        <extensions>
          <ns3:TrackPointExtension>
            <ns3:atemp>23.0</ns3:atemp>
            <ns3:hr>86</ns3:hr>
          </ns3:TrackPointExtension>
        </extensions>
      </trkpt>
      <trkpt lat="22.60324669070541858673095703125" lon="114.30310185067355632781982421875">
        <ele>151.1999969482421875</ele>
        <time>2024-12-10T10:16:22.000Z</time>
        <extensions>
          <ns3:TrackPointExtension>
            <ns3:atemp>23.0</ns3:atemp>
            <ns3:hr>87</ns3:hr>
          </ns3:TrackPointExtension>
        </extensions>
      </trkpt>
      <trkpt lat="22.603208720684051513671875" lon="114.30310956202447414398193359375">
        <ele>151.1999969482421875</ele>
        <time>2024-12-10T10:16:23.000Z</time>
        <extensions>
          <ns3:TrackPointExtension>
            <ns3:atemp>23.0</ns3:atemp>
            <ns3:hr>87</ns3:hr>
          </ns3:TrackPointExtension>
        </extensions>
      </trkpt>
      <trkpt lat="22.60318164713680744171142578125" lon="114.30311660282313823699951171875">
        <ele>151.1999969482421875</ele>
        <time>2024-12-10T10:16:24.000Z</time>
        <extensions>
          <ns3:TrackPointExtension>
            <ns3:atemp>23.0</ns3:atemp>
            <ns3:hr>88</ns3:hr>
          </ns3:TrackPointExtension>
        </extensions>
      </trkpt>
      <trkpt lat="22.60316236875951290130615234375" lon="114.30312280543148517608642578125">
        <ele>151.1999969482421875</ele>
        <time>2024-12-10T10:16:25.000Z</time>
        <extensions>
          <ns3:TrackPointExtension>
            <ns3:atemp>23.0</ns3:atemp>
            <ns3:hr>88</ns3:hr>
          </ns3:TrackPointExtension>
        </extensions>
      </trkpt>
      <trkpt lat="22.603144347667694091796875" lon="114.30312238633632659912109375">
        <ele>151.1999969482421875</ele>
        <time>2024-12-10T10:16:26.000Z</time>
        <extensions>
          <ns3:TrackPointExtension>
            <ns3:atemp>23.0</ns3:atemp>
            <ns3:hr>89</ns3:hr>
          </ns3:TrackPointExtension>
        </extensions>
      </trkpt>
      <trkpt lat="22.60312850587069988250732421875" lon="114.30312515236437320709228515625">
        <ele>151.1999969482421875</ele>
        <time>2024-12-10T10:16:27.000Z</time>
        <extensions>
          <ns3:TrackPointExtension>
            <ns3:atemp>23.0</ns3:atemp>
            <ns3:hr>89</ns3:hr>
          </ns3:TrackPointExtension>
        </extensions>
      </trkpt>
      <trkpt lat="22.60312297381460666656494140625" lon="114.30313873104751110076904296875">
        <ele>151.1999969482421875</ele>
        <time>2024-12-10T10:16:28.000Z</time>
        <extensions>
          <ns3:TrackPointExtension>
            <ns3:atemp>23.0</ns3:atemp>
            <ns3:hr>88</ns3:hr>
          </ns3:TrackPointExtension>
        </extensions>
      </trkpt>
      <trkpt lat="22.60312632657587528228759765625" lon="114.30315993726253509521484375">
        <ele>151.1999969482421875</ele>
        <time>2024-12-10T10:16:29.000Z</time>
        <extensions>
          <ns3:TrackPointExtension>
            <ns3:atemp>23.0</ns3:atemp>
            <ns3:hr>88</ns3:hr>
          </ns3:TrackPointExtension>
        </extensions>
      </trkpt>
      <trkpt lat="22.60312900878489017486572265625" lon="114.30318835191428661346435546875">
        <ele>151.1999969482421875</ele>
        <time>2024-12-10T10:16:30.000Z</time>
        <extensions>
          <ns3:TrackPointExtension>
            <ns3:atemp>23.0</ns3:atemp>
            <ns3:hr>89</ns3:hr>
          </ns3:TrackPointExtension>
        </extensions>
      </trkpt>
      <trkpt lat="22.60312984697520732879638671875" lon="114.30323009379208087921142578125">
        <ele>151.1999969482421875</ele>
        <time>2024-12-10T10:16:31.000Z</time>
        <extensions>
          <ns3:TrackPointExtension>
            <ns3:atemp>23.0</ns3:atemp>
            <ns3:hr>90</ns3:hr>
          </ns3:TrackPointExtension>
        </extensions>
      </trkpt>
      <trkpt lat="22.60313018225133419036865234375" lon="114.3032707460224628448486328125">
        <ele>151</ele>
        <time>2024-12-10T10:16:32.000Z</time>
        <extensions>
          <ns3:TrackPointExtension>
            <ns3:atemp>23.0</ns3:atemp>
            <ns3:hr>90</ns3:hr>
          </ns3:TrackPointExtension>
        </extensions>
      </trkpt>
      <trkpt lat="22.60312758386135101318359375" lon="114.30331575684249401092529296875">
        <ele>151</ele>
        <time>2024-12-10T10:16:33.000Z</time>
        <extensions>
          <ns3:TrackPointExtension>
            <ns3:atemp>23.0</ns3:atemp>
            <ns3:hr>91</ns3:hr>
          </ns3:TrackPointExtension>
        </extensions>
      </trkpt>
      <trkpt lat="22.6031193695962429046630859375" lon="114.30336286313831806182861328125">
        <ele>151</ele>
        <time>2024-12-10T10:16:34.000Z</time>
        <extensions>
          <ns3:TrackPointExtension>
            <ns3:atemp>23.0</ns3:atemp>
            <ns3:hr>91</ns3:hr>
          </ns3:TrackPointExtension>
        </extensions>
      </trkpt>
      <trkpt lat="22.60310822166502475738525390625" lon="114.303410388529300689697265625">
        <ele>151</ele>
        <time>2024-12-10T10:16:35.000Z</time>
        <extensions>
          <ns3:TrackPointExtension>
            <ns3:atemp>23.0</ns3:atemp>
            <ns3:hr>91</ns3:hr>
          </ns3:TrackPointExtension>
        </extensions>
      </trkpt>
      <trkpt lat="22.60309715755283832550048828125" lon="114.3034588359296321868896484375">
        <ele>150.8000030517578125</ele>
        <time>2024-12-10T10:16:36.000Z</time>
        <extensions>
          <ns3:TrackPointExtension>
            <ns3:atemp>23.0</ns3:atemp>
            <ns3:hr>91</ns3:hr>
          </ns3:TrackPointExtension>
        </extensions>
      </trkpt>
      <trkpt lat="22.603085674345493316650390625" lon="114.303506948053836822509765625">
        <ele>150.8000030517578125</ele>
        <time>2024-12-10T10:16:37.000Z</time>
        <extensions>
          <ns3:TrackPointExtension>
            <ns3:atemp>23.0</ns3:atemp>
            <ns3:hr>90</ns3:hr>
          </ns3:TrackPointExtension>
        </extensions>
      </trkpt>
      <trkpt lat="22.60307452641427516937255859375" lon="114.30354944430291652679443359375">
        <ele>150.8000030517578125</ele>
        <time>2024-12-10T10:16:38.000Z</time>
        <extensions>
          <ns3:TrackPointExtension>
            <ns3:atemp>23.0</ns3:atemp>
            <ns3:hr>90</ns3:hr>
          </ns3:TrackPointExtension>
        </extensions>
      </trkpt>
      <trkpt lat="22.60306010954082012176513671875" lon="114.3035973049700260162353515625">
        <ele>150.8000030517578125</ele>
        <time>2024-12-10T10:16:39.000Z</time>
        <extensions>
          <ns3:TrackPointExtension>
            <ns3:atemp>23.0</ns3:atemp>
            <ns3:hr>90</ns3:hr>
          </ns3:TrackPointExtension>
        </extensions>
      </trkpt>
      <trkpt lat="22.6030425913631916046142578125" lon="114.30364365689456462860107421875">
        <ele>150.8000030517578125</ele>
        <time>2024-12-10T10:16:40.000Z</time>
        <extensions>
          <ns3:TrackPointExtension>
            <ns3:atemp>23.0</ns3:atemp>
            <ns3:hr>90</ns3:hr>
          </ns3:TrackPointExtension>
        </extensions>
      </trkpt>
      <trkpt lat="22.6030261628329753875732421875" lon="114.3036848120391368865966796875">
        <ele>150.8000030517578125</ele>
        <time>2024-12-10T10:16:41.000Z</time>
        <extensions>
          <ns3:TrackPointExtension>
            <ns3:atemp>23.0</ns3:atemp>
            <ns3:hr>89</ns3:hr>
          </ns3:TrackPointExtension>
        </extensions>
      </trkpt>
      <trkpt lat="22.603008560836315155029296875" lon="114.30373300798237323760986328125">
        <ele>150.600006103515625</ele>
        <time>2024-12-10T10:16:42.000Z</time>
        <extensions>
          <ns3:TrackPointExtension>
            <ns3:atemp>23.0</ns3:atemp>
            <ns3:hr>89</ns3:hr>
          </ns3:TrackPointExtension>
        </extensions>
      </trkpt>
      <trkpt lat="22.60299322195351123809814453125" lon="114.30377374403178691864013671875">
        <ele>150.600006103515625</ele>
        <time>2024-12-10T10:16:43.000Z</time>
        <extensions>
          <ns3:TrackPointExtension>
            <ns3:atemp>23.0</ns3:atemp>
            <ns3:hr>89</ns3:hr>
          </ns3:TrackPointExtension>
        </extensions>
      </trkpt>
      <trkpt lat="22.60298584587872028350830078125" lon="114.30381146259605884552001953125">
        <ele>150.600006103515625</ele>
        <time>2024-12-10T10:16:44.000Z</time>
        <extensions>
          <ns3:TrackPointExtension>
            <ns3:atemp>23.0</ns3:atemp>
            <ns3:hr>89</ns3:hr>
          </ns3:TrackPointExtension>
        </extensions>
      </trkpt>
      <trkpt lat="22.6029715128242969512939453125" lon="114.30385538376867771148681640625">
        <ele>150.600006103515625</ele>
        <time>2024-12-10T10:16:45.000Z</time>
        <extensions>
          <ns3:TrackPointExtension>
            <ns3:atemp>23.0</ns3:atemp>
            <ns3:hr>88</ns3:hr>
          </ns3:TrackPointExtension>
        </extensions>
      </trkpt>
      <trkpt lat="22.60295567102730274200439453125" lon="114.30389863438904285430908203125">
        <ele>150.600006103515625</ele>
        <time>2024-12-10T10:16:46.000Z</time>
        <extensions>
          <ns3:TrackPointExtension>
            <ns3:atemp>23.0</ns3:atemp>
            <ns3:hr>89</ns3:hr>
          </ns3:TrackPointExtension>
        </extensions>
      </trkpt>
      <trkpt lat="22.60293521918356418609619140625" lon="114.3039433099329471588134765625">
        <ele>150.600006103515625</ele>
        <time>2024-12-10T10:16:47.000Z</time>
        <extensions>
          <ns3:TrackPointExtension>
            <ns3:atemp>23.0</ns3:atemp>
            <ns3:hr>89</ns3:hr>
          </ns3:TrackPointExtension>
        </extensions>
      </trkpt>
      <trkpt lat="22.6029135100543498992919921875" lon="114.303988404572010040283203125">
        <ele>150.600006103515625</ele>
        <time>2024-12-10T10:16:48.000Z</time>
        <extensions>
          <ns3:TrackPointExtension>
            <ns3:atemp>23.0</ns3:atemp>
            <ns3:hr>89</ns3:hr>
          </ns3:TrackPointExtension>
        </extensions>
      </trkpt>
      <trkpt lat="22.602889202535152435302734375" lon="114.30403433740139007568359375">
        <ele>150.600006103515625</ele>
        <time>2024-12-10T10:16:49.000Z</time>
        <extensions>
          <ns3:TrackPointExtension>
            <ns3:atemp>23.0</ns3:atemp>
            <ns3:hr>88</ns3:hr>
          </ns3:TrackPointExtension>
        </extensions>
      </trkpt>
      <trkpt lat="22.6028622128069400787353515625" lon="114.3040824495255947113037109375">
        <ele>150.600006103515625</ele>
        <time>2024-12-10T10:16:50.000Z</time>
        <extensions>
          <ns3:TrackPointExtension>
            <ns3:atemp>23.0</ns3:atemp>
            <ns3:hr>87</ns3:hr>
          </ns3:TrackPointExtension>
        </extensions>
      </trkpt>
      <trkpt lat="22.60283547453582286834716796875" lon="114.30412963964045047760009765625">
        <ele>150.600006103515625</ele>
        <time>2024-12-10T10:16:51.000Z</time>
        <extensions>
          <ns3:TrackPointExtension>
            <ns3:atemp>23.0</ns3:atemp>
            <ns3:hr>86</ns3:hr>
          </ns3:TrackPointExtension>
        </extensions>
      </trkpt>
      <trkpt lat="22.6028078980743885040283203125" lon="114.30417716503143310546875">
        <ele>150.399993896484375</ele>
        <time>2024-12-10T10:16:52.000Z</time>
        <extensions>
          <ns3:TrackPointExtension>
            <ns3:atemp>23.0</ns3:atemp>
            <ns3:hr>87</ns3:hr>
          </ns3:TrackPointExtension>
        </extensions>
      </trkpt>
      <trkpt lat="22.6027810759842395782470703125" lon="114.30422284640371799468994140625">
        <ele>150.399993896484375</ele>
        <time>2024-12-10T10:16:53.000Z</time>
        <extensions>
          <ns3:TrackPointExtension>
            <ns3:atemp>23.0</ns3:atemp>
            <ns3:hr>87</ns3:hr>
          </ns3:TrackPointExtension>
        </extensions>
      </trkpt>
      <trkpt lat="22.60275383479893207550048828125" lon="114.3042665161192417144775390625">
        <ele>150.399993896484375</ele>
        <time>2024-12-10T10:16:54.000Z</time>
        <extensions>
          <ns3:TrackPointExtension>
            <ns3:atemp>23.0</ns3:atemp>
            <ns3:hr>87</ns3:hr>
          </ns3:TrackPointExtension>
        </extensions>
      </trkpt>
      <trkpt lat="22.60272701270878314971923828125" lon="114.3043134547770023345947265625">
        <ele>150.399993896484375</ele>
        <time>2024-12-10T10:16:55.000Z</time>
        <extensions>
          <ns3:TrackPointExtension>
            <ns3:atemp>23.0</ns3:atemp>
            <ns3:hr>86</ns3:hr>
          </ns3:TrackPointExtension>
        </extensions>
      </trkpt>
      <trkpt lat="22.60270203463733196258544921875" lon="114.30435829795897006988525390625">
        <ele>150.399993896484375</ele>
        <time>2024-12-10T10:16:56.000Z</time>
        <extensions>
          <ns3:TrackPointExtension>
            <ns3:atemp>23.0</ns3:atemp>
            <ns3:hr>86</ns3:hr>
          </ns3:TrackPointExtension>
        </extensions>
      </trkpt>
      <trkpt lat="22.60267370380461215972900390625" lon="114.30440305732190608978271484375">
        <ele>150.1999969482421875</ele>
        <time>2024-12-10T10:16:57.000Z</time>
        <extensions>
          <ns3:TrackPointExtension>
            <ns3:atemp>23.0</ns3:atemp>
            <ns3:hr>85</ns3:hr>
          </ns3:TrackPointExtension>
        </extensions>
      </trkpt>
      <trkpt lat="22.60264302603900432586669921875" lon="114.30444077588617801666259765625">
        <ele>150.1999969482421875</ele>
        <time>2024-12-10T10:16:58.000Z</time>
        <extensions>
          <ns3:TrackPointExtension>
            <ns3:atemp>23.0</ns3:atemp>
            <ns3:hr>85</ns3:hr>
          </ns3:TrackPointExtension>
        </extensions>
      </trkpt>
      <trkpt lat="22.60261067189276218414306640625" lon="114.3044844456017017364501953125">
        <ele>150.1999969482421875</ele>
        <time>2024-12-10T10:16:59.000Z</time>
        <extensions>
          <ns3:TrackPointExtension>
            <ns3:atemp>23.0</ns3:atemp>
            <ns3:hr>85</ns3:hr>
          </ns3:TrackPointExtension>
        </extensions>
      </trkpt>
      <trkpt lat="22.60257429443299770355224609375" lon="114.30452811531722545623779296875">
        <ele>150.1999969482421875</ele>
        <time>2024-12-10T10:17:00.000Z</time>
        <extensions>
          <ns3:TrackPointExtension>
            <ns3:atemp>23.0</ns3:atemp>
            <ns3:hr>85</ns3:hr>
          </ns3:TrackPointExtension>
        </extensions>
      </trkpt>
      <trkpt lat="22.60253724642097949981689453125" lon="114.30457069538533687591552734375">
        <ele>150.1999969482421875</ele>
        <time>2024-12-10T10:17:01.000Z</time>
        <extensions>
          <ns3:TrackPointExtension>
            <ns3:atemp>23.0</ns3:atemp>
            <ns3:hr>85</ns3:hr>
          </ns3:TrackPointExtension>
        </extensions>
      </trkpt>
      <trkpt lat="22.602500952780246734619140625" lon="114.30461126379668712615966796875">
        <ele>150.1999969482421875</ele>
        <time>2024-12-10T10:17:02.000Z</time>
        <extensions>
          <ns3:TrackPointExtension>
            <ns3:atemp>23.0</ns3:atemp>
            <ns3:hr>84</ns3:hr>
          </ns3:TrackPointExtension>
        </extensions>
      </trkpt>
      <trkpt lat="22.6024618931114673614501953125" lon="114.304654933512210845947265625">
        <ele>150.1999969482421875</ele>
        <time>2024-12-10T10:17:03.000Z</time>
        <extensions>
          <ns3:TrackPointExtension>
            <ns3:atemp>23.0</ns3:atemp>
            <ns3:hr>85</ns3:hr>
          </ns3:TrackPointExtension>
        </extensions>
      </trkpt>
      <trkpt lat="22.60242342017590999603271484375" lon="114.3046990223228931427001953125">
        <ele>150</ele>
        <time>2024-12-10T10:17:04.000Z</time>
        <extensions>
          <ns3:TrackPointExtension>
            <ns3:atemp>23.0</ns3:atemp>
            <ns3:hr>86</ns3:hr>
          </ns3:TrackPointExtension>
        </extensions>
      </trkpt>
      <trkpt lat="22.6023847796022891998291015625" lon="114.30474369786679744720458984375">
        <ele>150</ele>
        <time>2024-12-10T10:17:05.000Z</time>
        <extensions>
          <ns3:TrackPointExtension>
            <ns3:atemp>23.0</ns3:atemp>
            <ns3:hr>86</ns3:hr>
          </ns3:TrackPointExtension>
        </extensions>
      </trkpt>
      <trkpt lat="22.60234446264803409576416015625" lon="114.3047908879816532135009765625">
        <ele>150</ele>
        <time>2024-12-10T10:17:06.000Z</time>
        <extensions>
          <ns3:TrackPointExtension>
            <ns3:atemp>23.0</ns3:atemp>
            <ns3:hr>87</ns3:hr>
          </ns3:TrackPointExtension>
        </extensions>
      </trkpt>
      <trkpt lat="22.60230355896055698394775390625" lon="114.30483623407781124114990234375">
        <ele>149.8000030517578125</ele>
        <time>2024-12-10T10:17:07.000Z</time>
        <extensions>
          <ns3:TrackPointExtension>
            <ns3:atemp>23.0</ns3:atemp>
            <ns3:hr>87</ns3:hr>
          </ns3:TrackPointExtension>
        </extensions>
      </trkpt>
      <trkpt lat="22.6022667624056339263916015625" lon="114.30488132871687412261962890625">
        <ele>149.8000030517578125</ele>
        <time>2024-12-10T10:17:08.000Z</time>
        <extensions>
          <ns3:TrackPointExtension>
            <ns3:atemp>23.0</ns3:atemp>
            <ns3:hr>88</ns3:hr>
          </ns3:TrackPointExtension>
        </extensions>
      </trkpt>
      <trkpt lat="22.60223164223134517669677734375" lon="114.3049228191375732421875">
        <ele>149.8000030517578125</ele>
        <time>2024-12-10T10:17:09.000Z</time>
        <extensions>
          <ns3:TrackPointExtension>
            <ns3:atemp>23.0</ns3:atemp>
            <ns3:hr>87</ns3:hr>
          </ns3:TrackPointExtension>
        </extensions>
      </trkpt>
      <trkpt lat="22.6022027246654033660888671875" lon="114.3049565143883228302001953125">
        <ele>149.8000030517578125</ele>
        <time>2024-12-10T10:17:10.000Z</time>
        <extensions>
          <ns3:TrackPointExtension>
            <ns3:atemp>23.0</ns3:atemp>
            <ns3:hr>87</ns3:hr>
          </ns3:TrackPointExtension>
        </extensions>
      </trkpt>
      <trkpt lat="22.6021759025752544403076171875" lon="114.30498786270618438720703125">
        <ele>149.8000030517578125</ele>
        <time>2024-12-10T10:17:11.000Z</time>
        <extensions>
          <ns3:TrackPointExtension>
            <ns3:atemp>23.0</ns3:atemp>
            <ns3:hr>88</ns3:hr>
          </ns3:TrackPointExtension>
        </extensions>
      </trkpt>
      <trkpt lat="22.6021531037986278533935546875" lon="114.30501493625342845916748046875">
        <ele>149.8000030517578125</ele>
        <time>2024-12-10T10:17:12.000Z</time>
        <extensions>
          <ns3:TrackPointExtension>
            <ns3:atemp>23.0</ns3:atemp>
            <ns3:hr>87</ns3:hr>
          </ns3:TrackPointExtension>
        </extensions>
      </trkpt>
      <trkpt lat="22.60213508270680904388427734375" lon="114.305036477744579315185546875">
        <ele>149.8000030517578125</ele>
        <time>2024-12-10T10:17:13.000Z</time>
        <extensions>
          <ns3:TrackPointExtension>
            <ns3:atemp>23.0</ns3:atemp>
            <ns3:hr>87</ns3:hr>
          </ns3:TrackPointExtension>
        </extensions>
      </trkpt>
      <trkpt lat="22.6021219231188297271728515625" lon="114.30505357682704925537109375">
        <ele>150</ele>
        <time>2024-12-10T10:17:14.000Z</time>
        <extensions>
          <ns3:TrackPointExtension>
            <ns3:atemp>23.0</ns3:atemp>
            <ns3:hr>87</ns3:hr>
          </ns3:TrackPointExtension>
        </extensions>
      </trkpt>
      <trkpt lat="22.60211647488176822662353515625" lon="114.3050651438534259796142578125">
        <ele>150</ele>
        <time>2024-12-10T10:17:15.000Z</time>
        <extensions>
          <ns3:TrackPointExtension>
            <ns3:atemp>23.0</ns3:atemp>
            <ns3:hr>87</ns3:hr>
          </ns3:TrackPointExtension>
        </extensions>
      </trkpt>
      <trkpt lat="22.6021095179021358489990234375" lon="114.30507947690784931182861328125">
        <ele>150</ele>
        <time>2024-12-10T10:17:16.000Z</time>
        <extensions>
          <ns3:TrackPointExtension>
            <ns3:atemp>23.0</ns3:atemp>
            <ns3:hr>87</ns3:hr>
          </ns3:TrackPointExtension>
        </extensions>
      </trkpt>
      <trkpt lat="22.6021031476557254791259765625" lon="114.30509439669549465179443359375">
        <ele>150.1999969482421875</ele>
        <time>2024-12-10T10:17:17.000Z</time>
        <extensions>
          <ns3:TrackPointExtension>
            <ns3:atemp>23.0</ns3:atemp>
            <ns3:hr>88</ns3:hr>
          </ns3:TrackPointExtension>
        </extensions>
      </trkpt>
      <trkpt lat="22.60209166444838047027587890625" lon="114.3051094003021717071533203125">
        <ele>150.1999969482421875</ele>
        <time>2024-12-10T10:17:18.000Z</time>
        <extensions>
          <ns3:TrackPointExtension>
            <ns3:atemp>23.0</ns3:atemp>
            <ns3:hr>87</ns3:hr>
          </ns3:TrackPointExtension>
        </extensions>
      </trkpt>
      <trkpt lat="22.60207640938460826873779296875" lon="114.30512641556560993194580078125">
        <ele>150.1999969482421875</ele>
        <time>2024-12-10T10:17:19.000Z</time>
        <extensions>
          <ns3:TrackPointExtension>
            <ns3:atemp>23.0</ns3:atemp>
            <ns3:hr>87</ns3:hr>
          </ns3:TrackPointExtension>
        </extensions>
      </trkpt>
      <trkpt lat="22.60205361060798168182373046875" lon="114.3051492981612682342529296875">
        <ele>150.1999969482421875</ele>
        <time>2024-12-10T10:17:20.000Z</time>
        <extensions>
          <ns3:TrackPointExtension>
            <ns3:atemp>23.0</ns3:atemp>
            <ns3:hr>87</ns3:hr>
          </ns3:TrackPointExtension>
        </extensions>
      </trkpt>
      <trkpt lat="22.60202880017459392547607421875" lon="114.30517855100333690643310546875">
        <ele>150</ele>
        <time>2024-12-10T10:17:21.000Z</time>
        <extensions>
          <ns3:TrackPointExtension>
            <ns3:atemp>23.0</ns3:atemp>
            <ns3:hr>88</ns3:hr>
          </ns3:TrackPointExtension>
        </extensions>
      </trkpt>
      <trkpt lat="22.6019998826086521148681640625" lon="114.305212832987308502197265625">
        <ele>150</ele>
        <time>2024-12-10T10:17:22.000Z</time>
        <extensions>
          <ns3:TrackPointExtension>
            <ns3:atemp>23.0</ns3:atemp>
            <ns3:hr>88</ns3:hr>
          </ns3:TrackPointExtension>
        </extensions>
      </trkpt>
      <trkpt lat="22.60196593590080738067626953125" lon="114.3052502162754535675048828125">
        <ele>150</ele>
        <time>2024-12-10T10:17:23.000Z</time>
        <extensions>
          <ns3:TrackPointExtension>
            <ns3:atemp>23.0</ns3:atemp>
            <ns3:hr>88</ns3:hr>
          </ns3:TrackPointExtension>
        </extensions>
      </trkpt>
      <trkpt lat="22.60193173773586750030517578125" lon="114.3052889406681060791015625">
        <ele>149.8000030517578125</ele>
        <time>2024-12-10T10:17:24.000Z</time>
        <extensions>
          <ns3:TrackPointExtension>
            <ns3:atemp>23.0</ns3:atemp>
            <ns3:hr>89</ns3:hr>
          </ns3:TrackPointExtension>
        </extensions>
      </trkpt>
      <trkpt lat="22.60189653374254703521728515625" lon="114.30532674305140972137451171875">
        <ele>149.600006103515625</ele>
        <time>2024-12-10T10:17:25.000Z</time>
        <extensions>
          <ns3:TrackPointExtension>
            <ns3:atemp>23.0</ns3:atemp>
            <ns3:hr>91</ns3:hr>
          </ns3:TrackPointExtension>
        </extensions>
      </trkpt>
      <trkpt lat="22.6018634252250194549560546875" lon="114.30536563508212566375732421875">
        <ele>149.600006103515625</ele>
        <time>2024-12-10T10:17:26.000Z</time>
        <extensions>
          <ns3:TrackPointExtension>
            <ns3:atemp>23.0</ns3:atemp>
            <ns3:hr>91</ns3:hr>
          </ns3:TrackPointExtension>
        </extensions>
      </trkpt>
      <trkpt lat="22.6018278859555721282958984375" lon="114.3054042756557464599609375">
        <ele>149.600006103515625</ele>
        <time>2024-12-10T10:17:27.000Z</time>
        <extensions>
          <ns3:TrackPointExtension>
            <ns3:atemp>23.0</ns3:atemp>
            <ns3:hr>91</ns3:hr>
          </ns3:TrackPointExtension>
        </extensions>
      </trkpt>
      <trkpt lat="22.60179377160966396331787109375" lon="114.3054416589438915252685546875">
        <ele>149.600006103515625</ele>
        <time>2024-12-10T10:17:28.000Z</time>
        <extensions>
          <ns3:TrackPointExtension>
            <ns3:atemp>23.0</ns3:atemp>
            <ns3:hr>91</ns3:hr>
          </ns3:TrackPointExtension>
        </extensions>
      </trkpt>
      <trkpt lat="22.60176007635891437530517578125" lon="114.30548281408846378326416015625">
        <ele>149.399993896484375</ele>
        <time>2024-12-10T10:17:29.000Z</time>
        <extensions>
          <ns3:TrackPointExtension>
            <ns3:atemp>23.0</ns3:atemp>
            <ns3:hr>91</ns3:hr>
          </ns3:TrackPointExtension>
        </extensions>
      </trkpt>
      <trkpt lat="22.601732499897480010986328125" lon="114.3055231310427188873291015625">
        <ele>149.399993896484375</ele>
        <time>2024-12-10T10:17:30.000Z</time>
        <extensions>
          <ns3:TrackPointExtension>
            <ns3:atemp>23.0</ns3:atemp>
            <ns3:hr>90</ns3:hr>
          </ns3:TrackPointExtension>
        </extensions>
      </trkpt>
      <trkpt lat="22.60171229951083660125732421875" lon="114.30556210689246654510498046875">
        <ele>149.399993896484375</ele>
        <time>2024-12-10T10:17:31.000Z</time>
        <extensions>
          <ns3:TrackPointExtension>
            <ns3:atemp>23.0</ns3:atemp>
            <ns3:hr>90</ns3:hr>
          </ns3:TrackPointExtension>
        </extensions>
      </trkpt>
      <trkpt lat="22.60168564505875110626220703125" lon="114.3056000769138336181640625">
        <ele>149.399993896484375</ele>
        <time>2024-12-10T10:17:32.000Z</time>
        <extensions>
          <ns3:TrackPointExtension>
            <ns3:atemp>23.0</ns3:atemp>
            <ns3:hr>90</ns3:hr>
          </ns3:TrackPointExtension>
        </extensions>
      </trkpt>
      <trkpt lat="22.6016548834741115570068359375" lon="114.3056327663362026214599609375">
        <ele>149.399993896484375</ele>
        <time>2024-12-10T10:17:33.000Z</time>
        <extensions>
          <ns3:TrackPointExtension>
            <ns3:atemp>23.0</ns3:atemp>
            <ns3:hr>90</ns3:hr>
          </ns3:TrackPointExtension>
        </extensions>
      </trkpt>
      <trkpt lat="22.60162286460399627685546875" lon="114.30566352792084217071533203125">
        <ele>149.399993896484375</ele>
        <time>2024-12-10T10:17:34.000Z</time>
        <extensions>
          <ns3:TrackPointExtension>
            <ns3:atemp>23.0</ns3:atemp>
            <ns3:hr>90</ns3:hr>
          </ns3:TrackPointExtension>
        </extensions>
      </trkpt>
      <trkpt lat="22.60159210301935672760009765625" lon="114.30569420568645000457763671875">
        <ele>149.399993896484375</ele>
        <time>2024-12-10T10:17:35.000Z</time>
        <extensions>
          <ns3:TrackPointExtension>
            <ns3:atemp>23.0</ns3:atemp>
            <ns3:hr>90</ns3:hr>
          </ns3:TrackPointExtension>
        </extensions>
      </trkpt>
      <trkpt lat="22.6015606708824634552001953125" lon="114.3057253025472164154052734375">
        <ele>149.399993896484375</ele>
        <time>2024-12-10T10:17:36.000Z</time>
        <extensions>
          <ns3:TrackPointExtension>
            <ns3:atemp>23.0</ns3:atemp>
            <ns3:hr>89</ns3:hr>
          </ns3:TrackPointExtension>
        </extensions>
      </trkpt>
      <trkpt lat="22.60152873583137989044189453125" lon="114.30575438775122165679931640625">
        <ele>149.399993896484375</ele>
        <time>2024-12-10T10:17:37.000Z</time>
        <extensions>
          <ns3:TrackPointExtension>
            <ns3:atemp>23.0</ns3:atemp>
            <ns3:hr>91</ns3:hr>
          </ns3:TrackPointExtension>
        </extensions>
      </trkpt>
      <trkpt lat="22.601492442190647125244140625" lon="114.3057900108397006988525390625">
        <ele>149.399993896484375</ele>
        <time>2024-12-10T10:17:38.000Z</time>
        <extensions>
          <ns3:TrackPointExtension>
            <ns3:atemp>23.0</ns3:atemp>
            <ns3:hr>91</ns3:hr>
          </ns3:TrackPointExtension>
        </extensions>
      </trkpt>
      <trkpt lat="22.60145380161702632904052734375" lon="114.30582999251782894134521484375">
        <ele>149.399993896484375</ele>
        <time>2024-12-10T10:17:39.000Z</time>
        <extensions>
          <ns3:TrackPointExtension>
            <ns3:atemp>23.0</ns3:atemp>
            <ns3:hr>91</ns3:hr>
          </ns3:TrackPointExtension>
        </extensions>
      </trkpt>
      <trkpt lat="22.601418010890483856201171875" lon="114.3058709800243377685546875">
        <ele>149.399993896484375</ele>
        <time>2024-12-10T10:17:40.000Z</time>
        <extensions>
          <ns3:TrackPointExtension>
            <ns3:atemp>23.0</ns3:atemp>
            <ns3:hr>91</ns3:hr>
          </ns3:TrackPointExtension>
        </extensions>
      </trkpt>
      <trkpt lat="22.6013836450874805450439453125" lon="114.3059112131595611572265625">
        <ele>149.399993896484375</ele>
        <time>2024-12-10T10:17:41.000Z</time>
        <extensions>
          <ns3:TrackPointExtension>
            <ns3:atemp>23.0</ns3:atemp>
            <ns3:hr>91</ns3:hr>
          </ns3:TrackPointExtension>
        </extensions>
      </trkpt>
      <trkpt lat="22.60135062038898468017578125" lon="114.30595052428543567657470703125">
        <ele>149.399993896484375</ele>
        <time>2024-12-10T10:17:42.000Z</time>
        <extensions>
          <ns3:TrackPointExtension>
            <ns3:atemp>23.0</ns3:atemp>
            <ns3:hr>92</ns3:hr>
          </ns3:TrackPointExtension>
        </extensions>
      </trkpt>
      <trkpt lat="22.60131633840501308441162109375" lon="114.305993355810642242431640625">
        <ele>149.399993896484375</ele>
        <time>2024-12-10T10:17:43.000Z</time>
        <extensions>
          <ns3:TrackPointExtension>
            <ns3:atemp>23.0</ns3:atemp>
            <ns3:hr>92</ns3:hr>
          </ns3:TrackPointExtension>
        </extensions>
      </trkpt>
      <trkpt lat="22.60127610526978969573974609375" lon="114.30603903718292713165283203125">
        <ele>149.399993896484375</ele>
        <time>2024-12-10T10:17:44.000Z</time>
        <extensions>
          <ns3:TrackPointExtension>
            <ns3:atemp>23.0</ns3:atemp>
            <ns3:hr>92</ns3:hr>
          </ns3:TrackPointExtension>
        </extensions>
      </trkpt>
      <trkpt lat="22.6012297533452510833740234375" lon="114.30608044378459453582763671875">
        <ele>149.1999969482421875</ele>
        <time>2024-12-10T10:17:45.000Z</time>
        <extensions>
          <ns3:TrackPointExtension>
            <ns3:atemp>23.0</ns3:atemp>
            <ns3:hr>93</ns3:hr>
          </ns3:TrackPointExtension>
        </extensions>
      </trkpt>
      <trkpt lat="22.6011901907622814178466796875" lon="114.30612201802432537078857421875">
        <ele>149.1999969482421875</ele>
        <time>2024-12-10T10:17:46.000Z</time>
        <extensions>
          <ns3:TrackPointExtension>
            <ns3:atemp>23.0</ns3:atemp>
            <ns3:hr>93</ns3:hr>
          </ns3:TrackPointExtension>
        </extensions>
      </trkpt>
      <trkpt lat="22.601144425570964813232421875" lon="114.3061591498553752899169921875">
        <ele>149.1999969482421875</ele>
        <time>2024-12-10T10:17:47.000Z</time>
        <extensions>
          <ns3:TrackPointExtension>
            <ns3:atemp>23.0</ns3:atemp>
            <ns3:hr>93</ns3:hr>
          </ns3:TrackPointExtension>
        </extensions>
      </trkpt>
      <trkpt lat="22.60110042057931423187255859375" lon="114.3061879836022853851318359375">
        <ele>149.1999969482421875</ele>
        <time>2024-12-10T10:17:48.000Z</time>
        <extensions>
          <ns3:TrackPointExtension>
            <ns3:atemp>23.0</ns3:atemp>
            <ns3:hr>94</ns3:hr>
          </ns3:TrackPointExtension>
        </extensions>
      </trkpt>
      <trkpt lat="22.6010550744831562042236328125" lon="114.306207932531833648681640625">
        <ele>149.1999969482421875</ele>
        <time>2024-12-10T10:17:49.000Z</time>
        <extensions>
          <ns3:TrackPointExtension>
            <ns3:atemp>23.0</ns3:atemp>
            <ns3:hr>94</ns3:hr>
          </ns3:TrackPointExtension>
        </extensions>
      </trkpt>
      <trkpt lat="22.60101534426212310791015625" lon="114.3062107823789119720458984375">
        <ele>149.1999969482421875</ele>
        <time>2024-12-10T10:17:50.000Z</time>
        <extensions>
          <ns3:TrackPointExtension>
            <ns3:atemp>23.0</ns3:atemp>
            <ns3:hr>94</ns3:hr>
          </ns3:TrackPointExtension>
        </extensions>
      </trkpt>
      <trkpt lat="22.60097620077431201934814453125" lon="114.30621304549276828765869140625">
        <ele>149.1999969482421875</ele>
        <time>2024-12-10T10:17:51.000Z</time>
        <extensions>
          <ns3:TrackPointExtension>
            <ns3:atemp>23.0</ns3:atemp>
            <ns3:hr>94</ns3:hr>
          </ns3:TrackPointExtension>
        </extensions>
      </trkpt>
      <trkpt lat="22.60093781165778636932373046875" lon="114.30619158782064914703369140625">
        <ele>149.1999969482421875</ele>
        <time>2024-12-10T10:17:52.000Z</time>
        <extensions>
          <ns3:TrackPointExtension>
            <ns3:atemp>23.0</ns3:atemp>
            <ns3:hr>95</ns3:hr>
          </ns3:TrackPointExtension>
        </extensions>
      </trkpt>
      <trkpt lat="22.6009102351963520050048828125" lon="114.30616644211113452911376953125">
        <ele>149.1999969482421875</ele>
        <time>2024-12-10T10:17:53.000Z</time>
        <extensions>
          <ns3:TrackPointExtension>
            <ns3:atemp>23.0</ns3:atemp>
            <ns3:hr>95</ns3:hr>
          </ns3:TrackPointExtension>
        </extensions>
      </trkpt>
      <trkpt lat="22.6008730195462703704833984375" lon="114.3061353452503681182861328125">
        <ele>149.1999969482421875</ele>
        <time>2024-12-10T10:17:54.000Z</time>
        <extensions>
          <ns3:TrackPointExtension>
            <ns3:atemp>23.0</ns3:atemp>
            <ns3:hr>95</ns3:hr>
          </ns3:TrackPointExtension>
        </extensions>
      </trkpt>
      <trkpt lat="22.600843012332916259765625" lon="114.3061001412570476531982421875">
        <ele>149.1999969482421875</ele>
        <time>2024-12-10T10:17:55.000Z</time>
        <extensions>
          <ns3:TrackPointExtension>
            <ns3:atemp>23.0</ns3:atemp>
            <ns3:hr>96</ns3:hr>
          </ns3:TrackPointExtension>
        </extensions>
      </trkpt>
      <trkpt lat="22.60081493295729160308837890625" lon="114.3060629256069660186767578125">
        <ele>149.1999969482421875</ele>
        <time>2024-12-10T10:17:56.000Z</time>
        <extensions>
          <ns3:TrackPointExtension>
            <ns3:atemp>23.0</ns3:atemp>
            <ns3:hr>97</ns3:hr>
          </ns3:TrackPointExtension>
        </extensions>
      </trkpt>
      <trkpt lat="22.60078727267682552337646484375" lon="114.30602612905204296112060546875">
        <ele>149.1999969482421875</ele>
        <time>2024-12-10T10:17:57.000Z</time>
        <extensions>
          <ns3:TrackPointExtension>
            <ns3:atemp>23.0</ns3:atemp>
            <ns3:hr>97</ns3:hr>
          </ns3:TrackPointExtension>
        </extensions>
      </trkpt>
      <trkpt lat="22.60075986385345458984375" lon="114.30599075742065906524658203125">
        <ele>149.1999969482421875</ele>
        <time>2024-12-10T10:17:58.000Z</time>
        <extensions>
          <ns3:TrackPointExtension>
            <ns3:atemp>23.0</ns3:atemp>
            <ns3:hr>97</ns3:hr>
          </ns3:TrackPointExtension>
        </extensions>
      </trkpt>
      <trkpt lat="22.6007342152297496795654296875" lon="114.3059630133211612701416015625">
        <ele>149.1999969482421875</ele>
        <time>2024-12-10T10:17:59.000Z</time>
        <extensions>
          <ns3:TrackPointExtension>
            <ns3:atemp>23.0</ns3:atemp>
            <ns3:hr>98</ns3:hr>
          </ns3:TrackPointExtension>
        </extensions>
      </trkpt>
      <trkpt lat="22.60070714168250560760498046875" lon="114.305941052734851837158203125">
        <ele>149.1999969482421875</ele>
        <time>2024-12-10T10:18:00.000Z</time>
        <extensions>
          <ns3:TrackPointExtension>
            <ns3:atemp>23.0</ns3:atemp>
            <ns3:hr>98</ns3:hr>
          </ns3:TrackPointExtension>
        </extensions>
      </trkpt>
      <trkpt lat="22.6006782241165637969970703125" lon="114.30591733194887638092041015625">
        <ele>149.1999969482421875</ele>
        <time>2024-12-10T10:18:01.000Z</time>
        <extensions>
          <ns3:TrackPointExtension>
            <ns3:atemp>23.0</ns3:atemp>
            <ns3:hr>98</ns3:hr>
          </ns3:TrackPointExtension>
        </extensions>
      </trkpt>
      <trkpt lat="22.6006485521793365478515625" lon="114.30588900111615657806396484375">
        <ele>149.1999969482421875</ele>
        <time>2024-12-10T10:18:02.000Z</time>
        <extensions>
          <ns3:TrackPointExtension>
            <ns3:atemp>23.0</ns3:atemp>
            <ns3:hr>97</ns3:hr>
          </ns3:TrackPointExtension>
        </extensions>
      </trkpt>
      <trkpt lat="22.6006198860704898834228515625" lon="114.305856563150882720947265625">
        <ele>149.399993896484375</ele>
        <time>2024-12-10T10:18:03.000Z</time>
        <extensions>
          <ns3:TrackPointExtension>
            <ns3:atemp>23.0</ns3:atemp>
            <ns3:hr>96</ns3:hr>
          </ns3:TrackPointExtension>
        </extensions>
      </trkpt>
      <trkpt lat="22.60058962740004062652587890625" lon="114.3058392964303493499755859375">
        <ele>149.399993896484375</ele>
        <time>2024-12-10T10:18:04.000Z</time>
        <extensions>
          <ns3:TrackPointExtension>
            <ns3:atemp>23.0</ns3:atemp>
            <ns3:hr>95</ns3:hr>
          </ns3:TrackPointExtension>
        </extensions>
      </trkpt>
      <trkpt lat="22.60055911727249622344970703125" lon="114.3058141507208347320556640625">
        <ele>149.399993896484375</ele>
        <time>2024-12-10T10:18:05.000Z</time>
        <extensions>
          <ns3:TrackPointExtension>
            <ns3:atemp>23.0</ns3:atemp>
            <ns3:hr>95</ns3:hr>
          </ns3:TrackPointExtension>
        </extensions>
      </trkpt>
      <trkpt lat="22.60053749196231365203857421875" lon="114.30578741244971752166748046875">
        <ele>149.399993896484375</ele>
        <time>2024-12-10T10:18:06.000Z</time>
        <extensions>
          <ns3:TrackPointExtension>
            <ns3:atemp>23.0</ns3:atemp>
            <ns3:hr>95</ns3:hr>
          </ns3:TrackPointExtension>
        </extensions>
      </trkpt>
      <trkpt lat="22.600514106452465057373046875" lon="114.3057638593018054962158203125">
        <ele>149.600006103515625</ele>
        <time>2024-12-10T10:18:07.000Z</time>
        <extensions>
          <ns3:TrackPointExtension>
            <ns3:atemp>23.0</ns3:atemp>
            <ns3:hr>96</ns3:hr>
          </ns3:TrackPointExtension>
        </extensions>
      </trkpt>
      <trkpt lat="22.60048552416265010833740234375" lon="114.3057501129806041717529296875">
        <ele>149.600006103515625</ele>
        <time>2024-12-10T10:18:08.000Z</time>
        <extensions>
          <ns3:TrackPointExtension>
            <ns3:atemp>23.0</ns3:atemp>
            <ns3:hr>97</ns3:hr>
          </ns3:TrackPointExtension>
        </extensions>
      </trkpt>
      <trkpt lat="22.6004478894174098968505859375" lon="114.30573175661265850067138671875">
        <ele>149.600006103515625</ele>
        <time>2024-12-10T10:18:09.000Z</time>
        <extensions>
          <ns3:TrackPointExtension>
            <ns3:atemp>23.0</ns3:atemp>
            <ns3:hr>97</ns3:hr>
          </ns3:TrackPointExtension>
        </extensions>
      </trkpt>
      <trkpt lat="22.6004150323569774627685546875" lon="114.305705018341541290283203125">
        <ele>149.8000030517578125</ele>
        <time>2024-12-10T10:18:10.000Z</time>
        <extensions>
          <ns3:TrackPointExtension>
            <ns3:atemp>23.0</ns3:atemp>
            <ns3:hr>97</ns3:hr>
          </ns3:TrackPointExtension>
        </extensions>
      </trkpt>
      <trkpt lat="22.6003825105726718902587890625" lon="114.30567450821399688720703125">
        <ele>149.8000030517578125</ele>
        <time>2024-12-10T10:18:11.000Z</time>
        <extensions>
          <ns3:TrackPointExtension>
            <ns3:atemp>23.0</ns3:atemp>
            <ns3:hr>97</ns3:hr>
          </ns3:TrackPointExtension>
        </extensions>
      </trkpt>
      <trkpt lat="22.60034806095063686370849609375" lon="114.305641315877437591552734375">
        <ele>149.8000030517578125</ele>
        <time>2024-12-10T10:18:12.000Z</time>
        <extensions>
          <ns3:TrackPointExtension>
            <ns3:atemp>23.0</ns3:atemp>
            <ns3:hr>97</ns3:hr>
          </ns3:TrackPointExtension>
        </extensions>
      </trkpt>
      <trkpt lat="22.60031470097601413726806640625" lon="114.3056035973131656646728515625">
        <ele>149.8000030517578125</ele>
        <time>2024-12-10T10:18:13.000Z</time>
        <extensions>
          <ns3:TrackPointExtension>
            <ns3:atemp>23.0</ns3:atemp>
            <ns3:hr>97</ns3:hr>
          </ns3:TrackPointExtension>
        </extensions>
      </trkpt>
      <trkpt lat="22.6002839393913745880126953125" lon="114.30556814186275005340576171875">
        <ele>149.8000030517578125</ele>
        <time>2024-12-10T10:18:14.000Z</time>
        <extensions>
          <ns3:TrackPointExtension>
            <ns3:atemp>23.0</ns3:atemp>
            <ns3:hr>97</ns3:hr>
          </ns3:TrackPointExtension>
        </extensions>
      </trkpt>
      <trkpt lat="22.6002457179129123687744140625" lon="114.305538050830364227294921875">
        <ele>149.8000030517578125</ele>
        <time>2024-12-10T10:18:15.000Z</time>
        <extensions>
          <ns3:TrackPointExtension>
            <ns3:atemp>23.0</ns3:atemp>
            <ns3:hr>97</ns3:hr>
          </ns3:TrackPointExtension>
        </extensions>
      </trkpt>
      <trkpt lat="22.6002105139195919036865234375" lon="114.30550552904605865478515625">
        <ele>150</ele>
        <time>2024-12-10T10:18:16.000Z</time>
        <extensions>
          <ns3:TrackPointExtension>
            <ns3:atemp>23.0</ns3:atemp>
            <ns3:hr>97</ns3:hr>
          </ns3:TrackPointExtension>
        </extensions>
      </trkpt>
      <trkpt lat="22.60017254389822483062744140625" lon="114.30547468364238739013671875">
        <ele>150</ele>
        <time>2024-12-10T10:18:17.000Z</time>
        <extensions>
          <ns3:TrackPointExtension>
            <ns3:atemp>23.0</ns3:atemp>
            <ns3:hr>98</ns3:hr>
          </ns3:TrackPointExtension>
        </extensions>
      </trkpt>
      <trkpt lat="22.60013599880039691925048828125" lon="114.30544392205774784088134765625">
        <ele>150</ele>
        <time>2024-12-10T10:18:18.000Z</time>
        <extensions>
          <ns3:TrackPointExtension>
            <ns3:atemp>23.0</ns3:atemp>
            <ns3:hr>98</ns3:hr>
          </ns3:TrackPointExtension>
        </extensions>
      </trkpt>
      <trkpt lat="22.60009668767452239990234375" lon="114.30541567504405975341796875">
        <ele>150</ele>
        <time>2024-12-10T10:18:19.000Z</time>
        <extensions>
          <ns3:TrackPointExtension>
            <ns3:atemp>23.0</ns3:atemp>
            <ns3:hr>98</ns3:hr>
          </ns3:TrackPointExtension>
        </extensions>
      </trkpt>
      <trkpt lat="22.6000556163489818572998046875" lon="114.3053853325545787811279296875">
        <ele>150</ele>
        <time>2024-12-10T10:18:20.000Z</time>
        <extensions>
          <ns3:TrackPointExtension>
            <ns3:atemp>23.0</ns3:atemp>
            <ns3:hr>99</ns3:hr>
          </ns3:TrackPointExtension>
        </extensions>
      </trkpt>
      <trkpt lat="22.60000976733863353729248046875" lon="114.30535524152219295501708984375">
        <ele>150</ele>
        <time>2024-12-10T10:18:21.000Z</time>
        <extensions>
          <ns3:TrackPointExtension>
            <ns3:atemp>23.0</ns3:atemp>
            <ns3:hr>99</ns3:hr>
          </ns3:TrackPointExtension>
        </extensions>
      </trkpt>
      <trkpt lat="22.599964253604412078857421875" lon="114.30532020516693592071533203125">
        <ele>150.1999969482421875</ele>
        <time>2024-12-10T10:18:22.000Z</time>
        <extensions>
          <ns3:TrackPointExtension>
            <ns3:atemp>23.0</ns3:atemp>
            <ns3:hr>99</ns3:hr>
          </ns3:TrackPointExtension>
        </extensions>
      </trkpt>
      <trkpt lat="22.5999168120324611663818359375" lon="114.30528366006910800933837890625">
        <ele>150.1999969482421875</ele>
        <time>2024-12-10T10:18:23.000Z</time>
        <extensions>
          <ns3:TrackPointExtension>
            <ns3:atemp>23.0</ns3:atemp>
            <ns3:hr>100</ns3:hr>
          </ns3:TrackPointExtension>
        </extensions>
      </trkpt>
      <trkpt lat="22.599872387945652008056640625" lon="114.305247031152248382568359375">
        <ele>150.399993896484375</ele>
        <time>2024-12-10T10:18:24.000Z</time>
        <extensions>
          <ns3:TrackPointExtension>
            <ns3:atemp>23.0</ns3:atemp>
            <ns3:hr>100</ns3:hr>
          </ns3:TrackPointExtension>
        </extensions>
      </trkpt>
      <trkpt lat="22.59982704184949398040771484375" lon="114.30521207861602306365966796875">
        <ele>150.399993896484375</ele>
        <time>2024-12-10T10:18:25.000Z</time>
        <extensions>
          <ns3:TrackPointExtension>
            <ns3:atemp>23.0</ns3:atemp>
            <ns3:hr>100</ns3:hr>
          </ns3:TrackPointExtension>
        </extensions>
      </trkpt>
      <trkpt lat="22.59978077374398708343505859375" lon="114.30517838336527347564697265625">
        <ele>150.399993896484375</ele>
        <time>2024-12-10T10:18:26.000Z</time>
        <extensions>
          <ns3:TrackPointExtension>
            <ns3:atemp>23.0</ns3:atemp>
            <ns3:hr>101</ns3:hr>
          </ns3:TrackPointExtension>
        </extensions>
      </trkpt>
      <trkpt lat="22.59973484091460704803466796875" lon="114.3051492981612682342529296875">
        <ele>150.600006103515625</ele>
        <time>2024-12-10T10:18:27.000Z</time>
        <extensions>
          <ns3:TrackPointExtension>
            <ns3:atemp>23.0</ns3:atemp>
            <ns3:hr>102</ns3:hr>
          </ns3:TrackPointExtension>
        </extensions>
      </trkpt>
      <trkpt lat="22.5996898300945758819580078125" lon="114.3051181174814701080322265625">
        <ele>150.8000030517578125</ele>
        <time>2024-12-10T10:18:28.000Z</time>
        <extensions>
          <ns3:TrackPointExtension>
            <ns3:atemp>23.0</ns3:atemp>
            <ns3:hr>102</ns3:hr>
          </ns3:TrackPointExtension>
        </extensions>
      </trkpt>
      <trkpt lat="22.59965085424482822418212890625" lon="114.3050904572010040283203125">
        <ele>150.8000030517578125</ele>
        <time>2024-12-10T10:18:29.000Z</time>
        <extensions>
          <ns3:TrackPointExtension>
            <ns3:atemp>23.0</ns3:atemp>
            <ns3:hr>103</ns3:hr>
          </ns3:TrackPointExtension>
        </extensions>
      </trkpt>
      <trkpt lat="22.59961028583347797393798828125" lon="114.30506539531052112579345703125">
        <ele>151.399993896484375</ele>
        <time>2024-12-10T10:18:30.000Z</time>
        <extensions>
          <ns3:TrackPointExtension>
            <ns3:atemp>23.0</ns3:atemp>
            <ns3:hr>103</ns3:hr>
          </ns3:TrackPointExtension>
        </extensions>
      </trkpt>
      <trkpt lat="22.5995741598308086395263671875" lon="114.30504284799098968505859375">
        <ele>151.399993896484375</ele>
        <time>2024-12-10T10:18:31.000Z</time>
        <extensions>
          <ns3:TrackPointExtension>
            <ns3:atemp>23.0</ns3:atemp>
            <ns3:hr>104</ns3:hr>
          </ns3:TrackPointExtension>
        </extensions>
      </trkpt>
      <trkpt lat="22.5995434820652008056640625" lon="114.30502901785075664520263671875">
        <ele>151.399993896484375</ele>
        <time>2024-12-10T10:18:32.000Z</time>
        <extensions>
          <ns3:TrackPointExtension>
            <ns3:atemp>23.0</ns3:atemp>
            <ns3:hr>103</ns3:hr>
          </ns3:TrackPointExtension>
        </extensions>
      </trkpt>
      <trkpt lat="22.59950836189091205596923828125" lon="114.305017702281475067138671875">
        <ele>151.600006103515625</ele>
        <time>2024-12-10T10:18:33.000Z</time>
        <extensions>
          <ns3:TrackPointExtension>
            <ns3:atemp>23.0</ns3:atemp>
            <ns3:hr>103</ns3:hr>
          </ns3:TrackPointExtension>
        </extensions>
      </trkpt>
      <trkpt lat="22.5994715653359889984130859375" lon="114.30499917827546596527099609375">
        <ele>151.399993896484375</ele>
        <time>2024-12-10T10:18:34.000Z</time>
        <extensions>
          <ns3:TrackPointExtension>
            <ns3:atemp>23.0</ns3:atemp>
            <ns3:hr>103</ns3:hr>
          </ns3:TrackPointExtension>
        </extensions>
      </trkpt>
      <trkpt lat="22.59943376295268535614013671875" lon="114.3049742840230464935302734375">
        <ele>151.399993896484375</ele>
        <time>2024-12-10T10:18:35.000Z</time>
        <extensions>
          <ns3:TrackPointExtension>
            <ns3:atemp>23.0</ns3:atemp>
            <ns3:hr>103</ns3:hr>
          </ns3:TrackPointExtension>
        </extensions>
      </trkpt>
      <trkpt lat="22.59939822368323802947998046875" lon="114.30494385771453380584716796875">
        <ele>151.399993896484375</ele>
        <time>2024-12-10T10:18:36.000Z</time>
        <extensions>
          <ns3:TrackPointExtension>
            <ns3:atemp>23.0</ns3:atemp>
            <ns3:hr>103</ns3:hr>
          </ns3:TrackPointExtension>
        </extensions>
      </trkpt>
      <trkpt lat="22.59936637245118618011474609375" lon="114.3049146048724651336669921875">
        <ele>151.399993896484375</ele>
        <time>2024-12-10T10:18:37.000Z</time>
        <extensions>
          <ns3:TrackPointExtension>
            <ns3:atemp>23.0</ns3:atemp>
            <ns3:hr>103</ns3:hr>
          </ns3:TrackPointExtension>
        </extensions>
      </trkpt>
      <trkpt lat="22.59933519177138805389404296875" lon="114.30488719604909420013427734375">
        <ele>151.399993896484375</ele>
        <time>2024-12-10T10:18:38.000Z</time>
        <extensions>
          <ns3:TrackPointExtension>
            <ns3:atemp>23.0</ns3:atemp>
            <ns3:hr>103</ns3:hr>
          </ns3:TrackPointExtension>
        </extensions>
      </trkpt>
      <trkpt lat="22.5992995686829090118408203125" lon="114.30485852994024753570556640625">
        <ele>151.399993896484375</ele>
        <time>2024-12-10T10:18:39.000Z</time>
        <extensions>
          <ns3:TrackPointExtension>
            <ns3:atemp>23.0</ns3:atemp>
            <ns3:hr>102</ns3:hr>
          </ns3:TrackPointExtension>
        </extensions>
      </trkpt>
      <trkpt lat="22.59926478378474712371826171875" lon="114.304829947650432586669921875">
        <ele>151.399993896484375</ele>
        <time>2024-12-10T10:18:40.000Z</time>
        <extensions>
          <ns3:TrackPointExtension>
            <ns3:atemp>23.0</ns3:atemp>
            <ns3:hr>103</ns3:hr>
          </ns3:TrackPointExtension>
        </extensions>
      </trkpt>
      <trkpt lat="22.59922957979142665863037109375" lon="114.30479465983808040618896484375">
        <ele>151.399993896484375</ele>
        <time>2024-12-10T10:18:41.000Z</time>
        <extensions>
          <ns3:TrackPointExtension>
            <ns3:atemp>23.0</ns3:atemp>
            <ns3:hr>104</ns3:hr>
          </ns3:TrackPointExtension>
        </extensions>
      </trkpt>
      <trkpt lat="22.59919152595102787017822265625" lon="114.30475610308349132537841796875">
        <ele>151.1999969482421875</ele>
        <time>2024-12-10T10:18:42.000Z</time>
        <extensions>
          <ns3:TrackPointExtension>
            <ns3:atemp>23.0</ns3:atemp>
            <ns3:hr>105</ns3:hr>
          </ns3:TrackPointExtension>
        </extensions>
      </trkpt>
      <trkpt lat="22.599152885377407073974609375" lon="114.3047256767749786376953125">
        <ele>151.1999969482421875</ele>
        <time>2024-12-10T10:18:43.000Z</time>
        <extensions>
          <ns3:TrackPointExtension>
            <ns3:atemp>23.0</ns3:atemp>
            <ns3:hr>106</ns3:hr>
          </ns3:TrackPointExtension>
        </extensions>
      </trkpt>
      <trkpt lat="22.5991067849099636077880859375" lon="114.3046869523823261260986328125">
        <ele>151</ele>
        <time>2024-12-10T10:18:44.000Z</time>
        <extensions>
          <ns3:TrackPointExtension>
            <ns3:atemp>23.0</ns3:atemp>
            <ns3:hr>106</ns3:hr>
          </ns3:TrackPointExtension>
        </extensions>
      </trkpt>
      <trkpt lat="22.59906060062348842620849609375" lon="114.304649569094181060791015625">
        <ele>151</ele>
        <time>2024-12-10T10:18:45.000Z</time>
        <extensions>
          <ns3:TrackPointExtension>
            <ns3:atemp>23.0</ns3:atemp>
            <ns3:hr>105</ns3:hr>
          </ns3:TrackPointExtension>
        </extensions>
      </trkpt>
      <trkpt lat="22.5990139134228229522705078125" lon="114.30461327545344829559326171875">
        <ele>150.8000030517578125</ele>
        <time>2024-12-10T10:18:46.000Z</time>
        <extensions>
          <ns3:TrackPointExtension>
            <ns3:atemp>23.0</ns3:atemp>
            <ns3:hr>105</ns3:hr>
          </ns3:TrackPointExtension>
        </extensions>
      </trkpt>
      <trkpt lat="22.59896756149828433990478515625" lon="114.304579161107540130615234375">
        <ele>150.8000030517578125</ele>
        <time>2024-12-10T10:18:47.000Z</time>
        <extensions>
          <ns3:TrackPointExtension>
            <ns3:atemp>23.0</ns3:atemp>
            <ns3:hr>105</ns3:hr>
          </ns3:TrackPointExtension>
        </extensions>
      </trkpt>
      <trkpt lat="22.598920874297618865966796875" lon="114.30454504676163196563720703125">
        <ele>150.8000030517578125</ele>
        <time>2024-12-10T10:18:48.000Z</time>
        <extensions>
          <ns3:TrackPointExtension>
            <ns3:atemp>23.0</ns3:atemp>
            <ns3:hr>105</ns3:hr>
          </ns3:TrackPointExtension>
        </extensions>
      </trkpt>
      <trkpt lat="22.5988714210689067840576171875" lon="114.30450783111155033111572265625">
        <ele>150.600006103515625</ele>
        <time>2024-12-10T10:18:49.000Z</time>
        <extensions>
          <ns3:TrackPointExtension>
            <ns3:atemp>23.0</ns3:atemp>
            <ns3:hr>106</ns3:hr>
          </ns3:TrackPointExtension>
        </extensions>
      </trkpt>
      <trkpt lat="22.5988248176872730255126953125" lon="114.30447514168918132781982421875">
        <ele>150.600006103515625</ele>
        <time>2024-12-10T10:18:50.000Z</time>
        <extensions>
          <ns3:TrackPointExtension>
            <ns3:atemp>23.0</ns3:atemp>
            <ns3:hr>106</ns3:hr>
          </ns3:TrackPointExtension>
        </extensions>
      </trkpt>
      <trkpt lat="22.59877712465822696685791015625" lon="114.30443993769586086273193359375">
        <ele>150.600006103515625</ele>
        <time>2024-12-10T10:18:51.000Z</time>
        <extensions>
          <ns3:TrackPointExtension>
            <ns3:atemp>23.0</ns3:atemp>
            <ns3:hr>105</ns3:hr>
          </ns3:TrackPointExtension>
        </extensions>
      </trkpt>
      <trkpt lat="22.59873052127659320831298828125" lon="114.30440691299736499786376953125">
        <ele>150.399993896484375</ele>
        <time>2024-12-10T10:18:52.000Z</time>
        <extensions>
          <ns3:TrackPointExtension>
            <ns3:atemp>23.0</ns3:atemp>
            <ns3:hr>105</ns3:hr>
          </ns3:TrackPointExtension>
        </extensions>
      </trkpt>
      <trkpt lat="22.598692886531352996826171875" lon="114.30438034236431121826171875">
        <ele>150.1999969482421875</ele>
        <time>2024-12-10T10:18:53.000Z</time>
        <extensions>
          <ns3:TrackPointExtension>
            <ns3:atemp>23.0</ns3:atemp>
            <ns3:hr>105</ns3:hr>
          </ns3:TrackPointExtension>
        </extensions>
      </trkpt>
      <trkpt lat="22.59866178967058658599853515625" lon="114.30434823967516422271728515625">
        <ele>150.1999969482421875</ele>
        <time>2024-12-10T10:18:54.000Z</time>
        <extensions>
          <ns3:TrackPointExtension>
            <ns3:atemp>23.0</ns3:atemp>
            <ns3:hr>105</ns3:hr>
          </ns3:TrackPointExtension>
        </extensions>
      </trkpt>
      <trkpt lat="22.59862842969596385955810546875" lon="114.30431337095797061920166015625">
        <ele>150.1999969482421875</ele>
        <time>2024-12-10T10:18:55.000Z</time>
        <extensions>
          <ns3:TrackPointExtension>
            <ns3:atemp>23.0</ns3:atemp>
            <ns3:hr>105</ns3:hr>
          </ns3:TrackPointExtension>
        </extensions>
      </trkpt>
      <trkpt lat="22.59859322570264339447021484375" lon="114.30428654886782169342041015625">
        <ele>150</ele>
        <time>2024-12-10T10:18:56.000Z</time>
        <extensions>
          <ns3:TrackPointExtension>
            <ns3:atemp>23.0</ns3:atemp>
            <ns3:hr>106</ns3:hr>
          </ns3:TrackPointExtension>
        </extensions>
      </trkpt>
      <trkpt lat="22.59856170974671840667724609375" lon="114.30426173843443393707275390625">
        <ele>150</ele>
        <time>2024-12-10T10:18:57.000Z</time>
        <extensions>
          <ns3:TrackPointExtension>
            <ns3:atemp>23.0</ns3:atemp>
            <ns3:hr>106</ns3:hr>
          </ns3:TrackPointExtension>
        </extensions>
      </trkpt>
      <trkpt lat="22.5985368154942989349365234375" lon="114.30424145422875881195068359375">
        <ele>150</ele>
        <time>2024-12-10T10:18:58.000Z</time>
        <extensions>
          <ns3:TrackPointExtension>
            <ns3:atemp>23.0</ns3:atemp>
            <ns3:hr>106</ns3:hr>
          </ns3:TrackPointExtension>
        </extensions>
      </trkpt>
      <trkpt lat="22.59852265007793903350830078125" lon="114.3042326532304286956787109375">
        <ele>150</ele>
        <time>2024-12-10T10:18:59.000Z</time>
        <extensions>
          <ns3:TrackPointExtension>
            <ns3:atemp>23.0</ns3:atemp>
            <ns3:hr>107</ns3:hr>
          </ns3:TrackPointExtension>
        </extensions>
      </trkpt>
      <trkpt lat="22.59850856848061084747314453125" lon="114.30422888137400150299072265625">
        <ele>150</ele>
        <time>2024-12-10T10:19:00.000Z</time>
        <extensions>
          <ns3:TrackPointExtension>
            <ns3:atemp>23.0</ns3:atemp>
            <ns3:hr>107</ns3:hr>
          </ns3:TrackPointExtension>
        </extensions>
      </trkpt>
      <trkpt lat="22.59849264286458492279052734375" lon="114.30422502569854259490966796875">
        <ele>150</ele>
        <time>2024-12-10T10:19:01.000Z</time>
        <extensions>
          <ns3:TrackPointExtension>
            <ns3:atemp>23.0</ns3:atemp>
            <ns3:hr>106</ns3:hr>
          </ns3:TrackPointExtension>
        </extensions>
      </trkpt>
      <trkpt lat="22.598471939563751220703125" lon="114.30421396158635616302490234375">
        <ele>150</ele>
        <time>2024-12-10T10:19:02.000Z</time>
        <extensions>
          <ns3:TrackPointExtension>
            <ns3:atemp>23.0</ns3:atemp>
            <ns3:hr>106</ns3:hr>
          </ns3:TrackPointExtension>
        </extensions>
      </trkpt>
      <trkpt lat="22.598445117473602294921875" lon="114.3041937611997127532958984375">
        <ele>150</ele>
        <time>2024-12-10T10:19:03.000Z</time>
        <extensions>
          <ns3:TrackPointExtension>
            <ns3:atemp>23.0</ns3:atemp>
            <ns3:hr>106</ns3:hr>
          </ns3:TrackPointExtension>
        </extensions>
      </trkpt>
      <trkpt lat="22.5984223186969757080078125" lon="114.304160736501216888427734375">
        <ele>150</ele>
        <time>2024-12-10T10:19:04.000Z</time>
        <extensions>
          <ns3:TrackPointExtension>
            <ns3:atemp>23.0</ns3:atemp>
            <ns3:hr>105</ns3:hr>
          </ns3:TrackPointExtension>
        </extensions>
      </trkpt>
      <trkpt lat="22.5984053872525691986083984375" lon="114.304129891097545623779296875">
        <ele>150</ele>
        <time>2024-12-10T10:19:05.000Z</time>
        <extensions>
          <ns3:TrackPointExtension>
            <ns3:atemp>23.0</ns3:atemp>
            <ns3:hr>105</ns3:hr>
          </ns3:TrackPointExtension>
        </extensions>
      </trkpt>
      <trkpt lat="22.598383761942386627197265625" lon="114.30409862659871578216552734375">
        <ele>149.8000030517578125</ele>
        <time>2024-12-10T10:19:06.000Z</time>
        <extensions>
          <ns3:TrackPointExtension>
            <ns3:atemp>23.0</ns3:atemp>
            <ns3:hr>105</ns3:hr>
          </ns3:TrackPointExtension>
        </extensions>
      </trkpt>
      <trkpt lat="22.59836138226091861724853515625" lon="114.304066859185695648193359375">
        <ele>149.8000030517578125</ele>
        <time>2024-12-10T10:19:07.000Z</time>
        <extensions>
          <ns3:TrackPointExtension>
            <ns3:atemp>23.0</ns3:atemp>
            <ns3:hr>104</ns3:hr>
          </ns3:TrackPointExtension>
        </extensions>
      </trkpt>
      <trkpt lat="22.59833087213337421417236328125" lon="114.30403693579137325286865234375">
        <ele>149.8000030517578125</ele>
        <time>2024-12-10T10:19:08.000Z</time>
        <extensions>
          <ns3:TrackPointExtension>
            <ns3:atemp>23.0</ns3:atemp>
            <ns3:hr>104</ns3:hr>
          </ns3:TrackPointExtension>
        </extensions>
      </trkpt>
      <trkpt lat="22.59830103255808353424072265625" lon="114.30401279591023921966552734375">
        <ele>149.8000030517578125</ele>
        <time>2024-12-10T10:19:09.000Z</time>
        <extensions>
          <ns3:TrackPointExtension>
            <ns3:atemp>23.0</ns3:atemp>
            <ns3:hr>104</ns3:hr>
          </ns3:TrackPointExtension>
        </extensions>
      </trkpt>
      <trkpt lat="22.598273791372776031494140625" lon="114.3039919249713420867919921875">
        <ele>149.8000030517578125</ele>
        <time>2024-12-10T10:19:10.000Z</time>
        <extensions>
          <ns3:TrackPointExtension>
            <ns3:atemp>23.0</ns3:atemp>
            <ns3:hr>104</ns3:hr>
          </ns3:TrackPointExtension>
        </extensions>
      </trkpt>
      <trkpt lat="22.5982414372265338897705078125" lon="114.30396786890923976898193359375">
        <ele>150</ele>
        <time>2024-12-10T10:19:11.000Z</time>
        <extensions>
          <ns3:TrackPointExtension>
            <ns3:atemp>23.0</ns3:atemp>
            <ns3:hr>105</ns3:hr>
          </ns3:TrackPointExtension>
        </extensions>
      </trkpt>
      <trkpt lat="22.5981938280165195465087890625" lon="114.30394046008586883544921875">
        <ele>150.600006103515625</ele>
        <time>2024-12-10T10:19:12.000Z</time>
        <extensions>
          <ns3:TrackPointExtension>
            <ns3:atemp>23.0</ns3:atemp>
            <ns3:hr>105</ns3:hr>
          </ns3:TrackPointExtension>
        </extensions>
      </trkpt>
      <trkpt lat="22.5981616415083408355712890625" lon="114.3039154820144176483154296875">
        <ele>151</ele>
        <time>2024-12-10T10:19:13.000Z</time>
        <extensions>
          <ns3:TrackPointExtension>
            <ns3:atemp>23.0</ns3:atemp>
            <ns3:hr>105</ns3:hr>
          </ns3:TrackPointExtension>
        </extensions>
      </trkpt>
      <trkpt lat="22.5981247611343860626220703125" lon="114.30388891138136386871337890625">
        <ele>151.1999969482421875</ele>
        <time>2024-12-10T10:19:14.000Z</time>
        <extensions>
          <ns3:TrackPointExtension>
            <ns3:atemp>23.0</ns3:atemp>
            <ns3:hr>106</ns3:hr>
          </ns3:TrackPointExtension>
        </extensions>
      </trkpt>
      <trkpt lat="22.59809249080717563629150390625" lon="114.30387432686984539031982421875">
        <ele>151.1999969482421875</ele>
        <time>2024-12-10T10:19:15.000Z</time>
        <extensions>
          <ns3:TrackPointExtension>
            <ns3:atemp>23.0</ns3:atemp>
            <ns3:hr>108</ns3:hr>
          </ns3:TrackPointExtension>
        </extensions>
      </trkpt>
      <trkpt lat="22.59806265123188495635986328125" lon="114.30386711843311786651611328125">
        <ele>151.1999969482421875</ele>
        <time>2024-12-10T10:19:16.000Z</time>
        <extensions>
          <ns3:TrackPointExtension>
            <ns3:atemp>23.0</ns3:atemp>
            <ns3:hr>109</ns3:hr>
          </ns3:TrackPointExtension>
        </extensions>
      </trkpt>
      <trkpt lat="22.59803130291402339935302734375" lon="114.30387449450790882110595703125">
        <ele>151.1999969482421875</ele>
        <time>2024-12-10T10:19:17.000Z</time>
        <extensions>
          <ns3:TrackPointExtension>
            <ns3:atemp>23.0</ns3:atemp>
            <ns3:hr>109</ns3:hr>
          </ns3:TrackPointExtension>
        </extensions>
      </trkpt>
      <trkpt lat="22.59798939339816570281982421875" lon="114.30388958193361759185791015625">
        <ele>151.399993896484375</ele>
        <time>2024-12-10T10:19:18.000Z</time>
        <extensions>
          <ns3:TrackPointExtension>
            <ns3:atemp>23.0</ns3:atemp>
            <ns3:hr>110</ns3:hr>
          </ns3:TrackPointExtension>
        </extensions>
      </trkpt>
      <trkpt lat="22.59793616831302642822265625" lon="114.30389913730323314666748046875">
        <ele>151.399993896484375</ele>
        <time>2024-12-10T10:19:19.000Z</time>
        <extensions>
          <ns3:TrackPointExtension>
            <ns3:atemp>23.0</ns3:atemp>
            <ns3:hr>110</ns3:hr>
          </ns3:TrackPointExtension>
        </extensions>
      </trkpt>
      <trkpt lat="22.5978860445320606231689453125" lon="114.3038910068571567535400390625">
        <ele>151.399993896484375</ele>
        <time>2024-12-10T10:19:20.000Z</time>
        <extensions>
          <ns3:TrackPointExtension>
            <ns3:atemp>23.0</ns3:atemp>
            <ns3:hr>111</ns3:hr>
          </ns3:TrackPointExtension>
        </extensions>
      </trkpt>
      <trkpt lat="22.5978444702923297882080078125" lon="114.3038715608417987823486328125">
        <ele>151.600006103515625</ele>
        <time>2024-12-10T10:19:21.000Z</time>
        <extensions>
          <ns3:TrackPointExtension>
            <ns3:atemp>23.0</ns3:atemp>
            <ns3:hr>114</ns3:hr>
          </ns3:TrackPointExtension>
        </extensions>
      </trkpt>
      <trkpt lat="22.5978109426796436309814453125" lon="114.3038507737219333648681640625">
        <ele>151.600006103515625</ele>
        <time>2024-12-10T10:19:22.000Z</time>
        <extensions>
          <ns3:TrackPointExtension>
            <ns3:atemp>23.0</ns3:atemp>
            <ns3:hr>116</ns3:hr>
          </ns3:TrackPointExtension>
        </extensions>
      </trkpt>
      <trkpt lat="22.59777381084859371185302734375" lon="114.303825795650482177734375">
        <ele>151.600006103515625</ele>
        <time>2024-12-10T10:19:23.000Z</time>
        <extensions>
          <ns3:TrackPointExtension>
            <ns3:atemp>23.0</ns3:atemp>
            <ns3:hr>117</ns3:hr>
          </ns3:TrackPointExtension>
        </extensions>
      </trkpt>
      <trkpt lat="22.59773190133273601531982421875" lon="114.30379956029355525970458984375">
        <ele>151.600006103515625</ele>
        <time>2024-12-10T10:19:24.000Z</time>
        <extensions>
          <ns3:TrackPointExtension>
            <ns3:atemp>23.0</ns3:atemp>
            <ns3:hr>117</ns3:hr>
          </ns3:TrackPointExtension>
        </extensions>
      </trkpt>
      <trkpt lat="22.59769049473106861114501953125" lon="114.3037756718695163726806640625">
        <ele>151.600006103515625</ele>
        <time>2024-12-10T10:19:25.000Z</time>
        <extensions>
          <ns3:TrackPointExtension>
            <ns3:atemp>23.0</ns3:atemp>
            <ns3:hr>118</ns3:hr>
          </ns3:TrackPointExtension>
        </extensions>
      </trkpt>
      <trkpt lat="22.597648166120052337646484375" lon="114.3037520349025726318359375">
        <ele>151.8000030517578125</ele>
        <time>2024-12-10T10:19:26.000Z</time>
        <extensions>
          <ns3:TrackPointExtension>
            <ns3:atemp>23.0</ns3:atemp>
            <ns3:hr>117</ns3:hr>
          </ns3:TrackPointExtension>
        </extensions>
      </trkpt>
      <trkpt lat="22.597606591880321502685546875" lon="114.3037263862788677215576171875">
        <ele>151.8000030517578125</ele>
        <time>2024-12-10T10:19:27.000Z</time>
        <extensions>
          <ns3:TrackPointExtension>
            <ns3:atemp>23.0</ns3:atemp>
            <ns3:hr>117</ns3:hr>
          </ns3:TrackPointExtension>
        </extensions>
      </trkpt>
      <trkpt lat="22.5975655205547809600830078125" lon="114.30370040237903594970703125">
        <ele>152</ele>
        <time>2024-12-10T10:19:28.000Z</time>
        <extensions>
          <ns3:TrackPointExtension>
            <ns3:atemp>23.0</ns3:atemp>
            <ns3:hr>118</ns3:hr>
          </ns3:TrackPointExtension>
        </extensions>
      </trkpt>
      <trkpt lat="22.59752553887665271759033203125" lon="114.30367433466017246246337890625">
        <ele>152</ele>
        <time>2024-12-10T10:19:29.000Z</time>
        <extensions>
          <ns3:TrackPointExtension>
            <ns3:atemp>23.0</ns3:atemp>
            <ns3:hr>118</ns3:hr>
          </ns3:TrackPointExtension>
        </extensions>
      </trkpt>
      <trkpt lat="22.597489915788173675537109375" lon="114.30364650674164295196533203125">
        <ele>152</ele>
        <time>2024-12-10T10:19:30.000Z</time>
        <extensions>
          <ns3:TrackPointExtension>
            <ns3:atemp>23.0</ns3:atemp>
            <ns3:hr>118</ns3:hr>
          </ns3:TrackPointExtension>
        </extensions>
      </trkpt>
      <trkpt lat="22.597454376518726348876953125" lon="114.30361029691994190216064453125">
        <ele>152</ele>
        <time>2024-12-10T10:19:31.000Z</time>
        <extensions>
          <ns3:TrackPointExtension>
            <ns3:atemp>23.0</ns3:atemp>
            <ns3:hr>119</ns3:hr>
          </ns3:TrackPointExtension>
        </extensions>
      </trkpt>
      <trkpt lat="22.59741841815412044525146484375" lon="114.30357006378471851348876953125">
        <ele>152</ele>
        <time>2024-12-10T10:19:32.000Z</time>
        <extensions>
          <ns3:TrackPointExtension>
            <ns3:atemp>23.0</ns3:atemp>
            <ns3:hr>118</ns3:hr>
          </ns3:TrackPointExtension>
        </extensions>
      </trkpt>
      <trkpt lat="22.5973856449127197265625" lon="114.30352874100208282470703125">
        <ele>152</ele>
        <time>2024-12-10T10:19:33.000Z</time>
        <extensions>
          <ns3:TrackPointExtension>
            <ns3:atemp>23.0</ns3:atemp>
            <ns3:hr>119</ns3:hr>
          </ns3:TrackPointExtension>
        </extensions>
      </trkpt>
      <trkpt lat="22.597353123128414154052734375" lon="114.30348004214465618133544921875">
        <ele>152</ele>
        <time>2024-12-10T10:19:34.000Z</time>
        <extensions>
          <ns3:TrackPointExtension>
            <ns3:atemp>23.0</ns3:atemp>
            <ns3:hr>119</ns3:hr>
          </ns3:TrackPointExtension>
        </extensions>
      </trkpt>
      <trkpt lat="22.597323954105377197265625" lon="114.3034269846975803375244140625">
        <ele>152</ele>
        <time>2024-12-10T10:19:35.000Z</time>
        <extensions>
          <ns3:TrackPointExtension>
            <ns3:atemp>23.0</ns3:atemp>
            <ns3:hr>119</ns3:hr>
          </ns3:TrackPointExtension>
        </extensions>
      </trkpt>
      <trkpt lat="22.5972983054816722869873046875" lon="114.30337183177471160888671875">
        <ele>151.8000030517578125</ele>
        <time>2024-12-10T10:19:36.000Z</time>
        <extensions>
          <ns3:TrackPointExtension>
            <ns3:atemp>23.0</ns3:atemp>
            <ns3:hr>118</ns3:hr>
          </ns3:TrackPointExtension>
        </extensions>
      </trkpt>
      <trkpt lat="22.59727500379085540771484375" lon="114.3033153377473354339599609375">
        <ele>151.8000030517578125</ele>
        <time>2024-12-10T10:19:37.000Z</time>
        <extensions>
          <ns3:TrackPointExtension>
            <ns3:atemp>23.0</ns3:atemp>
            <ns3:hr>119</ns3:hr>
          </ns3:TrackPointExtension>
        </extensions>
      </trkpt>
      <trkpt lat="22.59725027717649936676025390625" lon="114.3032576702535152435302734375">
        <ele>151.8000030517578125</ele>
        <time>2024-12-10T10:19:38.000Z</time>
        <extensions>
          <ns3:TrackPointExtension>
            <ns3:atemp>23.0</ns3:atemp>
            <ns3:hr>119</ns3:hr>
          </ns3:TrackPointExtension>
        </extensions>
      </trkpt>
      <trkpt lat="22.59722110815346240997314453125" lon="114.30320226587355136871337890625">
        <ele>151.8000030517578125</ele>
        <time>2024-12-10T10:19:39.000Z</time>
        <extensions>
          <ns3:TrackPointExtension>
            <ns3:atemp>23.0</ns3:atemp>
            <ns3:hr>119</ns3:hr>
          </ns3:TrackPointExtension>
        </extensions>
      </trkpt>
      <trkpt lat="22.597188837826251983642578125" lon="114.303151555359363555908203125">
        <ele>151.600006103515625</ele>
        <time>2024-12-10T10:19:40.000Z</time>
        <extensions>
          <ns3:TrackPointExtension>
            <ns3:atemp>23.0</ns3:atemp>
            <ns3:hr>119</ns3:hr>
          </ns3:TrackPointExtension>
        </extensions>
      </trkpt>
      <trkpt lat="22.5971563160419464111328125" lon="114.3031047843396663665771484375">
        <ele>151.600006103515625</ele>
        <time>2024-12-10T10:19:41.000Z</time>
        <extensions>
          <ns3:TrackPointExtension>
            <ns3:atemp>23.0</ns3:atemp>
            <ns3:hr>119</ns3:hr>
          </ns3:TrackPointExtension>
        </extensions>
      </trkpt>
      <trkpt lat="22.59712119586765766143798828125" lon="114.303059019148349761962890625">
        <ele>151.600006103515625</ele>
        <time>2024-12-10T10:19:42.000Z</time>
        <extensions>
          <ns3:TrackPointExtension>
            <ns3:atemp>23.0</ns3:atemp>
            <ns3:hr>119</ns3:hr>
          </ns3:TrackPointExtension>
        </extensions>
      </trkpt>
      <trkpt lat="22.597080878913402557373046875" lon="114.30301551707088947296142578125">
        <ele>151.600006103515625</ele>
        <time>2024-12-10T10:19:43.000Z</time>
        <extensions>
          <ns3:TrackPointExtension>
            <ns3:atemp>23.0</ns3:atemp>
            <ns3:hr>119</ns3:hr>
          </ns3:TrackPointExtension>
        </extensions>
      </trkpt>
      <trkpt lat="22.59703905321657657623291015625" lon="114.30297696031630039215087890625">
        <ele>151.600006103515625</ele>
        <time>2024-12-10T10:19:44.000Z</time>
        <extensions>
          <ns3:TrackPointExtension>
            <ns3:atemp>23.0</ns3:atemp>
            <ns3:hr>119</ns3:hr>
          </ns3:TrackPointExtension>
        </extensions>
      </trkpt>
      <trkpt lat="22.5969962216913700103759765625" lon="114.3029451929032802581787109375">
        <ele>151.600006103515625</ele>
        <time>2024-12-10T10:19:45.000Z</time>
        <extensions>
          <ns3:TrackPointExtension>
            <ns3:atemp>23.0</ns3:atemp>
            <ns3:hr>119</ns3:hr>
          </ns3:TrackPointExtension>
        </extensions>
      </trkpt>
      <trkpt lat="22.59694911539554595947265625" lon="114.302912168204784393310546875">
        <ele>151.8000030517578125</ele>
        <time>2024-12-10T10:19:46.000Z</time>
        <extensions>
          <ns3:TrackPointExtension>
            <ns3:atemp>23.0</ns3:atemp>
            <ns3:hr>119</ns3:hr>
          </ns3:TrackPointExtension>
        </extensions>
      </trkpt>
      <trkpt lat="22.5969003327190876007080078125" lon="114.302882663905620574951171875">
        <ele>152</ele>
        <time>2024-12-10T10:19:47.000Z</time>
        <extensions>
          <ns3:TrackPointExtension>
            <ns3:atemp>23.0</ns3:atemp>
            <ns3:hr>118</ns3:hr>
          </ns3:TrackPointExtension>
        </extensions>
      </trkpt>
      <trkpt lat="22.59685079567134380340576171875" lon="114.3028536625206470489501953125">
        <ele>152.1999969482421875</ele>
        <time>2024-12-10T10:19:48.000Z</time>
        <extensions>
          <ns3:TrackPointExtension>
            <ns3:atemp>23.0</ns3:atemp>
            <ns3:hr>119</ns3:hr>
          </ns3:TrackPointExtension>
        </extensions>
      </trkpt>
      <trkpt lat="22.596803605556488037109375" lon="114.302815608680248260498046875">
        <ele>152.1999969482421875</ele>
        <time>2024-12-10T10:19:49.000Z</time>
        <extensions>
          <ns3:TrackPointExtension>
            <ns3:atemp>23.0</ns3:atemp>
            <ns3:hr>119</ns3:hr>
          </ns3:TrackPointExtension>
        </extensions>
      </trkpt>
      <trkpt lat="22.59676597081124782562255859375" lon="114.30276875384151935577392578125">
        <ele>152.399993896484375</ele>
        <time>2024-12-10T10:19:50.000Z</time>
        <extensions>
          <ns3:TrackPointExtension>
            <ns3:atemp>23.0</ns3:atemp>
            <ns3:hr>119</ns3:hr>
          </ns3:TrackPointExtension>
        </extensions>
      </trkpt>
      <trkpt lat="22.59673185646533966064453125" lon="114.30271829478442668914794921875">
        <ele>152.399993896484375</ele>
        <time>2024-12-10T10:19:51.000Z</time>
        <extensions>
          <ns3:TrackPointExtension>
            <ns3:atemp>23.0</ns3:atemp>
            <ns3:hr>119</ns3:hr>
          </ns3:TrackPointExtension>
        </extensions>
      </trkpt>
      <trkpt lat="22.59670075960457324981689453125" lon="114.30266682989895343780517578125">
        <ele>152.399993896484375</ele>
        <time>2024-12-10T10:19:52.000Z</time>
        <extensions>
          <ns3:TrackPointExtension>
            <ns3:atemp>23.0</ns3:atemp>
            <ns3:hr>119</ns3:hr>
          </ns3:TrackPointExtension>
        </extensions>
      </trkpt>
      <trkpt lat="22.5966720096766948699951171875" lon="114.30261410772800445556640625">
        <ele>152.399993896484375</ele>
        <time>2024-12-10T10:19:53.000Z</time>
        <extensions>
          <ns3:TrackPointExtension>
            <ns3:atemp>23.0</ns3:atemp>
            <ns3:hr>120</ns3:hr>
          </ns3:TrackPointExtension>
        </extensions>
      </trkpt>
      <trkpt lat="22.5966461934149265289306640625" lon="114.30255484767258167266845703125">
        <ele>152.399993896484375</ele>
        <time>2024-12-10T10:19:54.000Z</time>
        <extensions>
          <ns3:TrackPointExtension>
            <ns3:atemp>23.0</ns3:atemp>
            <ns3:hr>119</ns3:hr>
          </ns3:TrackPointExtension>
        </extensions>
      </trkpt>
      <trkpt lat="22.59662917815148830413818359375" lon="114.30249064229428768157958984375">
        <ele>152.399993896484375</ele>
        <time>2024-12-10T10:19:55.000Z</time>
        <extensions>
          <ns3:TrackPointExtension>
            <ns3:atemp>23.0</ns3:atemp>
            <ns3:hr>119</ns3:hr>
          </ns3:TrackPointExtension>
        </extensions>
      </trkpt>
      <trkpt lat="22.596610151231288909912109375" lon="114.30243096314370632171630859375">
        <ele>152.399993896484375</ele>
        <time>2024-12-10T10:19:56.000Z</time>
        <extensions>
          <ns3:TrackPointExtension>
            <ns3:atemp>23.0</ns3:atemp>
            <ns3:hr>119</ns3:hr>
          </ns3:TrackPointExtension>
        </extensions>
      </trkpt>
      <trkpt lat="22.596589364111423492431640625" lon="114.3023846112191677093505859375">
        <ele>152.399993896484375</ele>
        <time>2024-12-10T10:19:57.000Z</time>
        <extensions>
          <ns3:TrackPointExtension>
            <ns3:atemp>23.0</ns3:atemp>
            <ns3:hr>119</ns3:hr>
          </ns3:TrackPointExtension>
        </extensions>
      </trkpt>
      <trkpt lat="22.5965608656406402587890625" lon="114.3023584596812725067138671875">
        <ele>152.1999969482421875</ele>
        <time>2024-12-10T10:19:58.000Z</time>
        <extensions>
          <ns3:TrackPointExtension>
            <ns3:atemp>23.0</ns3:atemp>
            <ns3:hr>119</ns3:hr>
          </ns3:TrackPointExtension>
        </extensions>
      </trkpt>
      <trkpt lat="22.5965311937034130096435546875" lon="114.30235284380614757537841796875">
        <ele>152.1999969482421875</ele>
        <time>2024-12-10T10:19:59.000Z</time>
        <extensions>
          <ns3:TrackPointExtension>
            <ns3:atemp>23.0</ns3:atemp>
            <ns3:hr>119</ns3:hr>
          </ns3:TrackPointExtension>
        </extensions>
      </trkpt>
      <trkpt lat="22.59650110267102718353271484375" lon="114.30236860178411006927490234375">
        <ele>152.1999969482421875</ele>
        <time>2024-12-10T10:20:00.000Z</time>
        <extensions>
          <ns3:TrackPointExtension>
            <ns3:atemp>23.0</ns3:atemp>
            <ns3:hr>118</ns3:hr>
          </ns3:TrackPointExtension>
        </extensions>
      </trkpt>
      <trkpt lat="22.59647076018154621124267578125" lon="114.30239148437976837158203125">
        <ele>152.1999969482421875</ele>
        <time>2024-12-10T10:20:01.000Z</time>
        <extensions>
          <ns3:TrackPointExtension>
            <ns3:atemp>23.0</ns3:atemp>
            <ns3:hr>118</ns3:hr>
          </ns3:TrackPointExtension>
        </extensions>
      </trkpt>
      <trkpt lat="22.59644486010074615478515625" lon="114.3024167977273464202880859375">
        <ele>152.399993896484375</ele>
        <time>2024-12-10T10:20:02.000Z</time>
        <extensions>
          <ns3:TrackPointExtension>
            <ns3:atemp>23.0</ns3:atemp>
            <ns3:hr>117</ns3:hr>
          </ns3:TrackPointExtension>
        </extensions>
      </trkpt>
      <trkpt lat="22.59642097167670726776123046875" lon="114.3024365790188312530517578125">
        <ele>152.399993896484375</ele>
        <time>2024-12-10T10:20:03.000Z</time>
        <extensions>
          <ns3:TrackPointExtension>
            <ns3:atemp>23.0</ns3:atemp>
            <ns3:hr>117</ns3:hr>
          </ns3:TrackPointExtension>
        </extensions>
      </trkpt>
      <trkpt lat="22.59639884345233440399169921875" lon="114.3024409376084804534912109375">
        <ele>152.600006103515625</ele>
        <time>2024-12-10T10:20:04.000Z</time>
        <extensions>
          <ns3:TrackPointExtension>
            <ns3:atemp>23.0</ns3:atemp>
            <ns3:hr>116</ns3:hr>
          </ns3:TrackPointExtension>
        </extensions>
      </trkpt>
      <trkpt lat="22.59637512266635894775390625" lon="114.30243247188627719879150390625">
        <ele>152.600006103515625</ele>
        <time>2024-12-10T10:20:05.000Z</time>
        <extensions>
          <ns3:TrackPointExtension>
            <ns3:atemp>23.0</ns3:atemp>
            <ns3:hr>114</ns3:hr>
          </ns3:TrackPointExtension>
        </extensions>
      </trkpt>
      <trkpt lat="22.59635006077587604522705078125" lon="114.30240967310965061187744140625">
        <ele>152.600006103515625</ele>
        <time>2024-12-10T10:20:06.000Z</time>
        <extensions>
          <ns3:TrackPointExtension>
            <ns3:atemp>23.0</ns3:atemp>
            <ns3:hr>112</ns3:hr>
          </ns3:TrackPointExtension>
        </extensions>
      </trkpt>
      <trkpt lat="22.596330530941486358642578125" lon="114.30238335393369197845458984375">
        <ele>152.600006103515625</ele>
        <time>2024-12-10T10:20:07.000Z</time>
        <extensions>
          <ns3:TrackPointExtension>
            <ns3:atemp>23.0</ns3:atemp>
            <ns3:hr>111</ns3:hr>
          </ns3:TrackPointExtension>
        </extensions>
      </trkpt>
      <trkpt lat="22.59630949236452579498291015625" lon="114.30235032923519611358642578125">
        <ele>152.600006103515625</ele>
        <time>2024-12-10T10:20:08.000Z</time>
        <extensions>
          <ns3:TrackPointExtension>
            <ns3:atemp>23.0</ns3:atemp>
            <ns3:hr>111</ns3:hr>
          </ns3:TrackPointExtension>
        </extensions>
      </trkpt>
      <trkpt lat="22.59628468193113803863525390625" lon="114.3023195676505565643310546875">
        <ele>152.600006103515625</ele>
        <time>2024-12-10T10:20:09.000Z</time>
        <extensions>
          <ns3:TrackPointExtension>
            <ns3:atemp>23.0</ns3:atemp>
            <ns3:hr>111</ns3:hr>
          </ns3:TrackPointExtension>
        </extensions>
      </trkpt>
      <trkpt lat="22.5962572731077671051025390625" lon="114.30228796787559986114501953125">
        <ele>152.399993896484375</ele>
        <time>2024-12-10T10:20:10.000Z</time>
        <extensions>
          <ns3:TrackPointExtension>
            <ns3:atemp>23.0</ns3:atemp>
            <ns3:hr>112</ns3:hr>
          </ns3:TrackPointExtension>
        </extensions>
      </trkpt>
      <trkpt lat="22.59623187594115734100341796875" lon="114.3022572062909603118896484375">
        <ele>152.399993896484375</ele>
        <time>2024-12-10T10:20:11.000Z</time>
        <extensions>
          <ns3:TrackPointExtension>
            <ns3:atemp>23.0</ns3:atemp>
            <ns3:hr>112</ns3:hr>
          </ns3:TrackPointExtension>
        </extensions>
      </trkpt>
      <trkpt lat="22.59620505385100841522216796875" lon="114.30222518742084503173828125">
        <ele>152.1999969482421875</ele>
        <time>2024-12-10T10:20:12.000Z</time>
        <extensions>
          <ns3:TrackPointExtension>
            <ns3:atemp>23.0</ns3:atemp>
            <ns3:hr>112</ns3:hr>
          </ns3:TrackPointExtension>
        </extensions>
      </trkpt>
      <trkpt lat="22.596173621714115142822265625" lon="114.3021898157894611358642578125">
        <ele>152.1999969482421875</ele>
        <time>2024-12-10T10:20:13.000Z</time>
        <extensions>
          <ns3:TrackPointExtension>
            <ns3:atemp>23.0</ns3:atemp>
            <ns3:hr>112</ns3:hr>
          </ns3:TrackPointExtension>
        </extensions>
      </trkpt>
      <trkpt lat="22.596136070787906646728515625" lon="114.30215234868228435516357421875">
        <ele>152</ele>
        <time>2024-12-10T10:20:14.000Z</time>
        <extensions>
          <ns3:TrackPointExtension>
            <ns3:atemp>23.0</ns3:atemp>
            <ns3:hr>113</ns3:hr>
          </ns3:TrackPointExtension>
        </extensions>
      </trkpt>
      <trkpt lat="22.5960986874997615814208984375" lon="114.30211446247994899749755859375">
        <ele>152</ele>
        <time>2024-12-10T10:20:15.000Z</time>
        <extensions>
          <ns3:TrackPointExtension>
            <ns3:atemp>23.0</ns3:atemp>
            <ns3:hr>112</ns3:hr>
          </ns3:TrackPointExtension>
        </extensions>
      </trkpt>
      <trkpt lat="22.59605769999325275421142578125" lon="114.30207431316375732421875">
        <ele>151.8000030517578125</ele>
        <time>2024-12-10T10:20:16.000Z</time>
        <extensions>
          <ns3:TrackPointExtension>
            <ns3:atemp>23.0</ns3:atemp>
            <ns3:hr>112</ns3:hr>
          </ns3:TrackPointExtension>
        </extensions>
      </trkpt>
      <trkpt lat="22.59601729921996593475341796875" lon="114.30203466676175594329833984375">
        <ele>151.8000030517578125</ele>
        <time>2024-12-10T10:20:17.000Z</time>
        <extensions>
          <ns3:TrackPointExtension>
            <ns3:atemp>23.0</ns3:atemp>
            <ns3:hr>113</ns3:hr>
          </ns3:TrackPointExtension>
        </extensions>
      </trkpt>
      <trkpt lat="22.595979832112789154052734375" lon="114.30199719965457916259765625">
        <ele>151.600006103515625</ele>
        <time>2024-12-10T10:20:18.000Z</time>
        <extensions>
          <ns3:TrackPointExtension>
            <ns3:atemp>23.0</ns3:atemp>
            <ns3:hr>112</ns3:hr>
          </ns3:TrackPointExtension>
        </extensions>
      </trkpt>
      <trkpt lat="22.595944963395595550537109375" lon="114.30196442641317844390869140625">
        <ele>151.399993896484375</ele>
        <time>2024-12-10T10:20:19.000Z</time>
        <extensions>
          <ns3:TrackPointExtension>
            <ns3:atemp>23.0</ns3:atemp>
            <ns3:hr>112</ns3:hr>
          </ns3:TrackPointExtension>
        </extensions>
      </trkpt>
      <trkpt lat="22.595906071364879608154296875" lon="114.301929473876953125">
        <ele>151.399993896484375</ele>
        <time>2024-12-10T10:20:20.000Z</time>
        <extensions>
          <ns3:TrackPointExtension>
            <ns3:atemp>23.0</ns3:atemp>
            <ns3:hr>112</ns3:hr>
          </ns3:TrackPointExtension>
        </extensions>
      </trkpt>
      <trkpt lat="22.595865167677402496337890625" lon="114.30189183913171291351318359375">
        <ele>151.399993896484375</ele>
        <time>2024-12-10T10:20:21.000Z</time>
        <extensions>
          <ns3:TrackPointExtension>
            <ns3:atemp>23.0</ns3:atemp>
            <ns3:hr>112</ns3:hr>
          </ns3:TrackPointExtension>
        </extensions>
      </trkpt>
      <trkpt lat="22.59582258760929107666015625" lon="114.30185236036777496337890625">
        <ele>151.1999969482421875</ele>
        <time>2024-12-10T10:20:22.000Z</time>
        <extensions>
          <ns3:TrackPointExtension>
            <ns3:atemp>23.0</ns3:atemp>
            <ns3:hr>111</ns3:hr>
          </ns3:TrackPointExtension>
        </extensions>
      </trkpt>
      <trkpt lat="22.59578009136021137237548828125" lon="114.30181439034640789031982421875">
        <ele>151.1999969482421875</ele>
        <time>2024-12-10T10:20:23.000Z</time>
        <extensions>
          <ns3:TrackPointExtension>
            <ns3:atemp>23.0</ns3:atemp>
            <ns3:hr>110</ns3:hr>
          </ns3:TrackPointExtension>
        </extensions>
      </trkpt>
      <trkpt lat="22.5957374274730682373046875" lon="114.301778264343738555908203125">
        <ele>151.1999969482421875</ele>
        <time>2024-12-10T10:20:24.000Z</time>
        <extensions>
          <ns3:TrackPointExtension>
            <ns3:atemp>23.0</ns3:atemp>
            <ns3:hr>109</ns3:hr>
          </ns3:TrackPointExtension>
        </extensions>
      </trkpt>
      <trkpt lat="22.5956909917294979095458984375" lon="114.30174180306494235992431640625">
        <ele>151</ele>
        <time>2024-12-10T10:20:25.000Z</time>
        <extensions>
          <ns3:TrackPointExtension>
            <ns3:atemp>23.0</ns3:atemp>
            <ns3:hr>109</ns3:hr>
          </ns3:TrackPointExtension>
        </extensions>
      </trkpt>
      <trkpt lat="22.59564631618559360504150390625" lon="114.30170827545225620269775390625">
        <ele>151</ele>
        <time>2024-12-10T10:20:26.000Z</time>
        <extensions>
          <ns3:TrackPointExtension>
            <ns3:atemp>23.0</ns3:atemp>
            <ns3:hr>108</ns3:hr>
          </ns3:TrackPointExtension>
        </extensions>
      </trkpt>
      <trkpt lat="22.59559728205204010009765625" lon="114.30167206563055515289306640625">
        <ele>151</ele>
        <time>2024-12-10T10:20:27.000Z</time>
        <extensions>
          <ns3:TrackPointExtension>
            <ns3:atemp>23.0</ns3:atemp>
            <ns3:hr>108</ns3:hr>
          </ns3:TrackPointExtension>
        </extensions>
      </trkpt>
      <trkpt lat="22.59554875083267688751220703125" lon="114.30163451470434665679931640625">
        <ele>150.8000030517578125</ele>
        <time>2024-12-10T10:20:28.000Z</time>
        <extensions>
          <ns3:TrackPointExtension>
            <ns3:atemp>23.0</ns3:atemp>
            <ns3:hr>109</ns3:hr>
          </ns3:TrackPointExtension>
        </extensions>
      </trkpt>
      <trkpt lat="22.59550298564136028289794921875" lon="114.30160014890134334564208984375">
        <ele>150.8000030517578125</ele>
        <time>2024-12-10T10:20:29.000Z</time>
        <extensions>
          <ns3:TrackPointExtension>
            <ns3:atemp>23.0</ns3:atemp>
            <ns3:hr>109</ns3:hr>
          </ns3:TrackPointExtension>
        </extensions>
      </trkpt>
      <trkpt lat="22.5954526104032993316650390625" lon="114.30156410671770572662353515625">
        <ele>150.8000030517578125</ele>
        <time>2024-12-10T10:20:30.000Z</time>
        <extensions>
          <ns3:TrackPointExtension>
            <ns3:atemp>23.0</ns3:atemp>
            <ns3:hr>109</ns3:hr>
          </ns3:TrackPointExtension>
        </extensions>
      </trkpt>
      <trkpt lat="22.5953996367752552032470703125" lon="114.3015283159911632537841796875">
        <ele>150.8000030517578125</ele>
        <time>2024-12-10T10:20:31.000Z</time>
        <extensions>
          <ns3:TrackPointExtension>
            <ns3:atemp>23.0</ns3:atemp>
            <ns3:hr>110</ns3:hr>
          </ns3:TrackPointExtension>
        </extensions>
      </trkpt>
      <trkpt lat="22.59534825570881366729736328125" lon="114.30149294435977935791015625">
        <ele>150.8000030517578125</ele>
        <time>2024-12-10T10:20:32.000Z</time>
        <extensions>
          <ns3:TrackPointExtension>
            <ns3:atemp>23.0</ns3:atemp>
            <ns3:hr>110</ns3:hr>
          </ns3:TrackPointExtension>
        </extensions>
      </trkpt>
      <trkpt lat="22.595295198261737823486328125" lon="114.30146000348031520843505859375">
        <ele>150.8000030517578125</ele>
        <time>2024-12-10T10:20:33.000Z</time>
        <extensions>
          <ns3:TrackPointExtension>
            <ns3:atemp>23.0</ns3:atemp>
            <ns3:hr>111</ns3:hr>
          </ns3:TrackPointExtension>
        </extensions>
      </trkpt>
      <trkpt lat="22.59524297900497913360595703125" lon="114.30142815224826335906982421875">
        <ele>150.8000030517578125</ele>
        <time>2024-12-10T10:20:34.000Z</time>
        <extensions>
          <ns3:TrackPointExtension>
            <ns3:atemp>23.0</ns3:atemp>
            <ns3:hr>110</ns3:hr>
          </ns3:TrackPointExtension>
        </extensions>
      </trkpt>
      <trkpt lat="22.59519386105239391326904296875" lon="114.30139730684459209442138671875">
        <ele>150.8000030517578125</ele>
        <time>2024-12-10T10:20:35.000Z</time>
        <extensions>
          <ns3:TrackPointExtension>
            <ns3:atemp>23.0</ns3:atemp>
            <ns3:hr>110</ns3:hr>
          </ns3:TrackPointExtension>
        </extensions>
      </trkpt>
      <trkpt lat="22.59514264762401580810546875" lon="114.30136629380285739898681640625">
        <ele>150.600006103515625</ele>
        <time>2024-12-10T10:20:36.000Z</time>
        <extensions>
          <ns3:TrackPointExtension>
            <ns3:atemp>23.0</ns3:atemp>
            <ns3:hr>110</ns3:hr>
          </ns3:TrackPointExtension>
        </extensions>
      </trkpt>
      <trkpt lat="22.595092691481113433837890625" lon="114.30133561603724956512451171875">
        <ele>150.600006103515625</ele>
        <time>2024-12-10T10:20:37.000Z</time>
        <extensions>
          <ns3:TrackPointExtension>
            <ns3:atemp>23.0</ns3:atemp>
            <ns3:hr>109</ns3:hr>
          </ns3:TrackPointExtension>
        </extensions>
      </trkpt>
      <trkpt lat="22.595041729509830474853515625" lon="114.3013085424900054931640625">
        <ele>150.600006103515625</ele>
        <time>2024-12-10T10:20:38.000Z</time>
        <extensions>
          <ns3:TrackPointExtension>
            <ns3:atemp>23.0</ns3:atemp>
            <ns3:hr>108</ns3:hr>
          </ns3:TrackPointExtension>
        </extensions>
      </trkpt>
      <trkpt lat="22.59499286301434040069580078125" lon="114.30128213949501514434814453125">
        <ele>150.600006103515625</ele>
        <time>2024-12-10T10:20:39.000Z</time>
        <extensions>
          <ns3:TrackPointExtension>
            <ns3:atemp>23.0</ns3:atemp>
            <ns3:hr>106</ns3:hr>
          </ns3:TrackPointExtension>
        </extensions>
      </trkpt>
      <trkpt lat="22.5949413143098354339599609375" lon="114.3012537248432636260986328125">
        <ele>150.399993896484375</ele>
        <time>2024-12-10T10:20:40.000Z</time>
        <extensions>
          <ns3:TrackPointExtension>
            <ns3:atemp>23.0</ns3:atemp>
            <ns3:hr>103</ns3:hr>
          </ns3:TrackPointExtension>
        </extensions>
      </trkpt>
      <trkpt lat="22.594888843595981597900390625" lon="114.30122531019151210784912109375">
        <ele>150.399993896484375</ele>
        <time>2024-12-10T10:20:41.000Z</time>
        <extensions>
          <ns3:TrackPointExtension>
            <ns3:atemp>23.0</ns3:atemp>
            <ns3:hr>100</ns3:hr>
          </ns3:TrackPointExtension>
        </extensions>
      </trkpt>
      <trkpt lat="22.59483779780566692352294921875" lon="114.30119580589234828948974609375">
        <ele>150.399993896484375</ele>
        <time>2024-12-10T10:20:42.000Z</time>
        <extensions>
          <ns3:TrackPointExtension>
            <ns3:atemp>23.0</ns3:atemp>
            <ns3:hr>99</ns3:hr>
          </ns3:TrackPointExtension>
        </extensions>
      </trkpt>
      <trkpt lat="22.5947810523211956024169921875" lon="114.3011665530502796173095703125">
        <ele>150.399993896484375</ele>
        <time>2024-12-10T10:20:43.000Z</time>
        <extensions>
          <ns3:TrackPointExtension>
            <ns3:atemp>23.0</ns3:atemp>
            <ns3:hr>99</ns3:hr>
          </ns3:TrackPointExtension>
        </extensions>
      </trkpt>
      <trkpt lat="22.594723887741565704345703125" lon="114.3011363781988620758056640625">
        <ele>150</ele>
        <time>2024-12-10T10:20:44.000Z</time>
        <extensions>
          <ns3:TrackPointExtension>
            <ns3:atemp>23.0</ns3:atemp>
            <ns3:hr>99</ns3:hr>
          </ns3:TrackPointExtension>
        </extensions>
      </trkpt>
      <trkpt lat="22.5946670584380626678466796875" lon="114.30110846646130084991455078125">
        <ele>149.8000030517578125</ele>
        <time>2024-12-10T10:20:45.000Z</time>
        <extensions>
          <ns3:TrackPointExtension>
            <ns3:atemp>23.0</ns3:atemp>
            <ns3:hr>99</ns3:hr>
          </ns3:TrackPointExtension>
        </extensions>
      </trkpt>
      <trkpt lat="22.59461383335292339324951171875" lon="114.30108080618083477020263671875">
        <ele>149.8000030517578125</ele>
        <time>2024-12-10T10:20:46.000Z</time>
        <extensions>
          <ns3:TrackPointExtension>
            <ns3:atemp>23.0</ns3:atemp>
            <ns3:hr>99</ns3:hr>
          </ns3:TrackPointExtension>
        </extensions>
      </trkpt>
      <trkpt lat="22.594567649066448211669921875" lon="114.30106353946030139923095703125">
        <ele>149.8000030517578125</ele>
        <time>2024-12-10T10:20:47.000Z</time>
        <extensions>
          <ns3:TrackPointExtension>
            <ns3:atemp>23.0</ns3:atemp>
            <ns3:hr>99</ns3:hr>
          </ns3:TrackPointExtension>
        </extensions>
      </trkpt>
      <trkpt lat="22.59452012367546558380126953125" lon="114.30105264298617839813232421875">
        <ele>149.8000030517578125</ele>
        <time>2024-12-10T10:20:48.000Z</time>
        <extensions>
          <ns3:TrackPointExtension>
            <ns3:atemp>23.0</ns3:atemp>
            <ns3:hr>99</ns3:hr>
          </ns3:TrackPointExtension>
        </extensions>
      </trkpt>
      <trkpt lat="22.594476453959941864013671875" lon="114.30104459635913372039794921875">
        <ele>149.8000030517578125</ele>
        <time>2024-12-10T10:20:49.000Z</time>
        <extensions>
          <ns3:TrackPointExtension>
            <ns3:atemp>23.0</ns3:atemp>
            <ns3:hr>98</ns3:hr>
          </ns3:TrackPointExtension>
        </extensions>
      </trkpt>
      <trkpt lat="22.59443043731153011322021484375" lon="114.30103520862758159637451171875">
        <ele>149.8000030517578125</ele>
        <time>2024-12-10T10:20:50.000Z</time>
        <extensions>
          <ns3:TrackPointExtension>
            <ns3:atemp>23.0</ns3:atemp>
            <ns3:hr>98</ns3:hr>
          </ns3:TrackPointExtension>
        </extensions>
      </trkpt>
      <trkpt lat="22.59437846951186656951904296875" lon="114.3010307662189006805419921875">
        <ele>149.8000030517578125</ele>
        <time>2024-12-10T10:20:51.000Z</time>
        <extensions>
          <ns3:TrackPointExtension>
            <ns3:atemp>23.0</ns3:atemp>
            <ns3:hr>98</ns3:hr>
          </ns3:TrackPointExtension>
        </extensions>
      </trkpt>
      <trkpt lat="22.594320215284824371337890625" lon="114.30102900601923465728759765625">
        <ele>149.8000030517578125</ele>
        <time>2024-12-10T10:20:52.000Z</time>
        <extensions>
          <ns3:TrackPointExtension>
            <ns3:atemp>23.0</ns3:atemp>
            <ns3:hr>98</ns3:hr>
          </ns3:TrackPointExtension>
        </extensions>
      </trkpt>
      <trkpt lat="22.59426481090486049652099609375" lon="114.30101609788835048675537109375">
        <ele>149.8000030517578125</ele>
        <time>2024-12-10T10:20:53.000Z</time>
        <extensions>
          <ns3:TrackPointExtension>
            <ns3:atemp>23.0</ns3:atemp>
            <ns3:hr>98</ns3:hr>
          </ns3:TrackPointExtension>
        </extensions>
      </trkpt>
      <trkpt lat="22.59421569295227527618408203125" lon="114.300990365445613861083984375">
        <ele>149.8000030517578125</ele>
        <time>2024-12-10T10:20:54.000Z</time>
        <extensions>
          <ns3:TrackPointExtension>
            <ns3:atemp>23.0</ns3:atemp>
            <ns3:hr>98</ns3:hr>
          </ns3:TrackPointExtension>
        </extensions>
      </trkpt>
      <trkpt lat="22.594170011579990386962890625" lon="114.30095918476581573486328125">
        <ele>150.1999969482421875</ele>
        <time>2024-12-10T10:20:55.000Z</time>
        <extensions>
          <ns3:TrackPointExtension>
            <ns3:atemp>23.0</ns3:atemp>
            <ns3:hr>97</ns3:hr>
          </ns3:TrackPointExtension>
        </extensions>
      </trkpt>
      <trkpt lat="22.59412743151187896728515625" lon="114.30093831382691860198974609375">
        <ele>150.1999969482421875</ele>
        <time>2024-12-10T10:20:56.000Z</time>
        <extensions>
          <ns3:TrackPointExtension>
            <ns3:atemp>23.0</ns3:atemp>
            <ns3:hr>97</ns3:hr>
          </ns3:TrackPointExtension>
        </extensions>
      </trkpt>
      <trkpt lat="22.59408426471054553985595703125" lon="114.30092087946832180023193359375">
        <ele>150.1999969482421875</ele>
        <time>2024-12-10T10:20:57.000Z</time>
        <extensions>
          <ns3:TrackPointExtension>
            <ns3:atemp>23.0</ns3:atemp>
            <ns3:hr>96</ns3:hr>
          </ns3:TrackPointExtension>
        </extensions>
      </trkpt>
      <trkpt lat="22.59404319338500499725341796875" lon="114.30090076290071010589599609375">
        <ele>150.1999969482421875</ele>
        <time>2024-12-10T10:20:58.000Z</time>
        <extensions>
          <ns3:TrackPointExtension>
            <ns3:atemp>23.0</ns3:atemp>
            <ns3:hr>96</ns3:hr>
          </ns3:TrackPointExtension>
        </extensions>
      </trkpt>
      <trkpt lat="22.59400597773492336273193359375" lon="114.30089212954044342041015625">
        <ele>150.399993896484375</ele>
        <time>2024-12-10T10:20:59.000Z</time>
        <extensions>
          <ns3:TrackPointExtension>
            <ns3:atemp>23.0</ns3:atemp>
            <ns3:hr>96</ns3:hr>
          </ns3:TrackPointExtension>
        </extensions>
      </trkpt>
      <trkpt lat="22.5939653255045413970947265625" lon="114.30087829940021038055419921875">
        <ele>150.399993896484375</ele>
        <time>2024-12-10T10:21:00.000Z</time>
        <extensions>
          <ns3:TrackPointExtension>
            <ns3:atemp>23.0</ns3:atemp>
            <ns3:hr>96</ns3:hr>
          </ns3:TrackPointExtension>
        </extensions>
      </trkpt>
      <trkpt lat="22.59392735548317432403564453125" lon="114.30085533298552036285400390625">
        <ele>150.1999969482421875</ele>
        <time>2024-12-10T10:21:01.000Z</time>
        <extensions>
          <ns3:TrackPointExtension>
            <ns3:atemp>23.0</ns3:atemp>
            <ns3:hr>96</ns3:hr>
          </ns3:TrackPointExtension>
        </extensions>
      </trkpt>
      <trkpt lat="22.59389282204210758209228515625" lon="114.30082130245864391326904296875">
        <ele>150.1999969482421875</ele>
        <time>2024-12-10T10:21:02.000Z</time>
        <extensions>
          <ns3:TrackPointExtension>
            <ns3:atemp>23.0</ns3:atemp>
            <ns3:hr>96</ns3:hr>
          </ns3:TrackPointExtension>
        </extensions>
      </trkpt>
      <trkpt lat="22.59386130608618259429931640625" lon="114.3007880263030529022216796875">
        <ele>150.1999969482421875</ele>
        <time>2024-12-10T10:21:03.000Z</time>
        <extensions>
          <ns3:TrackPointExtension>
            <ns3:atemp>23.0</ns3:atemp>
            <ns3:hr>97</ns3:hr>
          </ns3:TrackPointExtension>
        </extensions>
      </trkpt>
      <trkpt lat="22.59383263997733592987060546875" lon="114.30075726471841335296630859375">
        <ele>150.1999969482421875</ele>
        <time>2024-12-10T10:21:04.000Z</time>
        <extensions>
          <ns3:TrackPointExtension>
            <ns3:atemp>23.0</ns3:atemp>
            <ns3:hr>97</ns3:hr>
          </ns3:TrackPointExtension>
        </extensions>
      </trkpt>
      <trkpt lat="22.59380045346915721893310546875" lon="114.300730191171169281005859375">
        <ele>150</ele>
        <time>2024-12-10T10:21:05.000Z</time>
        <extensions>
          <ns3:TrackPointExtension>
            <ns3:atemp>23.0</ns3:atemp>
            <ns3:hr>97</ns3:hr>
          </ns3:TrackPointExtension>
        </extensions>
      </trkpt>
      <trkpt lat="22.5937705300748348236083984375" lon="114.30071921087801456451416015625">
        <ele>150</ele>
        <time>2024-12-10T10:21:06.000Z</time>
        <extensions>
          <ns3:TrackPointExtension>
            <ns3:atemp>23.0</ns3:atemp>
            <ns3:hr>96</ns3:hr>
          </ns3:TrackPointExtension>
        </extensions>
      </trkpt>
      <trkpt lat="22.59374119341373443603515625" lon="114.30071636103093624114990234375">
        <ele>150</ele>
        <time>2024-12-10T10:21:07.000Z</time>
        <extensions>
          <ns3:TrackPointExtension>
            <ns3:atemp>23.0</ns3:atemp>
            <ns3:hr>97</ns3:hr>
          </ns3:TrackPointExtension>
        </extensions>
      </trkpt>
      <trkpt lat="22.593716718256473541259765625" lon="114.30070747621357440948486328125">
        <ele>150</ele>
        <time>2024-12-10T10:21:08.000Z</time>
        <extensions>
          <ns3:TrackPointExtension>
            <ns3:atemp>23.0</ns3:atemp>
            <ns3:hr>97</ns3:hr>
          </ns3:TrackPointExtension>
        </extensions>
      </trkpt>
      <trkpt lat="22.59370070882141590118408203125" lon="114.30069825612008571624755859375">
        <ele>150</ele>
        <time>2024-12-10T10:21:09.000Z</time>
        <extensions>
          <ns3:TrackPointExtension>
            <ns3:atemp>23.0</ns3:atemp>
            <ns3:hr>97</ns3:hr>
          </ns3:TrackPointExtension>
        </extensions>
      </trkpt>
      <trkpt lat="22.59367556311190128326416015625" lon="114.300686605274677276611328125">
        <ele>150.1999969482421875</ele>
        <time>2024-12-10T10:21:10.000Z</time>
        <extensions>
          <ns3:TrackPointExtension>
            <ns3:atemp>23.0</ns3:atemp>
            <ns3:hr>97</ns3:hr>
          </ns3:TrackPointExtension>
        </extensions>
      </trkpt>
      <trkpt lat="22.593645639717578887939453125" lon="114.3006755411624908447265625">
        <ele>150.1999969482421875</ele>
        <time>2024-12-10T10:21:11.000Z</time>
        <extensions>
          <ns3:TrackPointExtension>
            <ns3:atemp>23.0</ns3:atemp>
            <ns3:hr>97</ns3:hr>
          </ns3:TrackPointExtension>
        </extensions>
      </trkpt>
      <trkpt lat="22.59361521340906620025634765625" lon="114.3006612919270992279052734375">
        <ele>150.1999969482421875</ele>
        <time>2024-12-10T10:21:12.000Z</time>
        <extensions>
          <ns3:TrackPointExtension>
            <ns3:atemp>23.0</ns3:atemp>
            <ns3:hr>97</ns3:hr>
          </ns3:TrackPointExtension>
        </extensions>
      </trkpt>
      <trkpt lat="22.5935888104140758514404296875" lon="114.300648383796215057373046875">
        <ele>150.1999969482421875</ele>
        <time>2024-12-10T10:21:13.000Z</time>
        <extensions>
          <ns3:TrackPointExtension>
            <ns3:atemp>23.0</ns3:atemp>
            <ns3:hr>98</ns3:hr>
          </ns3:TrackPointExtension>
        </extensions>
      </trkpt>
      <trkpt lat="22.59356006048619747161865234375" lon="114.30063254199922084808349609375">
        <ele>150.1999969482421875</ele>
        <time>2024-12-10T10:21:14.000Z</time>
        <extensions>
          <ns3:TrackPointExtension>
            <ns3:atemp>23.0</ns3:atemp>
            <ns3:hr>98</ns3:hr>
          </ns3:TrackPointExtension>
        </extensions>
      </trkpt>
      <trkpt lat="22.59352871216833591461181640625" lon="114.30060924030840396881103515625">
        <ele>150</ele>
        <time>2024-12-10T10:21:15.000Z</time>
        <extensions>
          <ns3:TrackPointExtension>
            <ns3:atemp>23.0</ns3:atemp>
            <ns3:hr>98</ns3:hr>
          </ns3:TrackPointExtension>
        </extensions>
      </trkpt>
      <trkpt lat="22.59349116124212741851806640625" lon="114.30058811791241168975830078125">
        <ele>150</ele>
        <time>2024-12-10T10:21:16.000Z</time>
        <extensions>
          <ns3:TrackPointExtension>
            <ns3:atemp>23.0</ns3:atemp>
            <ns3:hr>99</ns3:hr>
          </ns3:TrackPointExtension>
        </extensions>
      </trkpt>
      <trkpt lat="22.593453191220760345458984375" lon="114.3005670793354511260986328125">
        <ele>150</ele>
        <time>2024-12-10T10:21:17.000Z</time>
        <extensions>
          <ns3:TrackPointExtension>
            <ns3:atemp>23.0</ns3:atemp>
            <ns3:hr>99</ns3:hr>
          </ns3:TrackPointExtension>
        </extensions>
      </trkpt>
      <trkpt lat="22.59341354481875896453857421875" lon="114.30054151453077793121337890625">
        <ele>150</ele>
        <time>2024-12-10T10:21:18.000Z</time>
        <extensions>
          <ns3:TrackPointExtension>
            <ns3:atemp>23.0</ns3:atemp>
            <ns3:hr>100</ns3:hr>
          </ns3:TrackPointExtension>
        </extensions>
      </trkpt>
      <trkpt lat="22.59337683208286762237548828125" lon="114.30051050148904323577880859375">
        <ele>149.8000030517578125</ele>
        <time>2024-12-10T10:21:19.000Z</time>
        <extensions>
          <ns3:TrackPointExtension>
            <ns3:atemp>23.0</ns3:atemp>
            <ns3:hr>100</ns3:hr>
          </ns3:TrackPointExtension>
        </extensions>
      </trkpt>
      <trkpt lat="22.59334028698503971099853515625" lon="114.30047814734280109405517578125">
        <ele>149.8000030517578125</ele>
        <time>2024-12-10T10:21:20.000Z</time>
        <extensions>
          <ns3:TrackPointExtension>
            <ns3:atemp>23.0</ns3:atemp>
            <ns3:hr>101</ns3:hr>
          </ns3:TrackPointExtension>
        </extensions>
      </trkpt>
      <trkpt lat="22.59329862892627716064453125" lon="114.30044428445398807525634765625">
        <ele>149.8000030517578125</ele>
        <time>2024-12-10T10:21:21.000Z</time>
        <extensions>
          <ns3:TrackPointExtension>
            <ns3:atemp>23.0</ns3:atemp>
            <ns3:hr>102</ns3:hr>
          </ns3:TrackPointExtension>
        </extensions>
      </trkpt>
      <trkpt lat="22.59325998835265636444091796875" lon="114.30040991865098476409912109375">
        <ele>149.8000030517578125</ele>
        <time>2024-12-10T10:21:22.000Z</time>
        <extensions>
          <ns3:TrackPointExtension>
            <ns3:atemp>23.0</ns3:atemp>
            <ns3:hr>104</ns3:hr>
          </ns3:TrackPointExtension>
        </extensions>
      </trkpt>
      <trkpt lat="22.5932169891893863677978515625" lon="114.3003753013908863067626953125">
        <ele>149.8000030517578125</ele>
        <time>2024-12-10T10:21:23.000Z</time>
        <extensions>
          <ns3:TrackPointExtension>
            <ns3:atemp>23.0</ns3:atemp>
            <ns3:hr>109</ns3:hr>
          </ns3:TrackPointExtension>
        </extensions>
      </trkpt>
      <trkpt lat="22.59317583404481410980224609375" lon="114.30033515207469463348388671875">
        <ele>149.8000030517578125</ele>
        <time>2024-12-10T10:21:24.000Z</time>
        <extensions>
          <ns3:TrackPointExtension>
            <ns3:atemp>23.0</ns3:atemp>
            <ns3:hr>111</ns3:hr>
          </ns3:TrackPointExtension>
        </extensions>
      </trkpt>
      <trkpt lat="22.59313878603279590606689453125" lon="114.3002901412546634674072265625">
        <ele>150</ele>
        <time>2024-12-10T10:21:25.000Z</time>
        <extensions>
          <ns3:TrackPointExtension>
            <ns3:atemp>23.0</ns3:atemp>
            <ns3:hr>110</ns3:hr>
          </ns3:TrackPointExtension>
        </extensions>
      </trkpt>
      <trkpt lat="22.5931080244481563568115234375" lon="114.30023230612277984619140625">
        <ele>150</ele>
        <time>2024-12-10T10:21:26.000Z</time>
        <extensions>
          <ns3:TrackPointExtension>
            <ns3:atemp>23.0</ns3:atemp>
            <ns3:hr>110</ns3:hr>
          </ns3:TrackPointExtension>
        </extensions>
      </trkpt>
      <trkpt lat="22.59307491593062877655029296875" lon="114.30018126033246517181396484375">
        <ele>150</ele>
        <time>2024-12-10T10:21:27.000Z</time>
        <extensions>
          <ns3:TrackPointExtension>
            <ns3:atemp>23.0</ns3:atemp>
            <ns3:hr>110</ns3:hr>
          </ns3:TrackPointExtension>
        </extensions>
      </trkpt>
      <trkpt lat="22.59303979575634002685546875" lon="114.300138764083385467529296875">
        <ele>150.1999969482421875</ele>
        <time>2024-12-10T10:21:28.000Z</time>
        <extensions>
          <ns3:TrackPointExtension>
            <ns3:atemp>23.0</ns3:atemp>
            <ns3:hr>109</ns3:hr>
          </ns3:TrackPointExtension>
        </extensions>
      </trkpt>
      <trkpt lat="22.5930007360875606536865234375" lon="114.3001054041087627410888671875">
        <ele>150.399993896484375</ele>
        <time>2024-12-10T10:21:29.000Z</time>
        <extensions>
          <ns3:TrackPointExtension>
            <ns3:atemp>23.0</ns3:atemp>
            <ns3:hr>109</ns3:hr>
          </ns3:TrackPointExtension>
        </extensions>
      </trkpt>
      <trkpt lat="22.592963017523288726806640625" lon="114.3000720441341400146484375">
        <ele>150.600006103515625</ele>
        <time>2024-12-10T10:21:30.000Z</time>
        <extensions>
          <ns3:TrackPointExtension>
            <ns3:atemp>23.0</ns3:atemp>
            <ns3:hr>108</ns3:hr>
          </ns3:TrackPointExtension>
        </extensions>
      </trkpt>
      <trkpt lat="22.59292789734899997711181640625" lon="114.30003642104566097259521484375">
        <ele>150.8000030517578125</ele>
        <time>2024-12-10T10:21:31.000Z</time>
        <extensions>
          <ns3:TrackPointExtension>
            <ns3:atemp>23.0</ns3:atemp>
            <ns3:hr>109</ns3:hr>
          </ns3:TrackPointExtension>
        </extensions>
      </trkpt>
      <trkpt lat="22.59289495646953582763671875" lon="114.299998618662357330322265625">
        <ele>150.8000030517578125</ele>
        <time>2024-12-10T10:21:32.000Z</time>
        <extensions>
          <ns3:TrackPointExtension>
            <ns3:atemp>23.0</ns3:atemp>
            <ns3:hr>110</ns3:hr>
          </ns3:TrackPointExtension>
        </extensions>
      </trkpt>
      <trkpt lat="22.59285933338105678558349609375" lon="114.299957714974880218505859375">
        <ele>151</ele>
        <time>2024-12-10T10:21:33.000Z</time>
        <extensions>
          <ns3:TrackPointExtension>
            <ns3:atemp>23.0</ns3:atemp>
            <ns3:hr>110</ns3:hr>
          </ns3:TrackPointExtension>
        </extensions>
      </trkpt>
      <trkpt lat="22.5928230397403240203857421875" lon="114.29991488344967365264892578125">
        <ele>151.1999969482421875</ele>
        <time>2024-12-10T10:21:34.000Z</time>
        <extensions>
          <ns3:TrackPointExtension>
            <ns3:atemp>23.0</ns3:atemp>
            <ns3:hr>110</ns3:hr>
          </ns3:TrackPointExtension>
        </extensions>
      </trkpt>
      <trkpt lat="22.5927878357470035552978515625" lon="114.29987230338156223297119140625">
        <ele>151.1999969482421875</ele>
        <time>2024-12-10T10:21:35.000Z</time>
        <extensions>
          <ns3:TrackPointExtension>
            <ns3:atemp>23.0</ns3:atemp>
            <ns3:hr>110</ns3:hr>
          </ns3:TrackPointExtension>
        </extensions>
      </trkpt>
      <trkpt lat="22.5927506200969219207763671875" lon="114.29982469417154788970947265625">
        <ele>151.1999969482421875</ele>
        <time>2024-12-10T10:21:36.000Z</time>
        <extensions>
          <ns3:TrackPointExtension>
            <ns3:atemp>23.0</ns3:atemp>
            <ns3:hr>111</ns3:hr>
          </ns3:TrackPointExtension>
        </extensions>
      </trkpt>
      <trkpt lat="22.59270980022847652435302734375" lon="114.2997801862657070159912109375">
        <ele>151.1999969482421875</ele>
        <time>2024-12-10T10:21:37.000Z</time>
        <extensions>
          <ns3:TrackPointExtension>
            <ns3:atemp>23.0</ns3:atemp>
            <ns3:hr>111</ns3:hr>
          </ns3:TrackPointExtension>
        </extensions>
      </trkpt>
      <trkpt lat="22.592667639255523681640625" lon="114.29973836056888103485107421875">
        <ele>151.1999969482421875</ele>
        <time>2024-12-10T10:21:38.000Z</time>
        <extensions>
          <ns3:TrackPointExtension>
            <ns3:atemp>23.0</ns3:atemp>
            <ns3:hr>111</ns3:hr>
          </ns3:TrackPointExtension>
        </extensions>
      </trkpt>
      <trkpt lat="22.59262413717806339263916015625" lon="114.2997003905475139617919921875">
        <ele>151.1999969482421875</ele>
        <time>2024-12-10T10:21:39.000Z</time>
        <extensions>
          <ns3:TrackPointExtension>
            <ns3:atemp>23.0</ns3:atemp>
            <ns3:hr>111</ns3:hr>
          </ns3:TrackPointExtension>
        </extensions>
      </trkpt>
      <trkpt lat="22.592580802738666534423828125" lon="114.299660660326480865478515625">
        <ele>151.1999969482421875</ele>
        <time>2024-12-10T10:21:40.000Z</time>
        <extensions>
          <ns3:TrackPointExtension>
            <ns3:atemp>23.0</ns3:atemp>
            <ns3:hr>112</ns3:hr>
          </ns3:TrackPointExtension>
        </extensions>
      </trkpt>
      <trkpt lat="22.5925393961369991302490234375" lon="114.29962076246738433837890625">
        <ele>151.1999969482421875</ele>
        <time>2024-12-10T10:21:41.000Z</time>
        <extensions>
          <ns3:TrackPointExtension>
            <ns3:atemp>23.0</ns3:atemp>
            <ns3:hr>112</ns3:hr>
          </ns3:TrackPointExtension>
        </extensions>
      </trkpt>
      <trkpt lat="22.59249891154468059539794921875" lon="114.2995817027986049652099609375">
        <ele>151.1999969482421875</ele>
        <time>2024-12-10T10:21:42.000Z</time>
        <extensions>
          <ns3:TrackPointExtension>
            <ns3:atemp>23.0</ns3:atemp>
            <ns3:hr>112</ns3:hr>
          </ns3:TrackPointExtension>
        </extensions>
      </trkpt>
      <trkpt lat="22.5924582593142986297607421875" lon="114.29954457096755504608154296875">
        <ele>151</ele>
        <time>2024-12-10T10:21:43.000Z</time>
        <extensions>
          <ns3:TrackPointExtension>
            <ns3:atemp>23.0</ns3:atemp>
            <ns3:hr>112</ns3:hr>
          </ns3:TrackPointExtension>
        </extensions>
      </trkpt>
      <trkpt lat="22.59241861291229724884033203125" lon="114.299511127173900604248046875">
        <ele>151</ele>
        <time>2024-12-10T10:21:44.000Z</time>
        <extensions>
          <ns3:TrackPointExtension>
            <ns3:atemp>23.0</ns3:atemp>
            <ns3:hr>112</ns3:hr>
          </ns3:TrackPointExtension>
        </extensions>
      </trkpt>
      <trkpt lat="22.5923739373683929443359375" lon="114.29947433061897754669189453125">
        <ele>151</ele>
        <time>2024-12-10T10:21:45.000Z</time>
        <extensions>
          <ns3:TrackPointExtension>
            <ns3:atemp>23.0</ns3:atemp>
            <ns3:hr>113</ns3:hr>
          </ns3:TrackPointExtension>
        </extensions>
      </trkpt>
      <trkpt lat="22.5923271663486957550048828125" lon="114.29944231174886226654052734375">
        <ele>151</ele>
        <time>2024-12-10T10:21:46.000Z</time>
        <extensions>
          <ns3:TrackPointExtension>
            <ns3:atemp>23.0</ns3:atemp>
            <ns3:hr>114</ns3:hr>
          </ns3:TrackPointExtension>
        </extensions>
      </trkpt>
      <trkpt lat="22.59227670729160308837890625" lon="114.2994097061455249786376953125">
        <ele>151</ele>
        <time>2024-12-10T10:21:47.000Z</time>
        <extensions>
          <ns3:TrackPointExtension>
            <ns3:atemp>23.0</ns3:atemp>
            <ns3:hr>114</ns3:hr>
          </ns3:TrackPointExtension>
        </extensions>
      </trkpt>
      <trkpt lat="22.59222130291163921356201171875" lon="114.299379028379917144775390625">
        <ele>151</ele>
        <time>2024-12-10T10:21:48.000Z</time>
        <extensions>
          <ns3:TrackPointExtension>
            <ns3:atemp>23.0</ns3:atemp>
            <ns3:hr>115</ns3:hr>
          </ns3:TrackPointExtension>
        </extensions>
      </trkpt>
      <trkpt lat="22.59217017330229282379150390625" lon="114.299347512423992156982421875">
        <ele>150.8000030517578125</ele>
        <time>2024-12-10T10:21:49.000Z</time>
        <extensions>
          <ns3:TrackPointExtension>
            <ns3:atemp>23.0</ns3:atemp>
            <ns3:hr>116</ns3:hr>
          </ns3:TrackPointExtension>
        </extensions>
      </trkpt>
      <trkpt lat="22.59211468510329723358154296875" lon="114.2993185110390186309814453125">
        <ele>150.8000030517578125</ele>
        <time>2024-12-10T10:21:50.000Z</time>
        <extensions>
          <ns3:TrackPointExtension>
            <ns3:atemp>23.0</ns3:atemp>
            <ns3:hr>116</ns3:hr>
          </ns3:TrackPointExtension>
        </extensions>
      </trkpt>
      <trkpt lat="22.59205802343785762786865234375" lon="114.2992920242249965667724609375">
        <ele>150.8000030517578125</ele>
        <time>2024-12-10T10:21:51.000Z</time>
        <extensions>
          <ns3:TrackPointExtension>
            <ns3:atemp>23.0</ns3:atemp>
            <ns3:hr>116</ns3:hr>
          </ns3:TrackPointExtension>
        </extensions>
      </trkpt>
      <trkpt lat="22.592002116143703460693359375" lon="114.2992618493735790252685546875">
        <ele>150.8000030517578125</ele>
        <time>2024-12-10T10:21:52.000Z</time>
        <extensions>
          <ns3:TrackPointExtension>
            <ns3:atemp>23.0</ns3:atemp>
            <ns3:hr>115</ns3:hr>
          </ns3:TrackPointExtension>
        </extensions>
      </trkpt>
      <trkpt lat="22.5919466279447078704833984375" lon="114.29922706447541713714599609375">
        <ele>150.8000030517578125</ele>
        <time>2024-12-10T10:21:53.000Z</time>
        <extensions>
          <ns3:TrackPointExtension>
            <ns3:atemp>23.0</ns3:atemp>
            <ns3:hr>115</ns3:hr>
          </ns3:TrackPointExtension>
        </extensions>
      </trkpt>
      <trkpt lat="22.59189181029796600341796875" lon="114.299198649823665618896484375">
        <ele>150.8000030517578125</ele>
        <time>2024-12-10T10:21:54.000Z</time>
        <extensions>
          <ns3:TrackPointExtension>
            <ns3:atemp>23.0</ns3:atemp>
            <ns3:hr>115</ns3:hr>
          </ns3:TrackPointExtension>
        </extensions>
      </trkpt>
      <trkpt lat="22.591838501393795013427734375" lon="114.29917593486607074737548828125">
        <ele>151</ele>
        <time>2024-12-10T10:21:55.000Z</time>
        <extensions>
          <ns3:TrackPointExtension>
            <ns3:atemp>23.0</ns3:atemp>
            <ns3:hr>114</ns3:hr>
          </ns3:TrackPointExtension>
        </extensions>
      </trkpt>
      <trkpt lat="22.59178041480481624603271484375" lon="114.2991579137742519378662109375">
        <ele>151</ele>
        <time>2024-12-10T10:21:56.000Z</time>
        <extensions>
          <ns3:TrackPointExtension>
            <ns3:atemp>23.0</ns3:atemp>
            <ns3:hr>115</ns3:hr>
          </ns3:TrackPointExtension>
        </extensions>
      </trkpt>
      <trkpt lat="22.5917226634919643402099609375" lon="114.29914173670113086700439453125">
        <ele>151.1999969482421875</ele>
        <time>2024-12-10T10:21:57.000Z</time>
        <extensions>
          <ns3:TrackPointExtension>
            <ns3:atemp>23.0</ns3:atemp>
            <ns3:hr>115</ns3:hr>
          </ns3:TrackPointExtension>
        </extensions>
      </trkpt>
      <trkpt lat="22.59166650474071502685546875" lon="114.29912731982767581939697265625">
        <ele>151.1999969482421875</ele>
        <time>2024-12-10T10:21:58.000Z</time>
        <extensions>
          <ns3:TrackPointExtension>
            <ns3:atemp>23.0</ns3:atemp>
            <ns3:hr>115</ns3:hr>
          </ns3:TrackPointExtension>
        </extensions>
      </trkpt>
      <trkpt lat="22.59160883724689483642578125" lon="114.299116842448711395263671875">
        <ele>151.399993896484375</ele>
        <time>2024-12-10T10:21:59.000Z</time>
        <extensions>
          <ns3:TrackPointExtension>
            <ns3:atemp>23.0</ns3:atemp>
            <ns3:hr>115</ns3:hr>
          </ns3:TrackPointExtension>
        </extensions>
      </trkpt>
      <trkpt lat="22.59154580533504486083984375" lon="114.2991091310977935791015625">
        <ele>151.399993896484375</ele>
        <time>2024-12-10T10:22:00.000Z</time>
        <extensions>
          <ns3:TrackPointExtension>
            <ns3:atemp>23.0</ns3:atemp>
            <ns3:hr>114</ns3:hr>
          </ns3:TrackPointExtension>
        </extensions>
      </trkpt>
      <trkpt lat="22.59149107150733470916748046875" lon="114.2990970611572265625">
        <ele>151.399993896484375</ele>
        <time>2024-12-10T10:22:01.000Z</time>
        <extensions>
          <ns3:TrackPointExtension>
            <ns3:atemp>23.0</ns3:atemp>
            <ns3:hr>115</ns3:hr>
          </ns3:TrackPointExtension>
        </extensions>
      </trkpt>
      <trkpt lat="22.5914309732615947723388671875" lon="114.29908423684537410736083984375">
        <ele>151.399993896484375</ele>
        <time>2024-12-10T10:22:02.000Z</time>
        <extensions>
          <ns3:TrackPointExtension>
            <ns3:atemp>23.0</ns3:atemp>
            <ns3:hr>115</ns3:hr>
          </ns3:TrackPointExtension>
        </extensions>
      </trkpt>
      <trkpt lat="22.5913662649691104888916015625" lon="114.29907836951315402984619140625">
        <ele>151.399993896484375</ele>
        <time>2024-12-10T10:22:03.000Z</time>
        <extensions>
          <ns3:TrackPointExtension>
            <ns3:atemp>23.0</ns3:atemp>
            <ns3:hr>115</ns3:hr>
          </ns3:TrackPointExtension>
        </extensions>
      </trkpt>
      <trkpt lat="22.5913005508482456207275390625" lon="114.2990740947425365447998046875">
        <ele>151.1999969482421875</ele>
        <time>2024-12-10T10:22:04.000Z</time>
        <extensions>
          <ns3:TrackPointExtension>
            <ns3:atemp>23.0</ns3:atemp>
            <ns3:hr>115</ns3:hr>
          </ns3:TrackPointExtension>
        </extensions>
      </trkpt>
      <trkpt lat="22.59123257361352443695068359375" lon="114.29906747303903102874755859375">
        <ele>151.1999969482421875</ele>
        <time>2024-12-10T10:22:05.000Z</time>
        <extensions>
          <ns3:TrackPointExtension>
            <ns3:atemp>23.0</ns3:atemp>
            <ns3:hr>115</ns3:hr>
          </ns3:TrackPointExtension>
        </extensions>
      </trkpt>
      <trkpt lat="22.591166608035564422607421875" lon="114.2990583367645740509033203125">
        <ele>151</ele>
        <time>2024-12-10T10:22:06.000Z</time>
        <extensions>
          <ns3:TrackPointExtension>
            <ns3:atemp>23.0</ns3:atemp>
            <ns3:hr>115</ns3:hr>
          </ns3:TrackPointExtension>
        </extensions>
      </trkpt>
      <trkpt lat="22.591102235019207000732421875" lon="114.299051463603973388671875">
        <ele>150.8000030517578125</ele>
        <time>2024-12-10T10:22:07.000Z</time>
        <extensions>
          <ns3:TrackPointExtension>
            <ns3:atemp>23.0</ns3:atemp>
            <ns3:hr>115</ns3:hr>
          </ns3:TrackPointExtension>
        </extensions>
      </trkpt>
      <trkpt lat="22.5910356827080249786376953125" lon="114.29904584772884845733642578125">
        <ele>150.8000030517578125</ele>
        <time>2024-12-10T10:22:08.000Z</time>
        <extensions>
          <ns3:TrackPointExtension>
            <ns3:atemp>23.0</ns3:atemp>
            <ns3:hr>115</ns3:hr>
          </ns3:TrackPointExtension>
        </extensions>
      </trkpt>
      <trkpt lat="22.5909753330051898956298828125" lon="114.2990362085402011871337890625">
        <ele>150.600006103515625</ele>
        <time>2024-12-10T10:22:09.000Z</time>
        <extensions>
          <ns3:TrackPointExtension>
            <ns3:atemp>23.0</ns3:atemp>
            <ns3:hr>114</ns3:hr>
          </ns3:TrackPointExtension>
        </extensions>
      </trkpt>
      <trkpt lat="22.59092059917747974395751953125" lon="114.29902975447475910186767578125">
        <ele>150.1999969482421875</ele>
        <time>2024-12-10T10:22:10.000Z</time>
        <extensions>
          <ns3:TrackPointExtension>
            <ns3:atemp>23.0</ns3:atemp>
            <ns3:hr>115</ns3:hr>
          </ns3:TrackPointExtension>
        </extensions>
      </trkpt>
      <trkpt lat="22.59086561389267444610595703125" lon="114.2990268208086490631103515625">
        <ele>150.1999969482421875</ele>
        <time>2024-12-10T10:22:11.000Z</time>
        <extensions>
          <ns3:TrackPointExtension>
            <ns3:atemp>23.0</ns3:atemp>
            <ns3:hr>115</ns3:hr>
          </ns3:TrackPointExtension>
        </extensions>
      </trkpt>
      <trkpt lat="22.59081414900720119476318359375" lon="114.29902371950447559356689453125">
        <ele>150.1999969482421875</ele>
        <time>2024-12-10T10:22:12.000Z</time>
        <extensions>
          <ns3:TrackPointExtension>
            <ns3:atemp>23.0</ns3:atemp>
            <ns3:hr>115</ns3:hr>
          </ns3:TrackPointExtension>
        </extensions>
      </trkpt>
      <trkpt lat="22.59076905436813831329345703125" lon="114.29902933537960052490234375">
        <ele>150.1999969482421875</ele>
        <time>2024-12-10T10:22:13.000Z</time>
        <extensions>
          <ns3:TrackPointExtension>
            <ns3:atemp>23.0</ns3:atemp>
            <ns3:hr>114</ns3:hr>
          </ns3:TrackPointExtension>
        </extensions>
      </trkpt>
      <trkpt lat="22.5907198525965213775634765625" lon="114.29904098622500896453857421875">
        <ele>150.399993896484375</ele>
        <time>2024-12-10T10:22:14.000Z</time>
        <extensions>
          <ns3:TrackPointExtension>
            <ns3:atemp>23.0</ns3:atemp>
            <ns3:hr>114</ns3:hr>
          </ns3:TrackPointExtension>
        </extensions>
      </trkpt>
      <trkpt lat="22.590668387711048126220703125" lon="114.2990576662123203277587890625">
        <ele>150.399993896484375</ele>
        <time>2024-12-10T10:22:15.000Z</time>
        <extensions>
          <ns3:TrackPointExtension>
            <ns3:atemp>23.0</ns3:atemp>
            <ns3:hr>114</ns3:hr>
          </ns3:TrackPointExtension>
        </extensions>
      </trkpt>
      <trkpt lat="22.5906162522733211517333984375" lon="114.29907116107642650604248046875">
        <ele>150.8000030517578125</ele>
        <time>2024-12-10T10:22:16.000Z</time>
        <extensions>
          <ns3:TrackPointExtension>
            <ns3:atemp>23.0</ns3:atemp>
            <ns3:hr>113</ns3:hr>
          </ns3:TrackPointExtension>
        </extensions>
      </trkpt>
      <trkpt lat="22.59056487120687961578369140625" lon="114.29908297955989837646484375">
        <ele>151</ele>
        <time>2024-12-10T10:22:17.000Z</time>
        <extensions>
          <ns3:TrackPointExtension>
            <ns3:atemp>23.0</ns3:atemp>
            <ns3:hr>113</ns3:hr>
          </ns3:TrackPointExtension>
        </extensions>
      </trkpt>
      <trkpt lat="22.59051449596881866455078125" lon="114.29909245111048221588134765625">
        <ele>151</ele>
        <time>2024-12-10T10:22:18.000Z</time>
        <extensions>
          <ns3:TrackPointExtension>
            <ns3:atemp>23.0</ns3:atemp>
            <ns3:hr>111</ns3:hr>
          </ns3:TrackPointExtension>
        </extensions>
      </trkpt>
      <trkpt lat="22.5904626958072185516357421875" lon="114.2991009168326854705810546875">
        <ele>151</ele>
        <time>2024-12-10T10:22:19.000Z</time>
        <extensions>
          <ns3:TrackPointExtension>
            <ns3:atemp>23.0</ns3:atemp>
            <ns3:hr>110</ns3:hr>
          </ns3:TrackPointExtension>
        </extensions>
      </trkpt>
      <trkpt lat="22.59040880016982555389404296875" lon="114.29911005310714244842529296875">
        <ele>151</ele>
        <time>2024-12-10T10:22:20.000Z</time>
        <extensions>
          <ns3:TrackPointExtension>
            <ns3:atemp>23.0</ns3:atemp>
            <ns3:hr>110</ns3:hr>
          </ns3:TrackPointExtension>
        </extensions>
      </trkpt>
      <trkpt lat="22.59035096503794193267822265625" lon="114.2991190217435359954833984375">
        <ele>151</ele>
        <time>2024-12-10T10:22:21.000Z</time>
        <extensions>
          <ns3:TrackPointExtension>
            <ns3:atemp>23.0</ns3:atemp>
            <ns3:hr>110</ns3:hr>
          </ns3:TrackPointExtension>
        </extensions>
      </trkpt>
      <trkpt lat="22.59029665030539035797119140625" lon="114.2991300858557224273681640625">
        <ele>151.1999969482421875</ele>
        <time>2024-12-10T10:22:22.000Z</time>
        <extensions>
          <ns3:TrackPointExtension>
            <ns3:atemp>23.0</ns3:atemp>
            <ns3:hr>110</ns3:hr>
          </ns3:TrackPointExtension>
        </extensions>
      </trkpt>
      <trkpt lat="22.59024552069604396820068359375" lon="114.299151040613651275634765625">
        <ele>151.1999969482421875</ele>
        <time>2024-12-10T10:22:23.000Z</time>
        <extensions>
          <ns3:TrackPointExtension>
            <ns3:atemp>23.0</ns3:atemp>
            <ns3:hr>111</ns3:hr>
          </ns3:TrackPointExtension>
        </extensions>
      </trkpt>
      <trkpt lat="22.590200342237949371337890625" lon="114.299176521599292755126953125">
        <ele>151.399993896484375</ele>
        <time>2024-12-10T10:22:24.000Z</time>
        <extensions>
          <ns3:TrackPointExtension>
            <ns3:atemp>23.0</ns3:atemp>
            <ns3:hr>111</ns3:hr>
          </ns3:TrackPointExtension>
        </extensions>
      </trkpt>
      <trkpt lat="22.59015114046633243560791015625" lon="114.2992001585662364959716796875">
        <ele>151.8000030517578125</ele>
        <time>2024-12-10T10:22:25.000Z</time>
        <extensions>
          <ns3:TrackPointExtension>
            <ns3:atemp>23.0</ns3:atemp>
            <ns3:hr>112</ns3:hr>
          </ns3:TrackPointExtension>
        </extensions>
      </trkpt>
      <trkpt lat="22.59010277688503265380859375" lon="114.29921415634453296661376953125">
        <ele>152</ele>
        <time>2024-12-10T10:22:26.000Z</time>
        <extensions>
          <ns3:TrackPointExtension>
            <ns3:atemp>23.0</ns3:atemp>
            <ns3:hr>113</ns3:hr>
          </ns3:TrackPointExtension>
        </extensions>
      </trkpt>
      <trkpt lat="22.5900591909885406494140625" lon="114.29920963011682033538818359375">
        <ele>152</ele>
        <time>2024-12-10T10:22:27.000Z</time>
        <extensions>
          <ns3:TrackPointExtension>
            <ns3:atemp>23.0</ns3:atemp>
            <ns3:hr>113</ns3:hr>
          </ns3:TrackPointExtension>
        </extensions>
      </trkpt>
      <trkpt lat="22.5900187902152538299560546875" lon="114.299197308719158172607421875">
        <ele>152</ele>
        <time>2024-12-10T10:22:28.000Z</time>
        <extensions>
          <ns3:TrackPointExtension>
            <ns3:atemp>23.0</ns3:atemp>
            <ns3:hr>113</ns3:hr>
          </ns3:TrackPointExtension>
        </extensions>
      </trkpt>
      <trkpt lat="22.58997847326099872589111328125" lon="114.29918213747441768646240234375">
        <ele>152.1999969482421875</ele>
        <time>2024-12-10T10:22:29.000Z</time>
        <extensions>
          <ns3:TrackPointExtension>
            <ns3:atemp>23.0</ns3:atemp>
            <ns3:hr>112</ns3:hr>
          </ns3:TrackPointExtension>
        </extensions>
      </trkpt>
      <trkpt lat="22.58993371389806270599365234375" lon="114.2991703189909458160400390625">
        <ele>152.1999969482421875</ele>
        <time>2024-12-10T10:22:30.000Z</time>
        <extensions>
          <ns3:TrackPointExtension>
            <ns3:atemp>23.0</ns3:atemp>
            <ns3:hr>112</ns3:hr>
          </ns3:TrackPointExtension>
        </extensions>
      </trkpt>
      <trkpt lat="22.589893229305744171142578125" lon="114.29916017688810825347900390625">
        <ele>152.1999969482421875</ele>
        <time>2024-12-10T10:22:31.000Z</time>
        <extensions>
          <ns3:TrackPointExtension>
            <ns3:atemp>23.0</ns3:atemp>
            <ns3:hr>111</ns3:hr>
          </ns3:TrackPointExtension>
        </extensions>
      </trkpt>
      <trkpt lat="22.5898504815995693206787109375" lon="114.299148023128509521484375">
        <ele>152.399993896484375</ele>
        <time>2024-12-10T10:22:32.000Z</time>
        <extensions>
          <ns3:TrackPointExtension>
            <ns3:atemp>23.0</ns3:atemp>
            <ns3:hr>111</ns3:hr>
          </ns3:TrackPointExtension>
        </extensions>
      </trkpt>
      <trkpt lat="22.5898032076656818389892578125" lon="114.29913100786507129669189453125">
        <ele>152.399993896484375</ele>
        <time>2024-12-10T10:22:33.000Z</time>
        <extensions>
          <ns3:TrackPointExtension>
            <ns3:atemp>23.0</ns3:atemp>
            <ns3:hr>111</ns3:hr>
          </ns3:TrackPointExtension>
        </extensions>
      </trkpt>
      <trkpt lat="22.58975819684565067291259765625" lon="114.29912053048610687255859375">
        <ele>152.399993896484375</ele>
        <time>2024-12-10T10:22:34.000Z</time>
        <extensions>
          <ns3:TrackPointExtension>
            <ns3:atemp>23.0</ns3:atemp>
            <ns3:hr>110</ns3:hr>
          </ns3:TrackPointExtension>
        </extensions>
      </trkpt>
      <trkpt lat="22.58970991708338260650634765625" lon="114.29911248385906219482421875">
        <ele>152.600006103515625</ele>
        <time>2024-12-10T10:22:35.000Z</time>
        <extensions>
          <ns3:TrackPointExtension>
            <ns3:atemp>23.0</ns3:atemp>
            <ns3:hr>111</ns3:hr>
          </ns3:TrackPointExtension>
        </extensions>
      </trkpt>
      <trkpt lat="22.58966029621660709381103515625" lon="114.29910938255488872528076171875">
        <ele>152.8000030517578125</ele>
        <time>2024-12-10T10:22:36.000Z</time>
        <extensions>
          <ns3:TrackPointExtension>
            <ns3:atemp>23.0</ns3:atemp>
            <ns3:hr>111</ns3:hr>
          </ns3:TrackPointExtension>
        </extensions>
      </trkpt>
      <trkpt lat="22.5896085798740386962890625" lon="114.29910753853619098663330078125">
        <ele>153.1999969482421875</ele>
        <time>2024-12-10T10:22:37.000Z</time>
        <extensions>
          <ns3:TrackPointExtension>
            <ns3:atemp>23.0</ns3:atemp>
            <ns3:hr>111</ns3:hr>
          </ns3:TrackPointExtension>
        </extensions>
      </trkpt>
      <trkpt lat="22.5895537622272968292236328125" lon="114.29910535924136638641357421875">
        <ele>153.1999969482421875</ele>
        <time>2024-12-10T10:22:38.000Z</time>
        <extensions>
          <ns3:TrackPointExtension>
            <ns3:atemp>23.0</ns3:atemp>
            <ns3:hr>112</ns3:hr>
          </ns3:TrackPointExtension>
        </extensions>
      </trkpt>
      <trkpt lat="22.5895024649798870086669921875" lon="114.2991079576313495635986328125">
        <ele>153.1999969482421875</ele>
        <time>2024-12-10T10:22:39.000Z</time>
        <extensions>
          <ns3:TrackPointExtension>
            <ns3:atemp>23.0</ns3:atemp>
            <ns3:hr>111</ns3:hr>
          </ns3:TrackPointExtension>
        </extensions>
      </trkpt>
      <trkpt lat="22.58945024572312831878662109375" lon="114.29911424405872821807861328125">
        <ele>153.1999969482421875</ele>
        <time>2024-12-10T10:22:40.000Z</time>
        <extensions>
          <ns3:TrackPointExtension>
            <ns3:atemp>23.0</ns3:atemp>
            <ns3:hr>111</ns3:hr>
          </ns3:TrackPointExtension>
        </extensions>
      </trkpt>
      <trkpt lat="22.58939442224800586700439453125" lon="114.2991305887699127197265625">
        <ele>153.1999969482421875</ele>
        <time>2024-12-10T10:22:41.000Z</time>
        <extensions>
          <ns3:TrackPointExtension>
            <ns3:atemp>23.0</ns3:atemp>
            <ns3:hr>111</ns3:hr>
          </ns3:TrackPointExtension>
        </extensions>
      </trkpt>
      <trkpt lat="22.589346058666706085205078125" lon="114.29915363900363445281982421875">
        <ele>153.399993896484375</ele>
        <time>2024-12-10T10:22:42.000Z</time>
        <extensions>
          <ns3:TrackPointExtension>
            <ns3:atemp>23.0</ns3:atemp>
            <ns3:hr>110</ns3:hr>
          </ns3:TrackPointExtension>
        </extensions>
      </trkpt>
      <trkpt lat="22.58930004201829433441162109375" lon="114.29918515495955944061279296875">
        <ele>153.399993896484375</ele>
        <time>2024-12-10T10:22:43.000Z</time>
        <extensions>
          <ns3:TrackPointExtension>
            <ns3:atemp>23.0</ns3:atemp>
            <ns3:hr>110</ns3:hr>
          </ns3:TrackPointExtension>
        </extensions>
      </trkpt>
      <trkpt lat="22.5892560370266437530517578125" lon="114.299220107495784759521484375">
        <ele>153.600006103515625</ele>
        <time>2024-12-10T10:22:44.000Z</time>
        <extensions>
          <ns3:TrackPointExtension>
            <ns3:atemp>23.0</ns3:atemp>
            <ns3:hr>110</ns3:hr>
          </ns3:TrackPointExtension>
        </extensions>
      </trkpt>
      <trkpt lat="22.58921370841562747955322265625" lon="114.2992635257542133331298828125">
        <ele>153.8000030517578125</ele>
        <time>2024-12-10T10:22:45.000Z</time>
        <extensions>
          <ns3:TrackPointExtension>
            <ns3:atemp>23.0</ns3:atemp>
            <ns3:hr>110</ns3:hr>
          </ns3:TrackPointExtension>
        </extensions>
      </trkpt>
      <trkpt lat="22.58917548693716526031494140625" lon="114.29930669255554676055908203125">
        <ele>154.1999969482421875</ele>
        <time>2024-12-10T10:22:46.000Z</time>
        <extensions>
          <ns3:TrackPointExtension>
            <ns3:atemp>23.0</ns3:atemp>
            <ns3:hr>109</ns3:hr>
          </ns3:TrackPointExtension>
        </extensions>
      </trkpt>
      <trkpt lat="22.5891403667628765106201171875" lon="114.29934918880462646484375">
        <ele>154.600006103515625</ele>
        <time>2024-12-10T10:22:47.000Z</time>
        <extensions>
          <ns3:TrackPointExtension>
            <ns3:atemp>23.0</ns3:atemp>
            <ns3:hr>110</ns3:hr>
          </ns3:TrackPointExtension>
        </extensions>
      </trkpt>
      <trkpt lat="22.58910457603633403778076171875" lon="114.2993919365108013153076171875">
        <ele>155</ele>
        <time>2024-12-10T10:22:48.000Z</time>
        <extensions>
          <ns3:TrackPointExtension>
            <ns3:atemp>23.0</ns3:atemp>
            <ns3:hr>110</ns3:hr>
          </ns3:TrackPointExtension>
        </extensions>
      </trkpt>
      <trkpt lat="22.58907289244234561920166015625" lon="114.2994325049221515655517578125">
        <ele>155.1999969482421875</ele>
        <time>2024-12-10T10:22:49.000Z</time>
        <extensions>
          <ns3:TrackPointExtension>
            <ns3:atemp>23.0</ns3:atemp>
            <ns3:hr>111</ns3:hr>
          </ns3:TrackPointExtension>
        </extensions>
      </trkpt>
      <trkpt lat="22.5890485011041164398193359375" lon="114.29947047494351863861083984375">
        <ele>155.8000030517578125</ele>
        <time>2024-12-10T10:22:50.000Z</time>
        <extensions>
          <ns3:TrackPointExtension>
            <ns3:atemp>23.0</ns3:atemp>
            <ns3:hr>111</ns3:hr>
          </ns3:TrackPointExtension>
        </extensions>
      </trkpt>
      <trkpt lat="22.5890287198126316070556640625" lon="114.299502074718475341796875">
        <ele>156.399993896484375</ele>
        <time>2024-12-10T10:22:51.000Z</time>
        <extensions>
          <ns3:TrackPointExtension>
            <ns3:atemp>23.0</ns3:atemp>
            <ns3:hr>112</ns3:hr>
          </ns3:TrackPointExtension>
        </extensions>
      </trkpt>
      <trkpt lat="22.589013464748859405517578125" lon="114.29952629841864109039306640625">
        <ele>156.8000030517578125</ele>
        <time>2024-12-10T10:22:52.000Z</time>
        <extensions>
          <ns3:TrackPointExtension>
            <ns3:atemp>23.0</ns3:atemp>
            <ns3:hr>112</ns3:hr>
          </ns3:TrackPointExtension>
        </extensions>
      </trkpt>
      <trkpt lat="22.58899678476154804229736328125" lon="114.29955236613750457763671875">
        <ele>157.399993896484375</ele>
        <time>2024-12-10T10:22:53.000Z</time>
        <extensions>
          <ns3:TrackPointExtension>
            <ns3:atemp>23.0</ns3:atemp>
            <ns3:hr>113</ns3:hr>
          </ns3:TrackPointExtension>
        </extensions>
      </trkpt>
      <trkpt lat="22.58898295462131500244140625" lon="114.29957843385636806488037109375">
        <ele>158</ele>
        <time>2024-12-10T10:22:54.000Z</time>
        <extensions>
          <ns3:TrackPointExtension>
            <ns3:atemp>23.0</ns3:atemp>
            <ns3:hr>114</ns3:hr>
          </ns3:TrackPointExtension>
        </extensions>
      </trkpt>
      <trkpt lat="22.588967196643352508544921875" lon="114.299602992832660675048828125">
        <ele>158.399993896484375</ele>
        <time>2024-12-10T10:22:55.000Z</time>
        <extensions>
          <ns3:TrackPointExtension>
            <ns3:atemp>23.0</ns3:atemp>
            <ns3:hr>114</ns3:hr>
          </ns3:TrackPointExtension>
        </extensions>
      </trkpt>
      <trkpt lat="22.5889487564563751220703125" lon="114.29962570779025554656982421875">
        <ele>158.8000030517578125</ele>
        <time>2024-12-10T10:22:56.000Z</time>
        <extensions>
          <ns3:TrackPointExtension>
            <ns3:atemp>23.0</ns3:atemp>
            <ns3:hr>115</ns3:hr>
          </ns3:TrackPointExtension>
        </extensions>
      </trkpt>
      <trkpt lat="22.58893040008842945098876953125" lon="114.29964666254818439483642578125">
        <ele>159.399993896484375</ele>
        <time>2024-12-10T10:22:57.000Z</time>
        <extensions>
          <ns3:TrackPointExtension>
            <ns3:atemp>23.0</ns3:atemp>
            <ns3:hr>116</ns3:hr>
          </ns3:TrackPointExtension>
        </extensions>
      </trkpt>
      <trkpt lat="22.58891053497791290283203125" lon="114.2996685393154621124267578125">
        <ele>159.600006103515625</ele>
        <time>2024-12-10T10:22:58.000Z</time>
        <extensions>
          <ns3:TrackPointExtension>
            <ns3:atemp>23.0</ns3:atemp>
            <ns3:hr>116</ns3:hr>
          </ns3:TrackPointExtension>
        </extensions>
      </trkpt>
      <trkpt lat="22.58888983167707920074462890625" lon="114.2996920086443424224853515625">
        <ele>160</ele>
        <time>2024-12-10T10:22:59.000Z</time>
        <extensions>
          <ns3:TrackPointExtension>
            <ns3:atemp>23.0</ns3:atemp>
            <ns3:hr>117</ns3:hr>
          </ns3:TrackPointExtension>
        </extensions>
      </trkpt>
      <trkpt lat="22.58887222968041896820068359375" lon="114.2997151426970958709716796875">
        <ele>160.1999969482421875</ele>
        <time>2024-12-10T10:23:00.000Z</time>
        <extensions>
          <ns3:TrackPointExtension>
            <ns3:atemp>23.0</ns3:atemp>
            <ns3:hr>117</ns3:hr>
          </ns3:TrackPointExtension>
        </extensions>
      </trkpt>
      <trkpt lat="22.58885496295988559722900390625" lon="114.29973819293081760406494140625">
        <ele>160.600006103515625</ele>
        <time>2024-12-10T10:23:01.000Z</time>
        <extensions>
          <ns3:TrackPointExtension>
            <ns3:atemp>23.0</ns3:atemp>
            <ns3:hr>118</ns3:hr>
          </ns3:TrackPointExtension>
        </extensions>
      </trkpt>
      <trkpt lat="22.58883945643901824951171875" lon="114.29976166225969791412353515625">
        <ele>161</ele>
        <time>2024-12-10T10:23:02.000Z</time>
        <extensions>
          <ns3:TrackPointExtension>
            <ns3:atemp>23.0</ns3:atemp>
            <ns3:hr>118</ns3:hr>
          </ns3:TrackPointExtension>
        </extensions>
      </trkpt>
      <trkpt lat="22.58882294408977031707763671875" lon="114.29978311993181705474853515625">
        <ele>161.399993896484375</ele>
        <time>2024-12-10T10:23:03.000Z</time>
        <extensions>
          <ns3:TrackPointExtension>
            <ns3:atemp>23.0</ns3:atemp>
            <ns3:hr>118</ns3:hr>
          </ns3:TrackPointExtension>
        </extensions>
      </trkpt>
      <trkpt lat="22.5888087786734104156494140625" lon="114.29980793036520481109619140625">
        <ele>161.8000030517578125</ele>
        <time>2024-12-10T10:23:04.000Z</time>
        <extensions>
          <ns3:TrackPointExtension>
            <ns3:atemp>23.0</ns3:atemp>
            <ns3:hr>119</ns3:hr>
          </ns3:TrackPointExtension>
        </extensions>
      </trkpt>
      <trkpt lat="22.5887980498373508453369140625" lon="114.29983039386570453643798828125">
        <ele>162.1999969482421875</ele>
        <time>2024-12-10T10:23:05.000Z</time>
        <extensions>
          <ns3:TrackPointExtension>
            <ns3:atemp>23.0</ns3:atemp>
            <ns3:hr>120</ns3:hr>
          </ns3:TrackPointExtension>
        </extensions>
      </trkpt>
      <trkpt lat="22.58878572843968868255615234375" lon="114.29985520429909229278564453125">
        <ele>162.600006103515625</ele>
        <time>2024-12-10T10:23:06.000Z</time>
        <extensions>
          <ns3:TrackPointExtension>
            <ns3:atemp>23.0</ns3:atemp>
            <ns3:hr>121</ns3:hr>
          </ns3:TrackPointExtension>
        </extensions>
      </trkpt>
      <trkpt lat="22.5887749157845973968505859375" lon="114.2998814396560192108154296875">
        <ele>163</ele>
        <time>2024-12-10T10:23:07.000Z</time>
        <extensions>
          <ns3:TrackPointExtension>
            <ns3:atemp>23.0</ns3:atemp>
            <ns3:hr>123</ns3:hr>
          </ns3:TrackPointExtension>
        </extensions>
      </trkpt>
      <trkpt lat="22.58876091800630092620849609375" lon="114.29990708827972412109375">
        <ele>163.399993896484375</ele>
        <time>2024-12-10T10:23:08.000Z</time>
        <extensions>
          <ns3:TrackPointExtension>
            <ns3:atemp>23.0</ns3:atemp>
            <ns3:hr>124</ns3:hr>
          </ns3:TrackPointExtension>
        </extensions>
      </trkpt>
      <trkpt lat="22.5887521170079708099365234375" lon="114.29992997087538242340087890625">
        <ele>163.600006103515625</ele>
        <time>2024-12-10T10:23:09.000Z</time>
        <extensions>
          <ns3:TrackPointExtension>
            <ns3:atemp>23.0</ns3:atemp>
            <ns3:hr>126</ns3:hr>
          </ns3:TrackPointExtension>
        </extensions>
      </trkpt>
      <trkpt lat="22.588740549981594085693359375" lon="114.299955703318119049072265625">
        <ele>164</ele>
        <time>2024-12-10T10:23:10.000Z</time>
        <extensions>
          <ns3:TrackPointExtension>
            <ns3:atemp>23.0</ns3:atemp>
            <ns3:hr>127</ns3:hr>
          </ns3:TrackPointExtension>
        </extensions>
      </trkpt>
      <trkpt lat="22.58872889913618564605712890625" lon="114.29998344741761684417724609375">
        <ele>164.1999969482421875</ele>
        <time>2024-12-10T10:23:11.000Z</time>
        <extensions>
          <ns3:TrackPointExtension>
            <ns3:atemp>23.0</ns3:atemp>
            <ns3:hr>128</ns3:hr>
          </ns3:TrackPointExtension>
        </extensions>
      </trkpt>
      <trkpt lat="22.58871481753885746002197265625" lon="114.3000078387558460235595703125">
        <ele>164.600006103515625</ele>
        <time>2024-12-10T10:23:12.000Z</time>
        <extensions>
          <ns3:TrackPointExtension>
            <ns3:atemp>23.0</ns3:atemp>
            <ns3:hr>129</ns3:hr>
          </ns3:TrackPointExtension>
        </extensions>
      </trkpt>
      <trkpt lat="22.588697634637355804443359375" lon="114.30003248155117034912109375">
        <ele>165</ele>
        <time>2024-12-10T10:23:13.000Z</time>
        <extensions>
          <ns3:TrackPointExtension>
            <ns3:atemp>23.0</ns3:atemp>
            <ns3:hr>133</ns3:hr>
          </ns3:TrackPointExtension>
        </extensions>
      </trkpt>
      <trkpt lat="22.5886786915361881256103515625" lon="114.300059974193572998046875">
        <ele>165.399993896484375</ele>
        <time>2024-12-10T10:23:14.000Z</time>
        <extensions>
          <ns3:TrackPointExtension>
            <ns3:atemp>23.0</ns3:atemp>
            <ns3:hr>141</ns3:hr>
          </ns3:TrackPointExtension>
        </extensions>
      </trkpt>
      <trkpt lat="22.58865765295922756195068359375" lon="114.30008436553180217742919921875">
        <ele>165.600006103515625</ele>
        <time>2024-12-10T10:23:15.000Z</time>
        <extensions>
          <ns3:TrackPointExtension>
            <ns3:atemp>23.0</ns3:atemp>
            <ns3:hr>144</ns3:hr>
          </ns3:TrackPointExtension>
        </extensions>
      </trkpt>
      <trkpt lat="22.58863502182066440582275390625" lon="114.30010934360325336456298828125">
        <ele>165.8000030517578125</ele>
        <time>2024-12-10T10:23:16.000Z</time>
        <extensions>
          <ns3:TrackPointExtension>
            <ns3:atemp>23.0</ns3:atemp>
            <ns3:hr>146</ns3:hr>
          </ns3:TrackPointExtension>
        </extensions>
      </trkpt>
      <trkpt lat="22.588611803948879241943359375" lon="114.30013264529407024383544921875">
        <ele>166</ele>
        <time>2024-12-10T10:23:17.000Z</time>
        <extensions>
          <ns3:TrackPointExtension>
            <ns3:atemp>23.0</ns3:atemp>
            <ns3:hr>147</ns3:hr>
          </ns3:TrackPointExtension>
        </extensions>
      </trkpt>
      <trkpt lat="22.58858607150614261627197265625" lon="114.30015762336552143096923828125">
        <ele>166.1999969482421875</ele>
        <time>2024-12-10T10:23:18.000Z</time>
        <extensions>
          <ns3:TrackPointExtension>
            <ns3:atemp>23.0</ns3:atemp>
            <ns3:hr>148</ns3:hr>
          </ns3:TrackPointExtension>
        </extensions>
      </trkpt>
      <trkpt lat="22.588560841977596282958984375" lon="114.30018411017954349517822265625">
        <ele>166.399993896484375</ele>
        <time>2024-12-10T10:23:19.000Z</time>
        <extensions>
          <ns3:TrackPointExtension>
            <ns3:atemp>23.0</ns3:atemp>
            <ns3:hr>149</ns3:hr>
          </ns3:TrackPointExtension>
        </extensions>
      </trkpt>
      <trkpt lat="22.58853326551616191864013671875" lon="114.30020908825099468231201171875">
        <ele>166.600006103515625</ele>
        <time>2024-12-10T10:23:20.000Z</time>
        <extensions>
          <ns3:TrackPointExtension>
            <ns3:atemp>23.0</ns3:atemp>
            <ns3:hr>150</ns3:hr>
          </ns3:TrackPointExtension>
        </extensions>
      </trkpt>
      <trkpt lat="22.58850292302668094635009765625" lon="114.30022886954247951507568359375">
        <ele>166.8000030517578125</ele>
        <time>2024-12-10T10:23:21.000Z</time>
        <extensions>
          <ns3:TrackPointExtension>
            <ns3:atemp>23.0</ns3:atemp>
            <ns3:hr>150</ns3:hr>
          </ns3:TrackPointExtension>
        </extensions>
      </trkpt>
      <trkpt lat="22.58847274817526340484619140625" lon="114.30024161003530025482177734375">
        <ele>167</ele>
        <time>2024-12-10T10:23:22.000Z</time>
        <extensions>
          <ns3:TrackPointExtension>
            <ns3:atemp>23.0</ns3:atemp>
            <ns3:hr>151</ns3:hr>
          </ns3:TrackPointExtension>
        </extensions>
      </trkpt>
      <trkpt lat="22.58844207040965557098388671875" lon="114.30025502108037471771240234375">
        <ele>167</ele>
        <time>2024-12-10T10:23:23.000Z</time>
        <extensions>
          <ns3:TrackPointExtension>
            <ns3:atemp>23.0</ns3:atemp>
            <ns3:hr>152</ns3:hr>
          </ns3:TrackPointExtension>
        </extensions>
      </trkpt>
      <trkpt lat="22.58841273374855518341064453125" lon="114.30027044378221035003662109375">
        <ele>167.399993896484375</ele>
        <time>2024-12-10T10:23:24.000Z</time>
        <extensions>
          <ns3:TrackPointExtension>
            <ns3:atemp>23.0</ns3:atemp>
            <ns3:hr>152</ns3:hr>
          </ns3:TrackPointExtension>
        </extensions>
      </trkpt>
      <trkpt lat="22.58838322944939136505126953125" lon="114.30028871633112430572509765625">
        <ele>167.399993896484375</ele>
        <time>2024-12-10T10:23:25.000Z</time>
        <extensions>
          <ns3:TrackPointExtension>
            <ns3:atemp>23.0</ns3:atemp>
            <ns3:hr>153</ns3:hr>
          </ns3:TrackPointExtension>
        </extensions>
      </trkpt>
      <trkpt lat="22.58835540153086185455322265625" lon="114.3003055639564990997314453125">
        <ele>167.600006103515625</ele>
        <time>2024-12-10T10:23:26.000Z</time>
        <extensions>
          <ns3:TrackPointExtension>
            <ns3:atemp>23.0</ns3:atemp>
            <ns3:hr>154</ns3:hr>
          </ns3:TrackPointExtension>
        </extensions>
      </trkpt>
      <trkpt lat="22.58832589723169803619384765625" lon="114.3003188073635101318359375">
        <ele>167.8000030517578125</ele>
        <time>2024-12-10T10:23:27.000Z</time>
        <extensions>
          <ns3:TrackPointExtension>
            <ns3:atemp>23.0</ns3:atemp>
            <ns3:hr>155</ns3:hr>
          </ns3:TrackPointExtension>
        </extensions>
      </trkpt>
      <trkpt lat="22.58829295635223388671875" lon="114.30032978765666484832763671875">
        <ele>168</ele>
        <time>2024-12-10T10:23:28.000Z</time>
        <extensions>
          <ns3:TrackPointExtension>
            <ns3:atemp>23.0</ns3:atemp>
            <ns3:hr>155</ns3:hr>
          </ns3:TrackPointExtension>
        </extensions>
      </trkpt>
      <trkpt lat="22.58825750090181827545166015625" lon="114.3003394268453121185302734375">
        <ele>168.1999969482421875</ele>
        <time>2024-12-10T10:23:29.000Z</time>
        <extensions>
          <ns3:TrackPointExtension>
            <ns3:atemp>23.0</ns3:atemp>
            <ns3:hr>156</ns3:hr>
          </ns3:TrackPointExtension>
        </extensions>
      </trkpt>
      <trkpt lat="22.5882190279662609100341796875" lon="114.30034889839589595794677734375">
        <ele>168.1999969482421875</ele>
        <time>2024-12-10T10:23:30.000Z</time>
        <extensions>
          <ns3:TrackPointExtension>
            <ns3:atemp>23.0</ns3:atemp>
            <ns3:hr>156</ns3:hr>
          </ns3:TrackPointExtension>
        </extensions>
      </trkpt>
      <trkpt lat="22.58818407543003559112548828125" lon="114.30035660974681377410888671875">
        <ele>168.399993896484375</ele>
        <time>2024-12-10T10:23:31.000Z</time>
        <extensions>
          <ns3:TrackPointExtension>
            <ns3:atemp>23.0</ns3:atemp>
            <ns3:hr>156</ns3:hr>
          </ns3:TrackPointExtension>
        </extensions>
      </trkpt>
      <trkpt lat="22.58814518339931964874267578125" lon="114.3003575317561626434326171875">
        <ele>168.8000030517578125</ele>
        <time>2024-12-10T10:23:32.000Z</time>
        <extensions>
          <ns3:TrackPointExtension>
            <ns3:atemp>23.0</ns3:atemp>
            <ns3:hr>156</ns3:hr>
          </ns3:TrackPointExtension>
        </extensions>
      </trkpt>
      <trkpt lat="22.58812322281301021575927734375" lon="114.30034588091075420379638671875">
        <ele>168.8000030517578125</ele>
        <time>2024-12-10T10:23:33.000Z</time>
        <extensions>
          <ns3:TrackPointExtension>
            <ns3:atemp>23.0</ns3:atemp>
            <ns3:hr>157</ns3:hr>
          </ns3:TrackPointExtension>
        </extensions>
      </trkpt>
      <trkpt lat="22.58810394443571567535400390625" lon="114.3003268539905548095703125">
        <ele>169.1999969482421875</ele>
        <time>2024-12-10T10:23:34.000Z</time>
        <extensions>
          <ns3:TrackPointExtension>
            <ns3:atemp>23.0</ns3:atemp>
            <ns3:hr>157</ns3:hr>
          </ns3:TrackPointExtension>
        </extensions>
      </trkpt>
      <trkpt lat="22.58808986283838748931884765625" lon="114.30029994808137416839599609375">
        <ele>169.1999969482421875</ele>
        <time>2024-12-10T10:23:35.000Z</time>
        <extensions>
          <ns3:TrackPointExtension>
            <ns3:atemp>23.0</ns3:atemp>
            <ns3:hr>157</ns3:hr>
          </ns3:TrackPointExtension>
        </extensions>
      </trkpt>
      <trkpt lat="22.58808013983070850372314453125" lon="114.300275556743144989013671875">
        <ele>169.1999969482421875</ele>
        <time>2024-12-10T10:23:36.000Z</time>
        <extensions>
          <ns3:TrackPointExtension>
            <ns3:atemp>23.0</ns3:atemp>
            <ns3:hr>156</ns3:hr>
          </ns3:TrackPointExtension>
        </extensions>
      </trkpt>
      <trkpt lat="22.588065303862094879150390625" lon="114.3002512492239475250244140625">
        <ele>169.1999969482421875</ele>
        <time>2024-12-10T10:23:37.000Z</time>
        <extensions>
          <ns3:TrackPointExtension>
            <ns3:atemp>23.0</ns3:atemp>
            <ns3:hr>157</ns3:hr>
          </ns3:TrackPointExtension>
        </extensions>
      </trkpt>
      <trkpt lat="22.588043510913848876953125" lon="114.300244040787220001220703125">
        <ele>169</ele>
        <time>2024-12-10T10:23:38.000Z</time>
        <extensions>
          <ns3:TrackPointExtension>
            <ns3:atemp>23.0</ns3:atemp>
            <ns3:hr>157</ns3:hr>
          </ns3:TrackPointExtension>
        </extensions>
      </trkpt>
      <trkpt lat="22.58801761083304882049560546875" lon="114.3002458848059177398681640625">
        <ele>169</ele>
        <time>2024-12-10T10:23:39.000Z</time>
        <extensions>
          <ns3:TrackPointExtension>
            <ns3:atemp>23.0</ns3:atemp>
            <ns3:hr>157</ns3:hr>
          </ns3:TrackPointExtension>
        </extensions>
      </trkpt>
      <trkpt lat="22.5879863463342189788818359375" lon="114.300254769623279571533203125">
        <ele>169</ele>
        <time>2024-12-10T10:23:40.000Z</time>
        <extensions>
          <ns3:TrackPointExtension>
            <ns3:atemp>23.0</ns3:atemp>
            <ns3:hr>157</ns3:hr>
          </ns3:TrackPointExtension>
        </extensions>
      </trkpt>
      <trkpt lat="22.58794854395091533660888671875" lon="114.30026457644999027252197265625">
        <ele>169</ele>
        <time>2024-12-10T10:23:41.000Z</time>
        <extensions>
          <ns3:TrackPointExtension>
            <ns3:atemp>23.0</ns3:atemp>
            <ns3:hr>157</ns3:hr>
          </ns3:TrackPointExtension>
        </extensions>
      </trkpt>
      <trkpt lat="22.58790965192019939422607421875" lon="114.300271533429622650146484375">
        <ele>169</ele>
        <time>2024-12-10T10:23:42.000Z</time>
        <extensions>
          <ns3:TrackPointExtension>
            <ns3:atemp>23.0</ns3:atemp>
            <ns3:hr>158</ns3:hr>
          </ns3:TrackPointExtension>
        </extensions>
      </trkpt>
      <trkpt lat="22.58787578903138637542724609375" lon="114.300279915332794189453125">
        <ele>169</ele>
        <time>2024-12-10T10:23:43.000Z</time>
        <extensions>
          <ns3:TrackPointExtension>
            <ns3:atemp>23.0</ns3:atemp>
            <ns3:hr>157</ns3:hr>
          </ns3:TrackPointExtension>
        </extensions>
      </trkpt>
      <trkpt lat="22.58784678764641284942626953125" lon="114.300290979444980621337890625">
        <ele>169.1999969482421875</ele>
        <time>2024-12-10T10:23:44.000Z</time>
        <extensions>
          <ns3:TrackPointExtension>
            <ns3:atemp>23.0</ns3:atemp>
            <ns3:hr>157</ns3:hr>
          </ns3:TrackPointExtension>
        </extensions>
      </trkpt>
      <trkpt lat="22.58781862445175647735595703125" lon="114.30030397139489650726318359375">
        <ele>169.399993896484375</ele>
        <time>2024-12-10T10:23:45.000Z</time>
        <extensions>
          <ns3:TrackPointExtension>
            <ns3:atemp>23.0</ns3:atemp>
            <ns3:hr>158</ns3:hr>
          </ns3:TrackPointExtension>
        </extensions>
      </trkpt>
      <trkpt lat="22.58779398165643215179443359375" lon="114.300317466259002685546875">
        <ele>169.600006103515625</ele>
        <time>2024-12-10T10:23:46.000Z</time>
        <extensions>
          <ns3:TrackPointExtension>
            <ns3:atemp>23.0</ns3:atemp>
            <ns3:hr>157</ns3:hr>
          </ns3:TrackPointExtension>
        </extensions>
      </trkpt>
      <trkpt lat="22.58777118287980556488037109375" lon="114.300335235893726348876953125">
        <ele>169.8000030517578125</ele>
        <time>2024-12-10T10:23:47.000Z</time>
        <extensions>
          <ns3:TrackPointExtension>
            <ns3:atemp>23.0</ns3:atemp>
            <ns3:hr>157</ns3:hr>
          </ns3:TrackPointExtension>
        </extensions>
      </trkpt>
      <trkpt lat="22.58774519897997379302978515625" lon="114.3003494851291179656982421875">
        <ele>170.1999969482421875</ele>
        <time>2024-12-10T10:23:48.000Z</time>
        <extensions>
          <ns3:TrackPointExtension>
            <ns3:atemp>23.0</ns3:atemp>
            <ns3:hr>155</ns3:hr>
          </ns3:TrackPointExtension>
        </extensions>
      </trkpt>
      <trkpt lat="22.58771988563239574432373046875" lon="114.30036365054547786712646484375">
        <ele>170.399993896484375</ele>
        <time>2024-12-10T10:23:49.000Z</time>
        <extensions>
          <ns3:TrackPointExtension>
            <ns3:atemp>23.0</ns3:atemp>
            <ns3:hr>155</ns3:hr>
          </ns3:TrackPointExtension>
        </extensions>
      </trkpt>
      <trkpt lat="22.5876953266561031341552734375" lon="114.30037857033312320709228515625">
        <ele>170.600006103515625</ele>
        <time>2024-12-10T10:23:50.000Z</time>
        <extensions>
          <ns3:TrackPointExtension>
            <ns3:atemp>23.0</ns3:atemp>
            <ns3:hr>154</ns3:hr>
          </ns3:TrackPointExtension>
        </extensions>
      </trkpt>
      <trkpt lat="22.58767227642238140106201171875" lon="114.30039751343429088592529296875">
        <ele>170.8000030517578125</ele>
        <time>2024-12-10T10:23:51.000Z</time>
        <extensions>
          <ns3:TrackPointExtension>
            <ns3:atemp>23.0</ns3:atemp>
            <ns3:hr>154</ns3:hr>
          </ns3:TrackPointExtension>
        </extensions>
      </trkpt>
      <trkpt lat="22.58764897473156452178955078125" lon="114.30041444487869739532470703125">
        <ele>171</ele>
        <time>2024-12-10T10:23:52.000Z</time>
        <extensions>
          <ns3:TrackPointExtension>
            <ns3:atemp>23.0</ns3:atemp>
            <ns3:hr>153</ns3:hr>
          </ns3:TrackPointExtension>
        </extensions>
      </trkpt>
      <trkpt lat="22.58762131445109844207763671875" lon="114.3004309572279453277587890625">
        <ele>171.1999969482421875</ele>
        <time>2024-12-10T10:23:53.000Z</time>
        <extensions>
          <ns3:TrackPointExtension>
            <ns3:atemp>23.0</ns3:atemp>
            <ns3:hr>153</ns3:hr>
          </ns3:TrackPointExtension>
        </extensions>
      </trkpt>
      <trkpt lat="22.5875890441238880157470703125" lon="114.30044956505298614501953125">
        <ele>171.399993896484375</ele>
        <time>2024-12-10T10:23:54.000Z</time>
        <extensions>
          <ns3:TrackPointExtension>
            <ns3:atemp>23.0</ns3:atemp>
            <ns3:hr>153</ns3:hr>
          </ns3:TrackPointExtension>
        </extensions>
      </trkpt>
      <trkpt lat="22.5875578634440898895263671875" lon="114.300466664135456085205078125">
        <ele>171.600006103515625</ele>
        <time>2024-12-10T10:23:55.000Z</time>
        <extensions>
          <ns3:TrackPointExtension>
            <ns3:atemp>23.0</ns3:atemp>
            <ns3:hr>152</ns3:hr>
          </ns3:TrackPointExtension>
        </extensions>
      </trkpt>
      <trkpt lat="22.587525509297847747802734375" lon="114.3004879541695117950439453125">
        <ele>171.8000030517578125</ele>
        <time>2024-12-10T10:23:56.000Z</time>
        <extensions>
          <ns3:TrackPointExtension>
            <ns3:atemp>23.0</ns3:atemp>
            <ns3:hr>152</ns3:hr>
          </ns3:TrackPointExtension>
        </extensions>
      </trkpt>
      <trkpt lat="22.58749323897063732147216796875" lon="114.30050848983228206634521484375">
        <ele>172.1999969482421875</ele>
        <time>2024-12-10T10:23:57.000Z</time>
        <extensions>
          <ns3:TrackPointExtension>
            <ns3:atemp>23.0</ns3:atemp>
            <ns3:hr>152</ns3:hr>
          </ns3:TrackPointExtension>
        </extensions>
      </trkpt>
      <trkpt lat="22.58746641688048839569091796875" lon="114.30052869021892547607421875">
        <ele>172.399993896484375</ele>
        <time>2024-12-10T10:23:58.000Z</time>
        <extensions>
          <ns3:TrackPointExtension>
            <ns3:atemp>23.0</ns3:atemp>
            <ns3:hr>152</ns3:hr>
          </ns3:TrackPointExtension>
        </extensions>
      </trkpt>
      <trkpt lat="22.5874415226280689239501953125" lon="114.30054654367268085479736328125">
        <ele>172.600006103515625</ele>
        <time>2024-12-10T10:23:59.000Z</time>
        <extensions>
          <ns3:TrackPointExtension>
            <ns3:atemp>23.0</ns3:atemp>
            <ns3:hr>152</ns3:hr>
          </ns3:TrackPointExtension>
        </extensions>
      </trkpt>
      <trkpt lat="22.587419562041759490966796875" lon="114.30056699551641941070556640625">
        <ele>172.8000030517578125</ele>
        <time>2024-12-10T10:24:00.000Z</time>
        <extensions>
          <ns3:TrackPointExtension>
            <ns3:atemp>23.0</ns3:atemp>
            <ns3:hr>152</ns3:hr>
          </ns3:TrackPointExtension>
        </extensions>
      </trkpt>
      <trkpt lat="22.587397098541259765625" lon="114.30058845318853855133056640625">
        <ele>173.1999969482421875</ele>
        <time>2024-12-10T10:24:01.000Z</time>
        <extensions>
          <ns3:TrackPointExtension>
            <ns3:atemp>23.0</ns3:atemp>
            <ns3:hr>152</ns3:hr>
          </ns3:TrackPointExtension>
        </extensions>
      </trkpt>
      <trkpt lat="22.58737228810787200927734375" lon="114.300610162317752838134765625">
        <ele>173.399993896484375</ele>
        <time>2024-12-10T10:24:02.000Z</time>
        <extensions>
          <ns3:TrackPointExtension>
            <ns3:atemp>23.0</ns3:atemp>
            <ns3:hr>151</ns3:hr>
          </ns3:TrackPointExtension>
        </extensions>
      </trkpt>
      <trkpt lat="22.58734521456062793731689453125" lon="114.30063505657017230987548828125">
        <ele>173.8000030517578125</ele>
        <time>2024-12-10T10:24:03.000Z</time>
        <extensions>
          <ns3:TrackPointExtension>
            <ns3:atemp>23.0</ns3:atemp>
            <ns3:hr>150</ns3:hr>
          </ns3:TrackPointExtension>
        </extensions>
      </trkpt>
      <trkpt lat="22.5873219966888427734375" lon="114.30066120810806751251220703125">
        <ele>174</ele>
        <time>2024-12-10T10:24:04.000Z</time>
        <extensions>
          <ns3:TrackPointExtension>
            <ns3:atemp>23.0</ns3:atemp>
            <ns3:hr>149</ns3:hr>
          </ns3:TrackPointExtension>
        </extensions>
      </trkpt>
      <trkpt lat="22.58730296976864337921142578125" lon="114.30069054476916790008544921875">
        <ele>174.1999969482421875</ele>
        <time>2024-12-10T10:24:05.000Z</time>
        <extensions>
          <ns3:TrackPointExtension>
            <ns3:atemp>23.0</ns3:atemp>
            <ns3:hr>149</ns3:hr>
          </ns3:TrackPointExtension>
        </extensions>
      </trkpt>
      <trkpt lat="22.58728645741939544677734375" lon="114.300719462335109710693359375">
        <ele>174.399993896484375</ele>
        <time>2024-12-10T10:24:06.000Z</time>
        <extensions>
          <ns3:TrackPointExtension>
            <ns3:atemp>23.0</ns3:atemp>
            <ns3:hr>149</ns3:hr>
          </ns3:TrackPointExtension>
        </extensions>
      </trkpt>
      <trkpt lat="22.58727430365979671478271484375" lon="114.3007471226155757904052734375">
        <ele>174.600006103515625</ele>
        <time>2024-12-10T10:24:07.000Z</time>
        <extensions>
          <ns3:TrackPointExtension>
            <ns3:atemp>23.0</ns3:atemp>
            <ns3:hr>149</ns3:hr>
          </ns3:TrackPointExtension>
        </extensions>
      </trkpt>
      <trkpt lat="22.58726139552891254425048828125" lon="114.300773106515407562255859375">
        <ele>175</ele>
        <time>2024-12-10T10:24:08.000Z</time>
        <extensions>
          <ns3:TrackPointExtension>
            <ns3:atemp>23.0</ns3:atemp>
            <ns3:hr>149</ns3:hr>
          </ns3:TrackPointExtension>
        </extensions>
      </trkpt>
      <trkpt lat="22.5872500799596309661865234375" lon="114.30079816840589046478271484375">
        <ele>175.1999969482421875</ele>
        <time>2024-12-10T10:24:09.000Z</time>
        <extensions>
          <ns3:TrackPointExtension>
            <ns3:atemp>23.0</ns3:atemp>
            <ns3:hr>149</ns3:hr>
          </ns3:TrackPointExtension>
        </extensions>
      </trkpt>
      <trkpt lat="22.58723859675228595733642578125" lon="114.30082834325730800628662109375">
        <ele>175.399993896484375</ele>
        <time>2024-12-10T10:24:10.000Z</time>
        <extensions>
          <ns3:TrackPointExtension>
            <ns3:atemp>23.0</ns3:atemp>
            <ns3:hr>149</ns3:hr>
          </ns3:TrackPointExtension>
        </extensions>
      </trkpt>
      <trkpt lat="22.5872252695262432098388671875" lon="114.3008547462522983551025390625">
        <ele>175.600006103515625</ele>
        <time>2024-12-10T10:24:11.000Z</time>
        <extensions>
          <ns3:TrackPointExtension>
            <ns3:atemp>23.0</ns3:atemp>
            <ns3:hr>150</ns3:hr>
          </ns3:TrackPointExtension>
        </extensions>
      </trkpt>
      <trkpt lat="22.5872108526527881622314453125" lon="114.300886094570159912109375">
        <ele>175.8000030517578125</ele>
        <time>2024-12-10T10:24:12.000Z</time>
        <extensions>
          <ns3:TrackPointExtension>
            <ns3:atemp>23.0</ns3:atemp>
            <ns3:hr>150</ns3:hr>
          </ns3:TrackPointExtension>
        </extensions>
      </trkpt>
      <trkpt lat="22.587195597589015960693359375" lon="114.30092205293476581573486328125">
        <ele>176.1999969482421875</ele>
        <time>2024-12-10T10:24:13.000Z</time>
        <extensions>
          <ns3:TrackPointExtension>
            <ns3:atemp>23.0</ns3:atemp>
            <ns3:hr>150</ns3:hr>
          </ns3:TrackPointExtension>
        </extensions>
      </trkpt>
      <trkpt lat="22.5871857069432735443115234375" lon="114.3009531497955322265625">
        <ele>176.399993896484375</ele>
        <time>2024-12-10T10:24:14.000Z</time>
        <extensions>
          <ns3:TrackPointExtension>
            <ns3:atemp>23.0</ns3:atemp>
            <ns3:hr>150</ns3:hr>
          </ns3:TrackPointExtension>
        </extensions>
      </trkpt>
      <trkpt lat="22.58717321790754795074462890625" lon="114.30098625831305980682373046875">
        <ele>176.600006103515625</ele>
        <time>2024-12-10T10:24:15.000Z</time>
        <extensions>
          <ns3:TrackPointExtension>
            <ns3:atemp>23.0</ns3:atemp>
            <ns3:hr>151</ns3:hr>
          </ns3:TrackPointExtension>
        </extensions>
      </trkpt>
      <trkpt lat="22.5871605612337589263916015625" lon="114.30102012120187282562255859375">
        <ele>176.8000030517578125</ele>
        <time>2024-12-10T10:24:16.000Z</time>
        <extensions>
          <ns3:TrackPointExtension>
            <ns3:atemp>23.0</ns3:atemp>
            <ns3:hr>151</ns3:hr>
          </ns3:TrackPointExtension>
        </extensions>
      </trkpt>
      <trkpt lat="22.5871468149125576019287109375" lon="114.30105381645262241363525390625">
        <ele>177.1999969482421875</ele>
        <time>2024-12-10T10:24:17.000Z</time>
        <extensions>
          <ns3:TrackPointExtension>
            <ns3:atemp>23.0</ns3:atemp>
            <ns3:hr>151</ns3:hr>
          </ns3:TrackPointExtension>
        </extensions>
      </trkpt>
      <trkpt lat="22.58713164366781711578369140625" lon="114.30108717642724514007568359375">
        <ele>177.399993896484375</ele>
        <time>2024-12-10T10:24:18.000Z</time>
        <extensions>
          <ns3:TrackPointExtension>
            <ns3:atemp>23.0</ns3:atemp>
            <ns3:hr>152</ns3:hr>
          </ns3:TrackPointExtension>
        </extensions>
      </trkpt>
      <trkpt lat="22.58711404167115688323974609375" lon="114.3011189438402652740478515625">
        <ele>177.600006103515625</ele>
        <time>2024-12-10T10:24:19.000Z</time>
        <extensions>
          <ns3:TrackPointExtension>
            <ns3:atemp>23.0</ns3:atemp>
            <ns3:hr>152</ns3:hr>
          </ns3:TrackPointExtension>
        </extensions>
      </trkpt>
      <trkpt lat="22.58709560148417949676513671875" lon="114.30114668793976306915283203125">
        <ele>177.8000030517578125</ele>
        <time>2024-12-10T10:24:20.000Z</time>
        <extensions>
          <ns3:TrackPointExtension>
            <ns3:atemp>23.0</ns3:atemp>
            <ns3:hr>152</ns3:hr>
          </ns3:TrackPointExtension>
        </extensions>
      </trkpt>
      <trkpt lat="22.5870723836123943328857421875" lon="114.30117501877248287200927734375">
        <ele>178</ele>
        <time>2024-12-10T10:24:21.000Z</time>
        <extensions>
          <ns3:TrackPointExtension>
            <ns3:atemp>23.0</ns3:atemp>
            <ns3:hr>152</ns3:hr>
          </ns3:TrackPointExtension>
        </extensions>
      </trkpt>
      <trkpt lat="22.58704681880772113800048828125" lon="114.30119982920587062835693359375">
        <ele>178.399993896484375</ele>
        <time>2024-12-10T10:24:22.000Z</time>
        <extensions>
          <ns3:TrackPointExtension>
            <ns3:atemp>23.0</ns3:atemp>
            <ns3:hr>152</ns3:hr>
          </ns3:TrackPointExtension>
        </extensions>
      </trkpt>
      <trkpt lat="22.58701915852725505828857421875" lon="114.30122229270637035369873046875">
        <ele>178.600006103515625</ele>
        <time>2024-12-10T10:24:23.000Z</time>
        <extensions>
          <ns3:TrackPointExtension>
            <ns3:atemp>23.0</ns3:atemp>
            <ns3:hr>153</ns3:hr>
          </ns3:TrackPointExtension>
        </extensions>
      </trkpt>
      <trkpt lat="22.58699149824678897857666015625" lon="114.3012429960072040557861328125">
        <ele>178.8000030517578125</ele>
        <time>2024-12-10T10:24:24.000Z</time>
        <extensions>
          <ns3:TrackPointExtension>
            <ns3:atemp>23.0</ns3:atemp>
            <ns3:hr>153</ns3:hr>
          </ns3:TrackPointExtension>
        </extensions>
      </trkpt>
      <trkpt lat="22.58696333505213260650634765625" lon="114.30125598795711994171142578125">
        <ele>179</ele>
        <time>2024-12-10T10:24:25.000Z</time>
        <extensions>
          <ns3:TrackPointExtension>
            <ns3:atemp>23.0</ns3:atemp>
            <ns3:hr>153</ns3:hr>
          </ns3:TrackPointExtension>
        </extensions>
      </trkpt>
      <trkpt lat="22.58693500421941280364990234375" lon="114.3012694828212261199951171875">
        <ele>179.1999969482421875</ele>
        <time>2024-12-10T10:24:26.000Z</time>
        <extensions>
          <ns3:TrackPointExtension>
            <ns3:atemp>23.0</ns3:atemp>
            <ns3:hr>154</ns3:hr>
          </ns3:TrackPointExtension>
        </extensions>
      </trkpt>
      <trkpt lat="22.58690156042575836181640625" lon="114.30128331296145915985107421875">
        <ele>179.600006103515625</ele>
        <time>2024-12-10T10:24:27.000Z</time>
        <extensions>
          <ns3:TrackPointExtension>
            <ns3:atemp>23.0</ns3:atemp>
            <ns3:hr>154</ns3:hr>
          </ns3:TrackPointExtension>
        </extensions>
      </trkpt>
      <trkpt lat="22.58686727844178676605224609375" lon="114.30129203014075756072998046875">
        <ele>179.8000030517578125</ele>
        <time>2024-12-10T10:24:28.000Z</time>
        <extensions>
          <ns3:TrackPointExtension>
            <ns3:atemp>23.0</ns3:atemp>
            <ns3:hr>154</ns3:hr>
          </ns3:TrackPointExtension>
        </extensions>
      </trkpt>
      <trkpt lat="22.586830817162990570068359375" lon="114.301295466721057891845703125">
        <ele>180</ele>
        <time>2024-12-10T10:24:29.000Z</time>
        <extensions>
          <ns3:TrackPointExtension>
            <ns3:atemp>23.0</ns3:atemp>
            <ns3:hr>155</ns3:hr>
          </ns3:TrackPointExtension>
        </extensions>
      </trkpt>
      <trkpt lat="22.586795948445796966552734375" lon="114.3012952990829944610595703125">
        <ele>180.399993896484375</ele>
        <time>2024-12-10T10:24:30.000Z</time>
        <extensions>
          <ns3:TrackPointExtension>
            <ns3:atemp>23.0</ns3:atemp>
            <ns3:hr>155</ns3:hr>
          </ns3:TrackPointExtension>
        </extensions>
      </trkpt>
      <trkpt lat="22.58676367811858654022216796875" lon="114.3012942932546138763427734375">
        <ele>180.399993896484375</ele>
        <time>2024-12-10T10:24:31.000Z</time>
        <extensions>
          <ns3:TrackPointExtension>
            <ns3:atemp>23.0</ns3:atemp>
            <ns3:hr>155</ns3:hr>
          </ns3:TrackPointExtension>
        </extensions>
      </trkpt>
      <trkpt lat="22.58673082105815410614013671875" lon="114.30129043757915496826171875">
        <ele>180.8000030517578125</ele>
        <time>2024-12-10T10:24:32.000Z</time>
        <extensions>
          <ns3:TrackPointExtension>
            <ns3:atemp>23.0</ns3:atemp>
            <ns3:hr>155</ns3:hr>
          </ns3:TrackPointExtension>
        </extensions>
      </trkpt>
      <trkpt lat="22.58669645525515079498291015625" lon="114.30128146894276142120361328125">
        <ele>181</ele>
        <time>2024-12-10T10:24:33.000Z</time>
        <extensions>
          <ns3:TrackPointExtension>
            <ns3:atemp>23.0</ns3:atemp>
            <ns3:hr>155</ns3:hr>
          </ns3:TrackPointExtension>
        </extensions>
      </trkpt>
      <trkpt lat="22.58666242472827434539794921875" lon="114.30127191357314586639404296875">
        <ele>181.399993896484375</ele>
        <time>2024-12-10T10:24:34.000Z</time>
        <extensions>
          <ns3:TrackPointExtension>
            <ns3:atemp>23.0</ns3:atemp>
            <ns3:hr>155</ns3:hr>
          </ns3:TrackPointExtension>
        </extensions>
      </trkpt>
      <trkpt lat="22.5866325013339519500732421875" lon="114.30126017890870571136474609375">
        <ele>181.399993896484375</ele>
        <time>2024-12-10T10:24:35.000Z</time>
        <extensions>
          <ns3:TrackPointExtension>
            <ns3:atemp>23.0</ns3:atemp>
            <ns3:hr>155</ns3:hr>
          </ns3:TrackPointExtension>
        </extensions>
      </trkpt>
      <trkpt lat="22.58660383522510528564453125" lon="114.301246516406536102294921875">
        <ele>181.8000030517578125</ele>
        <time>2024-12-10T10:24:36.000Z</time>
        <extensions>
          <ns3:TrackPointExtension>
            <ns3:atemp>23.0</ns3:atemp>
            <ns3:hr>155</ns3:hr>
          </ns3:TrackPointExtension>
        </extensions>
      </trkpt>
      <trkpt lat="22.58657391183078289031982421875" lon="114.301231764256954193115234375">
        <ele>182</ele>
        <time>2024-12-10T10:24:37.000Z</time>
        <extensions>
          <ns3:TrackPointExtension>
            <ns3:atemp>23.0</ns3:atemp>
            <ns3:hr>155</ns3:hr>
          </ns3:TrackPointExtension>
        </extensions>
      </trkpt>
      <trkpt lat="22.58653937838971614837646484375" lon="114.30121600627899169921875">
        <ele>182.1999969482421875</ele>
        <time>2024-12-10T10:24:38.000Z</time>
        <extensions>
          <ns3:TrackPointExtension>
            <ns3:atemp>23.0</ns3:atemp>
            <ns3:hr>156</ns3:hr>
          </ns3:TrackPointExtension>
        </extensions>
      </trkpt>
      <trkpt lat="22.58650727570056915283203125" lon="114.301197566092014312744140625">
        <ele>182.1999969482421875</ele>
        <time>2024-12-10T10:24:39.000Z</time>
        <extensions>
          <ns3:TrackPointExtension>
            <ns3:atemp>23.0</ns3:atemp>
            <ns3:hr>156</ns3:hr>
          </ns3:TrackPointExtension>
        </extensions>
      </trkpt>
      <trkpt lat="22.58647835813462734222412109375" lon="114.3011823110282421112060546875">
        <ele>182.399993896484375</ele>
        <time>2024-12-10T10:24:40.000Z</time>
        <extensions>
          <ns3:TrackPointExtension>
            <ns3:atemp>23.0</ns3:atemp>
            <ns3:hr>156</ns3:hr>
          </ns3:TrackPointExtension>
        </extensions>
      </trkpt>
      <trkpt lat="22.58644432760775089263916015625" lon="114.3011632002890110015869140625">
        <ele>182.8000030517578125</ele>
        <time>2024-12-10T10:24:41.000Z</time>
        <extensions>
          <ns3:TrackPointExtension>
            <ns3:atemp>23.0</ns3:atemp>
            <ns3:hr>156</ns3:hr>
          </ns3:TrackPointExtension>
        </extensions>
      </trkpt>
      <trkpt lat="22.58641063235700130462646484375" lon="114.301145933568477630615234375">
        <ele>182.8000030517578125</ele>
        <time>2024-12-10T10:24:42.000Z</time>
        <extensions>
          <ns3:TrackPointExtension>
            <ns3:atemp>23.0</ns3:atemp>
            <ns3:hr>156</ns3:hr>
          </ns3:TrackPointExtension>
        </extensions>
      </trkpt>
      <trkpt lat="22.58637643419206142425537109375" lon="114.3011323548853397369384765625">
        <ele>183</ele>
        <time>2024-12-10T10:24:43.000Z</time>
        <extensions>
          <ns3:TrackPointExtension>
            <ns3:atemp>23.0</ns3:atemp>
            <ns3:hr>156</ns3:hr>
          </ns3:TrackPointExtension>
        </extensions>
      </trkpt>
      <trkpt lat="22.5863411463797092437744140625" lon="114.30112204514443874359130859375">
        <ele>183.1999969482421875</ele>
        <time>2024-12-10T10:24:44.000Z</time>
        <extensions>
          <ns3:TrackPointExtension>
            <ns3:atemp>23.0</ns3:atemp>
            <ns3:hr>157</ns3:hr>
          </ns3:TrackPointExtension>
        </extensions>
      </trkpt>
      <trkpt lat="22.5863089598715305328369140625" lon="114.3011154234409332275390625">
        <ele>183.1999969482421875</ele>
        <time>2024-12-10T10:24:45.000Z</time>
        <extensions>
          <ns3:TrackPointExtension>
            <ns3:atemp>23.0</ns3:atemp>
            <ns3:hr>158</ns3:hr>
          </ns3:TrackPointExtension>
        </extensions>
      </trkpt>
      <trkpt lat="22.58627568371593952178955078125" lon="114.30111148394644260406494140625">
        <ele>183.1999969482421875</ele>
        <time>2024-12-10T10:24:46.000Z</time>
        <extensions>
          <ns3:TrackPointExtension>
            <ns3:atemp>23.0</ns3:atemp>
            <ns3:hr>159</ns3:hr>
          </ns3:TrackPointExtension>
        </extensions>
      </trkpt>
      <trkpt lat="22.58624232374131679534912109375" lon="114.301109723746776580810546875">
        <ele>183.1999969482421875</ele>
        <time>2024-12-10T10:24:47.000Z</time>
        <extensions>
          <ns3:TrackPointExtension>
            <ns3:atemp>23.0</ns3:atemp>
            <ns3:hr>159</ns3:hr>
          </ns3:TrackPointExtension>
        </extensions>
      </trkpt>
      <trkpt lat="22.58620896376669406890869140625" lon="114.3011095561087131500244140625">
        <ele>183.600006103515625</ele>
        <time>2024-12-10T10:24:48.000Z</time>
        <extensions>
          <ns3:TrackPointExtension>
            <ns3:atemp>23.0</ns3:atemp>
            <ns3:hr>159</ns3:hr>
          </ns3:TrackPointExtension>
        </extensions>
      </trkpt>
      <trkpt lat="22.5861751846969127655029296875" lon="114.30111081339418888092041015625">
        <ele>183.8000030517578125</ele>
        <time>2024-12-10T10:24:49.000Z</time>
        <extensions>
          <ns3:TrackPointExtension>
            <ns3:atemp>23.0</ns3:atemp>
            <ns3:hr>159</ns3:hr>
          </ns3:TrackPointExtension>
        </extensions>
      </trkpt>
      <trkpt lat="22.58613939397037029266357421875" lon="114.301112405955791473388671875">
        <ele>183.8000030517578125</ele>
        <time>2024-12-10T10:24:50.000Z</time>
        <extensions>
          <ns3:TrackPointExtension>
            <ns3:atemp>23.0</ns3:atemp>
            <ns3:hr>159</ns3:hr>
          </ns3:TrackPointExtension>
        </extensions>
      </trkpt>
      <trkpt lat="22.586112655699253082275390625" lon="114.30111399851739406585693359375">
        <ele>184</ele>
        <time>2024-12-10T10:24:51.000Z</time>
        <extensions>
          <ns3:TrackPointExtension>
            <ns3:atemp>23.0</ns3:atemp>
            <ns3:hr>159</ns3:hr>
          </ns3:TrackPointExtension>
        </extensions>
      </trkpt>
      <trkpt lat="22.58607954718172550201416015625" lon="114.30111533962190151214599609375">
        <ele>184.1999969482421875</ele>
        <time>2024-12-10T10:24:52.000Z</time>
        <extensions>
          <ns3:TrackPointExtension>
            <ns3:atemp>23.0</ns3:atemp>
            <ns3:hr>159</ns3:hr>
          </ns3:TrackPointExtension>
        </extensions>
      </trkpt>
      <trkpt lat="22.5860440917313098907470703125" lon="114.3011176027357578277587890625">
        <ele>184.399993896484375</ele>
        <time>2024-12-10T10:24:53.000Z</time>
        <extensions>
          <ns3:TrackPointExtension>
            <ns3:atemp>23.0</ns3:atemp>
            <ns3:hr>159</ns3:hr>
          </ns3:TrackPointExtension>
        </extensions>
      </trkpt>
      <trkpt lat="22.5860078819096088409423828125" lon="114.30111953057348728179931640625">
        <ele>184.600006103515625</ele>
        <time>2024-12-10T10:24:54.000Z</time>
        <extensions>
          <ns3:TrackPointExtension>
            <ns3:atemp>23.0</ns3:atemp>
            <ns3:hr>159</ns3:hr>
          </ns3:TrackPointExtension>
        </extensions>
      </trkpt>
      <trkpt lat="22.58597510866820812225341796875" lon="114.30112414062023162841796875">
        <ele>184.600006103515625</ele>
        <time>2024-12-10T10:24:55.000Z</time>
        <extensions>
          <ns3:TrackPointExtension>
            <ns3:atemp>23.0</ns3:atemp>
            <ns3:hr>159</ns3:hr>
          </ns3:TrackPointExtension>
        </extensions>
      </trkpt>
      <trkpt lat="22.58594132959842681884765625" lon="114.30112657137215137481689453125">
        <ele>184.8000030517578125</ele>
        <time>2024-12-10T10:24:56.000Z</time>
        <extensions>
          <ns3:TrackPointExtension>
            <ns3:atemp>23.0</ns3:atemp>
            <ns3:hr>158</ns3:hr>
          </ns3:TrackPointExtension>
        </extensions>
      </trkpt>
      <trkpt lat="22.585909478366374969482421875" lon="114.3011320196092128753662109375">
        <ele>185</ele>
        <time>2024-12-10T10:24:57.000Z</time>
        <extensions>
          <ns3:TrackPointExtension>
            <ns3:atemp>22.0</ns3:atemp>
            <ns3:hr>159</ns3:hr>
          </ns3:TrackPointExtension>
        </extensions>
      </trkpt>
      <trkpt lat="22.5858734361827373504638671875" lon="114.3011373840272426605224609375">
        <ele>185.1999969482421875</ele>
        <time>2024-12-10T10:24:58.000Z</time>
        <extensions>
          <ns3:TrackPointExtension>
            <ns3:atemp>23.0</ns3:atemp>
            <ns3:hr>159</ns3:hr>
          </ns3:TrackPointExtension>
        </extensions>
      </trkpt>
      <trkpt lat="22.58583345450460910797119140625" lon="114.30114132352173328399658203125">
        <ele>185.399993896484375</ele>
        <time>2024-12-10T10:24:59.000Z</time>
        <extensions>
          <ns3:TrackPointExtension>
            <ns3:atemp>22.0</ns3:atemp>
            <ns3:hr>159</ns3:hr>
          </ns3:TrackPointExtension>
        </extensions>
      </trkpt>
      <trkpt lat="22.58579305373132228851318359375" lon="114.30114383809268474578857421875">
        <ele>185.399993896484375</ele>
        <time>2024-12-10T10:25:00.000Z</time>
        <extensions>
          <ns3:TrackPointExtension>
            <ns3:atemp>23.0</ns3:atemp>
            <ns3:hr>158</ns3:hr>
          </ns3:TrackPointExtension>
        </extensions>
      </trkpt>
      <trkpt lat="22.5857570953667163848876953125" lon="114.3011467717587947845458984375">
        <ele>185.600006103515625</ele>
        <time>2024-12-10T10:25:01.000Z</time>
        <extensions>
          <ns3:TrackPointExtension>
            <ns3:atemp>23.0</ns3:atemp>
            <ns3:hr>158</ns3:hr>
          </ns3:TrackPointExtension>
        </extensions>
      </trkpt>
      <trkpt lat="22.58572348393499851226806640625" lon="114.301152639091014862060546875">
        <ele>185.8000030517578125</ele>
        <time>2024-12-10T10:25:02.000Z</time>
        <extensions>
          <ns3:TrackPointExtension>
            <ns3:atemp>23.0</ns3:atemp>
            <ns3:hr>158</ns3:hr>
          </ns3:TrackPointExtension>
        </extensions>
      </trkpt>
      <trkpt lat="22.58568844757974147796630859375" lon="114.30115104652941226959228515625">
        <ele>186</ele>
        <time>2024-12-10T10:25:03.000Z</time>
        <extensions>
          <ns3:TrackPointExtension>
            <ns3:atemp>23.0</ns3:atemp>
            <ns3:hr>158</ns3:hr>
          </ns3:TrackPointExtension>
        </extensions>
      </trkpt>
      <trkpt lat="22.58565072901546955108642578125" lon="114.30115054361522197723388671875">
        <ele>186.1999969482421875</ele>
        <time>2024-12-10T10:25:04.000Z</time>
        <extensions>
          <ns3:TrackPointExtension>
            <ns3:atemp>23.0</ns3:atemp>
            <ns3:hr>158</ns3:hr>
          </ns3:TrackPointExtension>
        </extensions>
      </trkpt>
      <trkpt lat="22.585613094270229339599609375" lon="114.3011548183858394622802734375">
        <ele>186.399993896484375</ele>
        <time>2024-12-10T10:25:05.000Z</time>
        <extensions>
          <ns3:TrackPointExtension>
            <ns3:atemp>23.0</ns3:atemp>
            <ns3:hr>158</ns3:hr>
          </ns3:TrackPointExtension>
        </extensions>
      </trkpt>
      <trkpt lat="22.5855740346014499664306640625" lon="114.30116093717515468597412109375">
        <ele>186.600006103515625</ele>
        <time>2024-12-10T10:25:06.000Z</time>
        <extensions>
          <ns3:TrackPointExtension>
            <ns3:atemp>23.0</ns3:atemp>
            <ns3:hr>157</ns3:hr>
          </ns3:TrackPointExtension>
        </extensions>
      </trkpt>
      <trkpt lat="22.58553237654268741607666015625" lon="114.301169402897357940673828125">
        <ele>186.600006103515625</ele>
        <time>2024-12-10T10:25:07.000Z</time>
        <extensions>
          <ns3:TrackPointExtension>
            <ns3:atemp>23.0</ns3:atemp>
            <ns3:hr>157</ns3:hr>
          </ns3:TrackPointExtension>
        </extensions>
      </trkpt>
      <trkpt lat="22.5854892097413539886474609375" lon="114.3011766113340854644775390625">
        <ele>186.8000030517578125</ele>
        <time>2024-12-10T10:25:08.000Z</time>
        <extensions>
          <ns3:TrackPointExtension>
            <ns3:atemp>23.0</ns3:atemp>
            <ns3:hr>157</ns3:hr>
          </ns3:TrackPointExtension>
        </extensions>
      </trkpt>
      <trkpt lat="22.58544981479644775390625" lon="114.3011836521327495574951171875">
        <ele>187</ele>
        <time>2024-12-10T10:25:09.000Z</time>
        <extensions>
          <ns3:TrackPointExtension>
            <ns3:atemp>23.0</ns3:atemp>
            <ns3:hr>157</ns3:hr>
          </ns3:TrackPointExtension>
        </extensions>
      </trkpt>
      <trkpt lat="22.58540933020412921905517578125" lon="114.30118490941822528839111328125">
        <ele>187.1999969482421875</ele>
        <time>2024-12-10T10:25:10.000Z</time>
        <extensions>
          <ns3:TrackPointExtension>
            <ns3:atemp>23.0</ns3:atemp>
            <ns3:hr>157</ns3:hr>
          </ns3:TrackPointExtension>
        </extensions>
      </trkpt>
      <trkpt lat="22.58536607958376407623291015625" lon="114.30118507705628871917724609375">
        <ele>187.600006103515625</ele>
        <time>2024-12-10T10:25:11.000Z</time>
        <extensions>
          <ns3:TrackPointExtension>
            <ns3:atemp>22.0</ns3:atemp>
            <ns3:hr>158</ns3:hr>
          </ns3:TrackPointExtension>
        </extensions>
      </trkpt>
      <trkpt lat="22.5853252597153186798095703125" lon="114.30118373595178127288818359375">
        <ele>187.600006103515625</ele>
        <time>2024-12-10T10:25:12.000Z</time>
        <extensions>
          <ns3:TrackPointExtension>
            <ns3:atemp>23.0</ns3:atemp>
            <ns3:hr>158</ns3:hr>
          </ns3:TrackPointExtension>
        </extensions>
      </trkpt>
      <trkpt lat="22.58527639321982860565185546875" lon="114.301176108419895172119140625">
        <ele>188.1999969482421875</ele>
        <time>2024-12-10T10:25:13.000Z</time>
        <extensions>
          <ns3:TrackPointExtension>
            <ns3:atemp>23.0</ns3:atemp>
            <ns3:hr>158</ns3:hr>
          </ns3:TrackPointExtension>
        </extensions>
      </trkpt>
      <trkpt lat="22.585232555866241455078125" lon="114.30116579867899417877197265625">
        <ele>188.399993896484375</ele>
        <time>2024-12-10T10:25:14.000Z</time>
        <extensions>
          <ns3:TrackPointExtension>
            <ns3:atemp>23.0</ns3:atemp>
            <ns3:hr>158</ns3:hr>
          </ns3:TrackPointExtension>
        </extensions>
      </trkpt>
      <trkpt lat="22.58519173599779605865478515625" lon="114.301153309643268585205078125">
        <ele>188.600006103515625</ele>
        <time>2024-12-10T10:25:15.000Z</time>
        <extensions>
          <ns3:TrackPointExtension>
            <ns3:atemp>23.0</ns3:atemp>
            <ns3:hr>159</ns3:hr>
          </ns3:TrackPointExtension>
        </extensions>
      </trkpt>
      <trkpt lat="22.58515485562384128570556640625" lon="114.3011326901614665985107421875">
        <ele>188.8000030517578125</ele>
        <time>2024-12-10T10:25:16.000Z</time>
        <extensions>
          <ns3:TrackPointExtension>
            <ns3:atemp>23.0</ns3:atemp>
            <ns3:hr>159</ns3:hr>
          </ns3:TrackPointExtension>
        </extensions>
      </trkpt>
      <trkpt lat="22.5851266086101531982421875" lon="114.3011125735938549041748046875">
        <ele>189</ele>
        <time>2024-12-10T10:25:17.000Z</time>
        <extensions>
          <ns3:TrackPointExtension>
            <ns3:atemp>23.0</ns3:atemp>
            <ns3:hr>159</ns3:hr>
          </ns3:TrackPointExtension>
        </extensions>
      </trkpt>
      <trkpt lat="22.58509819395840167999267578125" lon="114.301090277731418609619140625">
        <ele>189.1999969482421875</ele>
        <time>2024-12-10T10:25:18.000Z</time>
        <extensions>
          <ns3:TrackPointExtension>
            <ns3:atemp>23.0</ns3:atemp>
            <ns3:hr>159</ns3:hr>
          </ns3:TrackPointExtension>
        </extensions>
      </trkpt>
      <trkpt lat="22.58507254533469676971435546875" lon="114.30106270126998424530029296875">
        <ele>189.399993896484375</ele>
        <time>2024-12-10T10:25:19.000Z</time>
        <extensions>
          <ns3:TrackPointExtension>
            <ns3:atemp>23.0</ns3:atemp>
            <ns3:hr>159</ns3:hr>
          </ns3:TrackPointExtension>
        </extensions>
      </trkpt>
      <trkpt lat="22.5850510038435459136962890625" lon="114.30103386752307415008544921875">
        <ele>189.600006103515625</ele>
        <time>2024-12-10T10:25:20.000Z</time>
        <extensions>
          <ns3:TrackPointExtension>
            <ns3:atemp>23.0</ns3:atemp>
            <ns3:hr>159</ns3:hr>
          </ns3:TrackPointExtension>
        </extensions>
      </trkpt>
      <trkpt lat="22.5850312225520610809326171875" lon="114.3010019324719905853271484375">
        <ele>189.8000030517578125</ele>
        <time>2024-12-10T10:25:21.000Z</time>
        <extensions>
          <ns3:TrackPointExtension>
            <ns3:atemp>23.0</ns3:atemp>
            <ns3:hr>158</ns3:hr>
          </ns3:TrackPointExtension>
        </extensions>
      </trkpt>
      <trkpt lat="22.58501387201249599456787109375" lon="114.3009730987250804901123046875">
        <ele>190</ele>
        <time>2024-12-10T10:25:22.000Z</time>
        <extensions>
          <ns3:TrackPointExtension>
            <ns3:atemp>23.0</ns3:atemp>
            <ns3:hr>159</ns3:hr>
          </ns3:TrackPointExtension>
        </extensions>
      </trkpt>
      <trkpt lat="22.58499157615005970001220703125" lon="114.30093814618885517120361328125">
        <ele>190.1999969482421875</ele>
        <time>2024-12-10T10:25:23.000Z</time>
        <extensions>
          <ns3:TrackPointExtension>
            <ns3:atemp>23.0</ns3:atemp>
            <ns3:hr>159</ns3:hr>
          </ns3:TrackPointExtension>
        </extensions>
      </trkpt>
      <trkpt lat="22.58497397415339946746826171875" lon="114.30090042762458324432373046875">
        <ele>190.399993896484375</ele>
        <time>2024-12-10T10:25:24.000Z</time>
        <extensions>
          <ns3:TrackPointExtension>
            <ns3:atemp>23.0</ns3:atemp>
            <ns3:hr>159</ns3:hr>
          </ns3:TrackPointExtension>
        </extensions>
      </trkpt>
      <trkpt lat="22.58496408350765705108642578125" lon="114.30086421780288219451904296875">
        <ele>190.600006103515625</ele>
        <time>2024-12-10T10:25:25.000Z</time>
        <extensions>
          <ns3:TrackPointExtension>
            <ns3:atemp>23.0</ns3:atemp>
            <ns3:hr>159</ns3:hr>
          </ns3:TrackPointExtension>
        </extensions>
      </trkpt>
      <trkpt lat="22.58495804853737354278564453125" lon="114.30082901380956172943115234375">
        <ele>190.8000030517578125</ele>
        <time>2024-12-10T10:25:26.000Z</time>
        <extensions>
          <ns3:TrackPointExtension>
            <ns3:atemp>23.0</ns3:atemp>
            <ns3:hr>160</ns3:hr>
          </ns3:TrackPointExtension>
        </extensions>
      </trkpt>
      <trkpt lat="22.5849534384906291961669921875" lon="114.30079095996916294097900390625">
        <ele>191</ele>
        <time>2024-12-10T10:25:27.000Z</time>
        <extensions>
          <ns3:TrackPointExtension>
            <ns3:atemp>23.0</ns3:atemp>
            <ns3:hr>159</ns3:hr>
          </ns3:TrackPointExtension>
        </extensions>
      </trkpt>
      <trkpt lat="22.58495318703353404998779296875" lon="114.30075357668101787567138671875">
        <ele>191</ele>
        <time>2024-12-10T10:25:28.000Z</time>
        <extensions>
          <ns3:TrackPointExtension>
            <ns3:atemp>23.0</ns3:atemp>
            <ns3:hr>159</ns3:hr>
          </ns3:TrackPointExtension>
        </extensions>
      </trkpt>
      <trkpt lat="22.58495402522385120391845703125" lon="114.300716109573841094970703125">
        <ele>191.1999969482421875</ele>
        <time>2024-12-10T10:25:29.000Z</time>
        <extensions>
          <ns3:TrackPointExtension>
            <ns3:atemp>23.0</ns3:atemp>
            <ns3:hr>160</ns3:hr>
          </ns3:TrackPointExtension>
        </extensions>
      </trkpt>
      <trkpt lat="22.584953941404819488525390625" lon="114.3006757088005542755126953125">
        <ele>191.1999969482421875</ele>
        <time>2024-12-10T10:25:30.000Z</time>
        <extensions>
          <ns3:TrackPointExtension>
            <ns3:atemp>23.0</ns3:atemp>
            <ns3:hr>160</ns3:hr>
          </ns3:TrackPointExtension>
        </extensions>
      </trkpt>
      <trkpt lat="22.584956623613834381103515625" lon="114.30063053034245967864990234375">
        <ele>191.1999969482421875</ele>
        <time>2024-12-10T10:25:31.000Z</time>
        <extensions>
          <ns3:TrackPointExtension>
            <ns3:atemp>23.0</ns3:atemp>
            <ns3:hr>159</ns3:hr>
          </ns3:TrackPointExtension>
        </extensions>
      </trkpt>
      <trkpt lat="22.5849618203938007354736328125" lon="114.3005848489701747894287109375">
        <ele>191.1999969482421875</ele>
        <time>2024-12-10T10:25:32.000Z</time>
        <extensions>
          <ns3:TrackPointExtension>
            <ns3:atemp>23.0</ns3:atemp>
            <ns3:hr>159</ns3:hr>
          </ns3:TrackPointExtension>
        </extensions>
      </trkpt>
      <trkpt lat="22.5849715434014797210693359375" lon="114.3005335517227649688720703125">
        <ele>191.1999969482421875</ele>
        <time>2024-12-10T10:25:33.000Z</time>
        <extensions>
          <ns3:TrackPointExtension>
            <ns3:atemp>23.0</ns3:atemp>
            <ns3:hr>159</ns3:hr>
          </ns3:TrackPointExtension>
        </extensions>
      </trkpt>
      <trkpt lat="22.584982775151729583740234375" lon="114.30049004964530467987060546875">
        <ele>191</ele>
        <time>2024-12-10T10:25:34.000Z</time>
        <extensions>
          <ns3:TrackPointExtension>
            <ns3:atemp>23.0</ns3:atemp>
            <ns3:hr>159</ns3:hr>
          </ns3:TrackPointExtension>
        </extensions>
      </trkpt>
      <trkpt lat="22.5849943421781063079833984375" lon="114.3004457093775272369384765625">
        <ele>191</ele>
        <time>2024-12-10T10:25:35.000Z</time>
        <extensions>
          <ns3:TrackPointExtension>
            <ns3:atemp>23.0</ns3:atemp>
            <ns3:hr>158</ns3:hr>
          </ns3:TrackPointExtension>
        </extensions>
      </trkpt>
      <trkpt lat="22.58500716648995876312255859375" lon="114.30040388368070125579833984375">
        <ele>191</ele>
        <time>2024-12-10T10:25:36.000Z</time>
        <extensions>
          <ns3:TrackPointExtension>
            <ns3:atemp>23.0</ns3:atemp>
            <ns3:hr>157</ns3:hr>
          </ns3:TrackPointExtension>
        </extensions>
      </trkpt>
      <trkpt lat="22.58501806296408176422119140625" lon="114.30036297999322414398193359375">
        <ele>191</ele>
        <time>2024-12-10T10:25:37.000Z</time>
        <extensions>
          <ns3:TrackPointExtension>
            <ns3:atemp>23.0</ns3:atemp>
            <ns3:hr>157</ns3:hr>
          </ns3:TrackPointExtension>
        </extensions>
      </trkpt>
      <trkpt lat="22.58502845652401447296142578125" lon="114.30031788535416126251220703125">
        <ele>190.8000030517578125</ele>
        <time>2024-12-10T10:25:38.000Z</time>
        <extensions>
          <ns3:TrackPointExtension>
            <ns3:atemp>23.0</ns3:atemp>
            <ns3:hr>157</ns3:hr>
          </ns3:TrackPointExtension>
        </extensions>
      </trkpt>
      <trkpt lat="22.585039101541042327880859375" lon="114.3002720363438129425048828125">
        <ele>190.8000030517578125</ele>
        <time>2024-12-10T10:25:39.000Z</time>
        <extensions>
          <ns3:TrackPointExtension>
            <ns3:atemp>23.0</ns3:atemp>
            <ns3:hr>156</ns3:hr>
          </ns3:TrackPointExtension>
        </extensions>
      </trkpt>
      <trkpt lat="22.58504924364387989044189453125" lon="114.30021193809807300567626953125">
        <ele>190.600006103515625</ele>
        <time>2024-12-10T10:25:40.000Z</time>
        <extensions>
          <ns3:TrackPointExtension>
            <ns3:atemp>23.0</ns3:atemp>
            <ns3:hr>156</ns3:hr>
          </ns3:TrackPointExtension>
        </extensions>
      </trkpt>
      <trkpt lat="22.5850600562989711761474609375" lon="114.30014605633914470672607421875">
        <ele>190.399993896484375</ele>
        <time>2024-12-10T10:25:41.000Z</time>
        <extensions>
          <ns3:TrackPointExtension>
            <ns3:atemp>23.0</ns3:atemp>
            <ns3:hr>155</ns3:hr>
          </ns3:TrackPointExtension>
        </extensions>
      </trkpt>
      <trkpt lat="22.5850701145827770233154296875" lon="114.30008084513247013092041015625">
        <ele>190.399993896484375</ele>
        <time>2024-12-10T10:25:42.000Z</time>
        <extensions>
          <ns3:TrackPointExtension>
            <ns3:atemp>23.0</ns3:atemp>
            <ns3:hr>154</ns3:hr>
          </ns3:TrackPointExtension>
        </extensions>
      </trkpt>
      <trkpt lat="22.585080675780773162841796875" lon="114.30001697503030300140380859375">
        <ele>190.1999969482421875</ele>
        <time>2024-12-10T10:25:43.000Z</time>
        <extensions>
          <ns3:TrackPointExtension>
            <ns3:atemp>23.0</ns3:atemp>
            <ns3:hr>153</ns3:hr>
          </ns3:TrackPointExtension>
        </extensions>
      </trkpt>
      <trkpt lat="22.58509081788361072540283203125" lon="114.29995327256619930267333984375">
        <ele>190</ele>
        <time>2024-12-10T10:25:44.000Z</time>
        <extensions>
          <ns3:TrackPointExtension>
            <ns3:atemp>23.0</ns3:atemp>
            <ns3:hr>152</ns3:hr>
          </ns3:TrackPointExtension>
        </extensions>
      </trkpt>
      <trkpt lat="22.58510087616741657257080078125" lon="114.2998878099024295806884765625">
        <ele>189.8000030517578125</ele>
        <time>2024-12-10T10:25:45.000Z</time>
        <extensions>
          <ns3:TrackPointExtension>
            <ns3:atemp>23.0</ns3:atemp>
            <ns3:hr>152</ns3:hr>
          </ns3:TrackPointExtension>
        </extensions>
      </trkpt>
      <trkpt lat="22.58511009626090526580810546875" lon="114.29982301779091358184814453125">
        <ele>189.8000030517578125</ele>
        <time>2024-12-10T10:25:46.000Z</time>
        <extensions>
          <ns3:TrackPointExtension>
            <ns3:atemp>23.0</ns3:atemp>
            <ns3:hr>151</ns3:hr>
          </ns3:TrackPointExtension>
        </extensions>
      </trkpt>
      <trkpt lat="22.58512065745890140533447265625" lon="114.29975596256554126739501953125">
        <ele>189.399993896484375</ele>
        <time>2024-12-10T10:25:47.000Z</time>
        <extensions>
          <ns3:TrackPointExtension>
            <ns3:atemp>23.0</ns3:atemp>
            <ns3:hr>151</ns3:hr>
          </ns3:TrackPointExtension>
        </extensions>
      </trkpt>
      <trkpt lat="22.5851321406662464141845703125" lon="114.2996842972934246063232421875">
        <ele>189.1999969482421875</ele>
        <time>2024-12-10T10:25:48.000Z</time>
        <extensions>
          <ns3:TrackPointExtension>
            <ns3:atemp>23.0</ns3:atemp>
            <ns3:hr>150</ns3:hr>
          </ns3:TrackPointExtension>
        </extensions>
      </trkpt>
      <trkpt lat="22.585141360759735107421875" lon="114.29960978217422962188720703125">
        <ele>188.8000030517578125</ele>
        <time>2024-12-10T10:25:49.000Z</time>
        <extensions>
          <ns3:TrackPointExtension>
            <ns3:atemp>23.0</ns3:atemp>
            <ns3:hr>149</ns3:hr>
          </ns3:TrackPointExtension>
        </extensions>
      </trkpt>
      <trkpt lat="22.58514412678778171539306640625" lon="114.29953048937022686004638671875">
        <ele>188.600006103515625</ele>
        <time>2024-12-10T10:25:50.000Z</time>
        <extensions>
          <ns3:TrackPointExtension>
            <ns3:atemp>23.0</ns3:atemp>
            <ns3:hr>149</ns3:hr>
          </ns3:TrackPointExtension>
        </extensions>
      </trkpt>
      <trkpt lat="22.58514144457876682281494140625" lon="114.29944817908108234405517578125">
        <ele>187.8000030517578125</ele>
        <time>2024-12-10T10:25:51.000Z</time>
        <extensions>
          <ns3:TrackPointExtension>
            <ns3:atemp>23.0</ns3:atemp>
            <ns3:hr>149</ns3:hr>
          </ns3:TrackPointExtension>
        </extensions>
      </trkpt>
      <trkpt lat="22.58513666689395904541015625" lon="114.29936536587774753570556640625">
        <ele>187.399993896484375</ele>
        <time>2024-12-10T10:25:52.000Z</time>
        <extensions>
          <ns3:TrackPointExtension>
            <ns3:atemp>23.0</ns3:atemp>
            <ns3:hr>148</ns3:hr>
          </ns3:TrackPointExtension>
        </extensions>
      </trkpt>
      <trkpt lat="22.58513457141816616058349609375" lon="114.299280457198619842529296875">
        <ele>186.1999969482421875</ele>
        <time>2024-12-10T10:25:53.000Z</time>
        <extensions>
          <ns3:TrackPointExtension>
            <ns3:atemp>23.0</ns3:atemp>
            <ns3:hr>149</ns3:hr>
          </ns3:TrackPointExtension>
        </extensions>
      </trkpt>
      <trkpt lat="22.58513406850397586822509765625" lon="114.29918934591114521026611328125">
        <ele>186</ele>
        <time>2024-12-10T10:25:54.000Z</time>
        <extensions>
          <ns3:TrackPointExtension>
            <ns3:atemp>23.0</ns3:atemp>
            <ns3:hr>148</ns3:hr>
          </ns3:TrackPointExtension>
        </extensions>
      </trkpt>
      <trkpt lat="22.5851378403604030609130859375" lon="114.29909664206206798553466796875">
        <ele>185</ele>
        <time>2024-12-10T10:25:55.000Z</time>
        <extensions>
          <ns3:TrackPointExtension>
            <ns3:atemp>23.0</ns3:atemp>
            <ns3:hr>148</ns3:hr>
          </ns3:TrackPointExtension>
        </extensions>
      </trkpt>
      <trkpt lat="22.58515133522450923919677734375" lon="114.29900578223168849945068359375">
        <ele>184.399993896484375</ele>
        <time>2024-12-10T10:25:56.000Z</time>
        <extensions>
          <ns3:TrackPointExtension>
            <ns3:atemp>23.0</ns3:atemp>
            <ns3:hr>149</ns3:hr>
          </ns3:TrackPointExtension>
        </extensions>
      </trkpt>
      <trkpt lat="22.585177905857563018798828125" lon="114.29891525767743587493896484375">
        <ele>184</ele>
        <time>2024-12-10T10:25:57.000Z</time>
        <extensions>
          <ns3:TrackPointExtension>
            <ns3:atemp>23.0</ns3:atemp>
            <ns3:hr>146</ns3:hr>
          </ns3:TrackPointExtension>
        </extensions>
      </trkpt>
      <trkpt lat="22.5852243416011333465576171875" lon="114.29883596487343311309814453125">
        <ele>183.600006103515625</ele>
        <time>2024-12-10T10:25:58.000Z</time>
        <extensions>
          <ns3:TrackPointExtension>
            <ns3:atemp>23.0</ns3:atemp>
            <ns3:hr>145</ns3:hr>
          </ns3:TrackPointExtension>
        </extensions>
      </trkpt>
      <trkpt lat="22.58527756668627262115478515625" lon="114.298762790858745574951171875">
        <ele>182.600006103515625</ele>
        <time>2024-12-10T10:25:59.000Z</time>
        <extensions>
          <ns3:TrackPointExtension>
            <ns3:atemp>23.0</ns3:atemp>
            <ns3:hr>144</ns3:hr>
          </ns3:TrackPointExtension>
        </extensions>
      </trkpt>
      <trkpt lat="22.585342861711978912353515625" lon="114.29869498126208782196044921875">
        <ele>182</ele>
        <time>2024-12-10T10:26:00.000Z</time>
        <extensions>
          <ns3:TrackPointExtension>
            <ns3:atemp>23.0</ns3:atemp>
            <ns3:hr>144</ns3:hr>
          </ns3:TrackPointExtension>
        </extensions>
      </trkpt>
      <trkpt lat="22.58541083894670009613037109375" lon="114.2986263334751129150390625">
        <ele>181.1999969482421875</ele>
        <time>2024-12-10T10:26:01.000Z</time>
        <extensions>
          <ns3:TrackPointExtension>
            <ns3:atemp>23.0</ns3:atemp>
            <ns3:hr>143</ns3:hr>
          </ns3:TrackPointExtension>
        </extensions>
      </trkpt>
      <trkpt lat="22.585473954677581787109375" lon="114.29855098016560077667236328125">
        <ele>180.399993896484375</ele>
        <time>2024-12-10T10:26:02.000Z</time>
        <extensions>
          <ns3:TrackPointExtension>
            <ns3:atemp>23.0</ns3:atemp>
            <ns3:hr>142</ns3:hr>
          </ns3:TrackPointExtension>
        </extensions>
      </trkpt>
      <trkpt lat="22.585531957447528839111328125" lon="114.29847017861902713775634765625">
        <ele>179.600006103515625</ele>
        <time>2024-12-10T10:26:03.000Z</time>
        <extensions>
          <ns3:TrackPointExtension>
            <ns3:atemp>23.0</ns3:atemp>
            <ns3:hr>141</ns3:hr>
          </ns3:TrackPointExtension>
        </extensions>
      </trkpt>
      <trkpt lat="22.5855820812284946441650390625" lon="114.29838149808347225189208984375">
        <ele>179.399993896484375</ele>
        <time>2024-12-10T10:26:04.000Z</time>
        <extensions>
          <ns3:TrackPointExtension>
            <ns3:atemp>23.0</ns3:atemp>
            <ns3:hr>140</ns3:hr>
          </ns3:TrackPointExtension>
        </extensions>
      </trkpt>
      <trkpt lat="22.5856260024011135101318359375" lon="114.29829030297696590423583984375">
        <ele>179.1999969482421875</ele>
        <time>2024-12-10T10:26:05.000Z</time>
        <extensions>
          <ns3:TrackPointExtension>
            <ns3:atemp>23.0</ns3:atemp>
            <ns3:hr>138</ns3:hr>
          </ns3:TrackPointExtension>
        </extensions>
      </trkpt>
      <trkpt lat="22.58566263131797313690185546875" lon="114.29820195771753787994384765625">
        <ele>179.1999969482421875</ele>
        <time>2024-12-10T10:26:06.000Z</time>
        <extensions>
          <ns3:TrackPointExtension>
            <ns3:atemp>23.0</ns3:atemp>
            <ns3:hr>137</ns3:hr>
          </ns3:TrackPointExtension>
        </extensions>
      </trkpt>
      <trkpt lat="22.5856980867683887481689453125" lon="114.2981175519526004791259765625">
        <ele>179.1999969482421875</ele>
        <time>2024-12-10T10:26:07.000Z</time>
        <extensions>
          <ns3:TrackPointExtension>
            <ns3:atemp>23.0</ns3:atemp>
            <ns3:hr>135</ns3:hr>
          </ns3:TrackPointExtension>
        </extensions>
      </trkpt>
      <trkpt lat="22.58573119528591632843017578125" lon="114.29803901351988315582275390625">
        <ele>179.1999969482421875</ele>
        <time>2024-12-10T10:26:08.000Z</time>
        <extensions>
          <ns3:TrackPointExtension>
            <ns3:atemp>23.0</ns3:atemp>
            <ns3:hr>134</ns3:hr>
          </ns3:TrackPointExtension>
        </extensions>
      </trkpt>
      <trkpt lat="22.58576237596571445465087890625" lon="114.2979576252400875091552734375">
        <ele>179.1999969482421875</ele>
        <time>2024-12-10T10:26:09.000Z</time>
        <extensions>
          <ns3:TrackPointExtension>
            <ns3:atemp>22.0</ns3:atemp>
            <ns3:hr>132</ns3:hr>
          </ns3:TrackPointExtension>
        </extensions>
      </trkpt>
      <trkpt lat="22.5857926346361637115478515625" lon="114.29788193665444850921630859375">
        <ele>179.1999969482421875</ele>
        <time>2024-12-10T10:26:10.000Z</time>
        <extensions>
          <ns3:TrackPointExtension>
            <ns3:atemp>23.0</ns3:atemp>
            <ns3:hr>131</ns3:hr>
          </ns3:TrackPointExtension>
        </extensions>
      </trkpt>
      <trkpt lat="22.585821636021137237548828125" lon="114.2978055775165557861328125">
        <ele>179.600006103515625</ele>
        <time>2024-12-10T10:26:11.000Z</time>
        <extensions>
          <ns3:TrackPointExtension>
            <ns3:atemp>23.0</ns3:atemp>
            <ns3:hr>130</ns3:hr>
          </ns3:TrackPointExtension>
        </extensions>
      </trkpt>
      <trkpt lat="22.585840411484241485595703125" lon="114.29772938601672649383544921875">
        <ele>179.600006103515625</ele>
        <time>2024-12-10T10:26:12.000Z</time>
        <extensions>
          <ns3:TrackPointExtension>
            <ns3:atemp>22.0</ns3:atemp>
            <ns3:hr>130</ns3:hr>
          </ns3:TrackPointExtension>
        </extensions>
      </trkpt>
      <trkpt lat="22.5858508050441741943359375" lon="114.29765612818300724029541015625">
        <ele>179.8000030517578125</ele>
        <time>2024-12-10T10:26:13.000Z</time>
        <extensions>
          <ns3:TrackPointExtension>
            <ns3:atemp>23.0</ns3:atemp>
            <ns3:hr>130</ns3:hr>
          </ns3:TrackPointExtension>
        </extensions>
      </trkpt>
      <trkpt lat="22.58585424162447452545166015625" lon="114.2975824512541294097900390625">
        <ele>180</ele>
        <time>2024-12-10T10:26:14.000Z</time>
        <extensions>
          <ns3:TrackPointExtension>
            <ns3:atemp>22.0</ns3:atemp>
            <ns3:hr>130</ns3:hr>
          </ns3:TrackPointExtension>
        </extensions>
      </trkpt>
      <trkpt lat="22.58585189469158649444580078125" lon="114.29750760085880756378173828125">
        <ele>180.1999969482421875</ele>
        <time>2024-12-10T10:26:15.000Z</time>
        <extensions>
          <ns3:TrackPointExtension>
            <ns3:atemp>22.0</ns3:atemp>
            <ns3:hr>130</ns3:hr>
          </ns3:TrackPointExtension>
        </extensions>
      </trkpt>
      <trkpt lat="22.58585105650126934051513671875" lon="114.29743610322475433349609375">
        <ele>180.399993896484375</ele>
        <time>2024-12-10T10:26:16.000Z</time>
        <extensions>
          <ns3:TrackPointExtension>
            <ns3:atemp>22.0</ns3:atemp>
            <ns3:hr>130</ns3:hr>
          </ns3:TrackPointExtension>
        </extensions>
      </trkpt>
      <trkpt lat="22.58584418334066867828369140625" lon="114.29735488258302211761474609375">
        <ele>180.399993896484375</ele>
        <time>2024-12-10T10:26:17.000Z</time>
        <extensions>
          <ns3:TrackPointExtension>
            <ns3:atemp>22.0</ns3:atemp>
            <ns3:hr>130</ns3:hr>
          </ns3:TrackPointExtension>
        </extensions>
      </trkpt>
      <trkpt lat="22.58583529852330684661865234375" lon="114.29728011600673198699951171875">
        <ele>180.600006103515625</ele>
        <time>2024-12-10T10:26:18.000Z</time>
        <extensions>
          <ns3:TrackPointExtension>
            <ns3:atemp>23.0</ns3:atemp>
            <ns3:hr>130</ns3:hr>
          </ns3:TrackPointExtension>
        </extensions>
      </trkpt>
      <trkpt lat="22.5858298502862453460693359375" lon="114.29720685817301273345947265625">
        <ele>180.600006103515625</ele>
        <time>2024-12-10T10:26:19.000Z</time>
        <extensions>
          <ns3:TrackPointExtension>
            <ns3:atemp>22.0</ns3:atemp>
            <ns3:hr>130</ns3:hr>
          </ns3:TrackPointExtension>
        </extensions>
      </trkpt>
      <trkpt lat="22.58582306094467639923095703125" lon="114.297132007777690887451171875">
        <ele>180.600006103515625</ele>
        <time>2024-12-10T10:26:20.000Z</time>
        <extensions>
          <ns3:TrackPointExtension>
            <ns3:atemp>22.0</ns3:atemp>
            <ns3:hr>130</ns3:hr>
          </ns3:TrackPointExtension>
        </extensions>
      </trkpt>
      <trkpt lat="22.58581669069826602935791015625" lon="114.29705782793462276458740234375">
        <ele>180.600006103515625</ele>
        <time>2024-12-10T10:26:21.000Z</time>
        <extensions>
          <ns3:TrackPointExtension>
            <ns3:atemp>22.0</ns3:atemp>
            <ns3:hr>130</ns3:hr>
          </ns3:TrackPointExtension>
        </extensions>
      </trkpt>
      <trkpt lat="22.5858124159276485443115234375" lon="114.29697618819773197174072265625">
        <ele>180.600006103515625</ele>
        <time>2024-12-10T10:26:22.000Z</time>
        <extensions>
          <ns3:TrackPointExtension>
            <ns3:atemp>22.0</ns3:atemp>
            <ns3:hr>130</ns3:hr>
          </ns3:TrackPointExtension>
        </extensions>
      </trkpt>
      <trkpt lat="22.58582255803048610687255859375" lon="114.2969004996120929718017578125">
        <ele>180.600006103515625</ele>
        <time>2024-12-10T10:26:23.000Z</time>
        <extensions>
          <ns3:TrackPointExtension>
            <ns3:atemp>22.0</ns3:atemp>
            <ns3:hr>129</ns3:hr>
          </ns3:TrackPointExtension>
        </extensions>
      </trkpt>
      <trkpt lat="22.58583613671362400054931640625" lon="114.2968223802745342254638671875">
        <ele>180.8000030517578125</ele>
        <time>2024-12-10T10:26:24.000Z</time>
        <extensions>
          <ns3:TrackPointExtension>
            <ns3:atemp>22.0</ns3:atemp>
            <ns3:hr>129</ns3:hr>
          </ns3:TrackPointExtension>
        </extensions>
      </trkpt>
      <trkpt lat="22.585854828357696533203125" lon="114.296747781336307525634765625">
        <ele>180.8000030517578125</ele>
        <time>2024-12-10T10:26:25.000Z</time>
        <extensions>
          <ns3:TrackPointExtension>
            <ns3:atemp>22.0</ns3:atemp>
            <ns3:hr>128</ns3:hr>
          </ns3:TrackPointExtension>
        </extensions>
      </trkpt>
      <trkpt lat="22.58587318472564220428466796875" lon="114.29667645134031772613525390625">
        <ele>180.8000030517578125</ele>
        <time>2024-12-10T10:26:26.000Z</time>
        <extensions>
          <ns3:TrackPointExtension>
            <ns3:atemp>22.0</ns3:atemp>
            <ns3:hr>128</ns3:hr>
          </ns3:TrackPointExtension>
        </extensions>
      </trkpt>
      <trkpt lat="22.58589229546487331390380859375" lon="114.29660486988723278045654296875">
        <ele>180.8000030517578125</ele>
        <time>2024-12-10T10:26:27.000Z</time>
        <extensions>
          <ns3:TrackPointExtension>
            <ns3:atemp>22.0</ns3:atemp>
            <ns3:hr>128</ns3:hr>
          </ns3:TrackPointExtension>
        </extensions>
      </trkpt>
      <trkpt lat="22.585913836956024169921875" lon="114.2965333722531795501708984375">
        <ele>180.8000030517578125</ele>
        <time>2024-12-10T10:26:28.000Z</time>
        <extensions>
          <ns3:TrackPointExtension>
            <ns3:atemp>22.0</ns3:atemp>
            <ns3:hr>128</ns3:hr>
          </ns3:TrackPointExtension>
        </extensions>
      </trkpt>
      <trkpt lat="22.585936300456523895263671875" lon="114.29646053351461887359619140625">
        <ele>180.8000030517578125</ele>
        <time>2024-12-10T10:26:29.000Z</time>
        <extensions>
          <ns3:TrackPointExtension>
            <ns3:atemp>22.0</ns3:atemp>
            <ns3:hr>128</ns3:hr>
          </ns3:TrackPointExtension>
        </extensions>
      </trkpt>
      <trkpt lat="22.5859607756137847900390625" lon="114.296388365328311920166015625">
        <ele>180.8000030517578125</ele>
        <time>2024-12-10T10:26:30.000Z</time>
        <extensions>
          <ns3:TrackPointExtension>
            <ns3:atemp>22.0</ns3:atemp>
            <ns3:hr>128</ns3:hr>
          </ns3:TrackPointExtension>
        </extensions>
      </trkpt>
      <trkpt lat="22.58598533459007740020751953125" lon="114.29631493985652923583984375">
        <ele>180.8000030517578125</ele>
        <time>2024-12-10T10:26:31.000Z</time>
        <extensions>
          <ns3:TrackPointExtension>
            <ns3:atemp>22.0</ns3:atemp>
            <ns3:hr>128</ns3:hr>
          </ns3:TrackPointExtension>
        </extensions>
      </trkpt>
      <trkpt lat="22.586010396480560302734375" lon="114.296240843832492828369140625">
        <ele>180.600006103515625</ele>
        <time>2024-12-10T10:26:32.000Z</time>
        <extensions>
          <ns3:TrackPointExtension>
            <ns3:atemp>22.0</ns3:atemp>
            <ns3:hr>128</ns3:hr>
          </ns3:TrackPointExtension>
        </extensions>
      </trkpt>
      <trkpt lat="22.58603277616202831268310546875" lon="114.296169094741344451904296875">
        <ele>180.600006103515625</ele>
        <time>2024-12-10T10:26:33.000Z</time>
        <extensions>
          <ns3:TrackPointExtension>
            <ns3:atemp>22.0</ns3:atemp>
            <ns3:hr>127</ns3:hr>
          </ns3:TrackPointExtension>
        </extensions>
      </trkpt>
      <trkpt lat="22.58605523966252803802490234375" lon="114.29609860293567180633544921875">
        <ele>180.600006103515625</ele>
        <time>2024-12-10T10:26:34.000Z</time>
        <extensions>
          <ns3:TrackPointExtension>
            <ns3:atemp>22.0</ns3:atemp>
            <ns3:hr>128</ns3:hr>
          </ns3:TrackPointExtension>
        </extensions>
      </trkpt>
      <trkpt lat="22.5860787928104400634765625" lon="114.296026937663555145263671875">
        <ele>180.600006103515625</ele>
        <time>2024-12-10T10:26:35.000Z</time>
        <extensions>
          <ns3:TrackPointExtension>
            <ns3:atemp>22.0</ns3:atemp>
            <ns3:hr>127</ns3:hr>
          </ns3:TrackPointExtension>
        </extensions>
      </trkpt>
      <trkpt lat="22.586102597415447235107421875" lon="114.2959563620388507843017578125">
        <ele>180.600006103515625</ele>
        <time>2024-12-10T10:26:36.000Z</time>
        <extensions>
          <ns3:TrackPointExtension>
            <ns3:atemp>22.0</ns3:atemp>
            <ns3:hr>127</ns3:hr>
          </ns3:TrackPointExtension>
        </extensions>
      </trkpt>
      <trkpt lat="22.58612732402980327606201171875" lon="114.295886792242527008056640625">
        <ele>180.399993896484375</ele>
        <time>2024-12-10T10:26:37.000Z</time>
        <extensions>
          <ns3:TrackPointExtension>
            <ns3:atemp>22.0</ns3:atemp>
            <ns3:hr>127</ns3:hr>
          </ns3:TrackPointExtension>
        </extensions>
      </trkpt>
      <trkpt lat="22.5861537270247936248779296875" lon="114.2958182282745838165283203125">
        <ele>180.1999969482421875</ele>
        <time>2024-12-10T10:26:38.000Z</time>
        <extensions>
          <ns3:TrackPointExtension>
            <ns3:atemp>22.0</ns3:atemp>
            <ns3:hr>127</ns3:hr>
          </ns3:TrackPointExtension>
        </extensions>
      </trkpt>
      <trkpt lat="22.5861825607717037200927734375" lon="114.295746646821498870849609375">
        <ele>180</ele>
        <time>2024-12-10T10:26:39.000Z</time>
        <extensions>
          <ns3:TrackPointExtension>
            <ns3:atemp>22.0</ns3:atemp>
            <ns3:hr>127</ns3:hr>
          </ns3:TrackPointExtension>
        </extensions>
      </trkpt>
      <trkpt lat="22.586211226880550384521484375" lon="114.29567389190196990966796875">
        <ele>180</ele>
        <time>2024-12-10T10:26:40.000Z</time>
        <extensions>
          <ns3:TrackPointExtension>
            <ns3:atemp>22.0</ns3:atemp>
            <ns3:hr>127</ns3:hr>
          </ns3:TrackPointExtension>
        </extensions>
      </trkpt>
      <trkpt lat="22.58624047972261905670166015625" lon="114.29560340009629726409912109375">
        <ele>179.8000030517578125</ele>
        <time>2024-12-10T10:26:41.000Z</time>
        <extensions>
          <ns3:TrackPointExtension>
            <ns3:atemp>22.0</ns3:atemp>
            <ns3:hr>126</ns3:hr>
          </ns3:TrackPointExtension>
        </extensions>
      </trkpt>
      <trkpt lat="22.58626855909824371337890625" lon="114.2955319024622440338134765625">
        <ele>179.399993896484375</ele>
        <time>2024-12-10T10:26:42.000Z</time>
        <extensions>
          <ns3:TrackPointExtension>
            <ns3:atemp>22.0</ns3:atemp>
            <ns3:hr>126</ns3:hr>
          </ns3:TrackPointExtension>
        </extensions>
      </trkpt>
      <trkpt lat="22.58628959767520427703857421875" lon="114.29545587860047817230224609375">
        <ele>179.399993896484375</ele>
        <time>2024-12-10T10:26:43.000Z</time>
        <extensions>
          <ns3:TrackPointExtension>
            <ns3:atemp>22.0</ns3:atemp>
            <ns3:hr>126</ns3:hr>
          </ns3:TrackPointExtension>
        </extensions>
      </trkpt>
      <trkpt lat="22.5863039307296276092529296875" lon="114.2953806929290294647216796875">
        <ele>179.1999969482421875</ele>
        <time>2024-12-10T10:26:44.000Z</time>
        <extensions>
          <ns3:TrackPointExtension>
            <ns3:atemp>22.0</ns3:atemp>
            <ns3:hr>124</ns3:hr>
          </ns3:TrackPointExtension>
        </extensions>
      </trkpt>
      <trkpt lat="22.58631105534732341766357421875" lon="114.29530466906726360321044921875">
        <ele>178.8000030517578125</ele>
        <time>2024-12-10T10:26:45.000Z</time>
        <extensions>
          <ns3:TrackPointExtension>
            <ns3:atemp>22.0</ns3:atemp>
            <ns3:hr>123</ns3:hr>
          </ns3:TrackPointExtension>
        </extensions>
      </trkpt>
      <trkpt lat="22.58630904369056224822998046875" lon="114.2952268011868000030517578125">
        <ele>178.8000030517578125</ele>
        <time>2024-12-10T10:26:46.000Z</time>
        <extensions>
          <ns3:TrackPointExtension>
            <ns3:atemp>22.0</ns3:atemp>
            <ns3:hr>122</ns3:hr>
          </ns3:TrackPointExtension>
        </extensions>
      </trkpt>
      <trkpt lat="22.586300410330295562744140625" lon="114.2951530404388904571533203125">
        <ele>178.399993896484375</ele>
        <time>2024-12-10T10:26:47.000Z</time>
        <extensions>
          <ns3:TrackPointExtension>
            <ns3:atemp>22.0</ns3:atemp>
            <ns3:hr>123</ns3:hr>
          </ns3:TrackPointExtension>
        </extensions>
      </trkpt>
      <trkpt lat="22.58629026822745800018310546875" lon="114.29508321918547153472900390625">
        <ele>178.1999969482421875</ele>
        <time>2024-12-10T10:26:48.000Z</time>
        <extensions>
          <ns3:TrackPointExtension>
            <ns3:atemp>22.0</ns3:atemp>
            <ns3:hr>123</ns3:hr>
          </ns3:TrackPointExtension>
        </extensions>
      </trkpt>
      <trkpt lat="22.58627803064882755279541015625" lon="114.29500845260918140411376953125">
        <ele>178</ele>
        <time>2024-12-10T10:26:49.000Z</time>
        <extensions>
          <ns3:TrackPointExtension>
            <ns3:atemp>22.0</ns3:atemp>
            <ns3:hr>123</ns3:hr>
          </ns3:TrackPointExtension>
        </extensions>
      </trkpt>
      <trkpt lat="22.58626512251794338226318359375" lon="114.294928573071956634521484375">
        <ele>177.8000030517578125</ele>
        <time>2024-12-10T10:26:50.000Z</time>
        <extensions>
          <ns3:TrackPointExtension>
            <ns3:atemp>22.0</ns3:atemp>
            <ns3:hr>123</ns3:hr>
          </ns3:TrackPointExtension>
        </extensions>
      </trkpt>
      <trkpt lat="22.58625204674899578094482421875" lon="114.29484450258314609527587890625">
        <ele>177.600006103515625</ele>
        <time>2024-12-10T10:26:51.000Z</time>
        <extensions>
          <ns3:TrackPointExtension>
            <ns3:atemp>22.0</ns3:atemp>
            <ns3:hr>123</ns3:hr>
          </ns3:TrackPointExtension>
        </extensions>
      </trkpt>
      <trkpt lat="22.5862338580191135406494140625" lon="114.2947604320943355560302734375">
        <ele>177.399993896484375</ele>
        <time>2024-12-10T10:26:52.000Z</time>
        <extensions>
          <ns3:TrackPointExtension>
            <ns3:atemp>22.0</ns3:atemp>
            <ns3:hr>123</ns3:hr>
          </ns3:TrackPointExtension>
        </extensions>
      </trkpt>
      <trkpt lat="22.58621298708021640777587890625" lon="114.2946796305477619171142578125">
        <ele>177.1999969482421875</ele>
        <time>2024-12-10T10:26:53.000Z</time>
        <extensions>
          <ns3:TrackPointExtension>
            <ns3:atemp>22.0</ns3:atemp>
            <ns3:hr>123</ns3:hr>
          </ns3:TrackPointExtension>
        </extensions>
      </trkpt>
      <trkpt lat="22.5861860811710357666015625" lon="114.294604696333408355712890625">
        <ele>177</ele>
        <time>2024-12-10T10:26:54.000Z</time>
        <extensions>
          <ns3:TrackPointExtension>
            <ns3:atemp>22.0</ns3:atemp>
            <ns3:hr>123</ns3:hr>
          </ns3:TrackPointExtension>
        </extensions>
      </trkpt>
      <trkpt lat="22.5861543975770473480224609375" lon="114.2945321090519428253173828125">
        <ele>176.1999969482421875</ele>
        <time>2024-12-10T10:26:55.000Z</time>
        <extensions>
          <ns3:TrackPointExtension>
            <ns3:atemp>22.0</ns3:atemp>
            <ns3:hr>122</ns3:hr>
          </ns3:TrackPointExtension>
        </extensions>
      </trkpt>
      <trkpt lat="22.5861181877553462982177734375" lon="114.29446781985461711883544921875">
        <ele>176.1999969482421875</ele>
        <time>2024-12-10T10:26:56.000Z</time>
        <extensions>
          <ns3:TrackPointExtension>
            <ns3:atemp>22.0</ns3:atemp>
            <ns3:hr>122</ns3:hr>
          </ns3:TrackPointExtension>
        </extensions>
      </trkpt>
      <trkpt lat="22.5860809721052646636962890625" lon="114.29441048763692378997802734375">
        <ele>176.1999969482421875</ele>
        <time>2024-12-10T10:26:57.000Z</time>
        <extensions>
          <ns3:TrackPointExtension>
            <ns3:atemp>22.0</ns3:atemp>
            <ns3:hr>122</ns3:hr>
          </ns3:TrackPointExtension>
        </extensions>
      </trkpt>
      <trkpt lat="22.5860336981713771820068359375" lon="114.29435650818049907684326171875">
        <ele>176.1999969482421875</ele>
        <time>2024-12-10T10:26:58.000Z</time>
        <extensions>
          <ns3:TrackPointExtension>
            <ns3:atemp>22.0</ns3:atemp>
            <ns3:hr>122</ns3:hr>
          </ns3:TrackPointExtension>
        </extensions>
      </trkpt>
      <trkpt lat="22.58598533459007740020751953125" lon="114.2943114973604679107666015625">
        <ele>176.1999969482421875</ele>
        <time>2024-12-10T10:26:59.000Z</time>
        <extensions>
          <ns3:TrackPointExtension>
            <ns3:atemp>22.0</ns3:atemp>
            <ns3:hr>122</ns3:hr>
          </ns3:TrackPointExtension>
        </extensions>
      </trkpt>
      <trkpt lat="22.58593462407588958740234375" lon="114.2942669056355953216552734375">
        <ele>176.399993896484375</ele>
        <time>2024-12-10T10:27:00.000Z</time>
        <extensions>
          <ns3:TrackPointExtension>
            <ns3:atemp>22.0</ns3:atemp>
            <ns3:hr>122</ns3:hr>
          </ns3:TrackPointExtension>
        </extensions>
      </trkpt>
      <trkpt lat="22.5858777947723865509033203125" lon="114.29421485401690006256103515625">
        <ele>176.600006103515625</ele>
        <time>2024-12-10T10:27:01.000Z</time>
        <extensions>
          <ns3:TrackPointExtension>
            <ns3:atemp>22.0</ns3:atemp>
            <ns3:hr>123</ns3:hr>
          </ns3:TrackPointExtension>
        </extensions>
      </trkpt>
      <trkpt lat="22.58582876063883304595947265625" lon="114.29416649043560028076171875">
        <ele>176.8000030517578125</ele>
        <time>2024-12-10T10:27:02.000Z</time>
        <extensions>
          <ns3:TrackPointExtension>
            <ns3:atemp>22.0</ns3:atemp>
            <ns3:hr>123</ns3:hr>
          </ns3:TrackPointExtension>
        </extensions>
      </trkpt>
      <trkpt lat="22.58578567765653133392333984375" lon="114.294117875397205352783203125">
        <ele>177</ele>
        <time>2024-12-10T10:27:03.000Z</time>
        <extensions>
          <ns3:TrackPointExtension>
            <ns3:atemp>22.0</ns3:atemp>
            <ns3:hr>123</ns3:hr>
          </ns3:TrackPointExtension>
        </extensions>
      </trkpt>
      <trkpt lat="22.58574594743549823760986328125" lon="114.29406213574111461639404296875">
        <ele>177.600006103515625</ele>
        <time>2024-12-10T10:27:04.000Z</time>
        <extensions>
          <ns3:TrackPointExtension>
            <ns3:atemp>22.0</ns3:atemp>
            <ns3:hr>123</ns3:hr>
          </ns3:TrackPointExtension>
        </extensions>
      </trkpt>
      <trkpt lat="22.58571342565119266510009765625" lon="114.294003210961818695068359375">
        <ele>177.8000030517578125</ele>
        <time>2024-12-10T10:27:05.000Z</time>
        <extensions>
          <ns3:TrackPointExtension>
            <ns3:atemp>22.0</ns3:atemp>
            <ns3:hr>123</ns3:hr>
          </ns3:TrackPointExtension>
        </extensions>
      </trkpt>
      <trkpt lat="22.5856917165219783782958984375" lon="114.29394311271607875823974609375">
        <ele>178.1999969482421875</ele>
        <time>2024-12-10T10:27:06.000Z</time>
        <extensions>
          <ns3:TrackPointExtension>
            <ns3:atemp>22.0</ns3:atemp>
            <ns3:hr>123</ns3:hr>
          </ns3:TrackPointExtension>
        </extensions>
      </trkpt>
      <trkpt lat="22.5856759585440158843994140625" lon="114.29388510994613170623779296875">
        <ele>178.600006103515625</ele>
        <time>2024-12-10T10:27:07.000Z</time>
        <extensions>
          <ns3:TrackPointExtension>
            <ns3:atemp>22.0</ns3:atemp>
            <ns3:hr>121</ns3:hr>
          </ns3:TrackPointExtension>
        </extensions>
      </trkpt>
      <trkpt lat="22.58566564880311489105224609375" lon="114.2938263528048992156982421875">
        <ele>178.8000030517578125</ele>
        <time>2024-12-10T10:27:08.000Z</time>
        <extensions>
          <ns3:TrackPointExtension>
            <ns3:atemp>22.0</ns3:atemp>
            <ns3:hr>120</ns3:hr>
          </ns3:TrackPointExtension>
        </extensions>
      </trkpt>
      <trkpt lat="22.58565944619476795196533203125" lon="114.2937661707401275634765625">
        <ele>179.1999969482421875</ele>
        <time>2024-12-10T10:27:09.000Z</time>
        <extensions>
          <ns3:TrackPointExtension>
            <ns3:atemp>22.0</ns3:atemp>
            <ns3:hr>120</ns3:hr>
          </ns3:TrackPointExtension>
        </extensions>
      </trkpt>
      <trkpt lat="22.58565693162381649017333984375" lon="114.29371009580790996551513671875">
        <ele>179.399993896484375</ele>
        <time>2024-12-10T10:27:10.000Z</time>
        <extensions>
          <ns3:TrackPointExtension>
            <ns3:atemp>22.0</ns3:atemp>
            <ns3:hr>120</ns3:hr>
          </ns3:TrackPointExtension>
        </extensions>
      </trkpt>
      <trkpt lat="22.58566464297473430633544921875" lon="114.29365360178053379058837890625">
        <ele>179.8000030517578125</ele>
        <time>2024-12-10T10:27:11.000Z</time>
        <extensions>
          <ns3:TrackPointExtension>
            <ns3:atemp>22.0</ns3:atemp>
            <ns3:hr>121</ns3:hr>
          </ns3:TrackPointExtension>
        </extensions>
      </trkpt>
      <trkpt lat="22.58568274788558483123779296875" lon="114.2935956828296184539794921875">
        <ele>180</ele>
        <time>2024-12-10T10:27:12.000Z</time>
        <extensions>
          <ns3:TrackPointExtension>
            <ns3:atemp>22.0</ns3:atemp>
            <ns3:hr>121</ns3:hr>
          </ns3:TrackPointExtension>
        </extensions>
      </trkpt>
      <trkpt lat="22.5857071392238140106201171875" lon="114.29354078136384487152099609375">
        <ele>180</ele>
        <time>2024-12-10T10:27:13.000Z</time>
        <extensions>
          <ns3:TrackPointExtension>
            <ns3:atemp>22.0</ns3:atemp>
            <ns3:hr>122</ns3:hr>
          </ns3:TrackPointExtension>
        </extensions>
      </trkpt>
      <trkpt lat="22.5857386551797389984130859375" lon="114.29348520934581756591796875">
        <ele>180</ele>
        <time>2024-12-10T10:27:14.000Z</time>
        <extensions>
          <ns3:TrackPointExtension>
            <ns3:atemp>22.0</ns3:atemp>
            <ns3:hr>122</ns3:hr>
          </ns3:TrackPointExtension>
        </extensions>
      </trkpt>
      <trkpt lat="22.585776709020137786865234375" lon="114.2934334091842174530029296875">
        <ele>180</ele>
        <time>2024-12-10T10:27:15.000Z</time>
        <extensions>
          <ns3:TrackPointExtension>
            <ns3:atemp>22.0</ns3:atemp>
            <ns3:hr>122</ns3:hr>
          </ns3:TrackPointExtension>
        </extensions>
      </trkpt>
      <trkpt lat="22.58581660687923431396484375" lon="114.2933807708323001861572265625">
        <ele>180</ele>
        <time>2024-12-10T10:27:16.000Z</time>
        <extensions>
          <ns3:TrackPointExtension>
            <ns3:atemp>22.0</ns3:atemp>
            <ns3:hr>123</ns3:hr>
          </ns3:TrackPointExtension>
        </extensions>
      </trkpt>
      <trkpt lat="22.58586061187088489532470703125" lon="114.29332888685166835784912109375">
        <ele>179.8000030517578125</ele>
        <time>2024-12-10T10:27:17.000Z</time>
        <extensions>
          <ns3:TrackPointExtension>
            <ns3:atemp>22.0</ns3:atemp>
            <ns3:hr>123</ns3:hr>
          </ns3:TrackPointExtension>
        </extensions>
      </trkpt>
      <trkpt lat="22.585906125605106353759765625" lon="114.29327507503330707550048828125">
        <ele>179.1999969482421875</ele>
        <time>2024-12-10T10:27:18.000Z</time>
        <extensions>
          <ns3:TrackPointExtension>
            <ns3:atemp>22.0</ns3:atemp>
            <ns3:hr>123</ns3:hr>
          </ns3:TrackPointExtension>
        </extensions>
      </trkpt>
      <trkpt lat="22.5859565846621990203857421875" lon="114.29321656934916973114013671875">
        <ele>178.8000030517578125</ele>
        <time>2024-12-10T10:27:19.000Z</time>
        <extensions>
          <ns3:TrackPointExtension>
            <ns3:atemp>22.0</ns3:atemp>
            <ns3:hr>123</ns3:hr>
          </ns3:TrackPointExtension>
        </extensions>
      </trkpt>
      <trkpt lat="22.5860072113573551177978515625" lon="114.2931574769318103790283203125">
        <ele>178.1999969482421875</ele>
        <time>2024-12-10T10:27:20.000Z</time>
        <extensions>
          <ns3:TrackPointExtension>
            <ns3:atemp>22.0</ns3:atemp>
            <ns3:hr>123</ns3:hr>
          </ns3:TrackPointExtension>
        </extensions>
      </trkpt>
      <trkpt lat="22.5860608555376529693603515625" lon="114.29309302009642124176025390625">
        <ele>177.8000030517578125</ele>
        <time>2024-12-10T10:27:21.000Z</time>
        <extensions>
          <ns3:TrackPointExtension>
            <ns3:atemp>22.0</ns3:atemp>
            <ns3:hr>123</ns3:hr>
          </ns3:TrackPointExtension>
        </extensions>
      </trkpt>
      <trkpt lat="22.58611567318439483642578125" lon="114.29302479140460491180419921875">
        <ele>177.1999969482421875</ele>
        <time>2024-12-10T10:27:22.000Z</time>
        <extensions>
          <ns3:TrackPointExtension>
            <ns3:atemp>22.0</ns3:atemp>
            <ns3:hr>123</ns3:hr>
          </ns3:TrackPointExtension>
        </extensions>
      </trkpt>
      <trkpt lat="22.58617334067821502685546875" lon="114.292955808341503143310546875">
        <ele>176.8000030517578125</ele>
        <time>2024-12-10T10:27:23.000Z</time>
        <extensions>
          <ns3:TrackPointExtension>
            <ns3:atemp>22.0</ns3:atemp>
            <ns3:hr>122</ns3:hr>
          </ns3:TrackPointExtension>
        </extensions>
      </trkpt>
      <trkpt lat="22.58623343892395496368408203125" lon="114.2928842268884181976318359375">
        <ele>175.399993896484375</ele>
        <time>2024-12-10T10:27:24.000Z</time>
        <extensions>
          <ns3:TrackPointExtension>
            <ns3:atemp>22.0</ns3:atemp>
            <ns3:hr>123</ns3:hr>
          </ns3:TrackPointExtension>
        </extensions>
      </trkpt>
      <trkpt lat="22.58629580028355121612548828125" lon="114.292809627950191497802734375">
        <ele>174.399993896484375</ele>
        <time>2024-12-10T10:27:25.000Z</time>
        <extensions>
          <ns3:TrackPointExtension>
            <ns3:atemp>22.0</ns3:atemp>
            <ns3:hr>123</ns3:hr>
          </ns3:TrackPointExtension>
        </extensions>
      </trkpt>
      <trkpt lat="22.58635983802378177642822265625" lon="114.29273578338325023651123046875">
        <ele>174</ele>
        <time>2024-12-10T10:27:26.000Z</time>
        <extensions>
          <ns3:TrackPointExtension>
            <ns3:atemp>22.0</ns3:atemp>
            <ns3:hr>123</ns3:hr>
          </ns3:TrackPointExtension>
        </extensions>
      </trkpt>
      <trkpt lat="22.58642404340207576751708984375" lon="114.29266034625470638275146484375">
        <ele>173.399993896484375</ele>
        <time>2024-12-10T10:27:27.000Z</time>
        <extensions>
          <ns3:TrackPointExtension>
            <ns3:atemp>22.0</ns3:atemp>
            <ns3:hr>123</ns3:hr>
          </ns3:TrackPointExtension>
        </extensions>
      </trkpt>
      <trkpt lat="22.58649386465549468994140625" lon="114.292574264109134674072265625">
        <ele>172.1999969482421875</ele>
        <time>2024-12-10T10:27:28.000Z</time>
        <extensions>
          <ns3:TrackPointExtension>
            <ns3:atemp>22.0</ns3:atemp>
            <ns3:hr>122</ns3:hr>
          </ns3:TrackPointExtension>
        </extensions>
      </trkpt>
      <trkpt lat="22.58656385354697704315185546875" lon="114.29248231463134288787841796875">
        <ele>170.8000030517578125</ele>
        <time>2024-12-10T10:27:29.000Z</time>
        <extensions>
          <ns3:TrackPointExtension>
            <ns3:atemp>22.0</ns3:atemp>
            <ns3:hr>122</ns3:hr>
          </ns3:TrackPointExtension>
        </extensions>
      </trkpt>
      <trkpt lat="22.58662889711558818817138671875" lon="114.292383156716823577880859375">
        <ele>170.1999969482421875</ele>
        <time>2024-12-10T10:27:30.000Z</time>
        <extensions>
          <ns3:TrackPointExtension>
            <ns3:atemp>22.0</ns3:atemp>
            <ns3:hr>122</ns3:hr>
          </ns3:TrackPointExtension>
        </extensions>
      </trkpt>
      <trkpt lat="22.5866837985813617706298828125" lon="114.29227352142333984375">
        <ele>169</ele>
        <time>2024-12-10T10:27:31.000Z</time>
        <extensions>
          <ns3:TrackPointExtension>
            <ns3:atemp>22.0</ns3:atemp>
            <ns3:hr>123</ns3:hr>
          </ns3:TrackPointExtension>
        </extensions>
      </trkpt>
      <trkpt lat="22.58672989904880523681640625" lon="114.29215089417994022369384765625">
        <ele>167.600006103515625</ele>
        <time>2024-12-10T10:27:32.000Z</time>
        <extensions>
          <ns3:TrackPointExtension>
            <ns3:atemp>22.0</ns3:atemp>
            <ns3:hr>123</ns3:hr>
          </ns3:TrackPointExtension>
        </extensions>
      </trkpt>
      <trkpt lat="22.58676200173795223236083984375" lon="114.29202550090849399566650390625">
        <ele>167.1999969482421875</ele>
        <time>2024-12-10T10:27:33.000Z</time>
        <extensions>
          <ns3:TrackPointExtension>
            <ns3:atemp>22.0</ns3:atemp>
            <ns3:hr>124</ns3:hr>
          </ns3:TrackPointExtension>
        </extensions>
      </trkpt>
      <trkpt lat="22.58678379468619823455810546875" lon="114.29190496914088726043701171875">
        <ele>166.600006103515625</ele>
        <time>2024-12-10T10:27:34.000Z</time>
        <extensions>
          <ns3:TrackPointExtension>
            <ns3:atemp>22.0</ns3:atemp>
            <ns3:hr>124</ns3:hr>
          </ns3:TrackPointExtension>
        </extensions>
      </trkpt>
      <trkpt lat="22.58679720573127269744873046875" lon="114.29179030470550060272216796875">
        <ele>166.399993896484375</ele>
        <time>2024-12-10T10:27:35.000Z</time>
        <extensions>
          <ns3:TrackPointExtension>
            <ns3:atemp>22.0</ns3:atemp>
            <ns3:hr>123</ns3:hr>
          </ns3:TrackPointExtension>
        </extensions>
      </trkpt>
      <trkpt lat="22.5868065096437931060791015625" lon="114.29168167524039745330810546875">
        <ele>166</ele>
        <time>2024-12-10T10:27:36.000Z</time>
        <extensions>
          <ns3:TrackPointExtension>
            <ns3:atemp>22.0</ns3:atemp>
            <ns3:hr>123</ns3:hr>
          </ns3:TrackPointExtension>
        </extensions>
      </trkpt>
      <trkpt lat="22.5868145562708377838134765625" lon="114.29157145321369171142578125">
        <ele>165.600006103515625</ele>
        <time>2024-12-10T10:27:37.000Z</time>
        <extensions>
          <ns3:TrackPointExtension>
            <ns3:atemp>22.0</ns3:atemp>
            <ns3:hr>122</ns3:hr>
          </ns3:TrackPointExtension>
        </extensions>
      </trkpt>
      <trkpt lat="22.586817406117916107177734375" lon="114.29145745933055877685546875">
        <ele>165.600006103515625</ele>
        <time>2024-12-10T10:27:38.000Z</time>
        <extensions>
          <ns3:TrackPointExtension>
            <ns3:atemp>22.0</ns3:atemp>
            <ns3:hr>122</ns3:hr>
          </ns3:TrackPointExtension>
        </extensions>
      </trkpt>
      <trkpt lat="22.58682637475430965423583984375" lon="114.29135285317897796630859375">
        <ele>165.600006103515625</ele>
        <time>2024-12-10T10:27:39.000Z</time>
        <extensions>
          <ns3:TrackPointExtension>
            <ns3:atemp>22.0</ns3:atemp>
            <ns3:hr>121</ns3:hr>
          </ns3:TrackPointExtension>
        </extensions>
      </trkpt>
      <trkpt lat="22.586838863790035247802734375" lon="114.29125872440636157989501953125">
        <ele>165.600006103515625</ele>
        <time>2024-12-10T10:27:40.000Z</time>
        <extensions>
          <ns3:TrackPointExtension>
            <ns3:atemp>22.0</ns3:atemp>
            <ns3:hr>121</ns3:hr>
          </ns3:TrackPointExtension>
        </extensions>
      </trkpt>
      <trkpt lat="22.5868504308164119720458984375" lon="114.2911612428724765777587890625">
        <ele>165.600006103515625</ele>
        <time>2024-12-10T10:27:41.000Z</time>
        <extensions>
          <ns3:TrackPointExtension>
            <ns3:atemp>22.0</ns3:atemp>
            <ns3:hr>121</ns3:hr>
          </ns3:TrackPointExtension>
        </extensions>
      </trkpt>
      <trkpt lat="22.5868651829659938812255859375" lon="114.29106476716697216033935546875">
        <ele>165.600006103515625</ele>
        <time>2024-12-10T10:27:42.000Z</time>
        <extensions>
          <ns3:TrackPointExtension>
            <ns3:atemp>22.0</ns3:atemp>
            <ns3:hr>122</ns3:hr>
          </ns3:TrackPointExtension>
        </extensions>
      </trkpt>
      <trkpt lat="22.5868826173245906829833984375" lon="114.29096938110888004302978515625">
        <ele>166.1999969482421875</ele>
        <time>2024-12-10T10:27:43.000Z</time>
        <extensions>
          <ns3:TrackPointExtension>
            <ns3:atemp>22.0</ns3:atemp>
            <ns3:hr>121</ns3:hr>
          </ns3:TrackPointExtension>
        </extensions>
      </trkpt>
      <trkpt lat="22.5869010575115680694580078125" lon="114.29087650962173938751220703125">
        <ele>166.600006103515625</ele>
        <time>2024-12-10T10:27:44.000Z</time>
        <extensions>
          <ns3:TrackPointExtension>
            <ns3:atemp>22.0</ns3:atemp>
            <ns3:hr>120</ns3:hr>
          </ns3:TrackPointExtension>
        </extensions>
      </trkpt>
      <trkpt lat="22.5869215093553066253662109375" lon="114.29078246466815471649169921875">
        <ele>166.600006103515625</ele>
        <time>2024-12-10T10:27:45.000Z</time>
        <extensions>
          <ns3:TrackPointExtension>
            <ns3:atemp>22.0</ns3:atemp>
            <ns3:hr>119</ns3:hr>
          </ns3:TrackPointExtension>
        </extensions>
      </trkpt>
      <trkpt lat="22.58694087155163288116455078125" lon="114.29068992845714092254638671875">
        <ele>166.600006103515625</ele>
        <time>2024-12-10T10:27:46.000Z</time>
        <extensions>
          <ns3:TrackPointExtension>
            <ns3:atemp>22.0</ns3:atemp>
            <ns3:hr>119</ns3:hr>
          </ns3:TrackPointExtension>
        </extensions>
      </trkpt>
      <trkpt lat="22.58696115575730800628662109375" lon="114.2905989848077297210693359375">
        <ele>166.399993896484375</ele>
        <time>2024-12-10T10:27:47.000Z</time>
        <extensions>
          <ns3:TrackPointExtension>
            <ns3:atemp>22.0</ns3:atemp>
            <ns3:hr>119</ns3:hr>
          </ns3:TrackPointExtension>
        </extensions>
      </trkpt>
      <trkpt lat="22.58698328398168087005615234375" lon="114.2905067838728427886962890625">
        <ele>166.1999969482421875</ele>
        <time>2024-12-10T10:27:48.000Z</time>
        <extensions>
          <ns3:TrackPointExtension>
            <ns3:atemp>22.0</ns3:atemp>
            <ns3:hr>119</ns3:hr>
          </ns3:TrackPointExtension>
        </extensions>
      </trkpt>
      <trkpt lat="22.5870059989392757415771484375" lon="114.29041634313762187957763671875">
        <ele>165.8000030517578125</ele>
        <time>2024-12-10T10:27:49.000Z</time>
        <extensions>
          <ns3:TrackPointExtension>
            <ns3:atemp>22.0</ns3:atemp>
            <ns3:hr>119</ns3:hr>
          </ns3:TrackPointExtension>
        </extensions>
      </trkpt>
      <trkpt lat="22.58703122846782207489013671875" lon="114.29032531566917896270751953125">
        <ele>165.600006103515625</ele>
        <time>2024-12-10T10:27:50.000Z</time>
        <extensions>
          <ns3:TrackPointExtension>
            <ns3:atemp>22.0</ns3:atemp>
            <ns3:hr>119</ns3:hr>
          </ns3:TrackPointExtension>
        </extensions>
      </trkpt>
      <trkpt lat="22.58705939166247844696044921875" lon="114.290235377848148345947265625">
        <ele>165.1999969482421875</ele>
        <time>2024-12-10T10:27:51.000Z</time>
        <extensions>
          <ns3:TrackPointExtension>
            <ns3:atemp>22.0</ns3:atemp>
            <ns3:hr>119</ns3:hr>
          </ns3:TrackPointExtension>
        </extensions>
      </trkpt>
      <trkpt lat="22.58708805777132511138916015625" lon="114.2901470325887203216552734375">
        <ele>165.1999969482421875</ele>
        <time>2024-12-10T10:27:52.000Z</time>
        <extensions>
          <ns3:TrackPointExtension>
            <ns3:atemp>22.0</ns3:atemp>
            <ns3:hr>119</ns3:hr>
          </ns3:TrackPointExtension>
        </extensions>
      </trkpt>
      <trkpt lat="22.58711772970855236053466796875" lon="114.2900608666241168975830078125">
        <ele>165.1999969482421875</ele>
        <time>2024-12-10T10:27:53.000Z</time>
        <extensions>
          <ns3:TrackPointExtension>
            <ns3:atemp>22.0</ns3:atemp>
            <ns3:hr>118</ns3:hr>
          </ns3:TrackPointExtension>
        </extensions>
      </trkpt>
      <trkpt lat="22.58714622817933559417724609375" lon="114.2899807356297969818115234375">
        <ele>165</ele>
        <time>2024-12-10T10:27:54.000Z</time>
        <extensions>
          <ns3:TrackPointExtension>
            <ns3:atemp>22.0</ns3:atemp>
            <ns3:hr>118</ns3:hr>
          </ns3:TrackPointExtension>
        </extensions>
      </trkpt>
      <trkpt lat="22.58717522956430912017822265625" lon="114.2898935638368129730224609375">
        <ele>165</ele>
        <time>2024-12-10T10:27:55.000Z</time>
        <extensions>
          <ns3:TrackPointExtension>
            <ns3:atemp>22.0</ns3:atemp>
            <ns3:hr>117</ns3:hr>
          </ns3:TrackPointExtension>
        </extensions>
      </trkpt>
      <trkpt lat="22.5872021354734897613525390625" lon="114.28981083445250988006591796875">
        <ele>165</ele>
        <time>2024-12-10T10:27:56.000Z</time>
        <extensions>
          <ns3:TrackPointExtension>
            <ns3:atemp>22.0</ns3:atemp>
            <ns3:hr>116</ns3:hr>
          </ns3:TrackPointExtension>
        </extensions>
      </trkpt>
      <trkpt lat="22.58722971193492412567138671875" lon="114.28973145782947540283203125">
        <ele>165</ele>
        <time>2024-12-10T10:27:57.000Z</time>
        <extensions>
          <ns3:TrackPointExtension>
            <ns3:atemp>22.0</ns3:atemp>
            <ns3:hr>115</ns3:hr>
          </ns3:TrackPointExtension>
        </extensions>
      </trkpt>
      <trkpt lat="22.5872571207582950592041015625" lon="114.28965208120644092559814453125">
        <ele>165</ele>
        <time>2024-12-10T10:27:58.000Z</time>
        <extensions>
          <ns3:TrackPointExtension>
            <ns3:atemp>22.0</ns3:atemp>
            <ns3:hr>114</ns3:hr>
          </ns3:TrackPointExtension>
        </extensions>
      </trkpt>
      <trkpt lat="22.5872849486768245697021484375" lon="114.28956960327923297882080078125">
        <ele>165</ele>
        <time>2024-12-10T10:27:59.000Z</time>
        <extensions>
          <ns3:TrackPointExtension>
            <ns3:atemp>22.0</ns3:atemp>
            <ns3:hr>113</ns3:hr>
          </ns3:TrackPointExtension>
        </extensions>
      </trkpt>
      <trkpt lat="22.58731336332857608795166015625" lon="114.28948896937072277069091796875">
        <ele>165</ele>
        <time>2024-12-10T10:28:00.000Z</time>
        <extensions>
          <ns3:TrackPointExtension>
            <ns3:atemp>22.0</ns3:atemp>
            <ns3:hr>113</ns3:hr>
          </ns3:TrackPointExtension>
        </extensions>
      </trkpt>
      <trkpt lat="22.58734052069485187530517578125" lon="114.28941286168992519378662109375">
        <ele>165.1999969482421875</ele>
        <time>2024-12-10T10:28:01.000Z</time>
        <extensions>
          <ns3:TrackPointExtension>
            <ns3:atemp>22.0</ns3:atemp>
            <ns3:hr>114</ns3:hr>
          </ns3:TrackPointExtension>
        </extensions>
      </trkpt>
      <trkpt lat="22.58736818097531795501708984375" lon="114.2893373407423496246337890625">
        <ele>165.399993896484375</ele>
        <time>2024-12-10T10:28:02.000Z</time>
        <extensions>
          <ns3:TrackPointExtension>
            <ns3:atemp>22.0</ns3:atemp>
            <ns3:hr>114</ns3:hr>
          </ns3:TrackPointExtension>
        </extensions>
      </trkpt>
      <trkpt lat="22.58739600889384746551513671875" lon="114.28926399908959865570068359375">
        <ele>165.600006103515625</ele>
        <time>2024-12-10T10:28:03.000Z</time>
        <extensions>
          <ns3:TrackPointExtension>
            <ns3:atemp>22.0</ns3:atemp>
            <ns3:hr>115</ns3:hr>
          </ns3:TrackPointExtension>
        </extensions>
      </trkpt>
      <trkpt lat="22.58742417208850383758544921875" lon="114.289193339645862579345703125">
        <ele>165.8000030517578125</ele>
        <time>2024-12-10T10:28:04.000Z</time>
        <extensions>
          <ns3:TrackPointExtension>
            <ns3:atemp>22.0</ns3:atemp>
            <ns3:hr>115</ns3:hr>
          </ns3:TrackPointExtension>
        </extensions>
      </trkpt>
      <trkpt lat="22.587448060512542724609375" lon="114.2891205847263336181640625">
        <ele>166</ele>
        <time>2024-12-10T10:28:05.000Z</time>
        <extensions>
          <ns3:TrackPointExtension>
            <ns3:atemp>22.0</ns3:atemp>
            <ns3:hr>116</ns3:hr>
          </ns3:TrackPointExtension>
        </extensions>
      </trkpt>
      <trkpt lat="22.587469518184661865234375" lon="114.28904925473034381866455078125">
        <ele>166.1999969482421875</ele>
        <time>2024-12-10T10:28:06.000Z</time>
        <extensions>
          <ns3:TrackPointExtension>
            <ns3:atemp>22.0</ns3:atemp>
            <ns3:hr>116</ns3:hr>
          </ns3:TrackPointExtension>
        </extensions>
      </trkpt>
      <trkpt lat="22.58749256841838359832763671875" lon="114.28897851146757602691650390625">
        <ele>166.399993896484375</ele>
        <time>2024-12-10T10:28:07.000Z</time>
        <extensions>
          <ns3:TrackPointExtension>
            <ns3:atemp>22.0</ns3:atemp>
            <ns3:hr>117</ns3:hr>
          </ns3:TrackPointExtension>
        </extensions>
      </trkpt>
      <trkpt lat="22.5875176303088665008544921875" lon="114.2889115400612354278564453125">
        <ele>166.600006103515625</ele>
        <time>2024-12-10T10:28:08.000Z</time>
        <extensions>
          <ns3:TrackPointExtension>
            <ns3:atemp>22.0</ns3:atemp>
            <ns3:hr>117</ns3:hr>
          </ns3:TrackPointExtension>
        </extensions>
      </trkpt>
      <trkpt lat="22.58754068054258823394775390625" lon="114.2888478375971317291259765625">
        <ele>167</ele>
        <time>2024-12-10T10:28:09.000Z</time>
        <extensions>
          <ns3:TrackPointExtension>
            <ns3:atemp>22.0</ns3:atemp>
            <ns3:hr>117</ns3:hr>
          </ns3:TrackPointExtension>
        </extensions>
      </trkpt>
      <trkpt lat="22.587557695806026458740234375" lon="114.2887864820659160614013671875">
        <ele>167.1999969482421875</ele>
        <time>2024-12-10T10:28:10.000Z</time>
        <extensions>
          <ns3:TrackPointExtension>
            <ns3:atemp>22.0</ns3:atemp>
            <ns3:hr>118</ns3:hr>
          </ns3:TrackPointExtension>
        </extensions>
      </trkpt>
      <trkpt lat="22.5875727832317352294921875" lon="114.2887221090495586395263671875">
        <ele>167.1999969482421875</ele>
        <time>2024-12-10T10:28:11.000Z</time>
        <extensions>
          <ns3:TrackPointExtension>
            <ns3:atemp>22.0</ns3:atemp>
            <ns3:hr>118</ns3:hr>
          </ns3:TrackPointExtension>
        </extensions>
      </trkpt>
      <trkpt lat="22.587583176791667938232421875" lon="114.28865723311901092529296875">
        <ele>167.600006103515625</ele>
        <time>2024-12-10T10:28:12.000Z</time>
        <extensions>
          <ns3:TrackPointExtension>
            <ns3:atemp>22.0</ns3:atemp>
            <ns3:hr>118</ns3:hr>
          </ns3:TrackPointExtension>
        </extensions>
      </trkpt>
      <trkpt lat="22.58759197778999805450439453125" lon="114.288589172065258026123046875">
        <ele>167.8000030517578125</ele>
        <time>2024-12-10T10:28:13.000Z</time>
        <extensions>
          <ns3:TrackPointExtension>
            <ns3:atemp>22.0</ns3:atemp>
            <ns3:hr>119</ns3:hr>
          </ns3:TrackPointExtension>
        </extensions>
      </trkpt>
      <trkpt lat="22.5876031257212162017822265625" lon="114.28851817734539508819580078125">
        <ele>168.1999969482421875</ele>
        <time>2024-12-10T10:28:14.000Z</time>
        <extensions>
          <ns3:TrackPointExtension>
            <ns3:atemp>22.0</ns3:atemp>
            <ns3:hr>119</ns3:hr>
          </ns3:TrackPointExtension>
        </extensions>
      </trkpt>
      <trkpt lat="22.5876183807849884033203125" lon="114.288451708853244781494140625">
        <ele>168.1999969482421875</ele>
        <time>2024-12-10T10:28:15.000Z</time>
        <extensions>
          <ns3:TrackPointExtension>
            <ns3:atemp>22.0</ns3:atemp>
            <ns3:hr>119</ns3:hr>
          </ns3:TrackPointExtension>
        </extensions>
      </trkpt>
      <trkpt lat="22.58763237856328487396240234375" lon="114.28838507272303104400634765625">
        <ele>168.1999969482421875</ele>
        <time>2024-12-10T10:28:16.000Z</time>
        <extensions>
          <ns3:TrackPointExtension>
            <ns3:atemp>22.0</ns3:atemp>
            <ns3:hr>119</ns3:hr>
          </ns3:TrackPointExtension>
        </extensions>
      </trkpt>
      <trkpt lat="22.58764377795159816741943359375" lon="114.28831701166927814483642578125">
        <ele>168.1999969482421875</ele>
        <time>2024-12-10T10:28:17.000Z</time>
        <extensions>
          <ns3:TrackPointExtension>
            <ns3:atemp>22.0</ns3:atemp>
            <ns3:hr>120</ns3:hr>
          </ns3:TrackPointExtension>
        </extensions>
      </trkpt>
      <trkpt lat="22.58765215985476970672607421875" lon="114.288244508206844329833984375">
        <ele>168.1999969482421875</ele>
        <time>2024-12-10T10:28:18.000Z</time>
        <extensions>
          <ns3:TrackPointExtension>
            <ns3:atemp>22.0</ns3:atemp>
            <ns3:hr>120</ns3:hr>
          </ns3:TrackPointExtension>
        </extensions>
      </trkpt>
      <trkpt lat="22.587659619748592376708984375" lon="114.28816580213606357574462890625">
        <ele>167.600006103515625</ele>
        <time>2024-12-10T10:28:19.000Z</time>
        <extensions>
          <ns3:TrackPointExtension>
            <ns3:atemp>22.0</ns3:atemp>
            <ns3:hr>120</ns3:hr>
          </ns3:TrackPointExtension>
        </extensions>
      </trkpt>
      <trkpt lat="22.58766758255660533905029296875" lon="114.2880798876285552978515625">
        <ele>167.399993896484375</ele>
        <time>2024-12-10T10:28:20.000Z</time>
        <extensions>
          <ns3:TrackPointExtension>
            <ns3:atemp>22.0</ns3:atemp>
            <ns3:hr>121</ns3:hr>
          </ns3:TrackPointExtension>
        </extensions>
      </trkpt>
      <trkpt lat="22.58767898194491863250732421875" lon="114.2879938893020153045654296875">
        <ele>167</ele>
        <time>2024-12-10T10:28:21.000Z</time>
        <extensions>
          <ns3:TrackPointExtension>
            <ns3:atemp>22.0</ns3:atemp>
            <ns3:hr>121</ns3:hr>
          </ns3:TrackPointExtension>
        </extensions>
      </trkpt>
      <trkpt lat="22.58769608102738857269287109375" lon="114.287914931774139404296875">
        <ele>166.8000030517578125</ele>
        <time>2024-12-10T10:28:22.000Z</time>
        <extensions>
          <ns3:TrackPointExtension>
            <ns3:atemp>22.0</ns3:atemp>
            <ns3:hr>122</ns3:hr>
          </ns3:TrackPointExtension>
        </extensions>
      </trkpt>
      <trkpt lat="22.58771418593823909759521484375" lon="114.2878436855971813201904296875">
        <ele>166.600006103515625</ele>
        <time>2024-12-10T10:28:23.000Z</time>
        <extensions>
          <ns3:TrackPointExtension>
            <ns3:atemp>22.0</ns3:atemp>
            <ns3:hr>122</ns3:hr>
          </ns3:TrackPointExtension>
        </extensions>
      </trkpt>
      <trkpt lat="22.58773706853389739990234375" lon="114.28777277469635009765625">
        <ele>166.1999969482421875</ele>
        <time>2024-12-10T10:28:24.000Z</time>
        <extensions>
          <ns3:TrackPointExtension>
            <ns3:atemp>22.0</ns3:atemp>
            <ns3:hr>122</ns3:hr>
          </ns3:TrackPointExtension>
        </extensions>
      </trkpt>
      <trkpt lat="22.58776347152888774871826171875" lon="114.2877043783664703369140625">
        <ele>166.1999969482421875</ele>
        <time>2024-12-10T10:28:25.000Z</time>
        <extensions>
          <ns3:TrackPointExtension>
            <ns3:atemp>22.0</ns3:atemp>
            <ns3:hr>122</ns3:hr>
          </ns3:TrackPointExtension>
        </extensions>
      </trkpt>
      <trkpt lat="22.5877980887889862060546875" lon="114.287640340626239776611328125">
        <ele>166</ele>
        <time>2024-12-10T10:28:26.000Z</time>
        <extensions>
          <ns3:TrackPointExtension>
            <ns3:atemp>22.0</ns3:atemp>
            <ns3:hr>121</ns3:hr>
          </ns3:TrackPointExtension>
        </extensions>
      </trkpt>
      <trkpt lat="22.5878381542861461639404296875" lon="114.287579990923404693603515625">
        <ele>165.8000030517578125</ele>
        <time>2024-12-10T10:28:27.000Z</time>
        <extensions>
          <ns3:TrackPointExtension>
            <ns3:atemp>22.0</ns3:atemp>
            <ns3:hr>122</ns3:hr>
          </ns3:TrackPointExtension>
        </extensions>
      </trkpt>
      <trkpt lat="22.587882243096828460693359375" lon="114.287520982325077056884765625">
        <ele>165.8000030517578125</ele>
        <time>2024-12-10T10:28:28.000Z</time>
        <extensions>
          <ns3:TrackPointExtension>
            <ns3:atemp>22.0</ns3:atemp>
            <ns3:hr>122</ns3:hr>
          </ns3:TrackPointExtension>
        </extensions>
      </trkpt>
      <trkpt lat="22.5879321992397308349609375" lon="114.28746876306831836700439453125">
        <ele>165.8000030517578125</ele>
        <time>2024-12-10T10:28:29.000Z</time>
        <extensions>
          <ns3:TrackPointExtension>
            <ns3:atemp>22.0</ns3:atemp>
            <ns3:hr>123</ns3:hr>
          </ns3:TrackPointExtension>
        </extensions>
      </trkpt>
      <trkpt lat="22.5879870168864727020263671875" lon="114.2874175496399402618408203125">
        <ele>165.600006103515625</ele>
        <time>2024-12-10T10:28:30.000Z</time>
        <extensions>
          <ns3:TrackPointExtension>
            <ns3:atemp>22.0</ns3:atemp>
            <ns3:hr>123</ns3:hr>
          </ns3:TrackPointExtension>
        </extensions>
      </trkpt>
      <trkpt lat="22.588041163980960845947265625" lon="114.2873588763177394866943359375">
        <ele>165</ele>
        <time>2024-12-10T10:28:31.000Z</time>
        <extensions>
          <ns3:TrackPointExtension>
            <ns3:atemp>22.0</ns3:atemp>
            <ns3:hr>123</ns3:hr>
          </ns3:TrackPointExtension>
        </extensions>
      </trkpt>
      <trkpt lat="22.5880979932844638824462890625" lon="114.28730246610939502716064453125">
        <ele>164.399993896484375</ele>
        <time>2024-12-10T10:28:32.000Z</time>
        <extensions>
          <ns3:TrackPointExtension>
            <ns3:atemp>22.0</ns3:atemp>
            <ns3:hr>123</ns3:hr>
          </ns3:TrackPointExtension>
        </extensions>
      </trkpt>
      <trkpt lat="22.5881613604724407196044921875" lon="114.287244379520416259765625">
        <ele>164</ele>
        <time>2024-12-10T10:28:33.000Z</time>
        <extensions>
          <ns3:TrackPointExtension>
            <ns3:atemp>22.0</ns3:atemp>
            <ns3:hr>123</ns3:hr>
          </ns3:TrackPointExtension>
        </extensions>
      </trkpt>
      <trkpt lat="22.58821994997560977935791015625" lon="114.28718629293143749237060546875">
        <ele>164</ele>
        <time>2024-12-10T10:28:34.000Z</time>
        <extensions>
          <ns3:TrackPointExtension>
            <ns3:atemp>22.0</ns3:atemp>
            <ns3:hr>123</ns3:hr>
          </ns3:TrackPointExtension>
        </extensions>
      </trkpt>
      <trkpt lat="22.5882793776690959930419921875" lon="114.28712309338152408599853515625">
        <ele>163.1999969482421875</ele>
        <time>2024-12-10T10:28:35.000Z</time>
        <extensions>
          <ns3:TrackPointExtension>
            <ns3:atemp>22.0</ns3:atemp>
            <ns3:hr>123</ns3:hr>
          </ns3:TrackPointExtension>
        </extensions>
      </trkpt>
      <trkpt lat="22.5883427448570728302001953125" lon="114.28705193102359771728515625">
        <ele>161.8000030517578125</ele>
        <time>2024-12-10T10:28:36.000Z</time>
        <extensions>
          <ns3:TrackPointExtension>
            <ns3:atemp>22.0</ns3:atemp>
            <ns3:hr>123</ns3:hr>
          </ns3:TrackPointExtension>
        </extensions>
      </trkpt>
      <trkpt lat="22.588405944406986236572265625" lon="114.28697682917118072509765625">
        <ele>161</ele>
        <time>2024-12-10T10:28:37.000Z</time>
        <extensions>
          <ns3:TrackPointExtension>
            <ns3:atemp>22.0</ns3:atemp>
            <ns3:hr>123</ns3:hr>
          </ns3:TrackPointExtension>
        </extensions>
      </trkpt>
      <trkpt lat="22.5884632766246795654296875" lon="114.28690172731876373291015625">
        <ele>160.8000030517578125</ele>
        <time>2024-12-10T10:28:38.000Z</time>
        <extensions>
          <ns3:TrackPointExtension>
            <ns3:atemp>22.0</ns3:atemp>
            <ns3:hr>123</ns3:hr>
          </ns3:TrackPointExtension>
        </extensions>
      </trkpt>
      <trkpt lat="22.58852018974721431732177734375" lon="114.28682168014347553253173828125">
        <ele>160.399993896484375</ele>
        <time>2024-12-10T10:28:39.000Z</time>
        <extensions>
          <ns3:TrackPointExtension>
            <ns3:atemp>22.0</ns3:atemp>
            <ns3:hr>123</ns3:hr>
          </ns3:TrackPointExtension>
        </extensions>
      </trkpt>
      <trkpt lat="22.58856997825205326080322265625" lon="114.28674020804464817047119140625">
        <ele>160.1999969482421875</ele>
        <time>2024-12-10T10:28:40.000Z</time>
        <extensions>
          <ns3:TrackPointExtension>
            <ns3:atemp>22.0</ns3:atemp>
            <ns3:hr>123</ns3:hr>
          </ns3:TrackPointExtension>
        </extensions>
      </trkpt>
      <trkpt lat="22.58861188776791095733642578125" lon="114.28665890358388423919677734375">
        <ele>159.600006103515625</ele>
        <time>2024-12-10T10:28:41.000Z</time>
        <extensions>
          <ns3:TrackPointExtension>
            <ns3:atemp>22.0</ns3:atemp>
            <ns3:hr>122</ns3:hr>
          </ns3:TrackPointExtension>
        </extensions>
      </trkpt>
      <trkpt lat="22.58864424191415309906005859375" lon="114.28658648394048213958740234375">
        <ele>158.8000030517578125</ele>
        <time>2024-12-10T10:28:42.000Z</time>
        <extensions>
          <ns3:TrackPointExtension>
            <ns3:atemp>22.0</ns3:atemp>
            <ns3:hr>120</ns3:hr>
          </ns3:TrackPointExtension>
        </extensions>
      </trkpt>
      <trkpt lat="22.58867206983268260955810546875" lon="114.28651188500225543975830078125">
        <ele>158.399993896484375</ele>
        <time>2024-12-10T10:28:43.000Z</time>
        <extensions>
          <ns3:TrackPointExtension>
            <ns3:atemp>22.0</ns3:atemp>
            <ns3:hr>119</ns3:hr>
          </ns3:TrackPointExtension>
        </extensions>
      </trkpt>
      <trkpt lat="22.58869729936122894287109375" lon="114.28644315339624881744384765625">
        <ele>158.399993896484375</ele>
        <time>2024-12-10T10:28:44.000Z</time>
        <extensions>
          <ns3:TrackPointExtension>
            <ns3:atemp>22.0</ns3:atemp>
            <ns3:hr>119</ns3:hr>
          </ns3:TrackPointExtension>
        </extensions>
      </trkpt>
      <trkpt lat="22.58872102014720439910888671875" lon="114.2863738350570201873779296875">
        <ele>158.399993896484375</ele>
        <time>2024-12-10T10:28:45.000Z</time>
        <extensions>
          <ns3:TrackPointExtension>
            <ns3:atemp>22.0</ns3:atemp>
            <ns3:hr>118</ns3:hr>
          </ns3:TrackPointExtension>
        </extensions>
      </trkpt>
      <trkpt lat="22.588740885257720947265625" lon="114.2863096296787261962890625">
        <ele>158.399993896484375</ele>
        <time>2024-12-10T10:28:46.000Z</time>
        <extensions>
          <ns3:TrackPointExtension>
            <ns3:atemp>22.0</ns3:atemp>
            <ns3:hr>118</ns3:hr>
          </ns3:TrackPointExtension>
        </extensions>
      </trkpt>
      <trkpt lat="22.5887581519782543182373046875" lon="114.28625129163265228271484375">
        <ele>158.399993896484375</ele>
        <time>2024-12-10T10:28:47.000Z</time>
        <extensions>
          <ns3:TrackPointExtension>
            <ns3:atemp>22.0</ns3:atemp>
            <ns3:hr>118</ns3:hr>
          </ns3:TrackPointExtension>
        </extensions>
      </trkpt>
      <trkpt lat="22.58877634070813655853271484375" lon="114.2861927859485149383544921875">
        <ele>158.399993896484375</ele>
        <time>2024-12-10T10:28:48.000Z</time>
        <extensions>
          <ns3:TrackPointExtension>
            <ns3:atemp>22.0</ns3:atemp>
            <ns3:hr>117</ns3:hr>
          </ns3:TrackPointExtension>
        </extensions>
      </trkpt>
      <trkpt lat="22.5887943617999553680419921875" lon="114.28612967021763324737548828125">
        <ele>158.399993896484375</ele>
        <time>2024-12-10T10:28:49.000Z</time>
        <extensions>
          <ns3:TrackPointExtension>
            <ns3:atemp>22.0</ns3:atemp>
            <ns3:hr>117</ns3:hr>
          </ns3:TrackPointExtension>
        </extensions>
      </trkpt>
      <trkpt lat="22.58881271816790103912353515625" lon="114.28606127388775348663330078125">
        <ele>158.1999969482421875</ele>
        <time>2024-12-10T10:28:50.000Z</time>
        <extensions>
          <ns3:TrackPointExtension>
            <ns3:atemp>22.0</ns3:atemp>
            <ns3:hr>117</ns3:hr>
          </ns3:TrackPointExtension>
        </extensions>
      </trkpt>
      <trkpt lat="22.58883099071681499481201171875" lon="114.28599354811012744903564453125">
        <ele>158</ele>
        <time>2024-12-10T10:28:51.000Z</time>
        <extensions>
          <ns3:TrackPointExtension>
            <ns3:atemp>22.0</ns3:atemp>
            <ns3:hr>116</ns3:hr>
          </ns3:TrackPointExtension>
        </extensions>
      </trkpt>
      <trkpt lat="22.5888459943234920501708984375" lon="114.2859215475618839263916015625">
        <ele>157.8000030517578125</ele>
        <time>2024-12-10T10:28:52.000Z</time>
        <extensions>
          <ns3:TrackPointExtension>
            <ns3:atemp>22.0</ns3:atemp>
            <ns3:hr>115</ns3:hr>
          </ns3:TrackPointExtension>
        </extensions>
      </trkpt>
      <trkpt lat="22.58886183612048625946044921875" lon="114.285847954452037811279296875">
        <ele>157.600006103515625</ele>
        <time>2024-12-10T10:28:53.000Z</time>
        <extensions>
          <ns3:TrackPointExtension>
            <ns3:atemp>22.0</ns3:atemp>
            <ns3:hr>114</ns3:hr>
          </ns3:TrackPointExtension>
        </extensions>
      </trkpt>
      <trkpt lat="22.5888744927942752838134765625" lon="114.28576908074319362640380859375">
        <ele>157.1999969482421875</ele>
        <time>2024-12-10T10:28:54.000Z</time>
        <extensions>
          <ns3:TrackPointExtension>
            <ns3:atemp>22.0</ns3:atemp>
            <ns3:hr>112</ns3:hr>
          </ns3:TrackPointExtension>
        </extensions>
      </trkpt>
      <trkpt lat="22.58888614363968372344970703125" lon="114.28568928502500057220458984375">
        <ele>157</ele>
        <time>2024-12-10T10:28:55.000Z</time>
        <extensions>
          <ns3:TrackPointExtension>
            <ns3:atemp>22.0</ns3:atemp>
            <ns3:hr>111</ns3:hr>
          </ns3:TrackPointExtension>
        </extensions>
      </trkpt>
      <trkpt lat="22.58889846503734588623046875" lon="114.28560529835522174835205078125">
        <ele>156.8000030517578125</ele>
        <time>2024-12-10T10:28:56.000Z</time>
        <extensions>
          <ns3:TrackPointExtension>
            <ns3:atemp>22.0</ns3:atemp>
            <ns3:hr>110</ns3:hr>
          </ns3:TrackPointExtension>
        </extensions>
      </trkpt>
      <trkpt lat="22.588912211358547210693359375" lon="114.2855229042470455169677734375">
        <ele>156.8000030517578125</ele>
        <time>2024-12-10T10:28:57.000Z</time>
        <extensions>
          <ns3:TrackPointExtension>
            <ns3:atemp>22.0</ns3:atemp>
            <ns3:hr>110</ns3:hr>
          </ns3:TrackPointExtension>
        </extensions>
      </trkpt>
      <trkpt lat="22.58892117999494075775146484375" lon="114.28543648682534694671630859375">
        <ele>156.1999969482421875</ele>
        <time>2024-12-10T10:28:58.000Z</time>
        <extensions>
          <ns3:TrackPointExtension>
            <ns3:atemp>22.0</ns3:atemp>
            <ns3:hr>110</ns3:hr>
          </ns3:TrackPointExtension>
        </extensions>
      </trkpt>
      <trkpt lat="22.5889261253178119659423828125" lon="114.28535032086074352264404296875">
        <ele>156</ele>
        <time>2024-12-10T10:28:59.000Z</time>
        <extensions>
          <ns3:TrackPointExtension>
            <ns3:atemp>22.0</ns3:atemp>
            <ns3:hr>110</ns3:hr>
          </ns3:TrackPointExtension>
        </extensions>
      </trkpt>
      <trkpt lat="22.58892905898392200469970703125" lon="114.28526222705841064453125">
        <ele>155.8000030517578125</ele>
        <time>2024-12-10T10:29:00.000Z</time>
        <extensions>
          <ns3:TrackPointExtension>
            <ns3:atemp>22.0</ns3:atemp>
            <ns3:hr>111</ns3:hr>
          </ns3:TrackPointExtension>
        </extensions>
      </trkpt>
      <trkpt lat="22.58893425576388835906982421875" lon="114.285175390541553497314453125">
        <ele>155.399993896484375</ele>
        <time>2024-12-10T10:29:01.000Z</time>
        <extensions>
          <ns3:TrackPointExtension>
            <ns3:atemp>22.0</ns3:atemp>
            <ns3:hr>112</ns3:hr>
          </ns3:TrackPointExtension>
        </extensions>
      </trkpt>
      <trkpt lat="22.58893869817256927490234375" lon="114.28508478216826915740966796875">
        <ele>155.399993896484375</ele>
        <time>2024-12-10T10:29:02.000Z</time>
        <extensions>
          <ns3:TrackPointExtension>
            <ns3:atemp>22.0</ns3:atemp>
            <ns3:hr>112</ns3:hr>
          </ns3:TrackPointExtension>
        </extensions>
      </trkpt>
      <trkpt lat="22.58894515223801136016845703125" lon="114.28499291650950908660888671875">
        <ele>154.8000030517578125</ele>
        <time>2024-12-10T10:29:03.000Z</time>
        <extensions>
          <ns3:TrackPointExtension>
            <ns3:atemp>22.0</ns3:atemp>
            <ns3:hr>112</ns3:hr>
          </ns3:TrackPointExtension>
        </extensions>
      </trkpt>
      <trkpt lat="22.58895202539861202239990234375" lon="114.284901134669780731201171875">
        <ele>154.600006103515625</ele>
        <time>2024-12-10T10:29:04.000Z</time>
        <extensions>
          <ns3:TrackPointExtension>
            <ns3:atemp>22.0</ns3:atemp>
            <ns3:hr>112</ns3:hr>
          </ns3:TrackPointExtension>
        </extensions>
      </trkpt>
      <trkpt lat="22.5889609940350055694580078125" lon="114.28480600006878376007080078125">
        <ele>154.399993896484375</ele>
        <time>2024-12-10T10:29:05.000Z</time>
        <extensions>
          <ns3:TrackPointExtension>
            <ns3:atemp>22.0</ns3:atemp>
            <ns3:hr>112</ns3:hr>
          </ns3:TrackPointExtension>
        </extensions>
      </trkpt>
      <trkpt lat="22.58897230960428714752197265625" lon="114.28471438586711883544921875">
        <ele>154.399993896484375</ele>
        <time>2024-12-10T10:29:06.000Z</time>
        <extensions>
          <ns3:TrackPointExtension>
            <ns3:atemp>22.0</ns3:atemp>
            <ns3:hr>111</ns3:hr>
          </ns3:TrackPointExtension>
        </extensions>
      </trkpt>
      <trkpt lat="22.588987983763217926025390625" lon="114.28462327457964420318603515625">
        <ele>154.1999969482421875</ele>
        <time>2024-12-10T10:29:07.000Z</time>
        <extensions>
          <ns3:TrackPointExtension>
            <ns3:atemp>22.0</ns3:atemp>
            <ns3:hr>111</ns3:hr>
          </ns3:TrackPointExtension>
        </extensions>
      </trkpt>
      <trkpt lat="22.5890055857598781585693359375" lon="114.2845318280160427093505859375">
        <ele>154</ele>
        <time>2024-12-10T10:29:08.000Z</time>
        <extensions>
          <ns3:TrackPointExtension>
            <ns3:atemp>22.0</ns3:atemp>
            <ns3:hr>111</ns3:hr>
          </ns3:TrackPointExtension>
        </extensions>
      </trkpt>
      <trkpt lat="22.5890243612229824066162109375" lon="114.28444121964275836944580078125">
        <ele>153.8000030517578125</ele>
        <time>2024-12-10T10:29:09.000Z</time>
        <extensions>
          <ns3:TrackPointExtension>
            <ns3:atemp>22.0</ns3:atemp>
            <ns3:hr>112</ns3:hr>
          </ns3:TrackPointExtension>
        </extensions>
      </trkpt>
      <trkpt lat="22.58904464542865753173828125" lon="114.2843541316688060760498046875">
        <ele>153.399993896484375</ele>
        <time>2024-12-10T10:29:10.000Z</time>
        <extensions>
          <ns3:TrackPointExtension>
            <ns3:atemp>22.0</ns3:atemp>
            <ns3:hr>112</ns3:hr>
          </ns3:TrackPointExtension>
        </extensions>
      </trkpt>
      <trkpt lat="22.589066438376903533935546875" lon="114.28427106700837612152099609375">
        <ele>153.1999969482421875</ele>
        <time>2024-12-10T10:29:11.000Z</time>
        <extensions>
          <ns3:TrackPointExtension>
            <ns3:atemp>22.0</ns3:atemp>
            <ns3:hr>112</ns3:hr>
          </ns3:TrackPointExtension>
        </extensions>
      </trkpt>
      <trkpt lat="22.5890920870006084442138671875" lon="114.28419060073792934417724609375">
        <ele>153.1999969482421875</ele>
        <time>2024-12-10T10:29:12.000Z</time>
        <extensions>
          <ns3:TrackPointExtension>
            <ns3:atemp>22.0</ns3:atemp>
            <ns3:hr>112</ns3:hr>
          </ns3:TrackPointExtension>
        </extensions>
      </trkpt>
      <trkpt lat="22.58911882527172565460205078125" lon="114.28411600179970264434814453125">
        <ele>153</ele>
        <time>2024-12-10T10:29:13.000Z</time>
        <extensions>
          <ns3:TrackPointExtension>
            <ns3:atemp>22.0</ns3:atemp>
            <ns3:hr>112</ns3:hr>
          </ns3:TrackPointExtension>
        </extensions>
      </trkpt>
      <trkpt lat="22.5891524367034435272216796875" lon="114.28404651582241058349609375">
        <ele>152.8000030517578125</ele>
        <time>2024-12-10T10:29:14.000Z</time>
        <extensions>
          <ns3:TrackPointExtension>
            <ns3:atemp>22.0</ns3:atemp>
            <ns3:hr>111</ns3:hr>
          </ns3:TrackPointExtension>
        </extensions>
      </trkpt>
      <trkpt lat="22.58918571285903453826904296875" lon="114.28397811949253082275390625">
        <ele>153</ele>
        <time>2024-12-10T10:29:15.000Z</time>
        <extensions>
          <ns3:TrackPointExtension>
            <ns3:atemp>22.0</ns3:atemp>
            <ns3:hr>111</ns3:hr>
          </ns3:TrackPointExtension>
        </extensions>
      </trkpt>
      <trkpt lat="22.589222677052021026611328125" lon="114.28391315974295139312744140625">
        <ele>153</ele>
        <time>2024-12-10T10:29:16.000Z</time>
        <extensions>
          <ns3:TrackPointExtension>
            <ns3:atemp>22.0</ns3:atemp>
            <ns3:hr>111</ns3:hr>
          </ns3:TrackPointExtension>
        </extensions>
      </trkpt>
      <trkpt lat="22.5892583839595317840576171875" lon="114.28385063074529170989990234375">
        <ele>153</ele>
        <time>2024-12-10T10:29:17.000Z</time>
        <extensions>
          <ns3:TrackPointExtension>
            <ns3:atemp>22.0</ns3:atemp>
            <ns3:hr>111</ns3:hr>
          </ns3:TrackPointExtension>
        </extensions>
      </trkpt>
      <trkpt lat="22.5892962701618671417236328125" lon="114.28379195742309093475341796875">
        <ele>153</ele>
        <time>2024-12-10T10:29:18.000Z</time>
        <extensions>
          <ns3:TrackPointExtension>
            <ns3:atemp>22.0</ns3:atemp>
            <ns3:hr>111</ns3:hr>
          </ns3:TrackPointExtension>
        </extensions>
      </trkpt>
      <trkpt lat="22.58933474309742450714111328125" lon="114.2837320268154144287109375">
        <ele>153</ele>
        <time>2024-12-10T10:29:19.000Z</time>
        <extensions>
          <ns3:TrackPointExtension>
            <ns3:atemp>22.0</ns3:atemp>
            <ns3:hr>111</ns3:hr>
          </ns3:TrackPointExtension>
        </extensions>
      </trkpt>
      <trkpt lat="22.58937397040426731109619140625" lon="114.28367410786449909210205078125">
        <ele>153.1999969482421875</ele>
        <time>2024-12-10T10:29:20.000Z</time>
        <extensions>
          <ns3:TrackPointExtension>
            <ns3:atemp>22.0</ns3:atemp>
            <ns3:hr>111</ns3:hr>
          </ns3:TrackPointExtension>
        </extensions>
      </trkpt>
      <trkpt lat="22.589415125548839569091796875" lon="114.28361660800874233245849609375">
        <ele>153.399993896484375</ele>
        <time>2024-12-10T10:29:21.000Z</time>
        <extensions>
          <ns3:TrackPointExtension>
            <ns3:atemp>22.0</ns3:atemp>
            <ns3:hr>111</ns3:hr>
          </ns3:TrackPointExtension>
        </extensions>
      </trkpt>
      <trkpt lat="22.58945376612246036529541015625" lon="114.28355977870523929595947265625">
        <ele>153.600006103515625</ele>
        <time>2024-12-10T10:29:22.000Z</time>
        <extensions>
          <ns3:TrackPointExtension>
            <ns3:atemp>22.0</ns3:atemp>
            <ns3:hr>111</ns3:hr>
          </ns3:TrackPointExtension>
        </extensions>
      </trkpt>
      <trkpt lat="22.5894897244870662689208984375" lon="114.283500351011753082275390625">
        <ele>153.600006103515625</ele>
        <time>2024-12-10T10:29:23.000Z</time>
        <extensions>
          <ns3:TrackPointExtension>
            <ns3:atemp>22.0</ns3:atemp>
            <ns3:hr>110</ns3:hr>
          </ns3:TrackPointExtension>
        </extensions>
      </trkpt>
      <trkpt lat="22.58952517993748188018798828125" lon="114.2834401689469814300537109375">
        <ele>153.8000030517578125</ele>
        <time>2024-12-10T10:29:24.000Z</time>
        <extensions>
          <ns3:TrackPointExtension>
            <ns3:atemp>22.0</ns3:atemp>
            <ns3:hr>110</ns3:hr>
          </ns3:TrackPointExtension>
        </extensions>
      </trkpt>
      <trkpt lat="22.58956105448305606842041015625" lon="114.28338074125349521636962890625">
        <ele>153.8000030517578125</ele>
        <time>2024-12-10T10:29:25.000Z</time>
        <extensions>
          <ns3:TrackPointExtension>
            <ns3:atemp>22.0</ns3:atemp>
            <ns3:hr>110</ns3:hr>
          </ns3:TrackPointExtension>
        </extensions>
      </trkpt>
      <trkpt lat="22.58959525264799594879150390625" lon="114.28331586532294750213623046875">
        <ele>154</ele>
        <time>2024-12-10T10:29:26.000Z</time>
        <extensions>
          <ns3:TrackPointExtension>
            <ns3:atemp>22.0</ns3:atemp>
            <ns3:hr>111</ns3:hr>
          </ns3:TrackPointExtension>
        </extensions>
      </trkpt>
      <trkpt lat="22.589629702270030975341796875" lon="114.28325048647820949554443359375">
        <ele>154</ele>
        <time>2024-12-10T10:29:27.000Z</time>
        <extensions>
          <ns3:TrackPointExtension>
            <ns3:atemp>22.0</ns3:atemp>
            <ns3:hr>111</ns3:hr>
          </ns3:TrackPointExtension>
        </extensions>
      </trkpt>
      <trkpt lat="22.589659206569194793701171875" lon="114.28318393416702747344970703125">
        <ele>154.1999969482421875</ele>
        <time>2024-12-10T10:29:28.000Z</time>
        <extensions>
          <ns3:TrackPointExtension>
            <ns3:atemp>22.0</ns3:atemp>
            <ns3:hr>111</ns3:hr>
          </ns3:TrackPointExtension>
        </extensions>
      </trkpt>
      <trkpt lat="22.58968343026936054229736328125" lon="114.2831193096935749053955078125">
        <ele>154.1999969482421875</ele>
        <time>2024-12-10T10:29:29.000Z</time>
        <extensions>
          <ns3:TrackPointExtension>
            <ns3:atemp>22.0</ns3:atemp>
            <ns3:hr>111</ns3:hr>
          </ns3:TrackPointExtension>
        </extensions>
      </trkpt>
      <trkpt lat="22.5896989367902278900146484375" lon="114.28305803798139095306396484375">
        <ele>154.600006103515625</ele>
        <time>2024-12-10T10:29:30.000Z</time>
        <extensions>
          <ns3:TrackPointExtension>
            <ns3:atemp>22.0</ns3:atemp>
            <ns3:hr>111</ns3:hr>
          </ns3:TrackPointExtension>
        </extensions>
      </trkpt>
      <trkpt lat="22.5897136889398097991943359375" lon="114.2829986102879047393798828125">
        <ele>154.600006103515625</ele>
        <time>2024-12-10T10:29:31.000Z</time>
        <extensions>
          <ns3:TrackPointExtension>
            <ns3:atemp>22.0</ns3:atemp>
            <ns3:hr>112</ns3:hr>
          </ns3:TrackPointExtension>
        </extensions>
      </trkpt>
      <trkpt lat="22.58973238058388233184814453125" lon="114.28293851204216480255126953125">
        <ele>154.8000030517578125</ele>
        <time>2024-12-10T10:29:32.000Z</time>
        <extensions>
          <ns3:TrackPointExtension>
            <ns3:atemp>22.0</ns3:atemp>
            <ns3:hr>112</ns3:hr>
          </ns3:TrackPointExtension>
        </extensions>
      </trkpt>
      <trkpt lat="22.589745037257671356201171875" lon="114.28287413902580738067626953125">
        <ele>154.8000030517578125</ele>
        <time>2024-12-10T10:29:33.000Z</time>
        <extensions>
          <ns3:TrackPointExtension>
            <ns3:atemp>22.0</ns3:atemp>
            <ns3:hr>112</ns3:hr>
          </ns3:TrackPointExtension>
        </extensions>
      </trkpt>
      <trkpt lat="22.5897545926272869110107421875" lon="114.2828148789703845977783203125">
        <ele>155</ele>
        <time>2024-12-10T10:29:34.000Z</time>
        <extensions>
          <ns3:TrackPointExtension>
            <ns3:atemp>22.0</ns3:atemp>
            <ns3:hr>112</ns3:hr>
          </ns3:TrackPointExtension>
        </extensions>
      </trkpt>
      <trkpt lat="22.58976557292044162750244140625" lon="114.28275729529559612274169921875">
        <ele>155.1999969482421875</ele>
        <time>2024-12-10T10:29:35.000Z</time>
        <extensions>
          <ns3:TrackPointExtension>
            <ns3:atemp>22.0</ns3:atemp>
            <ns3:hr>113</ns3:hr>
          </ns3:TrackPointExtension>
        </extensions>
      </trkpt>
      <trkpt lat="22.5897690095007419586181640625" lon="114.282707087695598602294921875">
        <ele>155.1999969482421875</ele>
        <time>2024-12-10T10:29:36.000Z</time>
        <extensions>
          <ns3:TrackPointExtension>
            <ns3:atemp>22.0</ns3:atemp>
            <ns3:hr>113</ns3:hr>
          </ns3:TrackPointExtension>
        </extensions>
      </trkpt>
      <trkpt lat="22.58977345190942287445068359375" lon="114.28265553899109363555908203125">
        <ele>155.1999969482421875</ele>
        <time>2024-12-10T10:29:37.000Z</time>
        <extensions>
          <ns3:TrackPointExtension>
            <ns3:atemp>22.0</ns3:atemp>
            <ns3:hr>113</ns3:hr>
          </ns3:TrackPointExtension>
        </extensions>
      </trkpt>
      <trkpt lat="22.589775882661342620849609375" lon="114.28260440938174724578857421875">
        <ele>155.399993896484375</ele>
        <time>2024-12-10T10:29:38.000Z</time>
        <extensions>
          <ns3:TrackPointExtension>
            <ns3:atemp>22.0</ns3:atemp>
            <ns3:hr>113</ns3:hr>
          </ns3:TrackPointExtension>
        </extensions>
      </trkpt>
      <trkpt lat="22.58977110497653484344482421875" lon="114.28255118429660797119140625">
        <ele>155.399993896484375</ele>
        <time>2024-12-10T10:29:39.000Z</time>
        <extensions>
          <ns3:TrackPointExtension>
            <ns3:atemp>22.0</ns3:atemp>
            <ns3:hr>113</ns3:hr>
          </ns3:TrackPointExtension>
        </extensions>
      </trkpt>
      <trkpt lat="22.58977261371910572052001953125" lon="114.2824997194111347198486328125">
        <ele>155.600006103515625</ele>
        <time>2024-12-10T10:29:40.000Z</time>
        <extensions>
          <ns3:TrackPointExtension>
            <ns3:atemp>22.0</ns3:atemp>
            <ns3:hr>113</ns3:hr>
          </ns3:TrackPointExtension>
        </extensions>
      </trkpt>
      <trkpt lat="22.58977144025266170501708984375" lon="114.28244951181113719940185546875">
        <ele>155.600006103515625</ele>
        <time>2024-12-10T10:29:41.000Z</time>
        <extensions>
          <ns3:TrackPointExtension>
            <ns3:atemp>22.0</ns3:atemp>
            <ns3:hr>113</ns3:hr>
          </ns3:TrackPointExtension>
        </extensions>
      </trkpt>
      <trkpt lat="22.58976892568171024322509765625" lon="114.282401315867900848388671875">
        <ele>155.600006103515625</ele>
        <time>2024-12-10T10:29:42.000Z</time>
        <extensions>
          <ns3:TrackPointExtension>
            <ns3:atemp>22.0</ns3:atemp>
            <ns3:hr>112</ns3:hr>
          </ns3:TrackPointExtension>
        </extensions>
      </trkpt>
      <trkpt lat="22.58976641111075878143310546875" lon="114.28235680796205997467041015625">
        <ele>155.600006103515625</ele>
        <time>2024-12-10T10:29:43.000Z</time>
        <extensions>
          <ns3:TrackPointExtension>
            <ns3:atemp>22.0</ns3:atemp>
            <ns3:hr>112</ns3:hr>
          </ns3:TrackPointExtension>
        </extensions>
      </trkpt>
      <trkpt lat="22.58976004086434841156005859375" lon="114.28230836056172847747802734375">
        <ele>155.399993896484375</ele>
        <time>2024-12-10T10:29:44.000Z</time>
        <extensions>
          <ns3:TrackPointExtension>
            <ns3:atemp>22.0</ns3:atemp>
            <ns3:hr>112</ns3:hr>
          </ns3:TrackPointExtension>
        </extensions>
      </trkpt>
      <trkpt lat="22.58975543081760406494140625" lon="114.28225304000079631805419921875">
        <ele>155.600006103515625</ele>
        <time>2024-12-10T10:29:45.000Z</time>
        <extensions>
          <ns3:TrackPointExtension>
            <ns3:atemp>22.0</ns3:atemp>
            <ns3:hr>111</ns3:hr>
          </ns3:TrackPointExtension>
        </extensions>
      </trkpt>
      <trkpt lat="22.58975383825600147247314453125" lon="114.28219352848827838897705078125">
        <ele>155.600006103515625</ele>
        <time>2024-12-10T10:29:46.000Z</time>
        <extensions>
          <ns3:TrackPointExtension>
            <ns3:atemp>22.0</ns3:atemp>
            <ns3:hr>111</ns3:hr>
          </ns3:TrackPointExtension>
        </extensions>
      </trkpt>
      <trkpt lat="22.5897515751421451568603515625" lon="114.28213317878544330596923828125">
        <ele>155.399993896484375</ele>
        <time>2024-12-10T10:29:47.000Z</time>
        <extensions>
          <ns3:TrackPointExtension>
            <ns3:atemp>22.0</ns3:atemp>
            <ns3:hr>112</ns3:hr>
          </ns3:TrackPointExtension>
        </extensions>
      </trkpt>
      <trkpt lat="22.58974880911409854888916015625" lon="114.282076768577098846435546875">
        <ele>155.399993896484375</ele>
        <time>2024-12-10T10:29:48.000Z</time>
        <extensions>
          <ns3:TrackPointExtension>
            <ns3:atemp>22.0</ns3:atemp>
            <ns3:hr>111</ns3:hr>
          </ns3:TrackPointExtension>
        </extensions>
      </trkpt>
      <trkpt lat="22.58974344469606876373291015625" lon="114.282017089426517486572265625">
        <ele>155.399993896484375</ele>
        <time>2024-12-10T10:29:49.000Z</time>
        <extensions>
          <ns3:TrackPointExtension>
            <ns3:atemp>22.0</ns3:atemp>
            <ns3:hr>112</ns3:hr>
          </ns3:TrackPointExtension>
        </extensions>
      </trkpt>
      <trkpt lat="22.5897334702312946319580078125" lon="114.28195430897176265716552734375">
        <ele>155.399993896484375</ele>
        <time>2024-12-10T10:29:50.000Z</time>
        <extensions>
          <ns3:TrackPointExtension>
            <ns3:atemp>22.0</ns3:atemp>
            <ns3:hr>112</ns3:hr>
          </ns3:TrackPointExtension>
        </extensions>
      </trkpt>
      <trkpt lat="22.58972550742328166961669921875" lon="114.281889013946056365966796875">
        <ele>155.1999969482421875</ele>
        <time>2024-12-10T10:29:51.000Z</time>
        <extensions>
          <ns3:TrackPointExtension>
            <ns3:atemp>22.0</ns3:atemp>
            <ns3:hr>112</ns3:hr>
          </ns3:TrackPointExtension>
        </extensions>
      </trkpt>
      <trkpt lat="22.58971653878688812255859375" lon="114.2818271555006504058837890625">
        <ele>155.1999969482421875</ele>
        <time>2024-12-10T10:29:52.000Z</time>
        <extensions>
          <ns3:TrackPointExtension>
            <ns3:atemp>22.0</ns3:atemp>
            <ns3:hr>113</ns3:hr>
          </ns3:TrackPointExtension>
        </extensions>
      </trkpt>
      <trkpt lat="22.58971243165433406829833984375" lon="114.281769655644893646240234375">
        <ele>155</ele>
        <time>2024-12-10T10:29:53.000Z</time>
        <extensions>
          <ns3:TrackPointExtension>
            <ns3:atemp>22.0</ns3:atemp>
            <ns3:hr>113</ns3:hr>
          </ns3:TrackPointExtension>
        </extensions>
      </trkpt>
      <trkpt lat="22.58970757015049457550048828125" lon="114.2817098088562488555908203125">
        <ele>155</ele>
        <time>2024-12-10T10:29:54.000Z</time>
        <extensions>
          <ns3:TrackPointExtension>
            <ns3:atemp>22.0</ns3:atemp>
            <ns3:hr>113</ns3:hr>
          </ns3:TrackPointExtension>
        </extensions>
      </trkpt>
      <trkpt lat="22.58970187045633792877197265625" lon="114.28165256045758724212646484375">
        <ele>154.8000030517578125</ele>
        <time>2024-12-10T10:29:55.000Z</time>
        <extensions>
          <ns3:TrackPointExtension>
            <ns3:atemp>22.0</ns3:atemp>
            <ns3:hr>113</ns3:hr>
          </ns3:TrackPointExtension>
        </extensions>
      </trkpt>
      <trkpt lat="22.5896949134767055511474609375" lon="114.28159489296376705169677734375">
        <ele>154.600006103515625</ele>
        <time>2024-12-10T10:29:56.000Z</time>
        <extensions>
          <ns3:TrackPointExtension>
            <ns3:atemp>22.0</ns3:atemp>
            <ns3:hr>114</ns3:hr>
          </ns3:TrackPointExtension>
        </extensions>
      </trkpt>
      <trkpt lat="22.58968326263129711151123046875" lon="114.2815361358225345611572265625">
        <ele>154.600006103515625</ele>
        <time>2024-12-10T10:29:57.000Z</time>
        <extensions>
          <ns3:TrackPointExtension>
            <ns3:atemp>22.0</ns3:atemp>
            <ns3:hr>113</ns3:hr>
          </ns3:TrackPointExtension>
        </extensions>
      </trkpt>
      <trkpt lat="22.58966716937720775604248046875" lon="114.28147888742387294769287109375">
        <ele>154.399993896484375</ele>
        <time>2024-12-10T10:29:58.000Z</time>
        <extensions>
          <ns3:TrackPointExtension>
            <ns3:atemp>22.0</ns3:atemp>
            <ns3:hr>114</ns3:hr>
          </ns3:TrackPointExtension>
        </extensions>
      </trkpt>
      <trkpt lat="22.58965275250375270843505859375" lon="114.281422309577465057373046875">
        <ele>154.1999969482421875</ele>
        <time>2024-12-10T10:29:59.000Z</time>
        <extensions>
          <ns3:TrackPointExtension>
            <ns3:atemp>22.0</ns3:atemp>
            <ns3:hr>113</ns3:hr>
          </ns3:TrackPointExtension>
        </extensions>
      </trkpt>
      <trkpt lat="22.589637078344821929931640625" lon="114.28137159906327724456787109375">
        <ele>154.1999969482421875</ele>
        <time>2024-12-10T10:30:00.000Z</time>
        <extensions>
          <ns3:TrackPointExtension>
            <ns3:atemp>22.0</ns3:atemp>
            <ns3:hr>113</ns3:hr>
          </ns3:TrackPointExtension>
        </extensions>
      </trkpt>
      <trkpt lat="22.589627020061016082763671875" lon="114.28132248111069202423095703125">
        <ele>154.1999969482421875</ele>
        <time>2024-12-10T10:30:01.000Z</time>
        <extensions>
          <ns3:TrackPointExtension>
            <ns3:atemp>22.0</ns3:atemp>
            <ns3:hr>113</ns3:hr>
          </ns3:TrackPointExtension>
        </extensions>
      </trkpt>
      <trkpt lat="22.589620985090732574462890625" lon="114.2812779732048511505126953125">
        <ele>154</ele>
        <time>2024-12-10T10:30:02.000Z</time>
        <extensions>
          <ns3:TrackPointExtension>
            <ns3:atemp>22.0</ns3:atemp>
            <ns3:hr>113</ns3:hr>
          </ns3:TrackPointExtension>
        </extensions>
      </trkpt>
      <trkpt lat="22.58961251936852931976318359375" lon="114.281239919364452362060546875">
        <ele>154</ele>
        <time>2024-12-10T10:30:03.000Z</time>
        <extensions>
          <ns3:TrackPointExtension>
            <ns3:atemp>22.0</ns3:atemp>
            <ns3:hr>113</ns3:hr>
          </ns3:TrackPointExtension>
        </extensions>
      </trkpt>
      <trkpt lat="22.5896005332469940185546875" lon="114.28120848722755908966064453125">
        <ele>154</ele>
        <time>2024-12-10T10:30:04.000Z</time>
        <extensions>
          <ns3:TrackPointExtension>
            <ns3:atemp>22.0</ns3:atemp>
            <ns3:hr>113</ns3:hr>
          </ns3:TrackPointExtension>
        </extensions>
      </trkpt>
      <trkpt lat="22.589584775269031524658203125" lon="114.28116758354008197784423828125">
        <ele>154</ele>
        <time>2024-12-10T10:30:05.000Z</time>
        <extensions>
          <ns3:TrackPointExtension>
            <ns3:atemp>22.0</ns3:atemp>
            <ns3:hr>112</ns3:hr>
          </ns3:TrackPointExtension>
        </extensions>
      </trkpt>
      <trkpt lat="22.589572705328464508056640625" lon="114.2811329662799835205078125">
        <ele>154</ele>
        <time>2024-12-10T10:30:06.000Z</time>
        <extensions>
          <ns3:TrackPointExtension>
            <ns3:atemp>22.0</ns3:atemp>
            <ns3:hr>112</ns3:hr>
          </ns3:TrackPointExtension>
        </extensions>
      </trkpt>
      <trkpt lat="22.58955569006502628326416015625" lon="114.28109533153474330902099609375">
        <ele>154</ele>
        <time>2024-12-10T10:30:07.000Z</time>
        <extensions>
          <ns3:TrackPointExtension>
            <ns3:atemp>22.0</ns3:atemp>
            <ns3:hr>113</ns3:hr>
          </ns3:TrackPointExtension>
        </extensions>
      </trkpt>
      <trkpt lat="22.5895413570106029510498046875" lon="114.28105912171304225921630859375">
        <ele>154</ele>
        <time>2024-12-10T10:30:08.000Z</time>
        <extensions>
          <ns3:TrackPointExtension>
            <ns3:atemp>22.0</ns3:atemp>
            <ns3:hr>113</ns3:hr>
          </ns3:TrackPointExtension>
        </extensions>
      </trkpt>
      <trkpt lat="22.589525096118450164794921875" lon="114.2810389213263988494873046875">
        <ele>153.8000030517578125</ele>
        <time>2024-12-10T10:30:09.000Z</time>
        <extensions>
          <ns3:TrackPointExtension>
            <ns3:atemp>22.0</ns3:atemp>
            <ns3:hr>113</ns3:hr>
          </ns3:TrackPointExtension>
        </extensions>
      </trkpt>
      <trkpt lat="22.58951378054916858673095703125" lon="114.28102794103324413299560546875">
        <ele>153.399993896484375</ele>
        <time>2024-12-10T10:30:10.000Z</time>
        <extensions>
          <ns3:TrackPointExtension>
            <ns3:atemp>22.0</ns3:atemp>
            <ns3:hr>113</ns3:hr>
          </ns3:TrackPointExtension>
        </extensions>
      </trkpt>
      <trkpt lat="22.58950372226536273956298828125" lon="114.28100262768566608428955078125">
        <ele>153.399993896484375</ele>
        <time>2024-12-10T10:30:11.000Z</time>
        <extensions>
          <ns3:TrackPointExtension>
            <ns3:atemp>22.0</ns3:atemp>
            <ns3:hr>113</ns3:hr>
          </ns3:TrackPointExtension>
        </extensions>
      </trkpt>
      <trkpt lat="22.589494921267032623291015625" lon="114.28097362630069255828857421875">
        <ele>153.399993896484375</ele>
        <time>2024-12-10T10:30:12.000Z</time>
        <extensions>
          <ns3:TrackPointExtension>
            <ns3:atemp>22.0</ns3:atemp>
            <ns3:hr>114</ns3:hr>
          </ns3:TrackPointExtension>
        </extensions>
      </trkpt>
      <trkpt lat="22.589482180774211883544921875" lon="114.28093858994543552398681640625">
        <ele>153.399993896484375</ele>
        <time>2024-12-10T10:30:13.000Z</time>
        <extensions>
          <ns3:TrackPointExtension>
            <ns3:atemp>22.0</ns3:atemp>
            <ns3:hr>113</ns3:hr>
          </ns3:TrackPointExtension>
        </extensions>
      </trkpt>
      <trkpt lat="22.58947321213781833648681640625" lon="114.2809017933905124664306640625">
        <ele>153.1999969482421875</ele>
        <time>2024-12-10T10:30:14.000Z</time>
        <extensions>
          <ns3:TrackPointExtension>
            <ns3:atemp>22.0</ns3:atemp>
            <ns3:hr>114</ns3:hr>
          </ns3:TrackPointExtension>
        </extensions>
      </trkpt>
      <trkpt lat="22.5894635729491710662841796875" lon="114.28086415864527225494384765625">
        <ele>153.1999969482421875</ele>
        <time>2024-12-10T10:30:15.000Z</time>
        <extensions>
          <ns3:TrackPointExtension>
            <ns3:atemp>22.0</ns3:atemp>
            <ns3:hr>114</ns3:hr>
          </ns3:TrackPointExtension>
        </extensions>
      </trkpt>
      <trkpt lat="22.58945561014115810394287109375" lon="114.28081520833075046539306640625">
        <ele>153.1999969482421875</ele>
        <time>2024-12-10T10:30:16.000Z</time>
        <extensions>
          <ns3:TrackPointExtension>
            <ns3:atemp>22.0</ns3:atemp>
            <ns3:hr>114</ns3:hr>
          </ns3:TrackPointExtension>
        </extensions>
      </trkpt>
      <trkpt lat="22.58945141918957233428955078125" lon="114.280766509473323822021484375">
        <ele>153</ele>
        <time>2024-12-10T10:30:17.000Z</time>
        <extensions>
          <ns3:TrackPointExtension>
            <ns3:atemp>22.0</ns3:atemp>
            <ns3:hr>114</ns3:hr>
          </ns3:TrackPointExtension>
        </extensions>
      </trkpt>
      <trkpt lat="22.589449994266033172607421875" lon="114.28071848116815090179443359375">
        <ele>153</ele>
        <time>2024-12-10T10:30:18.000Z</time>
        <extensions>
          <ns3:TrackPointExtension>
            <ns3:atemp>22.0</ns3:atemp>
            <ns3:hr>114</ns3:hr>
          </ns3:TrackPointExtension>
        </extensions>
      </trkpt>
      <trkpt lat="22.58944639004766941070556640625" lon="114.28067187778651714324951171875">
        <ele>153</ele>
        <time>2024-12-10T10:30:19.000Z</time>
        <extensions>
          <ns3:TrackPointExtension>
            <ns3:atemp>22.0</ns3:atemp>
            <ns3:hr>113</ns3:hr>
          </ns3:TrackPointExtension>
        </extensions>
      </trkpt>
      <trkpt lat="22.5894437916576862335205078125" lon="114.28062242455780506134033203125">
        <ele>153</ele>
        <time>2024-12-10T10:30:20.000Z</time>
        <extensions>
          <ns3:TrackPointExtension>
            <ns3:atemp>22.0</ns3:atemp>
            <ns3:hr>113</ns3:hr>
          </ns3:TrackPointExtension>
        </extensions>
      </trkpt>
      <trkpt lat="22.58944404311478137969970703125" lon="114.2805728875100612640380859375">
        <ele>153</ele>
        <time>2024-12-10T10:30:21.000Z</time>
        <extensions>
          <ns3:TrackPointExtension>
            <ns3:atemp>22.0</ns3:atemp>
            <ns3:hr>113</ns3:hr>
          </ns3:TrackPointExtension>
        </extensions>
      </trkpt>
      <trkpt lat="22.589438594877719879150390625" lon="114.28052569739520549774169921875">
        <ele>152.8000030517578125</ele>
        <time>2024-12-10T10:30:22.000Z</time>
        <extensions>
          <ns3:TrackPointExtension>
            <ns3:atemp>22.0</ns3:atemp>
            <ns3:hr>112</ns3:hr>
          </ns3:TrackPointExtension>
        </extensions>
      </trkpt>
      <trkpt lat="22.5894369184970855712890625" lon="114.28048647008836269378662109375">
        <ele>152.8000030517578125</ele>
        <time>2024-12-10T10:30:23.000Z</time>
        <extensions>
          <ns3:TrackPointExtension>
            <ns3:atemp>22.0</ns3:atemp>
            <ns3:hr>112</ns3:hr>
          </ns3:TrackPointExtension>
        </extensions>
      </trkpt>
      <trkpt lat="22.58943012915551662445068359375" lon="114.28044699132442474365234375">
        <ele>152.8000030517578125</ele>
        <time>2024-12-10T10:30:24.000Z</time>
        <extensions>
          <ns3:TrackPointExtension>
            <ns3:atemp>22.0</ns3:atemp>
            <ns3:hr>112</ns3:hr>
          </ns3:TrackPointExtension>
        </extensions>
      </trkpt>
      <trkpt lat="22.58942141197621822357177734375" lon="114.2804106138646602630615234375">
        <ele>152.8000030517578125</ele>
        <time>2024-12-10T10:30:25.000Z</time>
        <extensions>
          <ns3:TrackPointExtension>
            <ns3:atemp>22.0</ns3:atemp>
            <ns3:hr>112</ns3:hr>
          </ns3:TrackPointExtension>
        </extensions>
      </trkpt>
      <trkpt lat="22.589411772787570953369140625" lon="114.28037784062325954437255859375">
        <ele>152.8000030517578125</ele>
        <time>2024-12-10T10:30:26.000Z</time>
        <extensions>
          <ns3:TrackPointExtension>
            <ns3:atemp>22.0</ns3:atemp>
            <ns3:hr>111</ns3:hr>
          </ns3:TrackPointExtension>
        </extensions>
      </trkpt>
      <trkpt lat="22.58940540254116058349609375" lon="114.2803516052663326263427734375">
        <ele>152.8000030517578125</ele>
        <time>2024-12-10T10:30:27.000Z</time>
        <extensions>
          <ns3:TrackPointExtension>
            <ns3:atemp>22.0</ns3:atemp>
            <ns3:hr>111</ns3:hr>
          </ns3:TrackPointExtension>
        </extensions>
      </trkpt>
      <trkpt lat="22.5894025526940822601318359375" lon="114.28032369352877140045166015625">
        <ele>152.8000030517578125</ele>
        <time>2024-12-10T10:30:28.000Z</time>
        <extensions>
          <ns3:TrackPointExtension>
            <ns3:atemp>22.0</ns3:atemp>
            <ns3:hr>111</ns3:hr>
          </ns3:TrackPointExtension>
        </extensions>
      </trkpt>
      <trkpt lat="22.589403055608272552490234375" lon="114.28029050119221210479736328125">
        <ele>152.8000030517578125</ele>
        <time>2024-12-10T10:30:29.000Z</time>
        <extensions>
          <ns3:TrackPointExtension>
            <ns3:atemp>22.0</ns3:atemp>
            <ns3:hr>110</ns3:hr>
          </ns3:TrackPointExtension>
        </extensions>
      </trkpt>
      <trkpt lat="22.58939794264733791351318359375" lon="114.28025295026600360870361328125">
        <ele>152.8000030517578125</ele>
        <time>2024-12-10T10:30:30.000Z</time>
        <extensions>
          <ns3:TrackPointExtension>
            <ns3:atemp>22.0</ns3:atemp>
            <ns3:hr>110</ns3:hr>
          </ns3:TrackPointExtension>
        </extensions>
      </trkpt>
      <trkpt lat="22.58939760737121105194091796875" lon="114.28021120838820934295654296875">
        <ele>153</ele>
        <time>2024-12-10T10:30:31.000Z</time>
        <extensions>
          <ns3:TrackPointExtension>
            <ns3:atemp>22.0</ns3:atemp>
            <ns3:hr>111</ns3:hr>
          </ns3:TrackPointExtension>
        </extensions>
      </trkpt>
      <trkpt lat="22.5894002057611942291259765625" lon="114.280167706310749053955078125">
        <ele>153</ele>
        <time>2024-12-10T10:30:32.000Z</time>
        <extensions>
          <ns3:TrackPointExtension>
            <ns3:atemp>22.0</ns3:atemp>
            <ns3:hr>111</ns3:hr>
          </ns3:TrackPointExtension>
        </extensions>
      </trkpt>
      <trkpt lat="22.58940380997955799102783203125" lon="114.2801110446453094482421875">
        <ele>153</ele>
        <time>2024-12-10T10:30:33.000Z</time>
        <extensions>
          <ns3:TrackPointExtension>
            <ns3:atemp>22.0</ns3:atemp>
            <ns3:hr>111</ns3:hr>
          </ns3:TrackPointExtension>
        </extensions>
      </trkpt>
      <trkpt lat="22.58940598927438259124755859375" lon="114.2800600826740264892578125">
        <ele>153</ele>
        <time>2024-12-10T10:30:34.000Z</time>
        <extensions>
          <ns3:TrackPointExtension>
            <ns3:atemp>22.0</ns3:atemp>
            <ns3:hr>112</ns3:hr>
          </ns3:TrackPointExtension>
        </extensions>
      </trkpt>
      <trkpt lat="22.589405737817287445068359375" lon="114.28001113235950469970703125">
        <ele>153.1999969482421875</ele>
        <time>2024-12-10T10:30:35.000Z</time>
        <extensions>
          <ns3:TrackPointExtension>
            <ns3:atemp>22.0</ns3:atemp>
            <ns3:hr>113</ns3:hr>
          </ns3:TrackPointExtension>
        </extensions>
      </trkpt>
      <trkpt lat="22.58940481580793857574462890625" lon="114.27996846847236156463623046875">
        <ele>153.1999969482421875</ele>
        <time>2024-12-10T10:30:36.000Z</time>
        <extensions>
          <ns3:TrackPointExtension>
            <ns3:atemp>22.0</ns3:atemp>
            <ns3:hr>114</ns3:hr>
          </ns3:TrackPointExtension>
        </extensions>
      </trkpt>
      <trkpt lat="22.58940540254116058349609375" lon="114.27992806769907474517822265625">
        <ele>153.1999969482421875</ele>
        <time>2024-12-10T10:30:37.000Z</time>
        <extensions>
          <ns3:TrackPointExtension>
            <ns3:atemp>22.0</ns3:atemp>
            <ns3:hr>116</ns3:hr>
          </ns3:TrackPointExtension>
        </extensions>
      </trkpt>
      <trkpt lat="22.58939961902797222137451171875" lon="114.2798842303454875946044921875">
        <ele>153</ele>
        <time>2024-12-10T10:30:38.000Z</time>
        <extensions>
          <ns3:TrackPointExtension>
            <ns3:atemp>22.0</ns3:atemp>
            <ns3:hr>117</ns3:hr>
          </ns3:TrackPointExtension>
        </extensions>
      </trkpt>
      <trkpt lat="22.58939425460994243621826171875" lon="114.27984206937253475189208984375">
        <ele>153</ele>
        <time>2024-12-10T10:30:39.000Z</time>
        <extensions>
          <ns3:TrackPointExtension>
            <ns3:atemp>22.0</ns3:atemp>
            <ns3:hr>117</ns3:hr>
          </ns3:TrackPointExtension>
        </extensions>
      </trkpt>
      <trkpt lat="22.58939291350543498992919921875" lon="114.2798025906085968017578125">
        <ele>153</ele>
        <time>2024-12-10T10:30:40.000Z</time>
        <extensions>
          <ns3:TrackPointExtension>
            <ns3:atemp>22.0</ns3:atemp>
            <ns3:hr>117</ns3:hr>
          </ns3:TrackPointExtension>
        </extensions>
      </trkpt>
      <trkpt lat="22.58939526043832302093505859375" lon="114.2797585017979145050048828125">
        <ele>153</ele>
        <time>2024-12-10T10:30:41.000Z</time>
        <extensions>
          <ns3:TrackPointExtension>
            <ns3:atemp>22.0</ns3:atemp>
            <ns3:hr>117</ns3:hr>
          </ns3:TrackPointExtension>
        </extensions>
      </trkpt>
      <trkpt lat="22.58939760737121105194091796875" lon="114.27971885539591312408447265625">
        <ele>153</ele>
        <time>2024-12-10T10:30:42.000Z</time>
        <extensions>
          <ns3:TrackPointExtension>
            <ns3:atemp>22.0</ns3:atemp>
            <ns3:hr>116</ns3:hr>
          </ns3:TrackPointExtension>
        </extensions>
      </trkpt>
      <trkpt lat="22.589399702847003936767578125" lon="114.279682226479053497314453125">
        <ele>153</ele>
        <time>2024-12-10T10:30:43.000Z</time>
        <extensions>
          <ns3:TrackPointExtension>
            <ns3:atemp>22.0</ns3:atemp>
            <ns3:hr>116</ns3:hr>
          </ns3:TrackPointExtension>
        </extensions>
      </trkpt>
      <trkpt lat="22.58940062485635280609130859375" lon="114.27964760921895503997802734375">
        <ele>153</ele>
        <time>2024-12-10T10:30:44.000Z</time>
        <extensions>
          <ns3:TrackPointExtension>
            <ns3:atemp>22.0</ns3:atemp>
            <ns3:hr>117</ns3:hr>
          </ns3:TrackPointExtension>
        </extensions>
      </trkpt>
      <trkpt lat="22.5894028879702091217041015625" lon="114.27960385568439960479736328125">
        <ele>153.1999969482421875</ele>
        <time>2024-12-10T10:30:45.000Z</time>
        <extensions>
          <ns3:TrackPointExtension>
            <ns3:atemp>22.0</ns3:atemp>
            <ns3:hr>116</ns3:hr>
          </ns3:TrackPointExtension>
        </extensions>
      </trkpt>
      <trkpt lat="22.58940565399825572967529296875" lon="114.27955674938857555389404296875">
        <ele>153.600006103515625</ele>
        <time>2024-12-10T10:30:46.000Z</time>
        <extensions>
          <ns3:TrackPointExtension>
            <ns3:atemp>22.0</ns3:atemp>
            <ns3:hr>116</ns3:hr>
          </ns3:TrackPointExtension>
        </extensions>
      </trkpt>
      <trkpt lat="22.5894035585224628448486328125" lon="114.2795097269117832183837890625">
        <ele>153.8000030517578125</ele>
        <time>2024-12-10T10:30:47.000Z</time>
        <extensions>
          <ns3:TrackPointExtension>
            <ns3:atemp>22.0</ns3:atemp>
            <ns3:hr>117</ns3:hr>
          </ns3:TrackPointExtension>
        </extensions>
      </trkpt>
      <trkpt lat="22.5894055701792240142822265625" lon="114.27945993840694427490234375">
        <ele>154</ele>
        <time>2024-12-10T10:30:48.000Z</time>
        <extensions>
          <ns3:TrackPointExtension>
            <ns3:atemp>22.0</ns3:atemp>
            <ns3:hr>117</ns3:hr>
          </ns3:TrackPointExtension>
        </extensions>
      </trkpt>
      <trkpt lat="22.5894074141979217529296875" lon="114.279407970607280731201171875">
        <ele>154.1999969482421875</ele>
        <time>2024-12-10T10:30:49.000Z</time>
        <extensions>
          <ns3:TrackPointExtension>
            <ns3:atemp>22.0</ns3:atemp>
            <ns3:hr>117</ns3:hr>
          </ns3:TrackPointExtension>
        </extensions>
      </trkpt>
      <trkpt lat="22.58941068314015865325927734375" lon="114.2793618701398372650146484375">
        <ele>154.399993896484375</ele>
        <time>2024-12-10T10:30:50.000Z</time>
        <extensions>
          <ns3:TrackPointExtension>
            <ns3:atemp>22.0</ns3:atemp>
            <ns3:hr>118</ns3:hr>
          </ns3:TrackPointExtension>
        </extensions>
      </trkpt>
      <trkpt lat="22.58941210806369781494140625" lon="114.27932046353816986083984375">
        <ele>154.600006103515625</ele>
        <time>2024-12-10T10:30:51.000Z</time>
        <extensions>
          <ns3:TrackPointExtension>
            <ns3:atemp>22.0</ns3:atemp>
            <ns3:hr>118</ns3:hr>
          </ns3:TrackPointExtension>
        </extensions>
      </trkpt>
      <trkpt lat="22.589413113892078399658203125" lon="114.2792736925184726715087890625">
        <ele>155.1999969482421875</ele>
        <time>2024-12-10T10:30:52.000Z</time>
        <extensions>
          <ns3:TrackPointExtension>
            <ns3:atemp>22.0</ns3:atemp>
            <ns3:hr>119</ns3:hr>
          </ns3:TrackPointExtension>
        </extensions>
      </trkpt>
      <trkpt lat="22.58941353298723697662353515625" lon="114.2792277596890926361083984375">
        <ele>155.399993896484375</ele>
        <time>2024-12-10T10:30:53.000Z</time>
        <extensions>
          <ns3:TrackPointExtension>
            <ns3:atemp>22.0</ns3:atemp>
            <ns3:hr>119</ns3:hr>
          </ns3:TrackPointExtension>
        </extensions>
      </trkpt>
      <trkpt lat="22.58941479027271270751953125" lon="114.279179982841014862060546875">
        <ele>155.600006103515625</ele>
        <time>2024-12-10T10:30:54.000Z</time>
        <extensions>
          <ns3:TrackPointExtension>
            <ns3:atemp>22.0</ns3:atemp>
            <ns3:hr>120</ns3:hr>
          </ns3:TrackPointExtension>
        </extensions>
      </trkpt>
      <trkpt lat="22.589416801929473876953125" lon="114.27913329564034938812255859375">
        <ele>156</ele>
        <time>2024-12-10T10:30:55.000Z</time>
        <extensions>
          <ns3:TrackPointExtension>
            <ns3:atemp>22.0</ns3:atemp>
            <ns3:hr>120</ns3:hr>
          </ns3:TrackPointExtension>
        </extensions>
      </trkpt>
      <trkpt lat="22.58941805921494960784912109375" lon="114.27908887155354022979736328125">
        <ele>156.1999969482421875</ele>
        <time>2024-12-10T10:30:56.000Z</time>
        <extensions>
          <ns3:TrackPointExtension>
            <ns3:atemp>22.0</ns3:atemp>
            <ns3:hr>121</ns3:hr>
          </ns3:TrackPointExtension>
        </extensions>
      </trkpt>
      <trkpt lat="22.58941889740526676177978515625" lon="114.27904126234352588653564453125">
        <ele>156.1999969482421875</ele>
        <time>2024-12-10T10:30:57.000Z</time>
        <extensions>
          <ns3:TrackPointExtension>
            <ns3:atemp>22.0</ns3:atemp>
            <ns3:hr>121</ns3:hr>
          </ns3:TrackPointExtension>
        </extensions>
      </trkpt>
      <trkpt lat="22.58942023850977420806884765625" lon="114.278995580971240997314453125">
        <ele>156.600006103515625</ele>
        <time>2024-12-10T10:30:58.000Z</time>
        <extensions>
          <ns3:TrackPointExtension>
            <ns3:atemp>22.0</ns3:atemp>
            <ns3:hr>122</ns3:hr>
          </ns3:TrackPointExtension>
        </extensions>
      </trkpt>
      <trkpt lat="22.5894223339855670928955078125" lon="114.2789590358734130859375">
        <ele>157</ele>
        <time>2024-12-10T10:30:59.000Z</time>
        <extensions>
          <ns3:TrackPointExtension>
            <ns3:atemp>22.0</ns3:atemp>
            <ns3:hr>123</ns3:hr>
          </ns3:TrackPointExtension>
        </extensions>
      </trkpt>
      <trkpt lat="22.589424513280391693115234375" lon="114.2789243347942829132080078125">
        <ele>157.1999969482421875</ele>
        <time>2024-12-10T10:31:00.000Z</time>
        <extensions>
          <ns3:TrackPointExtension>
            <ns3:atemp>22.0</ns3:atemp>
            <ns3:hr>123</ns3:hr>
          </ns3:TrackPointExtension>
        </extensions>
      </trkpt>
      <trkpt lat="22.5894236750900745391845703125" lon="114.2788887955248355865478515625">
        <ele>157.600006103515625</ele>
        <time>2024-12-10T10:31:01.000Z</time>
        <extensions>
          <ns3:TrackPointExtension>
            <ns3:atemp>22.0</ns3:atemp>
            <ns3:hr>124</ns3:hr>
          </ns3:TrackPointExtension>
        </extensions>
      </trkpt>
      <trkpt lat="22.58942493237555027008056640625" lon="114.27884747274219989776611328125">
        <ele>157.8000030517578125</ele>
        <time>2024-12-10T10:31:02.000Z</time>
        <extensions>
          <ns3:TrackPointExtension>
            <ns3:atemp>22.0</ns3:atemp>
            <ns3:hr>124</ns3:hr>
          </ns3:TrackPointExtension>
        </extensions>
      </trkpt>
      <trkpt lat="22.58942778222262859344482421875" lon="114.2788021266460418701171875">
        <ele>158</ele>
        <time>2024-12-10T10:31:03.000Z</time>
        <extensions>
          <ns3:TrackPointExtension>
            <ns3:atemp>22.0</ns3:atemp>
            <ns3:hr>124</ns3:hr>
          </ns3:TrackPointExtension>
        </extensions>
      </trkpt>
      <trkpt lat="22.58942862041294574737548828125" lon="114.27875309251248836517333984375">
        <ele>158.1999969482421875</ele>
        <time>2024-12-10T10:31:04.000Z</time>
        <extensions>
          <ns3:TrackPointExtension>
            <ns3:atemp>22.0</ns3:atemp>
            <ns3:hr>123</ns3:hr>
          </ns3:TrackPointExtension>
        </extensions>
      </trkpt>
      <trkpt lat="22.5894288718700408935546875" lon="114.2787020467221736907958984375">
        <ele>158.399993896484375</ele>
        <time>2024-12-10T10:31:05.000Z</time>
        <extensions>
          <ns3:TrackPointExtension>
            <ns3:atemp>22.0</ns3:atemp>
            <ns3:hr>124</ns3:hr>
          </ns3:TrackPointExtension>
        </extensions>
      </trkpt>
      <trkpt lat="22.58943079970777034759521484375" lon="114.278650246560573577880859375">
        <ele>158.600006103515625</ele>
        <time>2024-12-10T10:31:06.000Z</time>
        <extensions>
          <ns3:TrackPointExtension>
            <ns3:atemp>22.0</ns3:atemp>
            <ns3:hr>124</ns3:hr>
          </ns3:TrackPointExtension>
        </extensions>
      </trkpt>
      <trkpt lat="22.58942954242229461669921875" lon="114.2785987816751003265380859375">
        <ele>159</ele>
        <time>2024-12-10T10:31:07.000Z</time>
        <extensions>
          <ns3:TrackPointExtension>
            <ns3:atemp>22.0</ns3:atemp>
            <ns3:hr>124</ns3:hr>
          </ns3:TrackPointExtension>
        </extensions>
      </trkpt>
      <trkpt lat="22.5894213281571865081787109375" lon="114.2785501666367053985595703125">
        <ele>159.1999969482421875</ele>
        <time>2024-12-10T10:31:08.000Z</time>
        <extensions>
          <ns3:TrackPointExtension>
            <ns3:atemp>22.0</ns3:atemp>
            <ns3:hr>125</ns3:hr>
          </ns3:TrackPointExtension>
        </extensions>
      </trkpt>
      <trkpt lat="22.5894092582166194915771484375" lon="114.27850146777927875518798828125">
        <ele>159.399993896484375</ele>
        <time>2024-12-10T10:31:09.000Z</time>
        <extensions>
          <ns3:TrackPointExtension>
            <ns3:atemp>22.0</ns3:atemp>
            <ns3:hr>125</ns3:hr>
          </ns3:TrackPointExtension>
        </extensions>
      </trkpt>
      <trkpt lat="22.5893958471715450286865234375" lon="114.2784569598734378814697265625">
        <ele>159.8000030517578125</ele>
        <time>2024-12-10T10:31:10.000Z</time>
        <extensions>
          <ns3:TrackPointExtension>
            <ns3:atemp>22.0</ns3:atemp>
            <ns3:hr>126</ns3:hr>
          </ns3:TrackPointExtension>
        </extensions>
      </trkpt>
      <trkpt lat="22.58938251994550228118896484375" lon="114.27840893156826496124267578125">
        <ele>160</ele>
        <time>2024-12-10T10:31:11.000Z</time>
        <extensions>
          <ns3:TrackPointExtension>
            <ns3:atemp>22.0</ns3:atemp>
            <ns3:hr>127</ns3:hr>
          </ns3:TrackPointExtension>
        </extensions>
      </trkpt>
      <trkpt lat="22.589367516338825225830078125" lon="114.27835964597761631011962890625">
        <ele>160.399993896484375</ele>
        <time>2024-12-10T10:31:12.000Z</time>
        <extensions>
          <ns3:TrackPointExtension>
            <ns3:atemp>22.0</ns3:atemp>
            <ns3:hr>128</ns3:hr>
          </ns3:TrackPointExtension>
        </extensions>
      </trkpt>
      <trkpt lat="22.58935402147471904754638671875" lon="114.27830935455858707427978515625">
        <ele>160.600006103515625</ele>
        <time>2024-12-10T10:31:13.000Z</time>
        <extensions>
          <ns3:TrackPointExtension>
            <ns3:atemp>22.0</ns3:atemp>
            <ns3:hr>129</ns3:hr>
          </ns3:TrackPointExtension>
        </extensions>
      </trkpt>
      <trkpt lat="22.5893468968570232391357421875" lon="114.27826903760433197021484375">
        <ele>160.600006103515625</ele>
        <time>2024-12-10T10:31:14.000Z</time>
        <extensions>
          <ns3:TrackPointExtension>
            <ns3:atemp>22.0</ns3:atemp>
            <ns3:hr>130</ns3:hr>
          </ns3:TrackPointExtension>
        </extensions>
      </trkpt>
      <trkpt lat="22.58934413082897663116455078125" lon="114.27822285331785678863525390625">
        <ele>160.600006103515625</ele>
        <time>2024-12-10T10:31:15.000Z</time>
        <extensions>
          <ns3:TrackPointExtension>
            <ns3:atemp>22.0</ns3:atemp>
            <ns3:hr>131</ns3:hr>
          </ns3:TrackPointExtension>
        </extensions>
      </trkpt>
      <trkpt lat="22.58934396319091320037841796875" lon="114.27818060852587223052978515625">
        <ele>160.600006103515625</ele>
        <time>2024-12-10T10:31:16.000Z</time>
        <extensions>
          <ns3:TrackPointExtension>
            <ns3:atemp>22.0</ns3:atemp>
            <ns3:hr>132</ns3:hr>
          </ns3:TrackPointExtension>
        </extensions>
      </trkpt>
      <trkpt lat="22.58933876641094684600830078125" lon="114.2781401239335536956787109375">
        <ele>160.600006103515625</ele>
        <time>2024-12-10T10:31:17.000Z</time>
        <extensions>
          <ns3:TrackPointExtension>
            <ns3:atemp>22.0</ns3:atemp>
            <ns3:hr>134</ns3:hr>
          </ns3:TrackPointExtension>
        </extensions>
      </trkpt>
      <trkpt lat="22.58932803757488727569580078125" lon="114.27810936234891414642333984375">
        <ele>160.600006103515625</ele>
        <time>2024-12-10T10:31:18.000Z</time>
        <extensions>
          <ns3:TrackPointExtension>
            <ns3:atemp>22.0</ns3:atemp>
            <ns3:hr>135</ns3:hr>
          </ns3:TrackPointExtension>
        </extensions>
      </trkpt>
      <trkpt lat="22.5893190689384937286376953125" lon="114.278084300458431243896484375">
        <ele>160.600006103515625</ele>
        <time>2024-12-10T10:31:19.000Z</time>
        <extensions>
          <ns3:TrackPointExtension>
            <ns3:atemp>22.0</ns3:atemp>
            <ns3:hr>137</ns3:hr>
          </ns3:TrackPointExtension>
        </extensions>
      </trkpt>
      <trkpt lat="22.5892986170947551727294921875" lon="114.27806711755692958831787109375">
        <ele>160.600006103515625</ele>
        <time>2024-12-10T10:31:20.000Z</time>
        <extensions>
          <ns3:TrackPointExtension>
            <ns3:atemp>22.0</ns3:atemp>
            <ns3:hr>138</ns3:hr>
          </ns3:TrackPointExtension>
        </extensions>
      </trkpt>
      <trkpt lat="22.58927263319492340087890625" lon="114.2780512757599353790283203125">
        <ele>160.600006103515625</ele>
        <time>2024-12-10T10:31:21.000Z</time>
        <extensions>
          <ns3:TrackPointExtension>
            <ns3:atemp>22.0</ns3:atemp>
            <ns3:hr>139</ns3:hr>
          </ns3:TrackPointExtension>
        </extensions>
      </trkpt>
      <trkpt lat="22.58924790658056735992431640625" lon="114.27803660742938518524169921875">
        <ele>160.399993896484375</ele>
        <time>2024-12-10T10:31:22.000Z</time>
        <extensions>
          <ns3:TrackPointExtension>
            <ns3:atemp>22.0</ns3:atemp>
            <ns3:hr>140</ns3:hr>
          </ns3:TrackPointExtension>
        </extensions>
      </trkpt>
      <trkpt lat="22.58922242559492588043212890625" lon="114.2780055105686187744140625">
        <ele>160.399993896484375</ele>
        <time>2024-12-10T10:31:23.000Z</time>
        <extensions>
          <ns3:TrackPointExtension>
            <ns3:atemp>22.0</ns3:atemp>
            <ns3:hr>140</ns3:hr>
          </ns3:TrackPointExtension>
        </extensions>
      </trkpt>
      <trkpt lat="22.58920582942664623260498046875" lon="114.277965612709522247314453125">
        <ele>160.399993896484375</ele>
        <time>2024-12-10T10:31:24.000Z</time>
        <extensions>
          <ns3:TrackPointExtension>
            <ns3:atemp>22.0</ns3:atemp>
            <ns3:hr>140</ns3:hr>
          </ns3:TrackPointExtension>
        </extensions>
      </trkpt>
      <trkpt lat="22.5891966931521892547607421875" lon="114.27792596630752086639404296875">
        <ele>160.1999969482421875</ele>
        <time>2024-12-10T10:31:25.000Z</time>
        <extensions>
          <ns3:TrackPointExtension>
            <ns3:atemp>22.0</ns3:atemp>
            <ns3:hr>140</ns3:hr>
          </ns3:TrackPointExtension>
        </extensions>
      </trkpt>
      <trkpt lat="22.58919325657188892364501953125" lon="114.277887828648090362548828125">
        <ele>160</ele>
        <time>2024-12-10T10:31:26.000Z</time>
        <extensions>
          <ns3:TrackPointExtension>
            <ns3:atemp>22.0</ns3:atemp>
            <ns3:hr>140</ns3:hr>
          </ns3:TrackPointExtension>
        </extensions>
      </trkpt>
      <trkpt lat="22.589193843305110931396484375" lon="114.2778440751135349273681640625">
        <ele>159.8000030517578125</ele>
        <time>2024-12-10T10:31:27.000Z</time>
        <extensions>
          <ns3:TrackPointExtension>
            <ns3:atemp>22.0</ns3:atemp>
            <ns3:hr>140</ns3:hr>
          </ns3:TrackPointExtension>
        </extensions>
      </trkpt>
      <trkpt lat="22.589194513857364654541015625" lon="114.2777978070080280303955078125">
        <ele>159.8000030517578125</ele>
        <time>2024-12-10T10:31:28.000Z</time>
        <extensions>
          <ns3:TrackPointExtension>
            <ns3:atemp>22.0</ns3:atemp>
            <ns3:hr>140</ns3:hr>
          </ns3:TrackPointExtension>
        </extensions>
      </trkpt>
      <trkpt lat="22.58918906562030315399169921875" lon="114.277746677398681640625">
        <ele>159.600006103515625</ele>
        <time>2024-12-10T10:31:29.000Z</time>
        <extensions>
          <ns3:TrackPointExtension>
            <ns3:atemp>22.0</ns3:atemp>
            <ns3:hr>141</ns3:hr>
          </ns3:TrackPointExtension>
        </extensions>
      </trkpt>
      <trkpt lat="22.5891809351742267608642578125" lon="114.277698732912540435791015625">
        <ele>159.399993896484375</ele>
        <time>2024-12-10T10:31:30.000Z</time>
        <extensions>
          <ns3:TrackPointExtension>
            <ns3:atemp>22.0</ns3:atemp>
            <ns3:hr>141</ns3:hr>
          </ns3:TrackPointExtension>
        </extensions>
      </trkpt>
      <trkpt lat="22.5891769118607044219970703125" lon="114.2776533029973506927490234375">
        <ele>159</ele>
        <time>2024-12-10T10:31:31.000Z</time>
        <extensions>
          <ns3:TrackPointExtension>
            <ns3:atemp>22.0</ns3:atemp>
            <ns3:hr>141</ns3:hr>
          </ns3:TrackPointExtension>
        </extensions>
      </trkpt>
      <trkpt lat="22.5891879759728908538818359375" lon="114.2776090465486049652099609375">
        <ele>159</ele>
        <time>2024-12-10T10:31:32.000Z</time>
        <extensions>
          <ns3:TrackPointExtension>
            <ns3:atemp>22.0</ns3:atemp>
            <ns3:hr>141</ns3:hr>
          </ns3:TrackPointExtension>
        </extensions>
      </trkpt>
      <trkpt lat="22.58920147083699703216552734375" lon="114.2775654606521129608154296875">
        <ele>158.8000030517578125</ele>
        <time>2024-12-10T10:31:33.000Z</time>
        <extensions>
          <ns3:TrackPointExtension>
            <ns3:atemp>22.0</ns3:atemp>
            <ns3:hr>141</ns3:hr>
          </ns3:TrackPointExtension>
        </extensions>
      </trkpt>
      <trkpt lat="22.58921404369175434112548828125" lon="114.27752011455595493316650390625">
        <ele>158.8000030517578125</ele>
        <time>2024-12-10T10:31:34.000Z</time>
        <extensions>
          <ns3:TrackPointExtension>
            <ns3:atemp>22.0</ns3:atemp>
            <ns3:hr>141</ns3:hr>
          </ns3:TrackPointExtension>
        </extensions>
      </trkpt>
      <trkpt lat="22.58922376669943332672119140625" lon="114.27746596746146678924560546875">
        <ele>158.600006103515625</ele>
        <time>2024-12-10T10:31:35.000Z</time>
        <extensions>
          <ns3:TrackPointExtension>
            <ns3:atemp>22.0</ns3:atemp>
            <ns3:hr>140</ns3:hr>
          </ns3:TrackPointExtension>
        </extensions>
      </trkpt>
      <trkpt lat="22.58923399262130260467529296875" lon="114.27741148509085178375244140625">
        <ele>158.399993896484375</ele>
        <time>2024-12-10T10:31:36.000Z</time>
        <extensions>
          <ns3:TrackPointExtension>
            <ns3:atemp>22.0</ns3:atemp>
            <ns3:hr>140</ns3:hr>
          </ns3:TrackPointExtension>
        </extensions>
      </trkpt>
      <trkpt lat="22.58924338035285472869873046875" lon="114.2773629538714885711669921875">
        <ele>158</ele>
        <time>2024-12-10T10:31:37.000Z</time>
        <extensions>
          <ns3:TrackPointExtension>
            <ns3:atemp>22.0</ns3:atemp>
            <ns3:hr>140</ns3:hr>
          </ns3:TrackPointExtension>
        </extensions>
      </trkpt>
      <trkpt lat="22.589249499142169952392578125" lon="114.27732087671756744384765625">
        <ele>157.8000030517578125</ele>
        <time>2024-12-10T10:31:38.000Z</time>
        <extensions>
          <ns3:TrackPointExtension>
            <ns3:atemp>22.0</ns3:atemp>
            <ns3:hr>139</ns3:hr>
          </ns3:TrackPointExtension>
        </extensions>
      </trkpt>
      <trkpt lat="22.5892443023622035980224609375" lon="114.27727988921105861663818359375">
        <ele>157.600006103515625</ele>
        <time>2024-12-10T10:31:39.000Z</time>
        <extensions>
          <ns3:TrackPointExtension>
            <ns3:atemp>22.0</ns3:atemp>
            <ns3:hr>139</ns3:hr>
          </ns3:TrackPointExtension>
        </extensions>
      </trkpt>
      <trkpt lat="22.5892379321157932281494140625" lon="114.2772412486374378204345703125">
        <ele>157.399993896484375</ele>
        <time>2024-12-10T10:31:40.000Z</time>
        <extensions>
          <ns3:TrackPointExtension>
            <ns3:atemp>22.0</ns3:atemp>
            <ns3:hr>139</ns3:hr>
          </ns3:TrackPointExtension>
        </extensions>
      </trkpt>
      <trkpt lat="22.5892292149364948272705078125" lon="114.27719590254127979278564453125">
        <ele>157.399993896484375</ele>
        <time>2024-12-10T10:31:41.000Z</time>
        <extensions>
          <ns3:TrackPointExtension>
            <ns3:atemp>22.0</ns3:atemp>
            <ns3:hr>138</ns3:hr>
          </ns3:TrackPointExtension>
        </extensions>
      </trkpt>
      <trkpt lat="22.58921706117689609527587890625" lon="114.27714711986482143402099609375">
        <ele>157.1999969482421875</ele>
        <time>2024-12-10T10:31:42.000Z</time>
        <extensions>
          <ns3:TrackPointExtension>
            <ns3:atemp>22.0</ns3:atemp>
            <ns3:hr>138</ns3:hr>
          </ns3:TrackPointExtension>
        </extensions>
      </trkpt>
      <trkpt lat="22.58920566178858280181884765625" lon="114.27709498442709445953369140625">
        <ele>157</ele>
        <time>2024-12-10T10:31:43.000Z</time>
        <extensions>
          <ns3:TrackPointExtension>
            <ns3:atemp>22.0</ns3:atemp>
            <ns3:hr>138</ns3:hr>
          </ns3:TrackPointExtension>
        </extensions>
      </trkpt>
      <trkpt lat="22.589199542999267578125" lon="114.277042932808399200439453125">
        <ele>156.600006103515625</ele>
        <time>2024-12-10T10:31:44.000Z</time>
        <extensions>
          <ns3:TrackPointExtension>
            <ns3:atemp>22.0</ns3:atemp>
            <ns3:hr>138</ns3:hr>
          </ns3:TrackPointExtension>
        </extensions>
      </trkpt>
      <trkpt lat="22.5891980342566967010498046875" lon="114.2769944854080677032470703125">
        <ele>156.1999969482421875</ele>
        <time>2024-12-10T10:31:45.000Z</time>
        <extensions>
          <ns3:TrackPointExtension>
            <ns3:atemp>22.0</ns3:atemp>
            <ns3:hr>138</ns3:hr>
          </ns3:TrackPointExtension>
        </extensions>
      </trkpt>
      <trkpt lat="22.58920549415051937103271484375" lon="114.27694679237902164459228515625">
        <ele>156</ele>
        <time>2024-12-10T10:31:46.000Z</time>
        <extensions>
          <ns3:TrackPointExtension>
            <ns3:atemp>22.0</ns3:atemp>
            <ns3:hr>137</ns3:hr>
          </ns3:TrackPointExtension>
        </extensions>
      </trkpt>
      <trkpt lat="22.5892225094139575958251953125" lon="114.27691058255732059478759765625">
        <ele>155.8000030517578125</ele>
        <time>2024-12-10T10:31:47.000Z</time>
        <extensions>
          <ns3:TrackPointExtension>
            <ns3:atemp>22.0</ns3:atemp>
            <ns3:hr>137</ns3:hr>
          </ns3:TrackPointExtension>
        </extensions>
      </trkpt>
      <trkpt lat="22.58923684246838092803955078125" lon="114.27687956951558589935302734375">
        <ele>155.8000030517578125</ele>
        <time>2024-12-10T10:31:48.000Z</time>
        <extensions>
          <ns3:TrackPointExtension>
            <ns3:atemp>22.0</ns3:atemp>
            <ns3:hr>136</ns3:hr>
          </ns3:TrackPointExtension>
        </extensions>
      </trkpt>
      <trkpt lat="22.5892489962279796600341796875" lon="114.27684880793094635009765625">
        <ele>155.399993896484375</ele>
        <time>2024-12-10T10:31:49.000Z</time>
        <extensions>
          <ns3:TrackPointExtension>
            <ns3:atemp>22.0</ns3:atemp>
            <ns3:hr>136</ns3:hr>
          </ns3:TrackPointExtension>
        </extensions>
      </trkpt>
      <trkpt lat="22.58926098234951496124267578125" lon="114.27682223729789257049560546875">
        <ele>155.1999969482421875</ele>
        <time>2024-12-10T10:31:50.000Z</time>
        <extensions>
          <ns3:TrackPointExtension>
            <ns3:atemp>22.0</ns3:atemp>
            <ns3:hr>135</ns3:hr>
          </ns3:TrackPointExtension>
        </extensions>
      </trkpt>
      <trkpt lat="22.58927137590944766998291015625" lon="114.276795499026775360107421875">
        <ele>155.1999969482421875</ele>
        <time>2024-12-10T10:31:51.000Z</time>
        <extensions>
          <ns3:TrackPointExtension>
            <ns3:atemp>22.0</ns3:atemp>
            <ns3:hr>135</ns3:hr>
          </ns3:TrackPointExtension>
        </extensions>
      </trkpt>
      <trkpt lat="22.58927942253649234771728515625" lon="114.2767681740224361419677734375">
        <ele>155</ele>
        <time>2024-12-10T10:31:52.000Z</time>
        <extensions>
          <ns3:TrackPointExtension>
            <ns3:atemp>22.0</ns3:atemp>
            <ns3:hr>135</ns3:hr>
          </ns3:TrackPointExtension>
        </extensions>
      </trkpt>
      <trkpt lat="22.5892825238406658172607421875" lon="114.27673975937068462371826171875">
        <ele>155</ele>
        <time>2024-12-10T10:31:53.000Z</time>
        <extensions>
          <ns3:TrackPointExtension>
            <ns3:atemp>22.0</ns3:atemp>
            <ns3:hr>134</ns3:hr>
          </ns3:TrackPointExtension>
        </extensions>
      </trkpt>
      <trkpt lat="22.5892848707735538482666015625" lon="114.27671226672828197479248046875">
        <ele>154.600006103515625</ele>
        <time>2024-12-10T10:31:54.000Z</time>
        <extensions>
          <ns3:TrackPointExtension>
            <ns3:atemp>22.0</ns3:atemp>
            <ns3:hr>133</ns3:hr>
          </ns3:TrackPointExtension>
        </extensions>
      </trkpt>
      <trkpt lat="22.58928478695452213287353515625" lon="114.2766786552965641021728515625">
        <ele>154.600006103515625</ele>
        <time>2024-12-10T10:31:55.000Z</time>
        <extensions>
          <ns3:TrackPointExtension>
            <ns3:atemp>22.0</ns3:atemp>
            <ns3:hr>131</ns3:hr>
          </ns3:TrackPointExtension>
        </extensions>
      </trkpt>
      <trkpt lat="22.5892842002213001251220703125" lon="114.27664269693195819854736328125">
        <ele>154.600006103515625</ele>
        <time>2024-12-10T10:31:56.000Z</time>
        <extensions>
          <ns3:TrackPointExtension>
            <ns3:atemp>22.0</ns3:atemp>
            <ns3:hr>127</ns3:hr>
          </ns3:TrackPointExtension>
        </extensions>
      </trkpt>
      <trkpt lat="22.58928738534450531005859375" lon="114.27660179324448108673095703125">
        <ele>154.1999969482421875</ele>
        <time>2024-12-10T10:31:57.000Z</time>
        <extensions>
          <ns3:TrackPointExtension>
            <ns3:atemp>22.0</ns3:atemp>
            <ns3:hr>124</ns3:hr>
          </ns3:TrackPointExtension>
        </extensions>
      </trkpt>
      <trkpt lat="22.58929383940994739532470703125" lon="114.27655736915767192840576171875">
        <ele>154</ele>
        <time>2024-12-10T10:31:58.000Z</time>
        <extensions>
          <ns3:TrackPointExtension>
            <ns3:atemp>22.0</ns3:atemp>
            <ns3:hr>123</ns3:hr>
          </ns3:TrackPointExtension>
        </extensions>
      </trkpt>
      <trkpt lat="22.5892992876470088958740234375" lon="114.27650950849056243896484375">
        <ele>153.8000030517578125</ele>
        <time>2024-12-10T10:31:59.000Z</time>
        <extensions>
          <ns3:TrackPointExtension>
            <ns3:atemp>22.0</ns3:atemp>
            <ns3:hr>121</ns3:hr>
          </ns3:TrackPointExtension>
        </extensions>
      </trkpt>
      <trkpt lat="22.5893063284456729888916015625" lon="114.276453517377376556396484375">
        <ele>153.1999969482421875</ele>
        <time>2024-12-10T10:32:00.000Z</time>
        <extensions>
          <ns3:TrackPointExtension>
            <ns3:atemp>22.0</ns3:atemp>
            <ns3:hr>120</ns3:hr>
          </ns3:TrackPointExtension>
        </extensions>
      </trkpt>
      <trkpt lat="22.58931152522563934326171875" lon="114.27639844827353954315185546875">
        <ele>152</ele>
        <time>2024-12-10T10:32:01.000Z</time>
        <extensions>
          <ns3:TrackPointExtension>
            <ns3:atemp>22.0</ns3:atemp>
            <ns3:hr>119</ns3:hr>
          </ns3:TrackPointExtension>
        </extensions>
      </trkpt>
      <trkpt lat="22.58931152522563934326171875" lon="114.27634798921644687652587890625">
        <ele>151.1999969482421875</ele>
        <time>2024-12-10T10:32:02.000Z</time>
        <extensions>
          <ns3:TrackPointExtension>
            <ns3:atemp>22.0</ns3:atemp>
            <ns3:hr>118</ns3:hr>
          </ns3:TrackPointExtension>
        </extensions>
      </trkpt>
      <trkpt lat="22.58931286633014678955078125" lon="114.2762940935790538787841796875">
        <ele>149.8000030517578125</ele>
        <time>2024-12-10T10:32:03.000Z</time>
        <extensions>
          <ns3:TrackPointExtension>
            <ns3:atemp>22.0</ns3:atemp>
            <ns3:hr>117</ns3:hr>
          </ns3:TrackPointExtension>
        </extensions>
      </trkpt>
      <trkpt lat="22.5893261097371578216552734375" lon="114.2762464843690395355224609375">
        <ele>149.399993896484375</ele>
        <time>2024-12-10T10:32:04.000Z</time>
        <extensions>
          <ns3:TrackPointExtension>
            <ns3:atemp>22.0</ns3:atemp>
            <ns3:hr>116</ns3:hr>
          </ns3:TrackPointExtension>
        </extensions>
      </trkpt>
      <trkpt lat="22.58934211917221546173095703125" lon="114.276194013655185699462890625">
        <ele>149.399993896484375</ele>
        <time>2024-12-10T10:32:05.000Z</time>
        <extensions>
          <ns3:TrackPointExtension>
            <ns3:atemp>22.0</ns3:atemp>
            <ns3:hr>116</ns3:hr>
          </ns3:TrackPointExtension>
        </extensions>
      </trkpt>
      <trkpt lat="22.58935511112213134765625" lon="114.27613458596169948577880859375">
        <ele>149.1999969482421875</ele>
        <time>2024-12-10T10:32:06.000Z</time>
        <extensions>
          <ns3:TrackPointExtension>
            <ns3:atemp>22.0</ns3:atemp>
            <ns3:hr>116</ns3:hr>
          </ns3:TrackPointExtension>
        </extensions>
      </trkpt>
      <trkpt lat="22.58936860598623752593994140625" lon="114.276075996458530426025390625">
        <ele>149</ele>
        <time>2024-12-10T10:32:07.000Z</time>
        <extensions>
          <ns3:TrackPointExtension>
            <ns3:atemp>22.0</ns3:atemp>
            <ns3:hr>117</ns3:hr>
          </ns3:TrackPointExtension>
        </extensions>
      </trkpt>
      <trkpt lat="22.589381597936153411865234375" lon="114.27601489238440990447998046875">
        <ele>148.8000030517578125</ele>
        <time>2024-12-10T10:32:08.000Z</time>
        <extensions>
          <ns3:TrackPointExtension>
            <ns3:atemp>22.0</ns3:atemp>
            <ns3:hr>116</ns3:hr>
          </ns3:TrackPointExtension>
        </extensions>
      </trkpt>
      <trkpt lat="22.5893961824476718902587890625" lon="114.2759551294147968292236328125">
        <ele>148.8000030517578125</ele>
        <time>2024-12-10T10:32:09.000Z</time>
        <extensions>
          <ns3:TrackPointExtension>
            <ns3:atemp>22.0</ns3:atemp>
            <ns3:hr>116</ns3:hr>
          </ns3:TrackPointExtension>
        </extensions>
      </trkpt>
      <trkpt lat="22.5894089229404926300048828125" lon="114.2758905887603759765625">
        <ele>148.600006103515625</ele>
        <time>2024-12-10T10:32:10.000Z</time>
        <extensions>
          <ns3:TrackPointExtension>
            <ns3:atemp>22.0</ns3:atemp>
            <ns3:hr>117</ns3:hr>
          </ns3:TrackPointExtension>
        </extensions>
      </trkpt>
      <trkpt lat="22.58941789157688617706298828125" lon="114.27582378499209880828857421875">
        <ele>148.600006103515625</ele>
        <time>2024-12-10T10:32:11.000Z</time>
        <extensions>
          <ns3:TrackPointExtension>
            <ns3:atemp>22.0</ns3:atemp>
            <ns3:hr>116</ns3:hr>
          </ns3:TrackPointExtension>
        </extensions>
      </trkpt>
      <trkpt lat="22.58942778222262859344482421875" lon="114.2757556401193141937255859375">
        <ele>148.399993896484375</ele>
        <time>2024-12-10T10:32:12.000Z</time>
        <extensions>
          <ns3:TrackPointExtension>
            <ns3:atemp>22.0</ns3:atemp>
            <ns3:hr>116</ns3:hr>
          </ns3:TrackPointExtension>
        </extensions>
      </trkpt>
      <trkpt lat="22.589439935982227325439453125" lon="114.2756865732371807098388671875">
        <ele>148.1999969482421875</ele>
        <time>2024-12-10T10:32:13.000Z</time>
        <extensions>
          <ns3:TrackPointExtension>
            <ns3:atemp>22.0</ns3:atemp>
            <ns3:hr>116</ns3:hr>
          </ns3:TrackPointExtension>
        </extensions>
      </trkpt>
      <trkpt lat="22.58944806642830371856689453125" lon="114.2756218649446964263916015625">
        <ele>148.1999969482421875</ele>
        <time>2024-12-10T10:32:14.000Z</time>
        <extensions>
          <ns3:TrackPointExtension>
            <ns3:atemp>22.0</ns3:atemp>
            <ns3:hr>116</ns3:hr>
          </ns3:TrackPointExtension>
        </extensions>
      </trkpt>
      <trkpt lat="22.5894515030086040496826171875" lon="114.2755566537380218505859375">
        <ele>148</ele>
        <time>2024-12-10T10:32:15.000Z</time>
        <extensions>
          <ns3:TrackPointExtension>
            <ns3:atemp>22.0</ns3:atemp>
            <ns3:hr>116</ns3:hr>
          </ns3:TrackPointExtension>
        </extensions>
      </trkpt>
      <trkpt lat="22.58945493958890438079833984375" lon="114.2755004949867725372314453125">
        <ele>148</ele>
        <time>2024-12-10T10:32:16.000Z</time>
        <extensions>
          <ns3:TrackPointExtension>
            <ns3:atemp>22.0</ns3:atemp>
            <ns3:hr>117</ns3:hr>
          </ns3:TrackPointExtension>
        </extensions>
      </trkpt>
      <trkpt lat="22.58946172893047332763671875" lon="114.2754508741199970245361328125">
        <ele>148</ele>
        <time>2024-12-10T10:32:17.000Z</time>
        <extensions>
          <ns3:TrackPointExtension>
            <ns3:atemp>22.0</ns3:atemp>
            <ns3:hr>116</ns3:hr>
          </ns3:TrackPointExtension>
        </extensions>
      </trkpt>
      <trkpt lat="22.58947589434683322906494140625" lon="114.27539999596774578094482421875">
        <ele>148</ele>
        <time>2024-12-10T10:32:18.000Z</time>
        <extensions>
          <ns3:TrackPointExtension>
            <ns3:atemp>22.0</ns3:atemp>
            <ns3:hr>116</ns3:hr>
          </ns3:TrackPointExtension>
        </extensions>
      </trkpt>
      <trkpt lat="22.589481174945831298828125" lon="114.2753512971103191375732421875">
        <ele>148</ele>
        <time>2024-12-10T10:32:19.000Z</time>
        <extensions>
          <ns3:TrackPointExtension>
            <ns3:atemp>22.0</ns3:atemp>
            <ns3:hr>116</ns3:hr>
          </ns3:TrackPointExtension>
        </extensions>
      </trkpt>
      <trkpt lat="22.589479498565196990966796875" lon="114.27530251443386077880859375">
        <ele>148.1999969482421875</ele>
        <time>2024-12-10T10:32:20.000Z</time>
        <extensions>
          <ns3:TrackPointExtension>
            <ns3:atemp>22.0</ns3:atemp>
            <ns3:hr>116</ns3:hr>
          </ns3:TrackPointExtension>
        </extensions>
      </trkpt>
      <trkpt lat="22.5894612260162830352783203125" lon="114.2752597667276859283447265625">
        <ele>148.399993896484375</ele>
        <time>2024-12-10T10:32:21.000Z</time>
        <extensions>
          <ns3:TrackPointExtension>
            <ns3:atemp>22.0</ns3:atemp>
            <ns3:hr>116</ns3:hr>
          </ns3:TrackPointExtension>
        </extensions>
      </trkpt>
      <trkpt lat="22.58943297900259494781494140625" lon="114.2752272449433803558349609375">
        <ele>148.399993896484375</ele>
        <time>2024-12-10T10:32:22.000Z</time>
        <extensions>
          <ns3:TrackPointExtension>
            <ns3:atemp>22.0</ns3:atemp>
            <ns3:hr>115</ns3:hr>
          </ns3:TrackPointExtension>
        </extensions>
      </trkpt>
      <trkpt lat="22.58939660154283046722412109375" lon="114.2751953937113285064697265625">
        <ele>148.600006103515625</ele>
        <time>2024-12-10T10:32:23.000Z</time>
        <extensions>
          <ns3:TrackPointExtension>
            <ns3:atemp>22.0</ns3:atemp>
            <ns3:hr>115</ns3:hr>
          </ns3:TrackPointExtension>
        </extensions>
      </trkpt>
      <trkpt lat="22.58936114609241485595703125" lon="114.2751655541360378265380859375">
        <ele>148.600006103515625</ele>
        <time>2024-12-10T10:32:24.000Z</time>
        <extensions>
          <ns3:TrackPointExtension>
            <ns3:atemp>22.0</ns3:atemp>
            <ns3:hr>113</ns3:hr>
          </ns3:TrackPointExtension>
        </extensions>
      </trkpt>
      <trkpt lat="22.589315213263034820556640625" lon="114.275119118392467498779296875">
        <ele>148.8000030517578125</ele>
        <time>2024-12-10T10:32:25.000Z</time>
        <extensions>
          <ns3:TrackPointExtension>
            <ns3:atemp>22.0</ns3:atemp>
            <ns3:hr>113</ns3:hr>
          </ns3:TrackPointExtension>
        </extensions>
      </trkpt>
      <trkpt lat="22.58927531540393829345703125" lon="114.2750783823430538177490234375">
        <ele>148.8000030517578125</ele>
        <time>2024-12-10T10:32:26.000Z</time>
        <extensions>
          <ns3:TrackPointExtension>
            <ns3:atemp>22.0</ns3:atemp>
            <ns3:hr>112</ns3:hr>
          </ns3:TrackPointExtension>
        </extensions>
      </trkpt>
      <trkpt lat="22.5892357528209686279296875" lon="114.27503638900816440582275390625">
        <ele>148.8000030517578125</ele>
        <time>2024-12-10T10:32:27.000Z</time>
        <extensions>
          <ns3:TrackPointExtension>
            <ns3:atemp>22.0</ns3:atemp>
            <ns3:hr>111</ns3:hr>
          </ns3:TrackPointExtension>
        </extensions>
      </trkpt>
      <trkpt lat="22.5891990400850772857666015625" lon="114.27499280311167240142822265625">
        <ele>149</ele>
        <time>2024-12-10T10:32:28.000Z</time>
        <extensions>
          <ns3:TrackPointExtension>
            <ns3:atemp>22.0</ns3:atemp>
            <ns3:hr>111</ns3:hr>
          </ns3:TrackPointExtension>
        </extensions>
      </trkpt>
      <trkpt lat="22.5891578011214733123779296875" lon="114.2749446071684360504150390625">
        <ele>149</ele>
        <time>2024-12-10T10:32:29.000Z</time>
        <extensions>
          <ns3:TrackPointExtension>
            <ns3:atemp>22.0</ns3:atemp>
            <ns3:hr>111</ns3:hr>
          </ns3:TrackPointExtension>
        </extensions>
      </trkpt>
      <trkpt lat="22.58911413140594959259033203125" lon="114.27489607594907283782958984375">
        <ele>149</ele>
        <time>2024-12-10T10:32:30.000Z</time>
        <extensions>
          <ns3:TrackPointExtension>
            <ns3:atemp>22.0</ns3:atemp>
            <ns3:hr>111</ns3:hr>
          </ns3:TrackPointExtension>
        </extensions>
      </trkpt>
      <trkpt lat="22.58907280862331390380859375" lon="114.2748520709574222564697265625">
        <ele>148.8000030517578125</ele>
        <time>2024-12-10T10:32:31.000Z</time>
        <extensions>
          <ns3:TrackPointExtension>
            <ns3:atemp>22.0</ns3:atemp>
            <ns3:hr>111</ns3:hr>
          </ns3:TrackPointExtension>
        </extensions>
      </trkpt>
      <trkpt lat="22.58902746252715587615966796875" lon="114.2748058028519153594970703125">
        <ele>148.8000030517578125</ele>
        <time>2024-12-10T10:32:32.000Z</time>
        <extensions>
          <ns3:TrackPointExtension>
            <ns3:atemp>22.0</ns3:atemp>
            <ns3:hr>111</ns3:hr>
          </ns3:TrackPointExtension>
        </extensions>
      </trkpt>
      <trkpt lat="22.58898085914552211761474609375" lon="114.27476280368864536285400390625">
        <ele>148.8000030517578125</ele>
        <time>2024-12-10T10:32:33.000Z</time>
        <extensions>
          <ns3:TrackPointExtension>
            <ns3:atemp>22.0</ns3:atemp>
            <ns3:hr>111</ns3:hr>
          </ns3:TrackPointExtension>
        </extensions>
      </trkpt>
      <trkpt lat="22.58893526159226894378662109375" lon="114.274720139801502227783203125">
        <ele>148.8000030517578125</ele>
        <time>2024-12-10T10:32:34.000Z</time>
        <extensions>
          <ns3:TrackPointExtension>
            <ns3:atemp>22.0</ns3:atemp>
            <ns3:hr>111</ns3:hr>
          </ns3:TrackPointExtension>
        </extensions>
      </trkpt>
      <trkpt lat="22.58888916112482547760009765625" lon="114.27467479370534420013427734375">
        <ele>148.8000030517578125</ele>
        <time>2024-12-10T10:32:35.000Z</time>
        <extensions>
          <ns3:TrackPointExtension>
            <ns3:atemp>22.0</ns3:atemp>
            <ns3:hr>111</ns3:hr>
          </ns3:TrackPointExtension>
        </extensions>
      </trkpt>
      <trkpt lat="22.58884423412382602691650390625" lon="114.27462969906628131866455078125">
        <ele>148.8000030517578125</ele>
        <time>2024-12-10T10:32:36.000Z</time>
        <extensions>
          <ns3:TrackPointExtension>
            <ns3:atemp>22.0</ns3:atemp>
            <ns3:hr>112</ns3:hr>
          </ns3:TrackPointExtension>
        </extensions>
      </trkpt>
      <trkpt lat="22.5887980498373508453369140625" lon="114.27458812482655048370361328125">
        <ele>148.8000030517578125</ele>
        <time>2024-12-10T10:32:37.000Z</time>
        <extensions>
          <ns3:TrackPointExtension>
            <ns3:atemp>22.0</ns3:atemp>
            <ns3:hr>112</ns3:hr>
          </ns3:TrackPointExtension>
        </extensions>
      </trkpt>
      <trkpt lat="22.58875253610312938690185546875" lon="114.27455308847129344940185546875">
        <ele>148.8000030517578125</ele>
        <time>2024-12-10T10:32:38.000Z</time>
        <extensions>
          <ns3:TrackPointExtension>
            <ns3:atemp>22.0</ns3:atemp>
            <ns3:hr>112</ns3:hr>
          </ns3:TrackPointExtension>
        </extensions>
      </trkpt>
      <trkpt lat="22.5887081958353519439697265625" lon="114.2745201475918292999267578125">
        <ele>148.600006103515625</ele>
        <time>2024-12-10T10:32:39.000Z</time>
        <extensions>
          <ns3:TrackPointExtension>
            <ns3:atemp>22.0</ns3:atemp>
            <ns3:hr>112</ns3:hr>
          </ns3:TrackPointExtension>
        </extensions>
      </trkpt>
      <trkpt lat="22.58866779506206512451171875" lon="114.27448301576077938079833984375">
        <ele>148.8000030517578125</ele>
        <time>2024-12-10T10:32:40.000Z</time>
        <extensions>
          <ns3:TrackPointExtension>
            <ns3:atemp>22.0</ns3:atemp>
            <ns3:hr>112</ns3:hr>
          </ns3:TrackPointExtension>
        </extensions>
      </trkpt>
      <trkpt lat="22.58862462826073169708251953125" lon="114.2744354903697967529296875">
        <ele>148.8000030517578125</ele>
        <time>2024-12-10T10:32:41.000Z</time>
        <extensions>
          <ns3:TrackPointExtension>
            <ns3:atemp>22.0</ns3:atemp>
            <ns3:hr>112</ns3:hr>
          </ns3:TrackPointExtension>
        </extensions>
      </trkpt>
      <trkpt lat="22.588583640754222869873046875" lon="114.27439190447330474853515625">
        <ele>148.8000030517578125</ele>
        <time>2024-12-10T10:32:42.000Z</time>
        <extensions>
          <ns3:TrackPointExtension>
            <ns3:atemp>22.0</ns3:atemp>
            <ns3:hr>112</ns3:hr>
          </ns3:TrackPointExtension>
        </extensions>
      </trkpt>
      <trkpt lat="22.588541395962238311767578125" lon="114.274354018270969390869140625">
        <ele>148.8000030517578125</ele>
        <time>2024-12-10T10:32:43.000Z</time>
        <extensions>
          <ns3:TrackPointExtension>
            <ns3:atemp>22.0</ns3:atemp>
            <ns3:hr>112</ns3:hr>
          </ns3:TrackPointExtension>
        </extensions>
      </trkpt>
      <trkpt lat="22.58849957026541233062744140625" lon="114.2743169702589511871337890625">
        <ele>148.8000030517578125</ele>
        <time>2024-12-10T10:32:44.000Z</time>
        <extensions>
          <ns3:TrackPointExtension>
            <ns3:atemp>22.0</ns3:atemp>
            <ns3:hr>112</ns3:hr>
          </ns3:TrackPointExtension>
        </extensions>
      </trkpt>
      <trkpt lat="22.5884513743221759796142578125" lon="114.274273216724395751953125">
        <ele>148.8000030517578125</ele>
        <time>2024-12-10T10:32:45.000Z</time>
        <extensions>
          <ns3:TrackPointExtension>
            <ns3:atemp>22.0</ns3:atemp>
            <ns3:hr>113</ns3:hr>
          </ns3:TrackPointExtension>
        </extensions>
      </trkpt>
      <trkpt lat="22.5884104706346988677978515625" lon="114.27423365414142608642578125">
        <ele>148.8000030517578125</ele>
        <time>2024-12-10T10:32:46.000Z</time>
        <extensions>
          <ns3:TrackPointExtension>
            <ns3:atemp>22.0</ns3:atemp>
            <ns3:hr>113</ns3:hr>
          </ns3:TrackPointExtension>
        </extensions>
      </trkpt>
      <trkpt lat="22.58837551809847354888916015625" lon="114.27419249899685382843017578125">
        <ele>148.8000030517578125</ele>
        <time>2024-12-10T10:32:47.000Z</time>
        <extensions>
          <ns3:TrackPointExtension>
            <ns3:atemp>22.0</ns3:atemp>
            <ns3:hr>113</ns3:hr>
          </ns3:TrackPointExtension>
        </extensions>
      </trkpt>
      <trkpt lat="22.58834190666675567626953125" lon="114.274156875908374786376953125">
        <ele>148.8000030517578125</ele>
        <time>2024-12-10T10:32:48.000Z</time>
        <extensions>
          <ns3:TrackPointExtension>
            <ns3:atemp>22.0</ns3:atemp>
            <ns3:hr>114</ns3:hr>
          </ns3:TrackPointExtension>
        </extensions>
      </trkpt>
      <trkpt lat="22.5883125700056552886962890625" lon="114.27412904798984527587890625">
        <ele>148.8000030517578125</ele>
        <time>2024-12-10T10:32:49.000Z</time>
        <extensions>
          <ns3:TrackPointExtension>
            <ns3:atemp>22.0</ns3:atemp>
            <ns3:hr>115</ns3:hr>
          </ns3:TrackPointExtension>
        </extensions>
      </trkpt>
      <trkpt lat="22.58827753365039825439453125" lon="114.27409426309168338775634765625">
        <ele>148.8000030517578125</ele>
        <time>2024-12-10T10:32:50.000Z</time>
        <extensions>
          <ns3:TrackPointExtension>
            <ns3:atemp>22.0</ns3:atemp>
            <ns3:hr>115</ns3:hr>
          </ns3:TrackPointExtension>
        </extensions>
      </trkpt>
      <trkpt lat="22.5882433354854583740234375" lon="114.27406107075512409210205078125">
        <ele>148.8000030517578125</ele>
        <time>2024-12-10T10:32:51.000Z</time>
        <extensions>
          <ns3:TrackPointExtension>
            <ns3:atemp>22.0</ns3:atemp>
            <ns3:hr>116</ns3:hr>
          </ns3:TrackPointExtension>
        </extensions>
      </trkpt>
      <trkpt lat="22.5882056169211864471435546875" lon="114.27402444183826446533203125">
        <ele>148.8000030517578125</ele>
        <time>2024-12-10T10:32:52.000Z</time>
        <extensions>
          <ns3:TrackPointExtension>
            <ns3:atemp>22.0</ns3:atemp>
            <ns3:hr>116</ns3:hr>
          </ns3:TrackPointExtension>
        </extensions>
      </trkpt>
      <trkpt lat="22.588163204491138458251953125" lon="114.27398596890270709991455078125">
        <ele>148.8000030517578125</ele>
        <time>2024-12-10T10:32:53.000Z</time>
        <extensions>
          <ns3:TrackPointExtension>
            <ns3:atemp>22.0</ns3:atemp>
            <ns3:hr>116</ns3:hr>
          </ns3:TrackPointExtension>
        </extensions>
      </trkpt>
      <trkpt lat="22.5881234742701053619384765625" lon="114.27394531667232513427734375">
        <ele>148.8000030517578125</ele>
        <time>2024-12-10T10:32:54.000Z</time>
        <extensions>
          <ns3:TrackPointExtension>
            <ns3:atemp>22.0</ns3:atemp>
            <ns3:hr>116</ns3:hr>
          </ns3:TrackPointExtension>
        </extensions>
      </trkpt>
      <trkpt lat="22.58808173239231109619140625" lon="114.27390332333743572235107421875">
        <ele>148.600006103515625</ele>
        <time>2024-12-10T10:32:55.000Z</time>
        <extensions>
          <ns3:TrackPointExtension>
            <ns3:atemp>22.0</ns3:atemp>
            <ns3:hr>115</ns3:hr>
          </ns3:TrackPointExtension>
        </extensions>
      </trkpt>
      <trkpt lat="22.58803588338196277618408203125" lon="114.2738589830696582794189453125">
        <ele>148.8000030517578125</ele>
        <time>2024-12-10T10:32:56.000Z</time>
        <extensions>
          <ns3:TrackPointExtension>
            <ns3:atemp>22.0</ns3:atemp>
            <ns3:hr>115</ns3:hr>
          </ns3:TrackPointExtension>
        </extensions>
      </trkpt>
      <trkpt lat="22.58799548260867595672607421875" lon="114.2738185822963714599609375">
        <ele>148.8000030517578125</ele>
        <time>2024-12-10T10:32:57.000Z</time>
        <extensions>
          <ns3:TrackPointExtension>
            <ns3:atemp>22.0</ns3:atemp>
            <ns3:hr>116</ns3:hr>
          </ns3:TrackPointExtension>
        </extensions>
      </trkpt>
      <trkpt lat="22.58795893751084804534912109375" lon="114.27377139218151569366455078125">
        <ele>148.8000030517578125</ele>
        <time>2024-12-10T10:32:58.000Z</time>
        <extensions>
          <ns3:TrackPointExtension>
            <ns3:atemp>22.0</ns3:atemp>
            <ns3:hr>116</ns3:hr>
          </ns3:TrackPointExtension>
        </extensions>
      </trkpt>
      <trkpt lat="22.587935887277126312255859375" lon="114.2737302370369434356689453125">
        <ele>148.8000030517578125</ele>
        <time>2024-12-10T10:32:59.000Z</time>
        <extensions>
          <ns3:TrackPointExtension>
            <ns3:atemp>22.0</ns3:atemp>
            <ns3:hr>116</ns3:hr>
          </ns3:TrackPointExtension>
        </extensions>
      </trkpt>
      <trkpt lat="22.58790512569248676300048828125" lon="114.2736940272152423858642578125">
        <ele>148.8000030517578125</ele>
        <time>2024-12-10T10:33:00.000Z</time>
        <extensions>
          <ns3:TrackPointExtension>
            <ns3:atemp>22.0</ns3:atemp>
            <ns3:hr>116</ns3:hr>
          </ns3:TrackPointExtension>
        </extensions>
      </trkpt>
      <trkpt lat="22.58787210099399089813232421875" lon="114.2736547999083995819091796875">
        <ele>148.8000030517578125</ele>
        <time>2024-12-10T10:33:01.000Z</time>
        <extensions>
          <ns3:TrackPointExtension>
            <ns3:atemp>22.0</ns3:atemp>
            <ns3:hr>116</ns3:hr>
          </ns3:TrackPointExtension>
        </extensions>
      </trkpt>
      <trkpt lat="22.58783672936260700225830078125" lon="114.27361163310706615447998046875">
        <ele>148.8000030517578125</ele>
        <time>2024-12-10T10:33:02.000Z</time>
        <extensions>
          <ns3:TrackPointExtension>
            <ns3:atemp>22.0</ns3:atemp>
            <ns3:hr>117</ns3:hr>
          </ns3:TrackPointExtension>
        </extensions>
      </trkpt>
      <trkpt lat="22.587797082960605621337890625" lon="114.27356779575347900390625">
        <ele>148.600006103515625</ele>
        <time>2024-12-10T10:33:03.000Z</time>
        <extensions>
          <ns3:TrackPointExtension>
            <ns3:atemp>22.0</ns3:atemp>
            <ns3:hr>118</ns3:hr>
          </ns3:TrackPointExtension>
        </extensions>
      </trkpt>
      <trkpt lat="22.587754838168621063232421875" lon="114.2735227011144161224365234375">
        <ele>147.8000030517578125</ele>
        <time>2024-12-10T10:33:04.000Z</time>
        <extensions>
          <ns3:TrackPointExtension>
            <ns3:atemp>22.0</ns3:atemp>
            <ns3:hr>117</ns3:hr>
          </ns3:TrackPointExtension>
        </extensions>
      </trkpt>
      <trkpt lat="22.587701864540576934814453125" lon="114.2734771035611629486083984375">
        <ele>147.600006103515625</ele>
        <time>2024-12-10T10:33:05.000Z</time>
        <extensions>
          <ns3:TrackPointExtension>
            <ns3:atemp>22.0</ns3:atemp>
            <ns3:hr>118</ns3:hr>
          </ns3:TrackPointExtension>
        </extensions>
      </trkpt>
      <trkpt lat="22.5876520760357379913330078125" lon="114.27343435585498809814453125">
        <ele>147.600006103515625</ele>
        <time>2024-12-10T10:33:06.000Z</time>
        <extensions>
          <ns3:TrackPointExtension>
            <ns3:atemp>22.0</ns3:atemp>
            <ns3:hr>119</ns3:hr>
          </ns3:TrackPointExtension>
        </extensions>
      </trkpt>
      <trkpt lat="22.58760538883507251739501953125" lon="114.273391775786876678466796875">
        <ele>147.1999969482421875</ele>
        <time>2024-12-10T10:33:07.000Z</time>
        <extensions>
          <ns3:TrackPointExtension>
            <ns3:atemp>22.0</ns3:atemp>
            <ns3:hr>120</ns3:hr>
          </ns3:TrackPointExtension>
        </extensions>
      </trkpt>
      <trkpt lat="22.58756280876696109771728515625" lon="114.273349530994892120361328125">
        <ele>147</ele>
        <time>2024-12-10T10:33:08.000Z</time>
        <extensions>
          <ns3:TrackPointExtension>
            <ns3:atemp>22.0</ns3:atemp>
            <ns3:hr>120</ns3:hr>
          </ns3:TrackPointExtension>
        </extensions>
      </trkpt>
      <trkpt lat="22.58751871995627880096435546875" lon="114.27330234088003635406494140625">
        <ele>146.8000030517578125</ele>
        <time>2024-12-10T10:33:09.000Z</time>
        <extensions>
          <ns3:TrackPointExtension>
            <ns3:atemp>22.0</ns3:atemp>
            <ns3:hr>120</ns3:hr>
          </ns3:TrackPointExtension>
        </extensions>
      </trkpt>
      <trkpt lat="22.58747664280235767364501953125" lon="114.2732578329741954803466796875">
        <ele>146.600006103515625</ele>
        <time>2024-12-10T10:33:10.000Z</time>
        <extensions>
          <ns3:TrackPointExtension>
            <ns3:atemp>22.0</ns3:atemp>
            <ns3:hr>120</ns3:hr>
          </ns3:TrackPointExtension>
        </extensions>
      </trkpt>
      <trkpt lat="22.5874341465532779693603515625" lon="114.2732155881822109222412109375">
        <ele>146.600006103515625</ele>
        <time>2024-12-10T10:33:11.000Z</time>
        <extensions>
          <ns3:TrackPointExtension>
            <ns3:atemp>22.0</ns3:atemp>
            <ns3:hr>119</ns3:hr>
          </ns3:TrackPointExtension>
        </extensions>
      </trkpt>
      <trkpt lat="22.58739533834159374237060546875" lon="114.27317728288471698760986328125">
        <ele>146.600006103515625</ele>
        <time>2024-12-10T10:33:12.000Z</time>
        <extensions>
          <ns3:TrackPointExtension>
            <ns3:atemp>22.0</ns3:atemp>
            <ns3:hr>119</ns3:hr>
          </ns3:TrackPointExtension>
        </extensions>
      </trkpt>
      <trkpt lat="22.58736365474760532379150390625" lon="114.27313436754047870635986328125">
        <ele>146.600006103515625</ele>
        <time>2024-12-10T10:33:13.000Z</time>
        <extensions>
          <ns3:TrackPointExtension>
            <ns3:atemp>22.0</ns3:atemp>
            <ns3:hr>118</ns3:hr>
          </ns3:TrackPointExtension>
        </extensions>
      </trkpt>
      <trkpt lat="22.587340436875820159912109375" lon="114.273093380033969879150390625">
        <ele>146.8000030517578125</ele>
        <time>2024-12-10T10:33:14.000Z</time>
        <extensions>
          <ns3:TrackPointExtension>
            <ns3:atemp>22.0</ns3:atemp>
            <ns3:hr>118</ns3:hr>
          </ns3:TrackPointExtension>
        </extensions>
      </trkpt>
      <trkpt lat="22.58732342161238193511962890625" lon="114.27304744720458984375">
        <ele>146.8000030517578125</ele>
        <time>2024-12-10T10:33:15.000Z</time>
        <extensions>
          <ns3:TrackPointExtension>
            <ns3:atemp>22.0</ns3:atemp>
            <ns3:hr>117</ns3:hr>
          </ns3:TrackPointExtension>
        </extensions>
      </trkpt>
      <trkpt lat="22.5873072445392608642578125" lon="114.27300428040325641632080078125">
        <ele>147</ele>
        <time>2024-12-10T10:33:16.000Z</time>
        <extensions>
          <ns3:TrackPointExtension>
            <ns3:atemp>22.0</ns3:atemp>
            <ns3:hr>117</ns3:hr>
          </ns3:TrackPointExtension>
        </extensions>
      </trkpt>
      <trkpt lat="22.58727966807782649993896484375" lon="114.2729798890650272369384765625">
        <ele>147</ele>
        <time>2024-12-10T10:33:17.000Z</time>
        <extensions>
          <ns3:TrackPointExtension>
            <ns3:atemp>22.0</ns3:atemp>
            <ns3:hr>117</ns3:hr>
          </ns3:TrackPointExtension>
        </extensions>
      </trkpt>
      <trkpt lat="22.5872450508177280426025390625" lon="114.2729591019451618194580078125">
        <ele>147</ele>
        <time>2024-12-10T10:33:18.000Z</time>
        <extensions>
          <ns3:TrackPointExtension>
            <ns3:atemp>22.0</ns3:atemp>
            <ns3:hr>117</ns3:hr>
          </ns3:TrackPointExtension>
        </extensions>
      </trkpt>
      <trkpt lat="22.58719953708350658416748046875" lon="114.27293278276920318603515625">
        <ele>147.1999969482421875</ele>
        <time>2024-12-10T10:33:19.000Z</time>
        <extensions>
          <ns3:TrackPointExtension>
            <ns3:atemp>22.0</ns3:atemp>
            <ns3:hr>117</ns3:hr>
          </ns3:TrackPointExtension>
        </extensions>
      </trkpt>
      <trkpt lat="22.58716039359569549560546875" lon="114.2729010991752147674560546875">
        <ele>147.1999969482421875</ele>
        <time>2024-12-10T10:33:20.000Z</time>
        <extensions>
          <ns3:TrackPointExtension>
            <ns3:atemp>22.0</ns3:atemp>
            <ns3:hr>117</ns3:hr>
          </ns3:TrackPointExtension>
        </extensions>
      </trkpt>
      <trkpt lat="22.5871199928224086761474609375" lon="114.27286899648606777191162109375">
        <ele>147.1999969482421875</ele>
        <time>2024-12-10T10:33:21.000Z</time>
        <extensions>
          <ns3:TrackPointExtension>
            <ns3:atemp>22.0</ns3:atemp>
            <ns3:hr>117</ns3:hr>
          </ns3:TrackPointExtension>
        </extensions>
      </trkpt>
      <trkpt lat="22.5870784185826778411865234375" lon="114.2728343792259693145751953125">
        <ele>147.1999969482421875</ele>
        <time>2024-12-10T10:33:22.000Z</time>
        <extensions>
          <ns3:TrackPointExtension>
            <ns3:atemp>22.0</ns3:atemp>
            <ns3:hr>117</ns3:hr>
          </ns3:TrackPointExtension>
        </extensions>
      </trkpt>
      <trkpt lat="22.58703567087650299072265625" lon="114.2727968282997608184814453125">
        <ele>147.1999969482421875</ele>
        <time>2024-12-10T10:33:23.000Z</time>
        <extensions>
          <ns3:TrackPointExtension>
            <ns3:atemp>22.0</ns3:atemp>
            <ns3:hr>116</ns3:hr>
          </ns3:TrackPointExtension>
        </extensions>
      </trkpt>
      <trkpt lat="22.58699485100805759429931640625" lon="114.27276019938290119171142578125">
        <ele>147.1999969482421875</ele>
        <time>2024-12-10T10:33:24.000Z</time>
        <extensions>
          <ns3:TrackPointExtension>
            <ns3:atemp>22.0</ns3:atemp>
            <ns3:hr>116</ns3:hr>
          </ns3:TrackPointExtension>
        </extensions>
      </trkpt>
      <trkpt lat="22.586949504911899566650390625" lon="114.27272147499024868011474609375">
        <ele>147.1999969482421875</ele>
        <time>2024-12-10T10:33:25.000Z</time>
        <extensions>
          <ns3:TrackPointExtension>
            <ns3:atemp>22.0</ns3:atemp>
            <ns3:hr>116</ns3:hr>
          </ns3:TrackPointExtension>
        </extensions>
      </trkpt>
      <trkpt lat="22.5869064219295978546142578125" lon="114.2726851813495159149169921875">
        <ele>147</ele>
        <time>2024-12-10T10:33:26.000Z</time>
        <extensions>
          <ns3:TrackPointExtension>
            <ns3:atemp>22.0</ns3:atemp>
            <ns3:hr>115</ns3:hr>
          </ns3:TrackPointExtension>
        </extensions>
      </trkpt>
      <trkpt lat="22.58686660788953304290771484375" lon="114.27264846861362457275390625">
        <ele>147</ele>
        <time>2024-12-10T10:33:27.000Z</time>
        <extensions>
          <ns3:TrackPointExtension>
            <ns3:atemp>22.0</ns3:atemp>
            <ns3:hr>115</ns3:hr>
          </ns3:TrackPointExtension>
        </extensions>
      </trkpt>
      <trkpt lat="22.5868283025920391082763671875" lon="114.2726090736687183380126953125">
        <ele>147</ele>
        <time>2024-12-10T10:33:28.000Z</time>
        <extensions>
          <ns3:TrackPointExtension>
            <ns3:atemp>22.0</ns3:atemp>
            <ns3:hr>114</ns3:hr>
          </ns3:TrackPointExtension>
        </extensions>
      </trkpt>
      <trkpt lat="22.5867890752851963043212890625" lon="114.27257060073316097259521484375">
        <ele>147</ele>
        <time>2024-12-10T10:33:29.000Z</time>
        <extensions>
          <ns3:TrackPointExtension>
            <ns3:atemp>22.0</ns3:atemp>
            <ns3:hr>114</ns3:hr>
          </ns3:TrackPointExtension>
        </extensions>
      </trkpt>
      <trkpt lat="22.586748339235782623291015625" lon="114.2725322954356670379638671875">
        <ele>147</ele>
        <time>2024-12-10T10:33:30.000Z</time>
        <extensions>
          <ns3:TrackPointExtension>
            <ns3:atemp>22.0</ns3:atemp>
            <ns3:hr>114</ns3:hr>
          </ns3:TrackPointExtension>
        </extensions>
      </trkpt>
      <trkpt lat="22.58670844137668609619140625" lon="114.27248879335820674896240234375">
        <ele>146.8000030517578125</ele>
        <time>2024-12-10T10:33:31.000Z</time>
        <extensions>
          <ns3:TrackPointExtension>
            <ns3:atemp>22.0</ns3:atemp>
            <ns3:hr>114</ns3:hr>
          </ns3:TrackPointExtension>
        </extensions>
      </trkpt>
      <trkpt lat="22.58666544221341609954833984375" lon="114.27244470454752445220947265625">
        <ele>146.8000030517578125</ele>
        <time>2024-12-10T10:33:32.000Z</time>
        <extensions>
          <ns3:TrackPointExtension>
            <ns3:atemp>22.0</ns3:atemp>
            <ns3:hr>114</ns3:hr>
          </ns3:TrackPointExtension>
        </extensions>
      </trkpt>
      <trkpt lat="22.5866194255650043487548828125" lon="114.2724018730223178863525390625">
        <ele>146.8000030517578125</ele>
        <time>2024-12-10T10:33:33.000Z</time>
        <extensions>
          <ns3:TrackPointExtension>
            <ns3:atemp>22.0</ns3:atemp>
            <ns3:hr>113</ns3:hr>
          </ns3:TrackPointExtension>
        </extensions>
      </trkpt>
      <trkpt lat="22.5865771807730197906494140625" lon="114.27235753275454044342041015625">
        <ele>146.8000030517578125</ele>
        <time>2024-12-10T10:33:34.000Z</time>
        <extensions>
          <ns3:TrackPointExtension>
            <ns3:atemp>22.0</ns3:atemp>
            <ns3:hr>112</ns3:hr>
          </ns3:TrackPointExtension>
        </extensions>
      </trkpt>
      <trkpt lat="22.58653284050524234771728515625" lon="114.27231243811547756195068359375">
        <ele>146.8000030517578125</ele>
        <time>2024-12-10T10:33:35.000Z</time>
        <extensions>
          <ns3:TrackPointExtension>
            <ns3:atemp>22.0</ns3:atemp>
            <ns3:hr>111</ns3:hr>
          </ns3:TrackPointExtension>
        </extensions>
      </trkpt>
      <trkpt lat="22.586485482752323150634765625" lon="114.27226449362933635711669921875">
        <ele>146.8000030517578125</ele>
        <time>2024-12-10T10:33:36.000Z</time>
        <extensions>
          <ns3:TrackPointExtension>
            <ns3:atemp>22.0</ns3:atemp>
            <ns3:hr>110</ns3:hr>
          </ns3:TrackPointExtension>
        </extensions>
      </trkpt>
      <trkpt lat="22.5864407233893871307373046875" lon="114.272219650447368621826171875">
        <ele>146.8000030517578125</ele>
        <time>2024-12-10T10:33:37.000Z</time>
        <extensions>
          <ns3:TrackPointExtension>
            <ns3:atemp>22.0</ns3:atemp>
            <ns3:hr>110</ns3:hr>
          </ns3:TrackPointExtension>
        </extensions>
      </trkpt>
      <trkpt lat="22.58639873005449771881103515625" lon="114.27217832766473293304443359375">
        <ele>146.8000030517578125</ele>
        <time>2024-12-10T10:33:38.000Z</time>
        <extensions>
          <ns3:TrackPointExtension>
            <ns3:atemp>22.0</ns3:atemp>
            <ns3:hr>110</ns3:hr>
          </ns3:TrackPointExtension>
        </extensions>
      </trkpt>
      <trkpt lat="22.586357407271862030029296875" lon="114.2721343226730823516845703125">
        <ele>146.8000030517578125</ele>
        <time>2024-12-10T10:33:39.000Z</time>
        <extensions>
          <ns3:TrackPointExtension>
            <ns3:atemp>22.0</ns3:atemp>
            <ns3:hr>110</ns3:hr>
          </ns3:TrackPointExtension>
        </extensions>
      </trkpt>
      <trkpt lat="22.586315833032131195068359375" lon="114.27208612672984600067138671875">
        <ele>146.8000030517578125</ele>
        <time>2024-12-10T10:33:40.000Z</time>
        <extensions>
          <ns3:TrackPointExtension>
            <ns3:atemp>22.0</ns3:atemp>
            <ns3:hr>110</ns3:hr>
          </ns3:TrackPointExtension>
        </extensions>
      </trkpt>
      <trkpt lat="22.58626981638371944427490234375" lon="114.27203332073986530303955078125">
        <ele>146.600006103515625</ele>
        <time>2024-12-10T10:33:41.000Z</time>
        <extensions>
          <ns3:TrackPointExtension>
            <ns3:atemp>22.0</ns3:atemp>
            <ns3:hr>110</ns3:hr>
          </ns3:TrackPointExtension>
        </extensions>
      </trkpt>
      <trkpt lat="22.5862264819443225860595703125" lon="114.27198001183569431304931640625">
        <ele>146.8000030517578125</ele>
        <time>2024-12-10T10:33:42.000Z</time>
        <extensions>
          <ns3:TrackPointExtension>
            <ns3:atemp>22.0</ns3:atemp>
            <ns3:hr>111</ns3:hr>
          </ns3:TrackPointExtension>
        </extensions>
      </trkpt>
      <trkpt lat="22.58618046529591083526611328125" lon="114.271925278007984161376953125">
        <ele>146.8000030517578125</ele>
        <time>2024-12-10T10:33:43.000Z</time>
        <extensions>
          <ns3:TrackPointExtension>
            <ns3:atemp>22.0</ns3:atemp>
            <ns3:hr>111</ns3:hr>
          </ns3:TrackPointExtension>
        </extensions>
      </trkpt>
      <trkpt lat="22.58613386191427707672119140625" lon="114.27187456749379634857177734375">
        <ele>146.600006103515625</ele>
        <time>2024-12-10T10:33:44.000Z</time>
        <extensions>
          <ns3:TrackPointExtension>
            <ns3:atemp>22.0</ns3:atemp>
            <ns3:hr>112</ns3:hr>
          </ns3:TrackPointExtension>
        </extensions>
      </trkpt>
      <trkpt lat="22.58608357049524784088134765625" lon="114.27182310260832309722900390625">
        <ele>146.600006103515625</ele>
        <time>2024-12-10T10:33:45.000Z</time>
        <extensions>
          <ns3:TrackPointExtension>
            <ns3:atemp>22.0</ns3:atemp>
            <ns3:hr>112</ns3:hr>
          </ns3:TrackPointExtension>
        </extensions>
      </trkpt>
      <trkpt lat="22.58603311143815517425537109375" lon="114.2717735655605792999267578125">
        <ele>146.600006103515625</ele>
        <time>2024-12-10T10:33:46.000Z</time>
        <extensions>
          <ns3:TrackPointExtension>
            <ns3:atemp>22.0</ns3:atemp>
            <ns3:hr>113</ns3:hr>
          </ns3:TrackPointExtension>
        </extensions>
      </trkpt>
      <trkpt lat="22.58598416112363338470458984375" lon="114.271727465093135833740234375">
        <ele>146.600006103515625</ele>
        <time>2024-12-10T10:33:47.000Z</time>
        <extensions>
          <ns3:TrackPointExtension>
            <ns3:atemp>22.0</ns3:atemp>
            <ns3:hr>114</ns3:hr>
          </ns3:TrackPointExtension>
        </extensions>
      </trkpt>
      <trkpt lat="22.585937976837158203125" lon="114.27168681286275386810302734375">
        <ele>146.600006103515625</ele>
        <time>2024-12-10T10:33:48.000Z</time>
        <extensions>
          <ns3:TrackPointExtension>
            <ns3:atemp>22.0</ns3:atemp>
            <ns3:hr>114</ns3:hr>
          </ns3:TrackPointExtension>
        </extensions>
      </trkpt>
      <trkpt lat="22.585892714560031890869140625" lon="114.2716451548039913177490234375">
        <ele>146.399993896484375</ele>
        <time>2024-12-10T10:33:49.000Z</time>
        <extensions>
          <ns3:TrackPointExtension>
            <ns3:atemp>22.0</ns3:atemp>
            <ns3:hr>115</ns3:hr>
          </ns3:TrackPointExtension>
        </extensions>
      </trkpt>
      <trkpt lat="22.58584585972130298614501953125" lon="114.271607436239719390869140625">
        <ele>146.399993896484375</ele>
        <time>2024-12-10T10:33:50.000Z</time>
        <extensions>
          <ns3:TrackPointExtension>
            <ns3:atemp>23.0</ns3:atemp>
            <ns3:hr>115</ns3:hr>
          </ns3:TrackPointExtension>
        </extensions>
      </trkpt>
      <trkpt lat="22.58580319583415985107421875" lon="114.2715682089328765869140625">
        <ele>146.399993896484375</ele>
        <time>2024-12-10T10:33:51.000Z</time>
        <extensions>
          <ns3:TrackPointExtension>
            <ns3:atemp>22.0</ns3:atemp>
            <ns3:hr>115</ns3:hr>
          </ns3:TrackPointExtension>
        </extensions>
      </trkpt>
      <trkpt lat="22.5857695005834102630615234375" lon="114.2715207673609256744384765625">
        <ele>146.600006103515625</ele>
        <time>2024-12-10T10:33:52.000Z</time>
        <extensions>
          <ns3:TrackPointExtension>
            <ns3:atemp>22.0</ns3:atemp>
            <ns3:hr>114</ns3:hr>
          </ns3:TrackPointExtension>
        </extensions>
      </trkpt>
      <trkpt lat="22.58575650863349437713623046875" lon="114.271472990512847900390625">
        <ele>146.600006103515625</ele>
        <time>2024-12-10T10:33:53.000Z</time>
        <extensions>
          <ns3:TrackPointExtension>
            <ns3:atemp>22.0</ns3:atemp>
            <ns3:hr>114</ns3:hr>
          </ns3:TrackPointExtension>
        </extensions>
      </trkpt>
      <trkpt lat="22.5857622921466827392578125" lon="114.2714352719485759735107421875">
        <ele>146.600006103515625</ele>
        <time>2024-12-10T10:33:54.000Z</time>
        <extensions>
          <ns3:TrackPointExtension>
            <ns3:atemp>22.0</ns3:atemp>
            <ns3:hr>114</ns3:hr>
          </ns3:TrackPointExtension>
        </extensions>
      </trkpt>
      <trkpt lat="22.58577377535402774810791015625" lon="114.27139445208013057708740234375">
        <ele>146.600006103515625</ele>
        <time>2024-12-10T10:33:55.000Z</time>
        <extensions>
          <ns3:TrackPointExtension>
            <ns3:atemp>22.0</ns3:atemp>
            <ns3:hr>113</ns3:hr>
          </ns3:TrackPointExtension>
        </extensions>
      </trkpt>
      <trkpt lat="22.58579238317906856536865234375" lon="114.27134969271719455718994140625">
        <ele>146.600006103515625</ele>
        <time>2024-12-10T10:33:56.000Z</time>
        <extensions>
          <ns3:TrackPointExtension>
            <ns3:atemp>22.0</ns3:atemp>
            <ns3:hr>113</ns3:hr>
          </ns3:TrackPointExtension>
        </extensions>
      </trkpt>
      <trkpt lat="22.58582155220210552215576171875" lon="114.2713035084307193756103515625">
        <ele>146.600006103515625</ele>
        <time>2024-12-10T10:33:57.000Z</time>
        <extensions>
          <ns3:TrackPointExtension>
            <ns3:atemp>23.0</ns3:atemp>
            <ns3:hr>113</ns3:hr>
          </ns3:TrackPointExtension>
        </extensions>
      </trkpt>
      <trkpt lat="22.58586346171796321868896484375" lon="114.2712642811238765716552734375">
        <ele>146.600006103515625</ele>
        <time>2024-12-10T10:33:58.000Z</time>
        <extensions>
          <ns3:TrackPointExtension>
            <ns3:atemp>22.0</ns3:atemp>
            <ns3:hr>113</ns3:hr>
          </ns3:TrackPointExtension>
        </extensions>
      </trkpt>
      <trkpt lat="22.585908137261867523193359375" lon="114.2712270654737949371337890625">
        <ele>146.600006103515625</ele>
        <time>2024-12-10T10:33:59.000Z</time>
        <extensions>
          <ns3:TrackPointExtension>
            <ns3:atemp>22.0</ns3:atemp>
            <ns3:hr>112</ns3:hr>
          </ns3:TrackPointExtension>
        </extensions>
      </trkpt>
      <trkpt lat="22.58594661019742488861083984375" lon="114.27119730971753597259521484375">
        <ele>146.600006103515625</ele>
        <time>2024-12-10T10:34:00.000Z</time>
        <extensions>
          <ns3:TrackPointExtension>
            <ns3:atemp>22.0</ns3:atemp>
            <ns3:hr>113</ns3:hr>
          </ns3:TrackPointExtension>
        </extensions>
      </trkpt>
      <trkpt lat="22.58598851971328258514404296875" lon="114.27117593586444854736328125">
        <ele>146.600006103515625</ele>
        <time>2024-12-10T10:34:01.000Z</time>
        <extensions>
          <ns3:TrackPointExtension>
            <ns3:atemp>22.0</ns3:atemp>
            <ns3:hr>112</ns3:hr>
          </ns3:TrackPointExtension>
        </extensions>
      </trkpt>
      <trkpt lat="22.58602707646787166595458984375" lon="114.27115992642939090728759765625">
        <ele>146.600006103515625</ele>
        <time>2024-12-10T10:34:02.000Z</time>
        <extensions>
          <ns3:TrackPointExtension>
            <ns3:atemp>23.0</ns3:atemp>
            <ns3:hr>112</ns3:hr>
          </ns3:TrackPointExtension>
        </extensions>
      </trkpt>
      <trkpt lat="22.58606513030827045440673828125" lon="114.2711378820240497589111328125">
        <ele>146.600006103515625</ele>
        <time>2024-12-10T10:34:03.000Z</time>
        <extensions>
          <ns3:TrackPointExtension>
            <ns3:atemp>22.0</ns3:atemp>
            <ns3:hr>113</ns3:hr>
          </ns3:TrackPointExtension>
        </extensions>
      </trkpt>
      <trkpt lat="22.58609463460743427276611328125" lon="114.2711030133068561553955078125">
        <ele>146.600006103515625</ele>
        <time>2024-12-10T10:34:04.000Z</time>
        <extensions>
          <ns3:TrackPointExtension>
            <ns3:atemp>22.0</ns3:atemp>
            <ns3:hr>113</ns3:hr>
          </ns3:TrackPointExtension>
        </extensions>
      </trkpt>
      <trkpt lat="22.58612849749624729156494140625" lon="114.27106319926679134368896484375">
        <ele>146.600006103515625</ele>
        <time>2024-12-10T10:34:05.000Z</time>
        <extensions>
          <ns3:TrackPointExtension>
            <ns3:atemp>23.0</ns3:atemp>
            <ns3:hr>113</ns3:hr>
          </ns3:TrackPointExtension>
        </extensions>
      </trkpt>
      <trkpt lat="22.5861627794802188873291015625" lon="114.27102481015026569366455078125">
        <ele>146.600006103515625</ele>
        <time>2024-12-10T10:34:06.000Z</time>
        <extensions>
          <ns3:TrackPointExtension>
            <ns3:atemp>22.0</ns3:atemp>
            <ns3:hr>114</ns3:hr>
          </ns3:TrackPointExtension>
        </extensions>
      </trkpt>
      <trkpt lat="22.5861983187496662139892578125" lon="114.27098390646278858184814453125">
        <ele>146.600006103515625</ele>
        <time>2024-12-10T10:34:07.000Z</time>
        <extensions>
          <ns3:TrackPointExtension>
            <ns3:atemp>23.0</ns3:atemp>
            <ns3:hr>115</ns3:hr>
          </ns3:TrackPointExtension>
        </extensions>
      </trkpt>
      <trkpt lat="22.586235702037811279296875" lon="114.27094283513724803924560546875">
        <ele>146.399993896484375</ele>
        <time>2024-12-10T10:34:08.000Z</time>
        <extensions>
          <ns3:TrackPointExtension>
            <ns3:atemp>22.0</ns3:atemp>
            <ns3:hr>115</ns3:hr>
          </ns3:TrackPointExtension>
        </extensions>
      </trkpt>
      <trkpt lat="22.58627266623079776763916015625" lon="114.27090059034526348114013671875">
        <ele>146.399993896484375</ele>
        <time>2024-12-10T10:34:09.000Z</time>
        <extensions>
          <ns3:TrackPointExtension>
            <ns3:atemp>23.0</ns3:atemp>
            <ns3:hr>115</ns3:hr>
          </ns3:TrackPointExtension>
        </extensions>
      </trkpt>
      <trkpt lat="22.586309798061847686767578125" lon="114.2708587646484375">
        <ele>146.399993896484375</ele>
        <time>2024-12-10T10:34:10.000Z</time>
        <extensions>
          <ns3:TrackPointExtension>
            <ns3:atemp>23.0</ns3:atemp>
            <ns3:hr>115</ns3:hr>
          </ns3:TrackPointExtension>
        </extensions>
      </trkpt>
      <trkpt lat="22.58634793572127819061279296875" lon="114.2708176933228969573974609375">
        <ele>146.399993896484375</ele>
        <time>2024-12-10T10:34:11.000Z</time>
        <extensions>
          <ns3:TrackPointExtension>
            <ns3:atemp>22.0</ns3:atemp>
            <ns3:hr>116</ns3:hr>
          </ns3:TrackPointExtension>
        </extensions>
      </trkpt>
      <trkpt lat="22.5863887555897235870361328125" lon="114.27077385596930980682373046875">
        <ele>146.1999969482421875</ele>
        <time>2024-12-10T10:34:12.000Z</time>
        <extensions>
          <ns3:TrackPointExtension>
            <ns3:atemp>23.0</ns3:atemp>
            <ns3:hr>116</ns3:hr>
          </ns3:TrackPointExtension>
        </extensions>
      </trkpt>
      <trkpt lat="22.58643125183880329132080078125" lon="114.2707288451492786407470703125">
        <ele>146.1999969482421875</ele>
        <time>2024-12-10T10:34:13.000Z</time>
        <extensions>
          <ns3:TrackPointExtension>
            <ns3:atemp>22.0</ns3:atemp>
            <ns3:hr>116</ns3:hr>
          </ns3:TrackPointExtension>
        </extensions>
      </trkpt>
      <trkpt lat="22.58647617883980274200439453125" lon="114.27068240940570831298828125">
        <ele>146.399993896484375</ele>
        <time>2024-12-10T10:34:14.000Z</time>
        <extensions>
          <ns3:TrackPointExtension>
            <ns3:atemp>22.0</ns3:atemp>
            <ns3:hr>116</ns3:hr>
          </ns3:TrackPointExtension>
        </extensions>
      </trkpt>
      <trkpt lat="22.58651775307953357696533203125" lon="114.27063404582440853118896484375">
        <ele>146.399993896484375</ele>
        <time>2024-12-10T10:34:15.000Z</time>
        <extensions>
          <ns3:TrackPointExtension>
            <ns3:atemp>22.0</ns3:atemp>
            <ns3:hr>117</ns3:hr>
          </ns3:TrackPointExtension>
        </extensions>
      </trkpt>
      <trkpt lat="22.586559243500232696533203125" lon="114.27058626897633075714111328125">
        <ele>146.399993896484375</ele>
        <time>2024-12-10T10:34:16.000Z</time>
        <extensions>
          <ns3:TrackPointExtension>
            <ns3:atemp>23.0</ns3:atemp>
            <ns3:hr>117</ns3:hr>
          </ns3:TrackPointExtension>
        </extensions>
      </trkpt>
      <trkpt lat="22.58660383522510528564453125" lon="114.27054134197533130645751953125">
        <ele>146.399993896484375</ele>
        <time>2024-12-10T10:34:17.000Z</time>
        <extensions>
          <ns3:TrackPointExtension>
            <ns3:atemp>22.0</ns3:atemp>
            <ns3:hr>117</ns3:hr>
          </ns3:TrackPointExtension>
        </extensions>
      </trkpt>
      <trkpt lat="22.58664901368319988250732421875" lon="114.27049775607883930206298828125">
        <ele>146.399993896484375</ele>
        <time>2024-12-10T10:34:18.000Z</time>
        <extensions>
          <ns3:TrackPointExtension>
            <ns3:atemp>22.0</ns3:atemp>
            <ns3:hr>117</ns3:hr>
          </ns3:TrackPointExtension>
        </extensions>
      </trkpt>
      <trkpt lat="22.58669243194162845611572265625" lon="114.27045316435396671295166015625">
        <ele>146.399993896484375</ele>
        <time>2024-12-10T10:34:19.000Z</time>
        <extensions>
          <ns3:TrackPointExtension>
            <ns3:atemp>23.0</ns3:atemp>
            <ns3:hr>117</ns3:hr>
          </ns3:TrackPointExtension>
        </extensions>
      </trkpt>
      <trkpt lat="22.58673719130456447601318359375" lon="114.27040941081941127777099609375">
        <ele>146.399993896484375</ele>
        <time>2024-12-10T10:34:20.000Z</time>
        <extensions>
          <ns3:TrackPointExtension>
            <ns3:atemp>22.0</ns3:atemp>
            <ns3:hr>117</ns3:hr>
          </ns3:TrackPointExtension>
        </extensions>
      </trkpt>
      <trkpt lat="22.58678362704813480377197265625" lon="114.27036213688552379608154296875">
        <ele>146.600006103515625</ele>
        <time>2024-12-10T10:34:21.000Z</time>
        <extensions>
          <ns3:TrackPointExtension>
            <ns3:atemp>23.0</ns3:atemp>
            <ns3:hr>118</ns3:hr>
          </ns3:TrackPointExtension>
        </extensions>
      </trkpt>
      <trkpt lat="22.586830146610736846923828125" lon="114.27031494677066802978515625">
        <ele>146.600006103515625</ele>
        <time>2024-12-10T10:34:22.000Z</time>
        <extensions>
          <ns3:TrackPointExtension>
            <ns3:atemp>22.0</ns3:atemp>
            <ns3:hr>118</ns3:hr>
          </ns3:TrackPointExtension>
        </extensions>
      </trkpt>
      <trkpt lat="22.58687607944011688232421875" lon="114.2702661640942096710205078125">
        <ele>146.600006103515625</ele>
        <time>2024-12-10T10:34:23.000Z</time>
        <extensions>
          <ns3:TrackPointExtension>
            <ns3:atemp>23.0</ns3:atemp>
            <ns3:hr>118</ns3:hr>
          </ns3:TrackPointExtension>
        </extensions>
      </trkpt>
      <trkpt lat="22.58692528121173381805419921875" lon="114.27021880634129047393798828125">
        <ele>146.600006103515625</ele>
        <time>2024-12-10T10:34:24.000Z</time>
        <extensions>
          <ns3:TrackPointExtension>
            <ns3:atemp>22.0</ns3:atemp>
            <ns3:hr>118</ns3:hr>
          </ns3:TrackPointExtension>
        </extensions>
      </trkpt>
      <trkpt lat="22.5869791768491268157958984375" lon="114.27017237059772014617919921875">
        <ele>146.600006103515625</ele>
        <time>2024-12-10T10:34:25.000Z</time>
        <extensions>
          <ns3:TrackPointExtension>
            <ns3:atemp>22.0</ns3:atemp>
            <ns3:hr>119</ns3:hr>
          </ns3:TrackPointExtension>
        </extensions>
      </trkpt>
      <trkpt lat="22.58703458122909069061279296875" lon="114.270127527415752410888671875">
        <ele>146.600006103515625</ele>
        <time>2024-12-10T10:34:26.000Z</time>
        <extensions>
          <ns3:TrackPointExtension>
            <ns3:atemp>23.0</ns3:atemp>
            <ns3:hr>119</ns3:hr>
          </ns3:TrackPointExtension>
        </extensions>
      </trkpt>
      <trkpt lat="22.5870908237993717193603515625" lon="114.27008218131959438323974609375">
        <ele>146.600006103515625</ele>
        <time>2024-12-10T10:34:27.000Z</time>
        <extensions>
          <ns3:TrackPointExtension>
            <ns3:atemp>22.0</ns3:atemp>
            <ns3:hr>119</ns3:hr>
          </ns3:TrackPointExtension>
        </extensions>
      </trkpt>
      <trkpt lat="22.5871464796364307403564453125" lon="114.2700364999473094940185546875">
        <ele>146.600006103515625</ele>
        <time>2024-12-10T10:34:28.000Z</time>
        <extensions>
          <ns3:TrackPointExtension>
            <ns3:atemp>23.0</ns3:atemp>
            <ns3:hr>120</ns3:hr>
          </ns3:TrackPointExtension>
        </extensions>
      </trkpt>
      <trkpt lat="22.58720465004444122314453125" lon="114.26999115385115146636962890625">
        <ele>146.399993896484375</ele>
        <time>2024-12-10T10:34:29.000Z</time>
        <extensions>
          <ns3:TrackPointExtension>
            <ns3:atemp>22.0</ns3:atemp>
            <ns3:hr>120</ns3:hr>
          </ns3:TrackPointExtension>
        </extensions>
      </trkpt>
      <trkpt lat="22.58726592175662517547607421875" lon="114.26994874142110347747802734375">
        <ele>146.399993896484375</ele>
        <time>2024-12-10T10:34:30.000Z</time>
        <extensions>
          <ns3:TrackPointExtension>
            <ns3:atemp>23.0</ns3:atemp>
            <ns3:hr>121</ns3:hr>
          </ns3:TrackPointExtension>
        </extensions>
      </trkpt>
      <trkpt lat="22.58732878603041172027587890625" lon="114.26990532316267490386962890625">
        <ele>146.399993896484375</ele>
        <time>2024-12-10T10:34:31.000Z</time>
        <extensions>
          <ns3:TrackPointExtension>
            <ns3:atemp>23.0</ns3:atemp>
            <ns3:hr>122</ns3:hr>
          </ns3:TrackPointExtension>
        </extensions>
      </trkpt>
      <trkpt lat="22.58739030919969081878662109375" lon="114.26985737867653369903564453125">
        <ele>146.1999969482421875</ele>
        <time>2024-12-10T10:34:32.000Z</time>
        <extensions>
          <ns3:TrackPointExtension>
            <ns3:atemp>23.0</ns3:atemp>
            <ns3:hr>123</ns3:hr>
          </ns3:TrackPointExtension>
        </extensions>
      </trkpt>
      <trkpt lat="22.58745367638766765594482421875" lon="114.26981295458972454071044921875">
        <ele>146.1999969482421875</ele>
        <time>2024-12-10T10:34:33.000Z</time>
        <extensions>
          <ns3:TrackPointExtension>
            <ns3:atemp>22.0</ns3:atemp>
            <ns3:hr>125</ns3:hr>
          </ns3:TrackPointExtension>
        </extensions>
      </trkpt>
      <trkpt lat="22.5875216536223888397216796875" lon="114.2697756551206111907958984375">
        <ele>146.1999969482421875</ele>
        <time>2024-12-10T10:34:34.000Z</time>
        <extensions>
          <ns3:TrackPointExtension>
            <ns3:atemp>22.0</ns3:atemp>
            <ns3:hr>127</ns3:hr>
          </ns3:TrackPointExtension>
        </extensions>
      </trkpt>
      <trkpt lat="22.58758979849517345428466796875" lon="114.2697417922317981719970703125">
        <ele>146.1999969482421875</ele>
        <time>2024-12-10T10:34:35.000Z</time>
        <extensions>
          <ns3:TrackPointExtension>
            <ns3:atemp>23.0</ns3:atemp>
            <ns3:hr>129</ns3:hr>
          </ns3:TrackPointExtension>
        </extensions>
      </trkpt>
      <trkpt lat="22.587657608091831207275390625" lon="114.26970482803881168365478515625">
        <ele>146.1999969482421875</ele>
        <time>2024-12-10T10:34:36.000Z</time>
        <extensions>
          <ns3:TrackPointExtension>
            <ns3:atemp>23.0</ns3:atemp>
            <ns3:hr>130</ns3:hr>
          </ns3:TrackPointExtension>
        </extensions>
      </trkpt>
      <trkpt lat="22.5877191312611103057861328125" lon="114.26966878585517406463623046875">
        <ele>146.1999969482421875</ele>
        <time>2024-12-10T10:34:37.000Z</time>
        <extensions>
          <ns3:TrackPointExtension>
            <ns3:atemp>23.0</ns3:atemp>
            <ns3:hr>130</ns3:hr>
          </ns3:TrackPointExtension>
        </extensions>
      </trkpt>
      <trkpt lat="22.5877798162400722503662109375" lon="114.2696314863860607147216796875">
        <ele>146</ele>
        <time>2024-12-10T10:34:38.000Z</time>
        <extensions>
          <ns3:TrackPointExtension>
            <ns3:atemp>23.0</ns3:atemp>
            <ns3:hr>131</ns3:hr>
          </ns3:TrackPointExtension>
        </extensions>
      </trkpt>
      <trkpt lat="22.58783840574324131011962890625" lon="114.2695942707359790802001953125">
        <ele>146</ele>
        <time>2024-12-10T10:34:39.000Z</time>
        <extensions>
          <ns3:TrackPointExtension>
            <ns3:atemp>23.0</ns3:atemp>
            <ns3:hr>130</ns3:hr>
          </ns3:TrackPointExtension>
        </extensions>
      </trkpt>
      <trkpt lat="22.58789657615125179290771484375" lon="114.26955848000943660736083984375">
        <ele>146.1999969482421875</ele>
        <time>2024-12-10T10:34:40.000Z</time>
        <extensions>
          <ns3:TrackPointExtension>
            <ns3:atemp>22.0</ns3:atemp>
            <ns3:hr>130</ns3:hr>
          </ns3:TrackPointExtension>
        </extensions>
      </trkpt>
      <trkpt lat="22.5879531539976596832275390625" lon="114.26952612586319446563720703125">
        <ele>146</ele>
        <time>2024-12-10T10:34:41.000Z</time>
        <extensions>
          <ns3:TrackPointExtension>
            <ns3:atemp>22.0</ns3:atemp>
            <ns3:hr>130</ns3:hr>
          </ns3:TrackPointExtension>
        </extensions>
      </trkpt>
      <trkpt lat="22.588010989129543304443359375" lon="114.26949427463114261627197265625">
        <ele>146</ele>
        <time>2024-12-10T10:34:42.000Z</time>
        <extensions>
          <ns3:TrackPointExtension>
            <ns3:atemp>22.0</ns3:atemp>
            <ns3:hr>131</ns3:hr>
          </ns3:TrackPointExtension>
        </extensions>
      </trkpt>
      <trkpt lat="22.58806639350950717926025390625" lon="114.26946560852229595184326171875">
        <ele>145.8000030517578125</ele>
        <time>2024-12-10T10:34:43.000Z</time>
        <extensions>
          <ns3:TrackPointExtension>
            <ns3:atemp>23.0</ns3:atemp>
            <ns3:hr>131</ns3:hr>
          </ns3:TrackPointExtension>
        </extensions>
      </trkpt>
      <trkpt lat="22.5881221331655979156494140625" lon="114.26943250000476837158203125">
        <ele>145.8000030517578125</ele>
        <time>2024-12-10T10:34:44.000Z</time>
        <extensions>
          <ns3:TrackPointExtension>
            <ns3:atemp>23.0</ns3:atemp>
            <ns3:hr>131</ns3:hr>
          </ns3:TrackPointExtension>
        </extensions>
      </trkpt>
      <trkpt lat="22.5881737656891345977783203125" lon="114.269401989877223968505859375">
        <ele>145.8000030517578125</ele>
        <time>2024-12-10T10:34:45.000Z</time>
        <extensions>
          <ns3:TrackPointExtension>
            <ns3:atemp>23.0</ns3:atemp>
            <ns3:hr>131</ns3:hr>
          </ns3:TrackPointExtension>
        </extensions>
      </trkpt>
      <trkpt lat="22.58821911178529262542724609375" lon="114.26937340758740901947021484375">
        <ele>145.8000030517578125</ele>
        <time>2024-12-10T10:34:46.000Z</time>
        <extensions>
          <ns3:TrackPointExtension>
            <ns3:atemp>23.0</ns3:atemp>
            <ns3:hr>131</ns3:hr>
          </ns3:TrackPointExtension>
        </extensions>
      </trkpt>
      <trkpt lat="22.58825968019664287567138671875" lon="114.26934189163148403167724609375">
        <ele>145.8000030517578125</ele>
        <time>2024-12-10T10:34:47.000Z</time>
        <extensions>
          <ns3:TrackPointExtension>
            <ns3:atemp>22.0</ns3:atemp>
            <ns3:hr>131</ns3:hr>
          </ns3:TrackPointExtension>
        </extensions>
      </trkpt>
      <trkpt lat="22.58830242790281772613525390625" lon="114.26930333487689495086669921875">
        <ele>145.8000030517578125</ele>
        <time>2024-12-10T10:34:48.000Z</time>
        <extensions>
          <ns3:TrackPointExtension>
            <ns3:atemp>23.0</ns3:atemp>
            <ns3:hr>131</ns3:hr>
          </ns3:TrackPointExtension>
        </extensions>
      </trkpt>
      <trkpt lat="22.58833595551550388336181640625" lon="114.26926125772297382354736328125">
        <ele>145.8000030517578125</ele>
        <time>2024-12-10T10:34:49.000Z</time>
        <extensions>
          <ns3:TrackPointExtension>
            <ns3:atemp>23.0</ns3:atemp>
            <ns3:hr>131</ns3:hr>
          </ns3:TrackPointExtension>
        </extensions>
      </trkpt>
      <trkpt lat="22.58835129439830780029296875" lon="114.26921658217906951904296875">
        <ele>145.8000030517578125</ele>
        <time>2024-12-10T10:34:50.000Z</time>
        <extensions>
          <ns3:TrackPointExtension>
            <ns3:atemp>23.0</ns3:atemp>
            <ns3:hr>131</ns3:hr>
          </ns3:TrackPointExtension>
        </extensions>
      </trkpt>
      <trkpt lat="22.58835758082568645477294921875" lon="114.26916536875069141387939453125">
        <ele>146</ele>
        <time>2024-12-10T10:34:51.000Z</time>
        <extensions>
          <ns3:TrackPointExtension>
            <ns3:atemp>23.0</ns3:atemp>
            <ns3:hr>131</ns3:hr>
          </ns3:TrackPointExtension>
        </extensions>
      </trkpt>
      <trkpt lat="22.588354982435703277587890625" lon="114.2691071145236492156982421875">
        <ele>146.1999969482421875</ele>
        <time>2024-12-10T10:34:52.000Z</time>
        <extensions>
          <ns3:TrackPointExtension>
            <ns3:atemp>23.0</ns3:atemp>
            <ns3:hr>130</ns3:hr>
          </ns3:TrackPointExtension>
        </extensions>
      </trkpt>
      <trkpt lat="22.58833654224872589111328125" lon="114.269050620496273040771484375">
        <ele>146.600006103515625</ele>
        <time>2024-12-10T10:34:53.000Z</time>
        <extensions>
          <ns3:TrackPointExtension>
            <ns3:atemp>23.0</ns3:atemp>
            <ns3:hr>129</ns3:hr>
          </ns3:TrackPointExtension>
        </extensions>
      </trkpt>
      <trkpt lat="22.588306032121181488037109375" lon="114.26900468766689300537109375">
        <ele>147</ele>
        <time>2024-12-10T10:34:54.000Z</time>
        <extensions>
          <ns3:TrackPointExtension>
            <ns3:atemp>23.0</ns3:atemp>
            <ns3:hr>129</ns3:hr>
          </ns3:TrackPointExtension>
        </extensions>
      </trkpt>
      <trkpt lat="22.58827158249914646148681640625" lon="114.26895900629460811614990234375">
        <ele>147.399993896484375</ele>
        <time>2024-12-10T10:34:55.000Z</time>
        <extensions>
          <ns3:TrackPointExtension>
            <ns3:atemp>23.0</ns3:atemp>
            <ns3:hr>128</ns3:hr>
          </ns3:TrackPointExtension>
        </extensions>
      </trkpt>
      <trkpt lat="22.58823285810649394989013671875" lon="114.2689163424074649810791015625">
        <ele>147.399993896484375</ele>
        <time>2024-12-10T10:34:56.000Z</time>
        <extensions>
          <ns3:TrackPointExtension>
            <ns3:atemp>22.0</ns3:atemp>
            <ns3:hr>128</ns3:hr>
          </ns3:TrackPointExtension>
        </extensions>
      </trkpt>
      <trkpt lat="22.5881950557231903076171875" lon="114.2688808031380176544189453125">
        <ele>147.399993896484375</ele>
        <time>2024-12-10T10:34:57.000Z</time>
        <extensions>
          <ns3:TrackPointExtension>
            <ns3:atemp>23.0</ns3:atemp>
            <ns3:hr>127</ns3:hr>
          </ns3:TrackPointExtension>
        </extensions>
      </trkpt>
      <trkpt lat="22.58815406821668148040771484375" lon="114.26884383894503116607666015625">
        <ele>147.600006103515625</ele>
        <time>2024-12-10T10:34:58.000Z</time>
        <extensions>
          <ns3:TrackPointExtension>
            <ns3:atemp>23.0</ns3:atemp>
            <ns3:hr>126</ns3:hr>
          </ns3:TrackPointExtension>
        </extensions>
      </trkpt>
      <trkpt lat="22.58811333216726779937744140625" lon="114.26881165243685245513916015625">
        <ele>147.8000030517578125</ele>
        <time>2024-12-10T10:34:59.000Z</time>
        <extensions>
          <ns3:TrackPointExtension>
            <ns3:atemp>23.0</ns3:atemp>
            <ns3:hr>125</ns3:hr>
          </ns3:TrackPointExtension>
        </extensions>
      </trkpt>
      <trkpt lat="22.58806924335658550262451171875" lon="114.26877628080546855926513671875">
        <ele>148</ele>
        <time>2024-12-10T10:35:00.000Z</time>
        <extensions>
          <ns3:TrackPointExtension>
            <ns3:atemp>23.0</ns3:atemp>
            <ns3:hr>125</ns3:hr>
          </ns3:TrackPointExtension>
        </extensions>
      </trkpt>
      <trkpt lat="22.58802398107945919036865234375" lon="114.26874241791665554046630859375">
        <ele>148</ele>
        <time>2024-12-10T10:35:01.000Z</time>
        <extensions>
          <ns3:TrackPointExtension>
            <ns3:atemp>23.0</ns3:atemp>
            <ns3:hr>125</ns3:hr>
          </ns3:TrackPointExtension>
        </extensions>
      </trkpt>
      <trkpt lat="22.587979137897491455078125" lon="114.2687094770371913909912109375">
        <ele>148.1999969482421875</ele>
        <time>2024-12-10T10:35:02.000Z</time>
        <extensions>
          <ns3:TrackPointExtension>
            <ns3:atemp>23.0</ns3:atemp>
            <ns3:hr>125</ns3:hr>
          </ns3:TrackPointExtension>
        </extensions>
      </trkpt>
      <trkpt lat="22.5879321992397308349609375" lon="114.26867335103452205657958984375">
        <ele>148.1999969482421875</ele>
        <time>2024-12-10T10:35:03.000Z</time>
        <extensions>
          <ns3:TrackPointExtension>
            <ns3:atemp>22.0</ns3:atemp>
            <ns3:hr>125</ns3:hr>
          </ns3:TrackPointExtension>
        </extensions>
      </trkpt>
      <trkpt lat="22.58788618259131908416748046875" lon="114.26863496191799640655517578125">
        <ele>148.1999969482421875</ele>
        <time>2024-12-10T10:35:04.000Z</time>
        <extensions>
          <ns3:TrackPointExtension>
            <ns3:atemp>23.0</ns3:atemp>
            <ns3:hr>125</ns3:hr>
          </ns3:TrackPointExtension>
        </extensions>
      </trkpt>
      <trkpt lat="22.5878418423235416412353515625" lon="114.268594644963741302490234375">
        <ele>148.1999969482421875</ele>
        <time>2024-12-10T10:35:05.000Z</time>
        <extensions>
          <ns3:TrackPointExtension>
            <ns3:atemp>23.0</ns3:atemp>
            <ns3:hr>126</ns3:hr>
          </ns3:TrackPointExtension>
        </extensions>
      </trkpt>
      <trkpt lat="22.5877962447702884674072265625" lon="114.2685507237911224365234375">
        <ele>148.1999969482421875</ele>
        <time>2024-12-10T10:35:06.000Z</time>
        <extensions>
          <ns3:TrackPointExtension>
            <ns3:atemp>23.0</ns3:atemp>
            <ns3:hr>127</ns3:hr>
          </ns3:TrackPointExtension>
        </extensions>
      </trkpt>
      <trkpt lat="22.5877519883215427398681640625" lon="114.2685059644281864166259765625">
        <ele>148.1999969482421875</ele>
        <time>2024-12-10T10:35:07.000Z</time>
        <extensions>
          <ns3:TrackPointExtension>
            <ns3:atemp>23.0</ns3:atemp>
            <ns3:hr>127</ns3:hr>
          </ns3:TrackPointExtension>
        </extensions>
      </trkpt>
      <trkpt lat="22.58770680986344814300537109375" lon="114.26846045069396495819091796875">
        <ele>148.399993896484375</ele>
        <time>2024-12-10T10:35:08.000Z</time>
        <extensions>
          <ns3:TrackPointExtension>
            <ns3:atemp>23.0</ns3:atemp>
            <ns3:hr>127</ns3:hr>
          </ns3:TrackPointExtension>
        </extensions>
      </trkpt>
      <trkpt lat="22.5876604579389095306396484375" lon="114.26841133274137973785400390625">
        <ele>148.399993896484375</ele>
        <time>2024-12-10T10:35:09.000Z</time>
        <extensions>
          <ns3:TrackPointExtension>
            <ns3:atemp>23.0</ns3:atemp>
            <ns3:hr>128</ns3:hr>
          </ns3:TrackPointExtension>
        </extensions>
      </trkpt>
      <trkpt lat="22.5876141898334026336669921875" lon="114.26836095750331878662109375">
        <ele>148.399993896484375</ele>
        <time>2024-12-10T10:35:10.000Z</time>
        <extensions>
          <ns3:TrackPointExtension>
            <ns3:atemp>23.0</ns3:atemp>
            <ns3:hr>128</ns3:hr>
          </ns3:TrackPointExtension>
        </extensions>
      </trkpt>
      <trkpt lat="22.5875695981085300445556640625" lon="114.2683118395507335662841796875">
        <ele>148.1999969482421875</ele>
        <time>2024-12-10T10:35:11.000Z</time>
        <extensions>
          <ns3:TrackPointExtension>
            <ns3:atemp>23.0</ns3:atemp>
            <ns3:hr>128</ns3:hr>
          </ns3:TrackPointExtension>
        </extensions>
      </trkpt>
      <trkpt lat="22.58752760477364063262939453125" lon="114.26825903356075286865234375">
        <ele>148.1999969482421875</ele>
        <time>2024-12-10T10:35:12.000Z</time>
        <extensions>
          <ns3:TrackPointExtension>
            <ns3:atemp>23.0</ns3:atemp>
            <ns3:hr>128</ns3:hr>
          </ns3:TrackPointExtension>
        </extensions>
      </trkpt>
      <trkpt lat="22.5874851085245609283447265625" lon="114.268204383552074432373046875">
        <ele>148.399993896484375</ele>
        <time>2024-12-10T10:35:13.000Z</time>
        <extensions>
          <ns3:TrackPointExtension>
            <ns3:atemp>23.0</ns3:atemp>
            <ns3:hr>128</ns3:hr>
          </ns3:TrackPointExtension>
        </extensions>
      </trkpt>
      <trkpt lat="22.58744244463741779327392578125" lon="114.26814998500049114227294921875">
        <ele>148.399993896484375</ele>
        <time>2024-12-10T10:35:14.000Z</time>
        <extensions>
          <ns3:TrackPointExtension>
            <ns3:atemp>23.0</ns3:atemp>
            <ns3:hr>128</ns3:hr>
          </ns3:TrackPointExtension>
        </extensions>
      </trkpt>
      <trkpt lat="22.58740187622606754302978515625" lon="114.26809868775308132171630859375">
        <ele>148.399993896484375</ele>
        <time>2024-12-10T10:35:15.000Z</time>
        <extensions>
          <ns3:TrackPointExtension>
            <ns3:atemp>22.0</ns3:atemp>
            <ns3:hr>128</ns3:hr>
          </ns3:TrackPointExtension>
        </extensions>
      </trkpt>
      <trkpt lat="22.58736080490052700042724609375" lon="114.26804470829665660858154296875">
        <ele>148.399993896484375</ele>
        <time>2024-12-10T10:35:16.000Z</time>
        <extensions>
          <ns3:TrackPointExtension>
            <ns3:atemp>23.0</ns3:atemp>
            <ns3:hr>128</ns3:hr>
          </ns3:TrackPointExtension>
        </extensions>
      </trkpt>
      <trkpt lat="22.5873191468417644500732421875" lon="114.26798947155475616455078125">
        <ele>148.399993896484375</ele>
        <time>2024-12-10T10:35:17.000Z</time>
        <extensions>
          <ns3:TrackPointExtension>
            <ns3:atemp>23.0</ns3:atemp>
            <ns3:hr>128</ns3:hr>
          </ns3:TrackPointExtension>
        </extensions>
      </trkpt>
      <trkpt lat="22.587279416620731353759765625" lon="114.26793876104056835174560546875">
        <ele>148.399993896484375</ele>
        <time>2024-12-10T10:35:18.000Z</time>
        <extensions>
          <ns3:TrackPointExtension>
            <ns3:atemp>23.0</ns3:atemp>
            <ns3:hr>128</ns3:hr>
          </ns3:TrackPointExtension>
        </extensions>
      </trkpt>
      <trkpt lat="22.58724027313292026519775390625" lon="114.26788981072604656219482421875">
        <ele>148.399993896484375</ele>
        <time>2024-12-10T10:35:19.000Z</time>
        <extensions>
          <ns3:TrackPointExtension>
            <ns3:atemp>23.0</ns3:atemp>
            <ns3:hr>129</ns3:hr>
          </ns3:TrackPointExtension>
        </extensions>
      </trkpt>
      <trkpt lat="22.5871981121599674224853515625" lon="114.26783499307930469512939453125">
        <ele>148.399993896484375</ele>
        <time>2024-12-10T10:35:20.000Z</time>
        <extensions>
          <ns3:TrackPointExtension>
            <ns3:atemp>23.0</ns3:atemp>
            <ns3:hr>129</ns3:hr>
          </ns3:TrackPointExtension>
        </extensions>
      </trkpt>
      <trkpt lat="22.58715628646314144134521484375" lon="114.26778185181319713592529296875">
        <ele>148.399993896484375</ele>
        <time>2024-12-10T10:35:21.000Z</time>
        <extensions>
          <ns3:TrackPointExtension>
            <ns3:atemp>23.0</ns3:atemp>
            <ns3:hr>130</ns3:hr>
          </ns3:TrackPointExtension>
        </extensions>
      </trkpt>
      <trkpt lat="22.587115466594696044921875" lon="114.26773038692772388458251953125">
        <ele>148.1999969482421875</ele>
        <time>2024-12-10T10:35:22.000Z</time>
        <extensions>
          <ns3:TrackPointExtension>
            <ns3:atemp>23.0</ns3:atemp>
            <ns3:hr>131</ns3:hr>
          </ns3:TrackPointExtension>
        </extensions>
      </trkpt>
      <trkpt lat="22.5870743952691555023193359375" lon="114.2676774971187114715576171875">
        <ele>148.1999969482421875</ele>
        <time>2024-12-10T10:35:23.000Z</time>
        <extensions>
          <ns3:TrackPointExtension>
            <ns3:atemp>23.0</ns3:atemp>
            <ns3:hr>131</ns3:hr>
          </ns3:TrackPointExtension>
        </extensions>
      </trkpt>
      <trkpt lat="22.587034665048122406005859375" lon="114.26762812770903110504150390625">
        <ele>148.399993896484375</ele>
        <time>2024-12-10T10:35:24.000Z</time>
        <extensions>
          <ns3:TrackPointExtension>
            <ns3:atemp>23.0</ns3:atemp>
            <ns3:hr>131</ns3:hr>
          </ns3:TrackPointExtension>
        </extensions>
      </trkpt>
      <trkpt lat="22.58699401281774044036865234375" lon="114.26757683046162128448486328125">
        <ele>148.399993896484375</ele>
        <time>2024-12-10T10:35:25.000Z</time>
        <extensions>
          <ns3:TrackPointExtension>
            <ns3:atemp>23.0</ns3:atemp>
            <ns3:hr>131</ns3:hr>
          </ns3:TrackPointExtension>
        </extensions>
      </trkpt>
      <trkpt lat="22.58695428259670734405517578125" lon="114.26752134226262569427490234375">
        <ele>148.1999969482421875</ele>
        <time>2024-12-10T10:35:26.000Z</time>
        <extensions>
          <ns3:TrackPointExtension>
            <ns3:atemp>23.0</ns3:atemp>
            <ns3:hr>132</ns3:hr>
          </ns3:TrackPointExtension>
        </extensions>
      </trkpt>
      <trkpt lat="22.58690952323377132415771484375" lon="114.2674669437110424041748046875">
        <ele>148.1999969482421875</ele>
        <time>2024-12-10T10:35:27.000Z</time>
        <extensions>
          <ns3:TrackPointExtension>
            <ns3:atemp>22.0</ns3:atemp>
            <ns3:hr>131</ns3:hr>
          </ns3:TrackPointExtension>
        </extensions>
      </trkpt>
      <trkpt lat="22.58686141110956668853759765625" lon="114.26741170696914196014404296875">
        <ele>148</ele>
        <time>2024-12-10T10:35:28.000Z</time>
        <extensions>
          <ns3:TrackPointExtension>
            <ns3:atemp>23.0</ns3:atemp>
            <ns3:hr>131</ns3:hr>
          </ns3:TrackPointExtension>
        </extensions>
      </trkpt>
      <trkpt lat="22.5867334194481372833251953125" lon="114.2674310691654682159423828125">
        <ele>147.600006103515625</ele>
        <time>2024-12-10T10:35:29.000Z</time>
        <extensions>
          <ns3:TrackPointExtension>
            <ns3:atemp>23.0</ns3:atemp>
            <ns3:hr>130</ns3:hr>
          </ns3:TrackPointExtension>
        </extensions>
      </trkpt>
      <trkpt lat="22.58662085048854351043701171875" lon="114.26742578856647014617919921875">
        <ele>147</ele>
        <time>2024-12-10T10:35:30.000Z</time>
        <extensions>
          <ns3:TrackPointExtension>
            <ns3:atemp>23.0</ns3:atemp>
            <ns3:hr>130</ns3:hr>
          </ns3:TrackPointExtension>
        </extensions>
      </trkpt>
      <trkpt lat="22.5865335948765277862548828125" lon="114.26738991402089595794677734375">
        <ele>146.8000030517578125</ele>
        <time>2024-12-10T10:35:31.000Z</time>
        <extensions>
          <ns3:TrackPointExtension>
            <ns3:atemp>23.0</ns3:atemp>
            <ns3:hr>129</ns3:hr>
          </ns3:TrackPointExtension>
        </extensions>
      </trkpt>
      <trkpt lat="22.58643527515232563018798828125" lon="114.26735387183725833892822265625">
        <ele>145.8000030517578125</ele>
        <time>2024-12-10T10:35:32.000Z</time>
        <extensions>
          <ns3:TrackPointExtension>
            <ns3:atemp>23.0</ns3:atemp>
            <ns3:hr>129</ns3:hr>
          </ns3:TrackPointExtension>
        </extensions>
      </trkpt>
      <trkpt lat="22.58638414554297924041748046875" lon="114.267371557652950286865234375">
        <ele>145.600006103515625</ele>
        <time>2024-12-10T10:35:33.000Z</time>
        <extensions>
          <ns3:TrackPointExtension>
            <ns3:atemp>23.0</ns3:atemp>
            <ns3:hr>129</ns3:hr>
          </ns3:TrackPointExtension>
        </extensions>
      </trkpt>
      <trkpt lat="22.5863481871783733367919921875" lon="114.2673086933791637420654296875">
        <ele>145.399993896484375</ele>
        <time>2024-12-10T10:35:34.000Z</time>
        <extensions>
          <ns3:TrackPointExtension>
            <ns3:atemp>23.0</ns3:atemp>
            <ns3:hr>128</ns3:hr>
          </ns3:TrackPointExtension>
        </extensions>
      </trkpt>
      <trkpt lat="22.58626529015600681304931640625" lon="114.267227388918399810791015625">
        <ele>145.1999969482421875</ele>
        <time>2024-12-10T10:35:35.000Z</time>
        <extensions>
          <ns3:TrackPointExtension>
            <ns3:atemp>23.0</ns3:atemp>
            <ns3:hr>128</ns3:hr>
          </ns3:TrackPointExtension>
        </extensions>
      </trkpt>
      <trkpt lat="22.5862439163029193878173828125" lon="114.2671648599207401275634765625">
        <ele>144.8000030517578125</ele>
        <time>2024-12-10T10:35:36.000Z</time>
        <extensions>
          <ns3:TrackPointExtension>
            <ns3:atemp>23.0</ns3:atemp>
            <ns3:hr>128</ns3:hr>
          </ns3:TrackPointExtension>
        </extensions>
      </trkpt>
      <trkpt lat="22.586230337619781494140625" lon="114.26710627041757106781005859375">
        <ele>144.600006103515625</ele>
        <time>2024-12-10T10:35:37.000Z</time>
        <extensions>
          <ns3:TrackPointExtension>
            <ns3:atemp>23.0</ns3:atemp>
            <ns3:hr>128</ns3:hr>
          </ns3:TrackPointExtension>
        </extensions>
      </trkpt>
      <trkpt lat="22.586219944059848785400390625" lon="114.26705229096114635467529296875">
        <ele>144.399993896484375</ele>
        <time>2024-12-10T10:35:38.000Z</time>
        <extensions>
          <ns3:TrackPointExtension>
            <ns3:atemp>22.0</ns3:atemp>
            <ns3:hr>127</ns3:hr>
          </ns3:TrackPointExtension>
        </extensions>
      </trkpt>
      <trkpt lat="22.5862075388431549072265625" lon="114.26699596457183361053466796875">
        <ele>144.1999969482421875</ele>
        <time>2024-12-10T10:35:39.000Z</time>
        <extensions>
          <ns3:TrackPointExtension>
            <ns3:atemp>23.0</ns3:atemp>
            <ns3:hr>127</ns3:hr>
          </ns3:TrackPointExtension>
        </extensions>
      </trkpt>
      <trkpt lat="22.5861968100070953369140625" lon="114.2669362016022205352783203125">
        <ele>144.1999969482421875</ele>
        <time>2024-12-10T10:35:40.000Z</time>
        <extensions>
          <ns3:TrackPointExtension>
            <ns3:atemp>23.0</ns3:atemp>
            <ns3:hr>127</ns3:hr>
          </ns3:TrackPointExtension>
        </extensions>
      </trkpt>
      <trkpt lat="22.58619605563580989837646484375" lon="114.266871325671672821044921875">
        <ele>144.1999969482421875</ele>
        <time>2024-12-10T10:35:41.000Z</time>
        <extensions>
          <ns3:TrackPointExtension>
            <ns3:atemp>23.0</ns3:atemp>
            <ns3:hr>127</ns3:hr>
          </ns3:TrackPointExtension>
        </extensions>
      </trkpt>
      <trkpt lat="22.58619219996035099029541015625" lon="114.26678759045898914337158203125">
        <ele>144.1999969482421875</ele>
        <time>2024-12-10T10:35:42.000Z</time>
        <extensions>
          <ns3:TrackPointExtension>
            <ns3:atemp>23.0</ns3:atemp>
            <ns3:hr>126</ns3:hr>
          </ns3:TrackPointExtension>
        </extensions>
      </trkpt>
      <trkpt lat="22.5863387994468212127685546875" lon="114.266644008457660675048828125">
        <ele>144.600006103515625</ele>
        <time>2024-12-10T10:35:43.000Z</time>
        <extensions>
          <ns3:TrackPointExtension>
            <ns3:atemp>23.0</ns3:atemp>
            <ns3:hr>127</ns3:hr>
          </ns3:TrackPointExtension>
        </extensions>
      </trkpt>
      <trkpt lat="22.58646628819406032562255859375" lon="114.26657485775649547576904296875">
        <ele>144.8000030517578125</ele>
        <time>2024-12-10T10:35:44.000Z</time>
        <extensions>
          <ns3:TrackPointExtension>
            <ns3:atemp>23.0</ns3:atemp>
            <ns3:hr>127</ns3:hr>
          </ns3:TrackPointExtension>
        </extensions>
      </trkpt>
      <trkpt lat="22.5865275599062442779541015625" lon="114.2665285058319568634033203125">
        <ele>144.8000030517578125</ele>
        <time>2024-12-10T10:35:45.000Z</time>
        <extensions>
          <ns3:TrackPointExtension>
            <ns3:atemp>23.0</ns3:atemp>
            <ns3:hr>126</ns3:hr>
          </ns3:TrackPointExtension>
        </extensions>
      </trkpt>
      <trkpt lat="22.58658849634230136871337890625" lon="114.2664735205471515655517578125">
        <ele>145</ele>
        <time>2024-12-10T10:35:46.000Z</time>
        <extensions>
          <ns3:TrackPointExtension>
            <ns3:atemp>23.0</ns3:atemp>
            <ns3:hr>127</ns3:hr>
          </ns3:TrackPointExtension>
        </extensions>
      </trkpt>
      <trkpt lat="22.58664281107485294342041015625" lon="114.26641107536852359771728515625">
        <ele>145</ele>
        <time>2024-12-10T10:35:47.000Z</time>
        <extensions>
          <ns3:TrackPointExtension>
            <ns3:atemp>23.0</ns3:atemp>
            <ns3:hr>127</ns3:hr>
          </ns3:TrackPointExtension>
        </extensions>
      </trkpt>
      <trkpt lat="22.58670508861541748046875" lon="114.26634527742862701416015625">
        <ele>145.600006103515625</ele>
        <time>2024-12-10T10:35:48.000Z</time>
        <extensions>
          <ns3:TrackPointExtension>
            <ns3:atemp>23.0</ns3:atemp>
            <ns3:hr>128</ns3:hr>
          </ns3:TrackPointExtension>
        </extensions>
      </trkpt>
      <trkpt lat="22.58678488433361053466796875" lon="114.2662683315575122833251953125">
        <ele>145.8000030517578125</ele>
        <time>2024-12-10T10:35:49.000Z</time>
        <extensions>
          <ns3:TrackPointExtension>
            <ns3:atemp>23.0</ns3:atemp>
            <ns3:hr>128</ns3:hr>
          </ns3:TrackPointExtension>
        </extensions>
      </trkpt>
      <trkpt lat="22.58684515021741390228271484375" lon="114.2661888711154460906982421875">
        <ele>146.1999969482421875</ele>
        <time>2024-12-10T10:35:50.000Z</time>
        <extensions>
          <ns3:TrackPointExtension>
            <ns3:atemp>23.0</ns3:atemp>
            <ns3:hr>128</ns3:hr>
          </ns3:TrackPointExtension>
        </extensions>
      </trkpt>
      <trkpt lat="22.5869295559823513031005859375" lon="114.2660669982433319091796875">
        <ele>146.399993896484375</ele>
        <time>2024-12-10T10:35:51.000Z</time>
        <extensions>
          <ns3:TrackPointExtension>
            <ns3:atemp>23.0</ns3:atemp>
            <ns3:hr>128</ns3:hr>
          </ns3:TrackPointExtension>
        </extensions>
      </trkpt>
      <trkpt lat="22.58699049241840839385986328125" lon="114.2659746296703815460205078125">
        <ele>146.399993896484375</ele>
        <time>2024-12-10T10:35:52.000Z</time>
        <extensions>
          <ns3:TrackPointExtension>
            <ns3:atemp>23.0</ns3:atemp>
            <ns3:hr>128</ns3:hr>
          </ns3:TrackPointExtension>
        </extensions>
      </trkpt>
      <trkpt lat="22.5870344974100589752197265625" lon="114.2658953368663787841796875">
        <ele>146.8000030517578125</ele>
        <time>2024-12-10T10:35:53.000Z</time>
        <extensions>
          <ns3:TrackPointExtension>
            <ns3:atemp>23.0</ns3:atemp>
            <ns3:hr>128</ns3:hr>
          </ns3:TrackPointExtension>
        </extensions>
      </trkpt>
      <trkpt lat="22.58707883767783641815185546875" lon="114.26581143401563167572021484375">
        <ele>147.1999969482421875</ele>
        <time>2024-12-10T10:35:54.000Z</time>
        <extensions>
          <ns3:TrackPointExtension>
            <ns3:atemp>23.0</ns3:atemp>
            <ns3:hr>127</ns3:hr>
          </ns3:TrackPointExtension>
        </extensions>
      </trkpt>
      <trkpt lat="22.58711588568985462188720703125" lon="114.2657453007996082305908203125">
        <ele>147.399993896484375</ele>
        <time>2024-12-10T10:35:55.000Z</time>
        <extensions>
          <ns3:TrackPointExtension>
            <ns3:atemp>23.0</ns3:atemp>
            <ns3:hr>127</ns3:hr>
          </ns3:TrackPointExtension>
        </extensions>
      </trkpt>
      <trkpt lat="22.58714673109352588653564453125" lon="114.2656822688877582550048828125">
        <ele>147.399993896484375</ele>
        <time>2024-12-10T10:35:56.000Z</time>
        <extensions>
          <ns3:TrackPointExtension>
            <ns3:atemp>23.0</ns3:atemp>
            <ns3:hr>128</ns3:hr>
          </ns3:TrackPointExtension>
        </extensions>
      </trkpt>
      <trkpt lat="22.587179839611053466796875" lon="114.265620745718479156494140625">
        <ele>147.8000030517578125</ele>
        <time>2024-12-10T10:35:57.000Z</time>
        <extensions>
          <ns3:TrackPointExtension>
            <ns3:atemp>23.0</ns3:atemp>
            <ns3:hr>128</ns3:hr>
          </ns3:TrackPointExtension>
        </extensions>
      </trkpt>
      <trkpt lat="22.5872118584811687469482421875" lon="114.2655699513852596282958984375">
        <ele>148</ele>
        <time>2024-12-10T10:35:58.000Z</time>
        <extensions>
          <ns3:TrackPointExtension>
            <ns3:atemp>23.0</ns3:atemp>
            <ns3:hr>128</ns3:hr>
          </ns3:TrackPointExtension>
        </extensions>
      </trkpt>
      <trkpt lat="22.58723725564777851104736328125" lon="114.26553365774452686309814453125">
        <ele>148.1999969482421875</ele>
        <time>2024-12-10T10:35:59.000Z</time>
        <extensions>
          <ns3:TrackPointExtension>
            <ns3:atemp>23.0</ns3:atemp>
            <ns3:hr>129</ns3:hr>
          </ns3:TrackPointExtension>
        </extensions>
      </trkpt>
      <trkpt lat="22.58726944215595722198486328125" lon="114.26550440490245819091796875">
        <ele>148.399993896484375</ele>
        <time>2024-12-10T10:36:00.000Z</time>
        <extensions>
          <ns3:TrackPointExtension>
            <ns3:atemp>23.0</ns3:atemp>
            <ns3:hr>130</ns3:hr>
          </ns3:TrackPointExtension>
        </extensions>
      </trkpt>
      <trkpt lat="22.58730120956897735595703125" lon="114.26547825336456298828125">
        <ele>148.399993896484375</ele>
        <time>2024-12-10T10:36:01.000Z</time>
        <extensions>
          <ns3:TrackPointExtension>
            <ns3:atemp>23.0</ns3:atemp>
            <ns3:hr>130</ns3:hr>
          </ns3:TrackPointExtension>
        </extensions>
      </trkpt>
      <trkpt lat="22.58733071386814117431640625" lon="114.26545302383601665496826171875">
        <ele>148.399993896484375</ele>
        <time>2024-12-10T10:36:02.000Z</time>
        <extensions>
          <ns3:TrackPointExtension>
            <ns3:atemp>23.0</ns3:atemp>
            <ns3:hr>130</ns3:hr>
          </ns3:TrackPointExtension>
        </extensions>
      </trkpt>
      <trkpt lat="22.58735124953091144561767578125" lon="114.2654314823448657989501953125">
        <ele>148.600006103515625</ele>
        <time>2024-12-10T10:36:03.000Z</time>
        <extensions>
          <ns3:TrackPointExtension>
            <ns3:atemp>23.0</ns3:atemp>
            <ns3:hr>130</ns3:hr>
          </ns3:TrackPointExtension>
        </extensions>
      </trkpt>
      <trkpt lat="22.5873742997646331787109375" lon="114.26540113985538482666015625">
        <ele>148.600006103515625</ele>
        <time>2024-12-10T10:36:04.000Z</time>
        <extensions>
          <ns3:TrackPointExtension>
            <ns3:atemp>23.0</ns3:atemp>
            <ns3:hr>131</ns3:hr>
          </ns3:TrackPointExtension>
        </extensions>
      </trkpt>
      <trkpt lat="22.5873952545225620269775390625" lon="114.26537699997425079345703125">
        <ele>148.399993896484375</ele>
        <time>2024-12-10T10:36:05.000Z</time>
        <extensions>
          <ns3:TrackPointExtension>
            <ns3:atemp>23.0</ns3:atemp>
            <ns3:hr>130</ns3:hr>
          </ns3:TrackPointExtension>
        </extensions>
      </trkpt>
      <trkpt lat="22.58741864003241062164306640625" lon="114.2653422988951206207275390625">
        <ele>148.399993896484375</ele>
        <time>2024-12-10T10:36:06.000Z</time>
        <extensions>
          <ns3:TrackPointExtension>
            <ns3:atemp>23.0</ns3:atemp>
            <ns3:hr>129</ns3:hr>
          </ns3:TrackPointExtension>
        </extensions>
      </trkpt>
      <trkpt lat="22.58744277991354465484619140625" lon="114.26529980264604091644287109375">
        <ele>148.399993896484375</ele>
        <time>2024-12-10T10:36:07.000Z</time>
        <extensions>
          <ns3:TrackPointExtension>
            <ns3:atemp>23.0</ns3:atemp>
            <ns3:hr>129</ns3:hr>
          </ns3:TrackPointExtension>
        </extensions>
      </trkpt>
      <trkpt lat="22.58746859617531299591064453125" lon="114.26525236107409000396728515625">
        <ele>148.1999969482421875</ele>
        <time>2024-12-10T10:36:08.000Z</time>
        <extensions>
          <ns3:TrackPointExtension>
            <ns3:atemp>23.0</ns3:atemp>
            <ns3:hr>130</ns3:hr>
          </ns3:TrackPointExtension>
        </extensions>
      </trkpt>
      <trkpt lat="22.5874949991703033447265625" lon="114.2652038298547267913818359375">
        <ele>148.1999969482421875</ele>
        <time>2024-12-10T10:36:09.000Z</time>
        <extensions>
          <ns3:TrackPointExtension>
            <ns3:atemp>23.0</ns3:atemp>
            <ns3:hr>130</ns3:hr>
          </ns3:TrackPointExtension>
        </extensions>
      </trkpt>
      <trkpt lat="22.58752022869884967803955078125" lon="114.26516133360564708709716796875">
        <ele>148.1999969482421875</ele>
        <time>2024-12-10T10:36:10.000Z</time>
        <extensions>
          <ns3:TrackPointExtension>
            <ns3:atemp>23.0</ns3:atemp>
            <ns3:hr>131</ns3:hr>
          </ns3:TrackPointExtension>
        </extensions>
      </trkpt>
      <trkpt lat="22.58755157701671123504638671875" lon="114.265134595334529876708984375">
        <ele>148.1999969482421875</ele>
        <time>2024-12-10T10:36:11.000Z</time>
        <extensions>
          <ns3:TrackPointExtension>
            <ns3:atemp>23.0</ns3:atemp>
            <ns3:hr>131</ns3:hr>
          </ns3:TrackPointExtension>
        </extensions>
      </trkpt>
      <trkpt lat="22.58758493699133396148681640625" lon="114.26511003635823726654052734375">
        <ele>148.1999969482421875</ele>
        <time>2024-12-10T10:36:12.000Z</time>
        <extensions>
          <ns3:TrackPointExtension>
            <ns3:atemp>23.0</ns3:atemp>
            <ns3:hr>131</ns3:hr>
          </ns3:TrackPointExtension>
        </extensions>
      </trkpt>
      <trkpt lat="22.5876058079302310943603515625" lon="114.26509662531316280364990234375">
        <ele>148</ele>
        <time>2024-12-10T10:36:13.000Z</time>
        <extensions>
          <ns3:TrackPointExtension>
            <ns3:atemp>23.0</ns3:atemp>
            <ns3:hr>132</ns3:hr>
          </ns3:TrackPointExtension>
        </extensions>
      </trkpt>
      <trkpt lat="22.58761879988014698028564453125" lon="114.2650693841278553009033203125">
        <ele>148</ele>
        <time>2024-12-10T10:36:14.000Z</time>
        <extensions>
          <ns3:TrackPointExtension>
            <ns3:atemp>23.0</ns3:atemp>
            <ns3:hr>132</ns3:hr>
          </ns3:TrackPointExtension>
        </extensions>
      </trkpt>
      <trkpt lat="22.58762776851654052734375" lon="114.2650335095822811126708984375">
        <ele>148</ele>
        <time>2024-12-10T10:36:15.000Z</time>
        <extensions>
          <ns3:TrackPointExtension>
            <ns3:atemp>23.0</ns3:atemp>
            <ns3:hr>132</ns3:hr>
          </ns3:TrackPointExtension>
        </extensions>
      </trkpt>
      <trkpt lat="22.58762835524976253509521484375" lon="114.26500325091183185577392578125">
        <ele>148</ele>
        <time>2024-12-10T10:36:16.000Z</time>
        <extensions>
          <ns3:TrackPointExtension>
            <ns3:atemp>23.0</ns3:atemp>
            <ns3:hr>132</ns3:hr>
          </ns3:TrackPointExtension>
        </extensions>
      </trkpt>
      <trkpt lat="22.58762299083173274993896484375" lon="114.26497609354555606842041015625">
        <ele>148</ele>
        <time>2024-12-10T10:36:17.000Z</time>
        <extensions>
          <ns3:TrackPointExtension>
            <ns3:atemp>23.0</ns3:atemp>
            <ns3:hr>132</ns3:hr>
          </ns3:TrackPointExtension>
        </extensions>
      </trkpt>
      <trkpt lat="22.587618716061115264892578125" lon="114.2649527080357074737548828125">
        <ele>148</ele>
        <time>2024-12-10T10:36:18.000Z</time>
        <extensions>
          <ns3:TrackPointExtension>
            <ns3:atemp>23.0</ns3:atemp>
            <ns3:hr>132</ns3:hr>
          </ns3:TrackPointExtension>
        </extensions>
      </trkpt>
      <trkpt lat="22.58761276490986347198486328125" lon="114.264942817389965057373046875">
        <ele>148.1999969482421875</ele>
        <time>2024-12-10T10:36:19.000Z</time>
        <extensions>
          <ns3:TrackPointExtension>
            <ns3:atemp>23.0</ns3:atemp>
            <ns3:hr>132</ns3:hr>
          </ns3:TrackPointExtension>
        </extensions>
      </trkpt>
      <trkpt lat="22.58761058561503887176513671875" lon="114.26494516432285308837890625">
        <ele>148.1999969482421875</ele>
        <time>2024-12-10T10:36:20.000Z</time>
        <extensions>
          <ns3:TrackPointExtension>
            <ns3:atemp>23.0</ns3:atemp>
            <ns3:hr>132</ns3:hr>
          </ns3:TrackPointExtension>
        </extensions>
      </trkpt>
      <trkpt lat="22.58761125616729259490966796875" lon="114.26494122482836246490478515625">
        <ele>148.1999969482421875</ele>
        <time>2024-12-10T10:36:21.000Z</time>
        <extensions>
          <ns3:TrackPointExtension>
            <ns3:atemp>23.0</ns3:atemp>
            <ns3:hr>132</ns3:hr>
          </ns3:TrackPointExtension>
        </extensions>
      </trkpt>
      <trkpt lat="22.5876151956617832183837890625" lon="114.2649403028190135955810546875">
        <ele>148.1999969482421875</ele>
        <time>2024-12-10T10:36:22.000Z</time>
        <extensions>
          <ns3:TrackPointExtension>
            <ns3:atemp>23.0</ns3:atemp>
            <ns3:hr>132</ns3:hr>
          </ns3:TrackPointExtension>
        </extensions>
      </trkpt>
      <trkpt lat="22.587616704404354095458984375" lon="114.26486914046108722686767578125">
        <ele>144.1999969482421875</ele>
        <time>2024-12-10T10:39:20.000Z</time>
        <extensions>
          <ns3:TrackPointExtension>
            <ns3:atemp>24.0</ns3:atemp>
            <ns3:hr>105</ns3:hr>
          </ns3:TrackPointExtension>
        </extensions>
      </trkpt>
      <trkpt lat="22.58762064389884471893310546875" lon="114.26485220901668071746826171875">
        <ele>144.1999969482421875</ele>
        <time>2024-12-10T10:39:21.000Z</time>
        <extensions>
          <ns3:TrackPointExtension>
            <ns3:atemp>24.0</ns3:atemp>
            <ns3:hr>105</ns3:hr>
          </ns3:TrackPointExtension>
        </extensions>
      </trkpt>
      <trkpt lat="22.5876282714307308197021484375" lon="114.2648299969732761383056640625">
        <ele>144.1999969482421875</ele>
        <time>2024-12-10T10:39:22.000Z</time>
        <extensions>
          <ns3:TrackPointExtension>
            <ns3:atemp>24.0</ns3:atemp>
            <ns3:hr>107</ns3:hr>
          </ns3:TrackPointExtension>
        </extensions>
      </trkpt>
      <trkpt lat="22.5876393355429172515869140625" lon="114.26480040885508060455322265625">
        <ele>144.1999969482421875</ele>
        <time>2024-12-10T10:39:23.000Z</time>
        <extensions>
          <ns3:TrackPointExtension>
            <ns3:atemp>24.0</ns3:atemp>
            <ns3:hr>108</ns3:hr>
          </ns3:TrackPointExtension>
        </extensions>
      </trkpt>
      <trkpt lat="22.58765257894992828369140625" lon="114.2647642828524112701416015625">
        <ele>144.399993896484375</ele>
        <time>2024-12-10T10:39:24.000Z</time>
        <extensions>
          <ns3:TrackPointExtension>
            <ns3:atemp>24.0</ns3:atemp>
            <ns3:hr>108</ns3:hr>
          </ns3:TrackPointExtension>
        </extensions>
      </trkpt>
      <trkpt lat="22.587664313614368438720703125" lon="114.26473067142069339752197265625">
        <ele>144.399993896484375</ele>
        <time>2024-12-10T10:39:25.000Z</time>
        <extensions>
          <ns3:TrackPointExtension>
            <ns3:atemp>24.0</ns3:atemp>
            <ns3:hr>109</ns3:hr>
          </ns3:TrackPointExtension>
        </extensions>
      </trkpt>
      <trkpt lat="22.58767814375460147857666015625" lon="114.264698065817356109619140625">
        <ele>144.399993896484375</ele>
        <time>2024-12-10T10:39:26.000Z</time>
        <extensions>
          <ns3:TrackPointExtension>
            <ns3:atemp>24.0</ns3:atemp>
            <ns3:hr>109</ns3:hr>
          </ns3:TrackPointExtension>
        </extensions>
      </trkpt>
      <trkpt lat="22.58769683539867401123046875" lon="114.26466311328113079071044921875">
        <ele>144.399993896484375</ele>
        <time>2024-12-10T10:39:27.000Z</time>
        <extensions>
          <ns3:TrackPointExtension>
            <ns3:atemp>24.0</ns3:atemp>
            <ns3:hr>110</ns3:hr>
          </ns3:TrackPointExtension>
        </extensions>
      </trkpt>
      <trkpt lat="22.58771049790084362030029296875" lon="114.2646352015435695648193359375">
        <ele>144.399993896484375</ele>
        <time>2024-12-10T10:39:28.000Z</time>
        <extensions>
          <ns3:TrackPointExtension>
            <ns3:atemp>24.0</ns3:atemp>
            <ns3:hr>111</ns3:hr>
          </ns3:TrackPointExtension>
        </extensions>
      </trkpt>
      <trkpt lat="22.58773145265877246856689453125" lon="114.26460745744407176971435546875">
        <ele>144.399993896484375</ele>
        <time>2024-12-10T10:39:29.000Z</time>
        <extensions>
          <ns3:TrackPointExtension>
            <ns3:atemp>24.0</ns3:atemp>
            <ns3:hr>111</ns3:hr>
          </ns3:TrackPointExtension>
        </extensions>
      </trkpt>
      <trkpt lat="22.58775693364441394805908203125" lon="114.2645798809826374053955078125">
        <ele>144.600006103515625</ele>
        <time>2024-12-10T10:39:30.000Z</time>
        <extensions>
          <ns3:TrackPointExtension>
            <ns3:atemp>24.0</ns3:atemp>
            <ns3:hr>112</ns3:hr>
          </ns3:TrackPointExtension>
        </extensions>
      </trkpt>
      <trkpt lat="22.58778476156294345855712890625" lon="114.26454291678965091705322265625">
        <ele>144.600006103515625</ele>
        <time>2024-12-10T10:39:31.000Z</time>
        <extensions>
          <ns3:TrackPointExtension>
            <ns3:atemp>24.0</ns3:atemp>
            <ns3:hr>112</ns3:hr>
          </ns3:TrackPointExtension>
        </extensions>
      </trkpt>
      <trkpt lat="22.587807476520538330078125" lon="114.26450402475893497467041015625">
        <ele>144.600006103515625</ele>
        <time>2024-12-10T10:39:32.000Z</time>
        <extensions>
          <ns3:TrackPointExtension>
            <ns3:atemp>24.0</ns3:atemp>
            <ns3:hr>113</ns3:hr>
          </ns3:TrackPointExtension>
        </extensions>
      </trkpt>
      <trkpt lat="22.587829269468784332275390625" lon="114.26446697674691677093505859375">
        <ele>144.600006103515625</ele>
        <time>2024-12-10T10:39:33.000Z</time>
        <extensions>
          <ns3:TrackPointExtension>
            <ns3:atemp>24.0</ns3:atemp>
            <ns3:hr>113</ns3:hr>
          </ns3:TrackPointExtension>
        </extensions>
      </trkpt>
      <trkpt lat="22.5878358073532581329345703125" lon="114.26444551907479763031005859375">
        <ele>144.8000030517578125</ele>
        <time>2024-12-10T10:39:34.000Z</time>
        <extensions>
          <ns3:TrackPointExtension>
            <ns3:atemp>24.0</ns3:atemp>
            <ns3:hr>113</ns3:hr>
          </ns3:TrackPointExtension>
        </extensions>
      </trkpt>
      <trkpt lat="22.58783773519098758697509765625" lon="114.26443613134324550628662109375">
        <ele>144.8000030517578125</ele>
        <time>2024-12-10T10:39:35.000Z</time>
        <extensions>
          <ns3:TrackPointExtension>
            <ns3:atemp>24.0</ns3:atemp>
            <ns3:hr>113</ns3:hr>
          </ns3:TrackPointExtension>
        </extensions>
      </trkpt>
      <trkpt lat="22.587839663028717041015625" lon="114.2644233070313930511474609375">
        <ele>145</ele>
        <time>2024-12-10T10:39:36.000Z</time>
        <extensions>
          <ns3:TrackPointExtension>
            <ns3:atemp>24.0</ns3:atemp>
            <ns3:hr>114</ns3:hr>
          </ns3:TrackPointExtension>
        </extensions>
      </trkpt>
      <trkpt lat="22.5878488831222057342529296875" lon="114.26440578885376453399658203125">
        <ele>145</ele>
        <time>2024-12-10T10:39:37.000Z</time>
        <extensions>
          <ns3:TrackPointExtension>
            <ns3:atemp>24.0</ns3:atemp>
            <ns3:hr>114</ns3:hr>
          </ns3:TrackPointExtension>
        </extensions>
      </trkpt>
      <trkpt lat="22.5878632999956607818603515625" lon="114.2643954791128635406494140625">
        <ele>145</ele>
        <time>2024-12-10T10:39:38.000Z</time>
        <extensions>
          <ns3:TrackPointExtension>
            <ns3:atemp>24.0</ns3:atemp>
            <ns3:hr>114</ns3:hr>
          </ns3:TrackPointExtension>
        </extensions>
      </trkpt>
      <trkpt lat="22.58787897415459156036376953125" lon="114.2643827386200428009033203125">
        <ele>145</ele>
        <time>2024-12-10T10:39:39.000Z</time>
        <extensions>
          <ns3:TrackPointExtension>
            <ns3:atemp>24.0</ns3:atemp>
            <ns3:hr>115</ns3:hr>
          </ns3:TrackPointExtension>
        </extensions>
      </trkpt>
      <trkpt lat="22.587888948619365692138671875" lon="114.2643636278808116912841796875">
        <ele>145</ele>
        <time>2024-12-10T10:39:40.000Z</time>
        <extensions>
          <ns3:TrackPointExtension>
            <ns3:atemp>24.0</ns3:atemp>
            <ns3:hr>114</ns3:hr>
          </ns3:TrackPointExtension>
        </extensions>
      </trkpt>
      <trkpt lat="22.58789406158030033111572265625" lon="114.26434007473289966583251953125">
        <ele>145</ele>
        <time>2024-12-10T10:39:41.000Z</time>
        <extensions>
          <ns3:TrackPointExtension>
            <ns3:atemp>24.0</ns3:atemp>
            <ns3:hr>114</ns3:hr>
          </ns3:TrackPointExtension>
        </extensions>
      </trkpt>
      <trkpt lat="22.58788852952420711517333984375" lon="114.26431953907012939453125">
        <ele>145</ele>
        <time>2024-12-10T10:39:42.000Z</time>
        <extensions>
          <ns3:TrackPointExtension>
            <ns3:atemp>24.0</ns3:atemp>
            <ns3:hr>114</ns3:hr>
          </ns3:TrackPointExtension>
        </extensions>
      </trkpt>
      <trkpt lat="22.58788953535258769989013671875" lon="114.26428961567580699920654296875">
        <ele>145</ele>
        <time>2024-12-10T10:39:43.000Z</time>
        <extensions>
          <ns3:TrackPointExtension>
            <ns3:atemp>24.0</ns3:atemp>
            <ns3:hr>114</ns3:hr>
          </ns3:TrackPointExtension>
        </extensions>
      </trkpt>
      <trkpt lat="22.58789959363639354705810546875" lon="114.26425944082438945770263671875">
        <ele>145</ele>
        <time>2024-12-10T10:39:44.000Z</time>
        <extensions>
          <ns3:TrackPointExtension>
            <ns3:atemp>24.0</ns3:atemp>
            <ns3:hr>114</ns3:hr>
          </ns3:TrackPointExtension>
        </extensions>
      </trkpt>
      <trkpt lat="22.58790998719632625579833984375" lon="114.26422859542071819305419921875">
        <ele>145</ele>
        <time>2024-12-10T10:39:45.000Z</time>
        <extensions>
          <ns3:TrackPointExtension>
            <ns3:atemp>24.0</ns3:atemp>
            <ns3:hr>114</ns3:hr>
          </ns3:TrackPointExtension>
        </extensions>
      </trkpt>
      <trkpt lat="22.5879256613552570343017578125" lon="114.26418500952422618865966796875">
        <ele>145</ele>
        <time>2024-12-10T10:39:46.000Z</time>
        <extensions>
          <ns3:TrackPointExtension>
            <ns3:atemp>24.0</ns3:atemp>
            <ns3:hr>114</ns3:hr>
          </ns3:TrackPointExtension>
        </extensions>
      </trkpt>
      <trkpt lat="22.5879427604377269744873046875" lon="114.26413572393357753753662109375">
        <ele>145</ele>
        <time>2024-12-10T10:39:47.000Z</time>
        <extensions>
          <ns3:TrackPointExtension>
            <ns3:atemp>24.0</ns3:atemp>
            <ns3:hr>115</ns3:hr>
          </ns3:TrackPointExtension>
        </extensions>
      </trkpt>
      <trkpt lat="22.587957680225372314453125" lon="114.2640890367329120635986328125">
        <ele>145</ele>
        <time>2024-12-10T10:39:48.000Z</time>
        <extensions>
          <ns3:TrackPointExtension>
            <ns3:atemp>24.0</ns3:atemp>
            <ns3:hr>115</ns3:hr>
          </ns3:TrackPointExtension>
        </extensions>
      </trkpt>
      <trkpt lat="22.587976120412349700927734375" lon="114.26404017023742198944091796875">
        <ele>145</ele>
        <time>2024-12-10T10:39:49.000Z</time>
        <extensions>
          <ns3:TrackPointExtension>
            <ns3:atemp>24.0</ns3:atemp>
            <ns3:hr>115</ns3:hr>
          </ns3:TrackPointExtension>
        </extensions>
      </trkpt>
      <trkpt lat="22.587995231151580810546875" lon="114.263990633189678192138671875">
        <ele>145</ele>
        <time>2024-12-10T10:39:50.000Z</time>
        <extensions>
          <ns3:TrackPointExtension>
            <ns3:atemp>24.0</ns3:atemp>
            <ns3:hr>116</ns3:hr>
          </ns3:TrackPointExtension>
        </extensions>
      </trkpt>
      <trkpt lat="22.5880207121372222900390625" lon="114.26393338479101657867431640625">
        <ele>145</ele>
        <time>2024-12-10T10:39:51.000Z</time>
        <extensions>
          <ns3:TrackPointExtension>
            <ns3:atemp>24.0</ns3:atemp>
            <ns3:hr>116</ns3:hr>
          </ns3:TrackPointExtension>
        </extensions>
      </trkpt>
      <trkpt lat="22.5880443491041660308837890625" lon="114.26388024352490901947021484375">
        <ele>144.8000030517578125</ele>
        <time>2024-12-10T10:39:52.000Z</time>
        <extensions>
          <ns3:TrackPointExtension>
            <ns3:atemp>24.0</ns3:atemp>
            <ns3:hr>117</ns3:hr>
          </ns3:TrackPointExtension>
        </extensions>
      </trkpt>
      <trkpt lat="22.5880691595375537872314453125" lon="114.263830371201038360595703125">
        <ele>144.8000030517578125</ele>
        <time>2024-12-10T10:39:53.000Z</time>
        <extensions>
          <ns3:TrackPointExtension>
            <ns3:atemp>24.0</ns3:atemp>
            <ns3:hr>117</ns3:hr>
          </ns3:TrackPointExtension>
        </extensions>
      </trkpt>
      <trkpt lat="22.58809153921902179718017578125" lon="114.263782091438770294189453125">
        <ele>144.8000030517578125</ele>
        <time>2024-12-10T10:39:54.000Z</time>
        <extensions>
          <ns3:TrackPointExtension>
            <ns3:atemp>24.0</ns3:atemp>
            <ns3:hr>117</ns3:hr>
          </ns3:TrackPointExtension>
        </extensions>
      </trkpt>
      <trkpt lat="22.58811567910015583038330078125" lon="114.2637415230274200439453125">
        <ele>144.8000030517578125</ele>
        <time>2024-12-10T10:39:55.000Z</time>
        <extensions>
          <ns3:TrackPointExtension>
            <ns3:atemp>24.0</ns3:atemp>
            <ns3:hr>117</ns3:hr>
          </ns3:TrackPointExtension>
        </extensions>
      </trkpt>
      <trkpt lat="22.58814635686576366424560546875" lon="114.2637066543102264404296875">
        <ele>145</ele>
        <time>2024-12-10T10:39:56.000Z</time>
        <extensions>
          <ns3:TrackPointExtension>
            <ns3:atemp>24.0</ns3:atemp>
            <ns3:hr>117</ns3:hr>
          </ns3:TrackPointExtension>
        </extensions>
      </trkpt>
      <trkpt lat="22.5881762802600860595703125" lon="114.263674803078174591064453125">
        <ele>145</ele>
        <time>2024-12-10T10:39:57.000Z</time>
        <extensions>
          <ns3:TrackPointExtension>
            <ns3:atemp>24.0</ns3:atemp>
            <ns3:hr>118</ns3:hr>
          </ns3:TrackPointExtension>
        </extensions>
      </trkpt>
      <trkpt lat="22.58819882757961750030517578125" lon="114.2636424489319324493408203125">
        <ele>145.1999969482421875</ele>
        <time>2024-12-10T10:39:58.000Z</time>
        <extensions>
          <ns3:TrackPointExtension>
            <ns3:atemp>24.0</ns3:atemp>
            <ns3:hr>118</ns3:hr>
          </ns3:TrackPointExtension>
        </extensions>
      </trkpt>
      <trkpt lat="22.5882133282721042633056640625" lon="114.2636065743863582611083984375">
        <ele>145.1999969482421875</ele>
        <time>2024-12-10T10:39:59.000Z</time>
        <extensions>
          <ns3:TrackPointExtension>
            <ns3:atemp>24.0</ns3:atemp>
            <ns3:hr>118</ns3:hr>
          </ns3:TrackPointExtension>
        </extensions>
      </trkpt>
      <trkpt lat="22.58822858333587646484375" lon="114.263565503060817718505859375">
        <ele>145.1999969482421875</ele>
        <time>2024-12-10T10:40:00.000Z</time>
        <extensions>
          <ns3:TrackPointExtension>
            <ns3:atemp>24.0</ns3:atemp>
            <ns3:hr>118</ns3:hr>
          </ns3:TrackPointExtension>
        </extensions>
      </trkpt>
      <trkpt lat="22.58824224583804607391357421875" lon="114.2635217495262622833251953125">
        <ele>145.1999969482421875</ele>
        <time>2024-12-10T10:40:01.000Z</time>
        <extensions>
          <ns3:TrackPointExtension>
            <ns3:atemp>24.0</ns3:atemp>
            <ns3:hr>117</ns3:hr>
          </ns3:TrackPointExtension>
        </extensions>
      </trkpt>
      <trkpt lat="22.5882595963776111602783203125" lon="114.26347531378269195556640625">
        <ele>145.1999969482421875</ele>
        <time>2024-12-10T10:40:02.000Z</time>
        <extensions>
          <ns3:TrackPointExtension>
            <ns3:atemp>24.0</ns3:atemp>
            <ns3:hr>118</ns3:hr>
          </ns3:TrackPointExtension>
        </extensions>
      </trkpt>
      <trkpt lat="22.5882760249078273773193359375" lon="114.26342963241040706634521484375">
        <ele>145.1999969482421875</ele>
        <time>2024-12-10T10:40:03.000Z</time>
        <extensions>
          <ns3:TrackPointExtension>
            <ns3:atemp>24.0</ns3:atemp>
            <ns3:hr>117</ns3:hr>
          </ns3:TrackPointExtension>
        </extensions>
      </trkpt>
      <trkpt lat="22.58829555474221706390380859375" lon="114.26338470540940761566162109375">
        <ele>145.399993896484375</ele>
        <time>2024-12-10T10:40:04.000Z</time>
        <extensions>
          <ns3:TrackPointExtension>
            <ns3:atemp>24.0</ns3:atemp>
            <ns3:hr>117</ns3:hr>
          </ns3:TrackPointExtension>
        </extensions>
      </trkpt>
      <trkpt lat="22.58831516839563846588134765625" lon="114.26333642564713954925537109375">
        <ele>145.399993896484375</ele>
        <time>2024-12-10T10:40:05.000Z</time>
        <extensions>
          <ns3:TrackPointExtension>
            <ns3:atemp>24.0</ns3:atemp>
            <ns3:hr>117</ns3:hr>
          </ns3:TrackPointExtension>
        </extensions>
      </trkpt>
      <trkpt lat="22.5883360393345355987548828125" lon="114.2632867209613323211669921875">
        <ele>145.399993896484375</ele>
        <time>2024-12-10T10:40:06.000Z</time>
        <extensions>
          <ns3:TrackPointExtension>
            <ns3:atemp>24.0</ns3:atemp>
            <ns3:hr>117</ns3:hr>
          </ns3:TrackPointExtension>
        </extensions>
      </trkpt>
      <trkpt lat="22.58835758082568645477294921875" lon="114.26323433406651020050048828125">
        <ele>145.399993896484375</ele>
        <time>2024-12-10T10:40:07.000Z</time>
        <extensions>
          <ns3:TrackPointExtension>
            <ns3:atemp>24.0</ns3:atemp>
            <ns3:hr>117</ns3:hr>
          </ns3:TrackPointExtension>
        </extensions>
      </trkpt>
      <trkpt lat="22.588380463421344757080078125" lon="114.2631834559142589569091796875">
        <ele>145.399993896484375</ele>
        <time>2024-12-10T10:40:08.000Z</time>
        <extensions>
          <ns3:TrackPointExtension>
            <ns3:atemp>24.0</ns3:atemp>
            <ns3:hr>117</ns3:hr>
          </ns3:TrackPointExtension>
        </extensions>
      </trkpt>
      <trkpt lat="22.58840200491249561309814453125" lon="114.2631272971630096435546875">
        <ele>145.399993896484375</ele>
        <time>2024-12-10T10:40:09.000Z</time>
        <extensions>
          <ns3:TrackPointExtension>
            <ns3:atemp>24.0</ns3:atemp>
            <ns3:hr>117</ns3:hr>
          </ns3:TrackPointExtension>
        </extensions>
      </trkpt>
      <trkpt lat="22.58842463605105876922607421875" lon="114.26306954585015773773193359375">
        <ele>145.399993896484375</ele>
        <time>2024-12-10T10:40:10.000Z</time>
        <extensions>
          <ns3:TrackPointExtension>
            <ns3:atemp>24.0</ns3:atemp>
            <ns3:hr>117</ns3:hr>
          </ns3:TrackPointExtension>
        </extensions>
      </trkpt>
      <trkpt lat="22.5884496979415416717529296875" lon="114.26301355473697185516357421875">
        <ele>145.399993896484375</ele>
        <time>2024-12-10T10:40:11.000Z</time>
        <extensions>
          <ns3:TrackPointExtension>
            <ns3:atemp>24.0</ns3:atemp>
            <ns3:hr>117</ns3:hr>
          </ns3:TrackPointExtension>
        </extensions>
      </trkpt>
      <trkpt lat="22.588472664356231689453125" lon="114.26296301186084747314453125">
        <ele>145.399993896484375</ele>
        <time>2024-12-10T10:40:12.000Z</time>
        <extensions>
          <ns3:TrackPointExtension>
            <ns3:atemp>24.0</ns3:atemp>
            <ns3:hr>117</ns3:hr>
          </ns3:TrackPointExtension>
        </extensions>
      </trkpt>
      <trkpt lat="22.58849638514220714569091796875" lon="114.2629088647663593292236328125">
        <ele>145.399993896484375</ele>
        <time>2024-12-10T10:40:13.000Z</time>
        <extensions>
          <ns3:TrackPointExtension>
            <ns3:atemp>24.0</ns3:atemp>
            <ns3:hr>117</ns3:hr>
          </ns3:TrackPointExtension>
        </extensions>
      </trkpt>
      <trkpt lat="22.58852136321365833282470703125" lon="114.262847341597080230712890625">
        <ele>145.600006103515625</ele>
        <time>2024-12-10T10:40:14.000Z</time>
        <extensions>
          <ns3:TrackPointExtension>
            <ns3:atemp>24.0</ns3:atemp>
            <ns3:hr>117</ns3:hr>
          </ns3:TrackPointExtension>
        </extensions>
      </trkpt>
      <trkpt lat="22.58854709565639495849609375" lon="114.26278824917972087860107421875">
        <ele>145.600006103515625</ele>
        <time>2024-12-10T10:40:15.000Z</time>
        <extensions>
          <ns3:TrackPointExtension>
            <ns3:atemp>24.0</ns3:atemp>
            <ns3:hr>118</ns3:hr>
          </ns3:TrackPointExtension>
        </extensions>
      </trkpt>
      <trkpt lat="22.588576935231685638427734375" lon="114.2627244628965854644775390625">
        <ele>145.600006103515625</ele>
        <time>2024-12-10T10:40:16.000Z</time>
        <extensions>
          <ns3:TrackPointExtension>
            <ns3:atemp>24.0</ns3:atemp>
            <ns3:hr>118</ns3:hr>
          </ns3:TrackPointExtension>
        </extensions>
      </trkpt>
      <trkpt lat="22.5886032544076442718505859375" lon="114.26265765912830829620361328125">
        <ele>145.600006103515625</ele>
        <time>2024-12-10T10:40:17.000Z</time>
        <extensions>
          <ns3:TrackPointExtension>
            <ns3:atemp>24.0</ns3:atemp>
            <ns3:hr>118</ns3:hr>
          </ns3:TrackPointExtension>
        </extensions>
      </trkpt>
      <trkpt lat="22.58863116614520549774169921875" lon="114.2625990696251392364501953125">
        <ele>145.600006103515625</ele>
        <time>2024-12-10T10:40:18.000Z</time>
        <extensions>
          <ns3:TrackPointExtension>
            <ns3:atemp>24.0</ns3:atemp>
            <ns3:hr>119</ns3:hr>
          </ns3:TrackPointExtension>
        </extensions>
      </trkpt>
      <trkpt lat="22.588658072054386138916015625" lon="114.26254198886454105377197265625">
        <ele>145.600006103515625</ele>
        <time>2024-12-10T10:40:19.000Z</time>
        <extensions>
          <ns3:TrackPointExtension>
            <ns3:atemp>24.0</ns3:atemp>
            <ns3:hr>119</ns3:hr>
          </ns3:TrackPointExtension>
        </extensions>
      </trkpt>
      <trkpt lat="22.58867860771715641021728515625" lon="114.26249069161713123321533203125">
        <ele>145.600006103515625</ele>
        <time>2024-12-10T10:40:20.000Z</time>
        <extensions>
          <ns3:TrackPointExtension>
            <ns3:atemp>24.0</ns3:atemp>
            <ns3:hr>120</ns3:hr>
          </ns3:TrackPointExtension>
        </extensions>
      </trkpt>
      <trkpt lat="22.588687576353549957275390625" lon="114.26245515234768390655517578125">
        <ele>145.8000030517578125</ele>
        <time>2024-12-10T10:40:21.000Z</time>
        <extensions>
          <ns3:TrackPointExtension>
            <ns3:atemp>24.0</ns3:atemp>
            <ns3:hr>120</ns3:hr>
          </ns3:TrackPointExtension>
        </extensions>
      </trkpt>
      <trkpt lat="22.5886880792677402496337890625" lon="114.2624272406101226806640625">
        <ele>145.8000030517578125</ele>
        <time>2024-12-10T10:40:22.000Z</time>
        <extensions>
          <ns3:TrackPointExtension>
            <ns3:atemp>24.0</ns3:atemp>
            <ns3:hr>120</ns3:hr>
          </ns3:TrackPointExtension>
        </extensions>
      </trkpt>
      <trkpt lat="22.5886867381632328033447265625" lon="114.2624036036431789398193359375">
        <ele>146</ele>
        <time>2024-12-10T10:40:23.000Z</time>
        <extensions>
          <ns3:TrackPointExtension>
            <ns3:atemp>24.0</ns3:atemp>
            <ns3:hr>120</ns3:hr>
          </ns3:TrackPointExtension>
        </extensions>
      </trkpt>
      <trkpt lat="22.58868799544870853424072265625" lon="114.2623757757246494293212890625">
        <ele>146</ele>
        <time>2024-12-10T10:40:24.000Z</time>
        <extensions>
          <ns3:TrackPointExtension>
            <ns3:atemp>24.0</ns3:atemp>
            <ns3:hr>119</ns3:hr>
          </ns3:TrackPointExtension>
        </extensions>
      </trkpt>
      <trkpt lat="22.58869369514286518096923828125" lon="114.26234551705420017242431640625">
        <ele>146</ele>
        <time>2024-12-10T10:40:25.000Z</time>
        <extensions>
          <ns3:TrackPointExtension>
            <ns3:atemp>24.0</ns3:atemp>
            <ns3:hr>119</ns3:hr>
          </ns3:TrackPointExtension>
        </extensions>
      </trkpt>
      <trkpt lat="22.588707692921161651611328125" lon="114.262309558689594268798828125">
        <ele>146</ele>
        <time>2024-12-10T10:40:26.000Z</time>
        <extensions>
          <ns3:TrackPointExtension>
            <ns3:atemp>24.0</ns3:atemp>
            <ns3:hr>118</ns3:hr>
          </ns3:TrackPointExtension>
        </extensions>
      </trkpt>
      <trkpt lat="22.58872319944202899932861328125" lon="114.26226840354502201080322265625">
        <ele>146</ele>
        <time>2024-12-10T10:40:27.000Z</time>
        <extensions>
          <ns3:TrackPointExtension>
            <ns3:atemp>24.0</ns3:atemp>
            <ns3:hr>118</ns3:hr>
          </ns3:TrackPointExtension>
        </extensions>
      </trkpt>
      <trkpt lat="22.5887373648583889007568359375" lon="114.26222548820078372955322265625">
        <ele>146</ele>
        <time>2024-12-10T10:40:28.000Z</time>
        <extensions>
          <ns3:TrackPointExtension>
            <ns3:atemp>24.0</ns3:atemp>
            <ns3:hr>118</ns3:hr>
          </ns3:TrackPointExtension>
        </extensions>
      </trkpt>
      <trkpt lat="22.58875454775989055633544921875" lon="114.26218341104686260223388671875">
        <ele>146</ele>
        <time>2024-12-10T10:40:29.000Z</time>
        <extensions>
          <ns3:TrackPointExtension>
            <ns3:atemp>24.0</ns3:atemp>
            <ns3:hr>118</ns3:hr>
          </ns3:TrackPointExtension>
        </extensions>
      </trkpt>
      <trkpt lat="22.58877365849912166595458984375" lon="114.2621427588164806365966796875">
        <ele>146</ele>
        <time>2024-12-10T10:40:30.000Z</time>
        <extensions>
          <ns3:TrackPointExtension>
            <ns3:atemp>24.0</ns3:atemp>
            <ns3:hr>117</ns3:hr>
          </ns3:TrackPointExtension>
        </extensions>
      </trkpt>
      <trkpt lat="22.58879142813384532928466796875" lon="114.26210872828960418701171875">
        <ele>146</ele>
        <time>2024-12-10T10:40:31.000Z</time>
        <extensions>
          <ns3:TrackPointExtension>
            <ns3:atemp>24.0</ns3:atemp>
            <ns3:hr>117</ns3:hr>
          </ns3:TrackPointExtension>
        </extensions>
      </trkpt>
      <trkpt lat="22.58880031295120716094970703125" lon="114.26208366639912128448486328125">
        <ele>146</ele>
        <time>2024-12-10T10:40:32.000Z</time>
        <extensions>
          <ns3:TrackPointExtension>
            <ns3:atemp>24.0</ns3:atemp>
            <ns3:hr>116</ns3:hr>
          </ns3:TrackPointExtension>
        </extensions>
      </trkpt>
      <trkpt lat="22.58880232460796833038330078125" lon="114.2620678246021270751953125">
        <ele>146</ele>
        <time>2024-12-10T10:40:33.000Z</time>
        <extensions>
          <ns3:TrackPointExtension>
            <ns3:atemp>24.0</ns3:atemp>
            <ns3:hr>115</ns3:hr>
          </ns3:TrackPointExtension>
        </extensions>
      </trkpt>
      <trkpt lat="22.58881020359694957733154296875" lon="114.26204745657742023468017578125">
        <ele>146</ele>
        <time>2024-12-10T10:40:34.000Z</time>
        <extensions>
          <ns3:TrackPointExtension>
            <ns3:atemp>24.0</ns3:atemp>
            <ns3:hr>115</ns3:hr>
          </ns3:TrackPointExtension>
        </extensions>
      </trkpt>
      <trkpt lat="22.58882612921297550201416015625" lon="114.26201560534536838531494140625">
        <ele>146.399993896484375</ele>
        <time>2024-12-10T10:40:35.000Z</time>
        <extensions>
          <ns3:TrackPointExtension>
            <ns3:atemp>24.0</ns3:atemp>
            <ns3:hr>115</ns3:hr>
          </ns3:TrackPointExtension>
        </extensions>
      </trkpt>
      <trkpt lat="22.58884356357157230377197265625" lon="114.2619764618575572967529296875">
        <ele>146.399993896484375</ele>
        <time>2024-12-10T10:40:36.000Z</time>
        <extensions>
          <ns3:TrackPointExtension>
            <ns3:atemp>24.0</ns3:atemp>
            <ns3:hr>114</ns3:hr>
          </ns3:TrackPointExtension>
        </extensions>
      </trkpt>
      <trkpt lat="22.58885948918759822845458984375" lon="114.26193681545555591583251953125">
        <ele>146.399993896484375</ele>
        <time>2024-12-10T10:40:37.000Z</time>
        <extensions>
          <ns3:TrackPointExtension>
            <ns3:atemp>24.0</ns3:atemp>
            <ns3:hr>114</ns3:hr>
          </ns3:TrackPointExtension>
        </extensions>
      </trkpt>
      <trkpt lat="22.588876672089099884033203125" lon="114.26189490593969821929931640625">
        <ele>146.399993896484375</ele>
        <time>2024-12-10T10:40:38.000Z</time>
        <extensions>
          <ns3:TrackPointExtension>
            <ns3:atemp>24.0</ns3:atemp>
            <ns3:hr>113</ns3:hr>
          </ns3:TrackPointExtension>
        </extensions>
      </trkpt>
      <trkpt lat="22.58889771066606044769287109375" lon="114.26185098476707935333251953125">
        <ele>146.399993896484375</ele>
        <time>2024-12-10T10:40:39.000Z</time>
        <extensions>
          <ns3:TrackPointExtension>
            <ns3:atemp>24.0</ns3:atemp>
            <ns3:hr>113</ns3:hr>
          </ns3:TrackPointExtension>
        </extensions>
      </trkpt>
      <trkpt lat="22.58892151527106761932373046875" lon="114.2618021182715892791748046875">
        <ele>146.399993896484375</ele>
        <time>2024-12-10T10:40:40.000Z</time>
        <extensions>
          <ns3:TrackPointExtension>
            <ns3:atemp>24.0</ns3:atemp>
            <ns3:hr>113</ns3:hr>
          </ns3:TrackPointExtension>
        </extensions>
      </trkpt>
      <trkpt lat="22.5889469124376773834228515625" lon="114.2617528326809406280517578125">
        <ele>146.399993896484375</ele>
        <time>2024-12-10T10:40:41.000Z</time>
        <extensions>
          <ns3:TrackPointExtension>
            <ns3:atemp>24.0</ns3:atemp>
            <ns3:hr>112</ns3:hr>
          </ns3:TrackPointExtension>
        </extensions>
      </trkpt>
      <trkpt lat="22.58897096849977970123291015625" lon="114.26169994287192821502685546875">
        <ele>146.399993896484375</ele>
        <time>2024-12-10T10:40:42.000Z</time>
        <extensions>
          <ns3:TrackPointExtension>
            <ns3:atemp>24.0</ns3:atemp>
            <ns3:hr>113</ns3:hr>
          </ns3:TrackPointExtension>
        </extensions>
      </trkpt>
      <trkpt lat="22.5889955274760723114013671875" lon="114.2616468854248523712158203125">
        <ele>146.399993896484375</ele>
        <time>2024-12-10T10:40:43.000Z</time>
        <extensions>
          <ns3:TrackPointExtension>
            <ns3:atemp>24.0</ns3:atemp>
            <ns3:hr>113</ns3:hr>
          </ns3:TrackPointExtension>
        </extensions>
      </trkpt>
      <trkpt lat="22.5890176557004451751708984375" lon="114.2615929059684276580810546875">
        <ele>146.399993896484375</ele>
        <time>2024-12-10T10:40:44.000Z</time>
        <extensions>
          <ns3:TrackPointExtension>
            <ns3:atemp>24.0</ns3:atemp>
            <ns3:hr>113</ns3:hr>
          </ns3:TrackPointExtension>
        </extensions>
      </trkpt>
      <trkpt lat="22.58904355578124523162841796875" lon="114.2615365795791149139404296875">
        <ele>146.399993896484375</ele>
        <time>2024-12-10T10:40:45.000Z</time>
        <extensions>
          <ns3:TrackPointExtension>
            <ns3:atemp>24.0</ns3:atemp>
            <ns3:hr>113</ns3:hr>
          </ns3:TrackPointExtension>
        </extensions>
      </trkpt>
      <trkpt lat="22.58906434290111064910888671875" lon="114.2614836059510707855224609375">
        <ele>146.399993896484375</ele>
        <time>2024-12-10T10:40:46.000Z</time>
        <extensions>
          <ns3:TrackPointExtension>
            <ns3:atemp>24.0</ns3:atemp>
            <ns3:hr>113</ns3:hr>
          </ns3:TrackPointExtension>
        </extensions>
      </trkpt>
      <trkpt lat="22.5890816934406757354736328125" lon="114.26144010387361049652099609375">
        <ele>146.399993896484375</ele>
        <time>2024-12-10T10:40:47.000Z</time>
        <extensions>
          <ns3:TrackPointExtension>
            <ns3:atemp>24.0</ns3:atemp>
            <ns3:hr>113</ns3:hr>
          </ns3:TrackPointExtension>
        </extensions>
      </trkpt>
      <trkpt lat="22.58909502066671848297119140625" lon="114.261403642594814300537109375">
        <ele>146.399993896484375</ele>
        <time>2024-12-10T10:40:48.000Z</time>
        <extensions>
          <ns3:TrackPointExtension>
            <ns3:atemp>24.0</ns3:atemp>
            <ns3:hr>113</ns3:hr>
          </ns3:TrackPointExtension>
        </extensions>
      </trkpt>
      <trkpt lat="22.58910625241696834564208984375" lon="114.26137539558112621307373046875">
        <ele>146.399993896484375</ele>
        <time>2024-12-10T10:40:49.000Z</time>
        <extensions>
          <ns3:TrackPointExtension>
            <ns3:atemp>24.0</ns3:atemp>
            <ns3:hr>113</ns3:hr>
          </ns3:TrackPointExtension>
        </extensions>
      </trkpt>
      <trkpt lat="22.58911170065402984619140625" lon="114.26134966313838958740234375">
        <ele>146.600006103515625</ele>
        <time>2024-12-10T10:40:50.000Z</time>
        <extensions>
          <ns3:TrackPointExtension>
            <ns3:atemp>24.0</ns3:atemp>
            <ns3:hr>113</ns3:hr>
          </ns3:TrackPointExtension>
        </extensions>
      </trkpt>
      <trkpt lat="22.5891165621578693389892578125" lon="114.2613186500966548919677734375">
        <ele>146.600006103515625</ele>
        <time>2024-12-10T10:40:51.000Z</time>
        <extensions>
          <ns3:TrackPointExtension>
            <ns3:atemp>24.0</ns3:atemp>
            <ns3:hr>113</ns3:hr>
          </ns3:TrackPointExtension>
        </extensions>
      </trkpt>
      <trkpt lat="22.58912486024200916290283203125" lon="114.2612851224839687347412109375">
        <ele>146.600006103515625</ele>
        <time>2024-12-10T10:40:52.000Z</time>
        <extensions>
          <ns3:TrackPointExtension>
            <ns3:atemp>24.0</ns3:atemp>
            <ns3:hr>114</ns3:hr>
          </ns3:TrackPointExtension>
        </extensions>
      </trkpt>
      <trkpt lat="22.58914162404835224151611328125" lon="114.2612566240131855010986328125">
        <ele>146.600006103515625</ele>
        <time>2024-12-10T10:40:53.000Z</time>
        <extensions>
          <ns3:TrackPointExtension>
            <ns3:atemp>24.0</ns3:atemp>
            <ns3:hr>113</ns3:hr>
          </ns3:TrackPointExtension>
        </extensions>
      </trkpt>
      <trkpt lat="22.5891635008156299591064453125" lon="114.261219911277294158935546875">
        <ele>146.600006103515625</ele>
        <time>2024-12-10T10:40:54.000Z</time>
        <extensions>
          <ns3:TrackPointExtension>
            <ns3:atemp>24.0</ns3:atemp>
            <ns3:hr>113</ns3:hr>
          </ns3:TrackPointExtension>
        </extensions>
      </trkpt>
      <trkpt lat="22.58919082581996917724609375" lon="114.26118244417011737823486328125">
        <ele>146.600006103515625</ele>
        <time>2024-12-10T10:40:55.000Z</time>
        <extensions>
          <ns3:TrackPointExtension>
            <ns3:atemp>24.0</ns3:atemp>
            <ns3:hr>113</ns3:hr>
          </ns3:TrackPointExtension>
        </extensions>
      </trkpt>
      <trkpt lat="22.5892131216824054718017578125" lon="114.261148162186145782470703125">
        <ele>146.600006103515625</ele>
        <time>2024-12-10T10:40:56.000Z</time>
        <extensions>
          <ns3:TrackPointExtension>
            <ns3:atemp>24.0</ns3:atemp>
            <ns3:hr>114</ns3:hr>
          </ns3:TrackPointExtension>
        </extensions>
      </trkpt>
      <trkpt lat="22.58923416025936603546142578125" lon="114.26110600121319293975830078125">
        <ele>146.600006103515625</ele>
        <time>2024-12-10T10:40:57.000Z</time>
        <extensions>
          <ns3:TrackPointExtension>
            <ns3:atemp>24.0</ns3:atemp>
            <ns3:hr>114</ns3:hr>
          </ns3:TrackPointExtension>
        </extensions>
      </trkpt>
      <trkpt lat="22.58925729431211948394775390625" lon="114.2610588110983371734619140625">
        <ele>146.600006103515625</ele>
        <time>2024-12-10T10:40:58.000Z</time>
        <extensions>
          <ns3:TrackPointExtension>
            <ns3:atemp>24.0</ns3:atemp>
            <ns3:hr>115</ns3:hr>
          </ns3:TrackPointExtension>
        </extensions>
      </trkpt>
      <trkpt lat="22.589276991784572601318359375" lon="114.261008687317371368408203125">
        <ele>146.600006103515625</ele>
        <time>2024-12-10T10:40:59.000Z</time>
        <extensions>
          <ns3:TrackPointExtension>
            <ns3:atemp>24.0</ns3:atemp>
            <ns3:hr>116</ns3:hr>
          </ns3:TrackPointExtension>
        </extensions>
      </trkpt>
      <trkpt lat="22.5892935879528522491455078125" lon="114.26095780916512012481689453125">
        <ele>146.600006103515625</ele>
        <time>2024-12-10T10:41:00.000Z</time>
        <extensions>
          <ns3:TrackPointExtension>
            <ns3:atemp>24.0</ns3:atemp>
            <ns3:hr>116</ns3:hr>
          </ns3:TrackPointExtension>
        </extensions>
      </trkpt>
      <trkpt lat="22.58930792100727558135986328125" lon="114.2609129659831523895263671875">
        <ele>146.600006103515625</ele>
        <time>2024-12-10T10:41:01.000Z</time>
        <extensions>
          <ns3:TrackPointExtension>
            <ns3:atemp>24.0</ns3:atemp>
            <ns3:hr>116</ns3:hr>
          </ns3:TrackPointExtension>
        </extensions>
      </trkpt>
      <trkpt lat="22.58932552300393581390380859375" lon="114.26085990853607654571533203125">
        <ele>146.600006103515625</ele>
        <time>2024-12-10T10:41:02.000Z</time>
        <extensions>
          <ns3:TrackPointExtension>
            <ns3:atemp>24.0</ns3:atemp>
            <ns3:hr>116</ns3:hr>
          </ns3:TrackPointExtension>
        </extensions>
      </trkpt>
      <trkpt lat="22.5893422029912471771240234375" lon="114.2608125507831573486328125">
        <ele>146.600006103515625</ele>
        <time>2024-12-10T10:41:03.000Z</time>
        <extensions>
          <ns3:TrackPointExtension>
            <ns3:atemp>24.0</ns3:atemp>
            <ns3:hr>115</ns3:hr>
          </ns3:TrackPointExtension>
        </extensions>
      </trkpt>
      <trkpt lat="22.589357458055019378662109375" lon="114.260767288506031036376953125">
        <ele>146.600006103515625</ele>
        <time>2024-12-10T10:41:04.000Z</time>
        <extensions>
          <ns3:TrackPointExtension>
            <ns3:atemp>24.0</ns3:atemp>
            <ns3:hr>115</ns3:hr>
          </ns3:TrackPointExtension>
        </extensions>
      </trkpt>
      <trkpt lat="22.58937296457588672637939453125" lon="114.26072361879050731658935546875">
        <ele>146.600006103515625</ele>
        <time>2024-12-10T10:41:05.000Z</time>
        <extensions>
          <ns3:TrackPointExtension>
            <ns3:atemp>24.0</ns3:atemp>
            <ns3:hr>115</ns3:hr>
          </ns3:TrackPointExtension>
        </extensions>
      </trkpt>
      <trkpt lat="22.58939291350543498992919921875" lon="114.26068556495010852813720703125">
        <ele>146.8000030517578125</ele>
        <time>2024-12-10T10:41:06.000Z</time>
        <extensions>
          <ns3:TrackPointExtension>
            <ns3:atemp>24.0</ns3:atemp>
            <ns3:hr>115</ns3:hr>
          </ns3:TrackPointExtension>
        </extensions>
      </trkpt>
      <trkpt lat="22.5894035585224628448486328125" lon="114.2606516182422637939453125">
        <ele>146.8000030517578125</ele>
        <time>2024-12-10T10:41:07.000Z</time>
        <extensions>
          <ns3:TrackPointExtension>
            <ns3:atemp>24.0</ns3:atemp>
            <ns3:hr>115</ns3:hr>
          </ns3:TrackPointExtension>
        </extensions>
      </trkpt>
      <trkpt lat="22.58940582163631916046142578125" lon="114.260624460875988006591796875">
        <ele>147</ele>
        <time>2024-12-10T10:41:08.000Z</time>
        <extensions>
          <ns3:TrackPointExtension>
            <ns3:atemp>24.0</ns3:atemp>
            <ns3:hr>116</ns3:hr>
          </ns3:TrackPointExtension>
        </extensions>
      </trkpt>
      <trkpt lat="22.58940397761762142181396484375" lon="114.2606095410883426666259765625">
        <ele>147</ele>
        <time>2024-12-10T10:41:09.000Z</time>
        <extensions>
          <ns3:TrackPointExtension>
            <ns3:atemp>24.0</ns3:atemp>
            <ns3:hr>116</ns3:hr>
          </ns3:TrackPointExtension>
        </extensions>
      </trkpt>
      <trkpt lat="22.58940397761762142181396484375" lon="114.2606095410883426666259765625">
        <ele>147.1999969482421875</ele>
        <time>2024-12-10T10:41:10.000Z</time>
        <extensions>
          <ns3:TrackPointExtension>
            <ns3:atemp>24.0</ns3:atemp>
            <ns3:hr>116</ns3:hr>
          </ns3:TrackPointExtension>
        </extensions>
      </trkpt>
      <trkpt lat="22.58940397761762142181396484375" lon="114.2606095410883426666259765625">
        <ele>147.1999969482421875</ele>
        <time>2024-12-10T10:41:11.000Z</time>
        <extensions>
          <ns3:TrackPointExtension>
            <ns3:atemp>24.0</ns3:atemp>
            <ns3:hr>116</ns3:hr>
          </ns3:TrackPointExtension>
        </extensions>
      </trkpt>
      <trkpt lat="22.58940397761762142181396484375" lon="114.2606095410883426666259765625">
        <ele>147.1999969482421875</ele>
        <time>2024-12-10T10:41:12.000Z</time>
        <extensions>
          <ns3:TrackPointExtension>
            <ns3:atemp>24.0</ns3:atemp>
            <ns3:hr>116</ns3:hr>
          </ns3:TrackPointExtension>
        </extensions>
      </trkpt>
      <trkpt lat="22.5893832743167877197265625" lon="114.26049982197582721710205078125">
        <ele>145.8000030517578125</ele>
        <time>2024-12-10T10:42:03.000Z</time>
        <extensions>
          <ns3:TrackPointExtension>
            <ns3:atemp>25.0</ns3:atemp>
            <ns3:hr>103</ns3:hr>
          </ns3:TrackPointExtension>
        </extensions>
      </trkpt>
      <trkpt lat="22.5893757306039333343505859375" lon="114.2604677192866802215576171875">
        <ele>145.8000030517578125</ele>
        <time>2024-12-10T10:42:04.000Z</time>
        <extensions>
          <ns3:TrackPointExtension>
            <ns3:atemp>25.0</ns3:atemp>
            <ns3:hr>104</ns3:hr>
          </ns3:TrackPointExtension>
        </extensions>
      </trkpt>
      <trkpt lat="22.58937145583331584930419921875" lon="114.26043092273175716400146484375">
        <ele>145.8000030517578125</ele>
        <time>2024-12-10T10:42:05.000Z</time>
        <extensions>
          <ns3:TrackPointExtension>
            <ns3:atemp>25.0</ns3:atemp>
            <ns3:hr>104</ns3:hr>
          </ns3:TrackPointExtension>
        </extensions>
      </trkpt>
      <trkpt lat="22.5893713720142841339111328125" lon="114.26039353944361209869384765625">
        <ele>146</ele>
        <time>2024-12-10T10:42:06.000Z</time>
        <extensions>
          <ns3:TrackPointExtension>
            <ns3:atemp>25.0</ns3:atemp>
            <ns3:hr>104</ns3:hr>
          </ns3:TrackPointExtension>
        </extensions>
      </trkpt>
      <trkpt lat="22.58937128819525241851806640625" lon="114.2603543959558010101318359375">
        <ele>146</ele>
        <time>2024-12-10T10:42:07.000Z</time>
        <extensions>
          <ns3:TrackPointExtension>
            <ns3:atemp>25.0</ns3:atemp>
            <ns3:hr>105</ns3:hr>
          </ns3:TrackPointExtension>
        </extensions>
      </trkpt>
      <trkpt lat="22.58937011472880840301513671875" lon="114.2603121511638164520263671875">
        <ele>146.1999969482421875</ele>
        <time>2024-12-10T10:42:08.000Z</time>
        <extensions>
          <ns3:TrackPointExtension>
            <ns3:atemp>25.0</ns3:atemp>
            <ns3:hr>105</ns3:hr>
          </ns3:TrackPointExtension>
        </extensions>
      </trkpt>
      <trkpt lat="22.58936760015785694122314453125" lon="114.2602675594389438629150390625">
        <ele>146.1999969482421875</ele>
        <time>2024-12-10T10:42:09.000Z</time>
        <extensions>
          <ns3:TrackPointExtension>
            <ns3:atemp>25.0</ns3:atemp>
            <ns3:hr>105</ns3:hr>
          </ns3:TrackPointExtension>
        </extensions>
      </trkpt>
      <trkpt lat="22.58936407975852489471435546875" lon="114.26021651364862918853759765625">
        <ele>146.1999969482421875</ele>
        <time>2024-12-10T10:42:10.000Z</time>
        <extensions>
          <ns3:TrackPointExtension>
            <ns3:atemp>25.0</ns3:atemp>
            <ns3:hr>105</ns3:hr>
          </ns3:TrackPointExtension>
        </extensions>
      </trkpt>
      <trkpt lat="22.58935754187405109405517578125" lon="114.260163791477680206298828125">
        <ele>146.1999969482421875</ele>
        <time>2024-12-10T10:42:11.000Z</time>
        <extensions>
          <ns3:TrackPointExtension>
            <ns3:atemp>25.0</ns3:atemp>
            <ns3:hr>105</ns3:hr>
          </ns3:TrackPointExtension>
        </extensions>
      </trkpt>
      <trkpt lat="22.5893462263047695159912109375" lon="114.26011576317250728607177734375">
        <ele>146.1999969482421875</ele>
        <time>2024-12-10T10:42:12.000Z</time>
        <extensions>
          <ns3:TrackPointExtension>
            <ns3:atemp>25.0</ns3:atemp>
            <ns3:hr>105</ns3:hr>
          </ns3:TrackPointExtension>
        </extensions>
      </trkpt>
      <trkpt lat="22.58932669647037982940673828125" lon="114.26007770933210849761962890625">
        <ele>146.1999969482421875</ele>
        <time>2024-12-10T10:42:13.000Z</time>
        <extensions>
          <ns3:TrackPointExtension>
            <ns3:atemp>25.0</ns3:atemp>
            <ns3:hr>106</ns3:hr>
          </ns3:TrackPointExtension>
        </extensions>
      </trkpt>
      <trkpt lat="22.5892966054379940032958984375" lon="114.260049127042293548583984375">
        <ele>146.1999969482421875</ele>
        <time>2024-12-10T10:42:14.000Z</time>
        <extensions>
          <ns3:TrackPointExtension>
            <ns3:atemp>25.0</ns3:atemp>
            <ns3:hr>106</ns3:hr>
          </ns3:TrackPointExtension>
        </extensions>
      </trkpt>
      <trkpt lat="22.589262910187244415283203125" lon="114.2600338719785213470458984375">
        <ele>146.1999969482421875</ele>
        <time>2024-12-10T10:42:15.000Z</time>
        <extensions>
          <ns3:TrackPointExtension>
            <ns3:atemp>25.0</ns3:atemp>
            <ns3:hr>106</ns3:hr>
          </ns3:TrackPointExtension>
        </extensions>
      </trkpt>
      <trkpt lat="22.5892315618693828582763671875" lon="114.26002171821892261505126953125">
        <ele>146.600006103515625</ele>
        <time>2024-12-10T10:42:16.000Z</time>
        <extensions>
          <ns3:TrackPointExtension>
            <ns3:atemp>25.0</ns3:atemp>
            <ns3:hr>107</ns3:hr>
          </ns3:TrackPointExtension>
        </extensions>
      </trkpt>
      <trkpt lat="22.5891983695328235626220703125" lon="114.26000654697418212890625">
        <ele>146.600006103515625</ele>
        <time>2024-12-10T10:42:17.000Z</time>
        <extensions>
          <ns3:TrackPointExtension>
            <ns3:atemp>24.0</ns3:atemp>
            <ns3:hr>107</ns3:hr>
          </ns3:TrackPointExtension>
        </extensions>
      </trkpt>
      <trkpt lat="22.58916861377656459808349609375" lon="114.2599917948246002197265625">
        <ele>146.8000030517578125</ele>
        <time>2024-12-10T10:42:18.000Z</time>
        <extensions>
          <ns3:TrackPointExtension>
            <ns3:atemp>25.0</ns3:atemp>
            <ns3:hr>106</ns3:hr>
          </ns3:TrackPointExtension>
        </extensions>
      </trkpt>
      <trkpt lat="22.58913693018257617950439453125" lon="114.25996991805732250213623046875">
        <ele>146.8000030517578125</ele>
        <time>2024-12-10T10:42:19.000Z</time>
        <extensions>
          <ns3:TrackPointExtension>
            <ns3:atemp>25.0</ns3:atemp>
            <ns3:hr>106</ns3:hr>
          </ns3:TrackPointExtension>
        </extensions>
      </trkpt>
      <trkpt lat="22.58910440839827060699462890625" lon="114.25994527526199817657470703125">
        <ele>146.8000030517578125</ele>
        <time>2024-12-10T10:42:20.000Z</time>
        <extensions>
          <ns3:TrackPointExtension>
            <ns3:atemp>25.0</ns3:atemp>
            <ns3:hr>106</ns3:hr>
          </ns3:TrackPointExtension>
        </extensions>
      </trkpt>
      <trkpt lat="22.58906501345336437225341796875" lon="114.25991627387702465057373046875">
        <ele>147</ele>
        <time>2024-12-10T10:42:21.000Z</time>
        <extensions>
          <ns3:TrackPointExtension>
            <ns3:atemp>25.0</ns3:atemp>
            <ns3:hr>106</ns3:hr>
          </ns3:TrackPointExtension>
        </extensions>
      </trkpt>
      <trkpt lat="22.58901773951947689056396484375" lon="114.25988442264497280120849609375">
        <ele>147</ele>
        <time>2024-12-10T10:42:22.000Z</time>
        <extensions>
          <ns3:TrackPointExtension>
            <ns3:atemp>25.0</ns3:atemp>
            <ns3:hr>106</ns3:hr>
          </ns3:TrackPointExtension>
        </extensions>
      </trkpt>
      <trkpt lat="22.588980607688426971435546875" lon="114.25985910929739475250244140625">
        <ele>147</ele>
        <time>2024-12-10T10:42:23.000Z</time>
        <extensions>
          <ns3:TrackPointExtension>
            <ns3:atemp>25.0</ns3:atemp>
            <ns3:hr>107</ns3:hr>
          </ns3:TrackPointExtension>
        </extensions>
      </trkpt>
      <trkpt lat="22.58894263766705989837646484375" lon="114.25983765162527561187744140625">
        <ele>147.1999969482421875</ele>
        <time>2024-12-10T10:42:24.000Z</time>
        <extensions>
          <ns3:TrackPointExtension>
            <ns3:atemp>25.0</ns3:atemp>
            <ns3:hr>107</ns3:hr>
          </ns3:TrackPointExtension>
        </extensions>
      </trkpt>
      <trkpt lat="22.588907182216644287109375" lon="114.25981401465833187103271484375">
        <ele>147.1999969482421875</ele>
        <time>2024-12-10T10:42:25.000Z</time>
        <extensions>
          <ns3:TrackPointExtension>
            <ns3:atemp>25.0</ns3:atemp>
            <ns3:hr>107</ns3:hr>
          </ns3:TrackPointExtension>
        </extensions>
      </trkpt>
      <trkpt lat="22.58887658827006816864013671875" lon="114.25978836603462696075439453125">
        <ele>147.399993896484375</ele>
        <time>2024-12-10T10:42:26.000Z</time>
        <extensions>
          <ns3:TrackPointExtension>
            <ns3:atemp>25.0</ns3:atemp>
            <ns3:hr>107</ns3:hr>
          </ns3:TrackPointExtension>
        </extensions>
      </trkpt>
      <trkpt lat="22.58885211311280727386474609375" lon="114.25976037047803401947021484375">
        <ele>147.399993896484375</ele>
        <time>2024-12-10T10:42:27.000Z</time>
        <extensions>
          <ns3:TrackPointExtension>
            <ns3:atemp>25.0</ns3:atemp>
            <ns3:hr>107</ns3:hr>
          </ns3:TrackPointExtension>
        </extensions>
      </trkpt>
      <trkpt lat="22.5888335891067981719970703125" lon="114.25972650758922100067138671875">
        <ele>147.600006103515625</ele>
        <time>2024-12-10T10:42:28.000Z</time>
        <extensions>
          <ns3:TrackPointExtension>
            <ns3:atemp>24.0</ns3:atemp>
            <ns3:hr>107</ns3:hr>
          </ns3:TrackPointExtension>
        </extensions>
      </trkpt>
      <trkpt lat="22.58883987553417682647705078125" lon="114.25969750620424747467041015625">
        <ele>147.8000030517578125</ele>
        <time>2024-12-10T10:42:29.000Z</time>
        <extensions>
          <ns3:TrackPointExtension>
            <ns3:atemp>24.0</ns3:atemp>
            <ns3:hr>106</ns3:hr>
          </ns3:TrackPointExtension>
        </extensions>
      </trkpt>
      <trkpt lat="22.5888537056744098663330078125" lon="114.25967990420758724212646484375">
        <ele>147.8000030517578125</ele>
        <time>2024-12-10T10:42:30.000Z</time>
        <extensions>
          <ns3:TrackPointExtension>
            <ns3:atemp>25.0</ns3:atemp>
            <ns3:hr>106</ns3:hr>
          </ns3:TrackPointExtension>
        </extensions>
      </trkpt>
      <trkpt lat="22.58886703290045261383056640625" lon="114.25967034883797168731689453125">
        <ele>148</ele>
        <time>2024-12-10T10:42:31.000Z</time>
        <extensions>
          <ns3:TrackPointExtension>
            <ns3:atemp>25.0</ns3:atemp>
            <ns3:hr>105</ns3:hr>
          </ns3:TrackPointExtension>
        </extensions>
      </trkpt>
      <trkpt lat="22.58887700736522674560546875" lon="114.25966632552444934844970703125">
        <ele>148</ele>
        <time>2024-12-10T10:42:32.000Z</time>
        <extensions>
          <ns3:TrackPointExtension>
            <ns3:atemp>25.0</ns3:atemp>
            <ns3:hr>104</ns3:hr>
          </ns3:TrackPointExtension>
        </extensions>
      </trkpt>
      <trkpt lat="22.5888828746974468231201171875" lon="114.25966531969606876373291015625">
        <ele>148.1999969482421875</ele>
        <time>2024-12-10T10:42:33.000Z</time>
        <extensions>
          <ns3:TrackPointExtension>
            <ns3:atemp>25.0</ns3:atemp>
            <ns3:hr>104</ns3:hr>
          </ns3:TrackPointExtension>
        </extensions>
      </trkpt>
    </trkseg>
  </trk>
</gpx>
