<gpx xmlns:ns3="http://www.garmin.com/xmlschemas/TrackPointExtension/v1" xmlns="http://www.topografix.com/GPX/1/1" xmlns:xsi="http://www.w3.org/2001/XMLSchema-instance" xmlns:ns2="http://www.garmin.com/xmlschemas/GpxExtensions/v3" creator="Garmin Connect" version="1.1" xsi:schemaLocation="http://www.topografix.com/GPX/1/1 http://www.topografix.com/GPX/11.xsd">
  <extensions>
<distance>8918.57</distance>
<average_hr>134.0</average_hr>
<average_speed>5.638000011444092</average_speed>
<start_time>2025-02-20T00:23:13+00:00</start_time>
<end_time>2025-02-20T00:49:34.998000+00:00</end_time>
<moving_time>1518.655</moving_time>
<elapsed_time>1834.999</elapsed_time>
</extensions>
<metadata>
    <link href="connect.garmin.com">
      <text>Garmin Connect</text>
    </link>
    <time>2025-02-20T00:23:13.000Z</time>
  </metadata>
  <trk>
    <name>深圳市 骑行</name>
    <type>cycling</type>
    <trkseg>
      <trkpt lat="22.58897683583199977874755859375" lon="114.258288256824016571044921875">
        <ele>12</ele>
        <time>2025-02-20T00:23:13.000Z</time>
        <extensions>
          <ns3:TrackPointExtension>
            <ns3:atemp>25.0</ns3:atemp>
            <ns3:hr>67</ns3:hr>
          </ns3:TrackPointExtension>
        </extensions>
      </trkpt>
      <trkpt lat="22.58891983889043331146240234375" lon="114.25825162790715694427490234375">
        <ele>12</ele>
        <time>2025-02-20T00:23:14.000Z</time>
        <extensions>
          <ns3:TrackPointExtension>
            <ns3:atemp>25.0</ns3:atemp>
            <ns3:hr>65</ns3:hr>
          </ns3:TrackPointExtension>
        </extensions>
      </trkpt>
      <trkpt lat="22.58892201818525791168212890625" lon="114.25825581885874271392822265625">
        <ele>12</ele>
        <time>2025-02-20T00:23:15.000Z</time>
        <extensions>
          <ns3:TrackPointExtension>
            <ns3:atemp>25.0</ns3:atemp>
            <ns3:hr>65</ns3:hr>
          </ns3:TrackPointExtension>
        </extensions>
      </trkpt>
      <trkpt lat="22.5889073498547077178955078125" lon="114.25828951410949230194091796875">
        <ele>11.80000019073486328125</ele>
        <time>2025-02-20T00:23:16.000Z</time>
        <extensions>
          <ns3:TrackPointExtension>
            <ns3:atemp>25.0</ns3:atemp>
            <ns3:hr>66</ns3:hr>
          </ns3:TrackPointExtension>
        </extensions>
      </trkpt>
      <trkpt lat="22.5888879038393497467041015625" lon="114.25822899676859378814697265625">
        <ele>11.6000003814697265625</ele>
        <time>2025-02-20T00:23:17.000Z</time>
        <extensions>
          <ns3:TrackPointExtension>
            <ns3:atemp>25.0</ns3:atemp>
            <ns3:hr>66</ns3:hr>
          </ns3:TrackPointExtension>
        </extensions>
      </trkpt>
      <trkpt lat="22.588911540806293487548828125" lon="114.25822086632251739501953125">
        <ele>11.6000003814697265625</ele>
        <time>2025-02-20T00:23:18.000Z</time>
        <extensions>
          <ns3:TrackPointExtension>
            <ns3:atemp>25.0</ns3:atemp>
            <ns3:hr>66</ns3:hr>
          </ns3:TrackPointExtension>
        </extensions>
      </trkpt>
      <trkpt lat="22.58892671205103397369384765625" lon="114.2581948824226856231689453125">
        <ele>11.3999996185302734375</ele>
        <time>2025-02-20T00:23:19.000Z</time>
        <extensions>
          <ns3:TrackPointExtension>
            <ns3:atemp>25.0</ns3:atemp>
            <ns3:hr>66</ns3:hr>
          </ns3:TrackPointExtension>
        </extensions>
      </trkpt>
      <trkpt lat="22.5889361836016178131103515625" lon="114.25816428847610950469970703125">
        <ele>11.19999980926513671875</ele>
        <time>2025-02-20T00:23:20.000Z</time>
        <extensions>
          <ns3:TrackPointExtension>
            <ns3:atemp>25.0</ns3:atemp>
            <ns3:hr>66</ns3:hr>
          </ns3:TrackPointExtension>
        </extensions>
      </trkpt>
      <trkpt lat="22.58894297294318675994873046875" lon="114.258140064775943756103515625">
        <ele>11.19999980926513671875</ele>
        <time>2025-02-20T00:23:21.000Z</time>
        <extensions>
          <ns3:TrackPointExtension>
            <ns3:atemp>25.0</ns3:atemp>
            <ns3:hr>66</ns3:hr>
          </ns3:TrackPointExtension>
        </extensions>
      </trkpt>
      <trkpt lat="22.58894984610378742218017578125" lon="114.25812589935958385467529296875">
        <ele>11.19999980926513671875</ele>
        <time>2025-02-20T00:23:22.000Z</time>
        <extensions>
          <ns3:TrackPointExtension>
            <ns3:atemp>25.0</ns3:atemp>
            <ns3:hr>67</ns3:hr>
          </ns3:TrackPointExtension>
        </extensions>
      </trkpt>
      <trkpt lat="22.5889573059976100921630859375" lon="114.25811718218028545379638671875">
        <ele>11.19999980926513671875</ele>
        <time>2025-02-20T00:23:23.000Z</time>
        <extensions>
          <ns3:TrackPointExtension>
            <ns3:atemp>25.0</ns3:atemp>
            <ns3:hr>68</ns3:hr>
          </ns3:TrackPointExtension>
        </extensions>
      </trkpt>
      <trkpt lat="22.58896376006305217742919921875" lon="114.25810645334422588348388671875">
        <ele>11.19999980926513671875</ele>
        <time>2025-02-20T00:23:24.000Z</time>
        <extensions>
          <ns3:TrackPointExtension>
            <ns3:atemp>25.0</ns3:atemp>
            <ns3:hr>70</ns3:hr>
          </ns3:TrackPointExtension>
        </extensions>
      </trkpt>
      <trkpt lat="22.5889737345278263092041015625" lon="114.25808466039597988128662109375">
        <ele>11.19999980926513671875</ele>
        <time>2025-02-20T00:23:25.000Z</time>
        <extensions>
          <ns3:TrackPointExtension>
            <ns3:atemp>25.0</ns3:atemp>
            <ns3:hr>71</ns3:hr>
          </ns3:TrackPointExtension>
        </extensions>
      </trkpt>
      <trkpt lat="22.588983960449695587158203125" lon="114.258054234087467193603515625">
        <ele>11</ele>
        <time>2025-02-20T00:23:26.000Z</time>
        <extensions>
          <ns3:TrackPointExtension>
            <ns3:atemp>25.0</ns3:atemp>
            <ns3:hr>71</ns3:hr>
          </ns3:TrackPointExtension>
        </extensions>
      </trkpt>
      <trkpt lat="22.58900131098926067352294921875" lon="114.2580212093889713287353515625">
        <ele>11</ele>
        <time>2025-02-20T00:23:27.000Z</time>
        <extensions>
          <ns3:TrackPointExtension>
            <ns3:atemp>25.0</ns3:atemp>
            <ns3:hr>72</ns3:hr>
          </ns3:TrackPointExtension>
        </extensions>
      </trkpt>
      <trkpt lat="22.5890196673572063446044921875" lon="114.2579853348433971405029296875">
        <ele>11</ele>
        <time>2025-02-20T00:23:28.000Z</time>
        <extensions>
          <ns3:TrackPointExtension>
            <ns3:atemp>25.0</ns3:atemp>
            <ns3:hr>73</ns3:hr>
          </ns3:TrackPointExtension>
        </extensions>
      </trkpt>
      <trkpt lat="22.58903928101062774658203125" lon="114.257949292659759521484375">
        <ele>10.6000003814697265625</ele>
        <time>2025-02-20T00:23:29.000Z</time>
        <extensions>
          <ns3:TrackPointExtension>
            <ns3:atemp>25.0</ns3:atemp>
            <ns3:hr>73</ns3:hr>
          </ns3:TrackPointExtension>
        </extensions>
      </trkpt>
      <trkpt lat="22.58906115777790546417236328125" lon="114.25791517831385135650634765625">
        <ele>10.3999996185302734375</ele>
        <time>2025-02-20T00:23:30.000Z</time>
        <extensions>
          <ns3:TrackPointExtension>
            <ns3:atemp>25.0</ns3:atemp>
            <ns3:hr>74</ns3:hr>
          </ns3:TrackPointExtension>
        </extensions>
      </trkpt>
      <trkpt lat="22.58908261545002460479736328125" lon="114.25787947140634059906005859375">
        <ele>10.19999980926513671875</ele>
        <time>2025-02-20T00:23:31.000Z</time>
        <extensions>
          <ns3:TrackPointExtension>
            <ns3:atemp>25.0</ns3:atemp>
            <ns3:hr>75</ns3:hr>
          </ns3:TrackPointExtension>
        </extensions>
      </trkpt>
      <trkpt lat="22.589111365377902984619140625" lon="114.257852733135223388671875">
        <ele>10.19999980926513671875</ele>
        <time>2025-02-20T00:23:32.000Z</time>
        <extensions>
          <ns3:TrackPointExtension>
            <ns3:atemp>25.0</ns3:atemp>
            <ns3:hr>75</ns3:hr>
          </ns3:TrackPointExtension>
        </extensions>
      </trkpt>
      <trkpt lat="22.58915335871279239654541015625" lon="114.25783999264240264892578125">
        <ele>10.19999980926513671875</ele>
        <time>2025-02-20T00:23:33.000Z</time>
        <extensions>
          <ns3:TrackPointExtension>
            <ns3:atemp>25.0</ns3:atemp>
            <ns3:hr>75</ns3:hr>
          </ns3:TrackPointExtension>
        </extensions>
      </trkpt>
      <trkpt lat="22.5891886465251445770263671875" lon="114.2578542418777942657470703125">
        <ele>9.80000019073486328125</ele>
        <time>2025-02-20T00:23:34.000Z</time>
        <extensions>
          <ns3:TrackPointExtension>
            <ns3:atemp>25.0</ns3:atemp>
            <ns3:hr>76</ns3:hr>
          </ns3:TrackPointExtension>
        </extensions>
      </trkpt>
      <trkpt lat="22.589224688708782196044921875" lon="114.25787393935024738311767578125">
        <ele>9.80000019073486328125</ele>
        <time>2025-02-20T00:23:35.000Z</time>
        <extensions>
          <ns3:TrackPointExtension>
            <ns3:atemp>25.0</ns3:atemp>
            <ns3:hr>77</ns3:hr>
          </ns3:TrackPointExtension>
        </extensions>
      </trkpt>
      <trkpt lat="22.58926282636821269989013671875" lon="114.25789372064173221588134765625">
        <ele>9.6000003814697265625</ele>
        <time>2025-02-20T00:23:36.000Z</time>
        <extensions>
          <ns3:TrackPointExtension>
            <ns3:atemp>25.0</ns3:atemp>
            <ns3:hr>78</ns3:hr>
          </ns3:TrackPointExtension>
        </extensions>
      </trkpt>
      <trkpt lat="22.5893080048263072967529296875" lon="114.25792188383638858795166015625">
        <ele>9.6000003814697265625</ele>
        <time>2025-02-20T00:23:37.000Z</time>
        <extensions>
          <ns3:TrackPointExtension>
            <ns3:atemp>25.0</ns3:atemp>
            <ns3:hr>81</ns3:hr>
          </ns3:TrackPointExtension>
        </extensions>
      </trkpt>
      <trkpt lat="22.58935100398957729339599609375" lon="114.2579430900514125823974609375">
        <ele>9.3999996185302734375</ele>
        <time>2025-02-20T00:23:38.000Z</time>
        <extensions>
          <ns3:TrackPointExtension>
            <ns3:atemp>25.0</ns3:atemp>
            <ns3:hr>82</ns3:hr>
          </ns3:TrackPointExtension>
        </extensions>
      </trkpt>
      <trkpt lat="22.58939995430409908294677734375" lon="114.25796630792319774627685546875">
        <ele>9.3999996185302734375</ele>
        <time>2025-02-20T00:23:39.000Z</time>
        <extensions>
          <ns3:TrackPointExtension>
            <ns3:atemp>25.0</ns3:atemp>
            <ns3:hr>83</ns3:hr>
          </ns3:TrackPointExtension>
        </extensions>
      </trkpt>
      <trkpt lat="22.58944965898990631103515625" lon="114.257989861071109771728515625">
        <ele>9.3999996185302734375</ele>
        <time>2025-02-20T00:23:40.000Z</time>
        <extensions>
          <ns3:TrackPointExtension>
            <ns3:atemp>25.0</ns3:atemp>
            <ns3:hr>83</ns3:hr>
          </ns3:TrackPointExtension>
        </extensions>
      </trkpt>
      <trkpt lat="22.589499615132808685302734375" lon="114.25802062265574932098388671875">
        <ele>9.19999980926513671875</ele>
        <time>2025-02-20T00:23:41.000Z</time>
        <extensions>
          <ns3:TrackPointExtension>
            <ns3:atemp>25.0</ns3:atemp>
            <ns3:hr>83</ns3:hr>
          </ns3:TrackPointExtension>
        </extensions>
      </trkpt>
      <trkpt lat="22.5895437039434909820556640625" lon="114.25804694183170795440673828125">
        <ele>9</ele>
        <time>2025-02-20T00:23:42.000Z</time>
        <extensions>
          <ns3:TrackPointExtension>
            <ns3:atemp>25.0</ns3:atemp>
            <ns3:hr>84</ns3:hr>
          </ns3:TrackPointExtension>
        </extensions>
      </trkpt>
      <trkpt lat="22.589587457478046417236328125" lon="114.2580793797969818115234375">
        <ele>9</ele>
        <time>2025-02-20T00:23:43.000Z</time>
        <extensions>
          <ns3:TrackPointExtension>
            <ns3:atemp>25.0</ns3:atemp>
            <ns3:hr>85</ns3:hr>
          </ns3:TrackPointExtension>
        </extensions>
      </trkpt>
      <trkpt lat="22.5896345637738704681396484375" lon="114.25810913555324077606201171875">
        <ele>8.80000019073486328125</ele>
        <time>2025-02-20T00:23:44.000Z</time>
        <extensions>
          <ns3:TrackPointExtension>
            <ns3:atemp>25.0</ns3:atemp>
            <ns3:hr>85</ns3:hr>
          </ns3:TrackPointExtension>
        </extensions>
      </trkpt>
      <trkpt lat="22.58968108333647251129150390625" lon="114.25813847221434116363525390625">
        <ele>8.80000019073486328125</ele>
        <time>2025-02-20T00:23:45.000Z</time>
        <extensions>
          <ns3:TrackPointExtension>
            <ns3:atemp>25.0</ns3:atemp>
            <ns3:hr>85</ns3:hr>
          </ns3:TrackPointExtension>
        </extensions>
      </trkpt>
      <trkpt lat="22.58972936309874057769775390625" lon="114.2581670545041561126708984375">
        <ele>8.6000003814697265625</ele>
        <time>2025-02-20T00:23:46.000Z</time>
        <extensions>
          <ns3:TrackPointExtension>
            <ns3:atemp>25.0</ns3:atemp>
            <ns3:hr>85</ns3:hr>
          </ns3:TrackPointExtension>
        </extensions>
      </trkpt>
      <trkpt lat="22.58977764286100864410400390625" lon="114.25819261930882930755615234375">
        <ele>8.3999996185302734375</ele>
        <time>2025-02-20T00:23:47.000Z</time>
        <extensions>
          <ns3:TrackPointExtension>
            <ns3:atemp>25.0</ns3:atemp>
            <ns3:hr>86</ns3:hr>
          </ns3:TrackPointExtension>
        </extensions>
      </trkpt>
      <trkpt lat="22.58982558734714984893798828125" lon="114.25821818411350250244140625">
        <ele>8.3999996185302734375</ele>
        <time>2025-02-20T00:23:48.000Z</time>
        <extensions>
          <ns3:TrackPointExtension>
            <ns3:atemp>25.0</ns3:atemp>
            <ns3:hr>86</ns3:hr>
          </ns3:TrackPointExtension>
        </extensions>
      </trkpt>
      <trkpt lat="22.5898687541484832763671875" lon="114.25824274308979511260986328125">
        <ele>8.3999996185302734375</ele>
        <time>2025-02-20T00:23:49.000Z</time>
        <extensions>
          <ns3:TrackPointExtension>
            <ns3:atemp>25.0</ns3:atemp>
            <ns3:hr>87</ns3:hr>
          </ns3:TrackPointExtension>
        </extensions>
      </trkpt>
      <trkpt lat="22.589909993112087249755859375" lon="114.258273504674434661865234375">
        <ele>8.3999996185302734375</ele>
        <time>2025-02-20T00:23:50.000Z</time>
        <extensions>
          <ns3:TrackPointExtension>
            <ns3:atemp>25.0</ns3:atemp>
            <ns3:hr>88</ns3:hr>
          </ns3:TrackPointExtension>
        </extensions>
      </trkpt>
      <trkpt lat="22.58994008414447307586669921875" lon="114.25831767730414867401123046875">
        <ele>8.3999996185302734375</ele>
        <time>2025-02-20T00:23:51.000Z</time>
        <extensions>
          <ns3:TrackPointExtension>
            <ns3:atemp>25.0</ns3:atemp>
            <ns3:hr>89</ns3:hr>
          </ns3:TrackPointExtension>
        </extensions>
      </trkpt>
      <trkpt lat="22.5899607874453067779541015625" lon="114.258365370333194732666015625">
        <ele>8.3999996185302734375</ele>
        <time>2025-02-20T00:23:52.000Z</time>
        <extensions>
          <ns3:TrackPointExtension>
            <ns3:atemp>25.0</ns3:atemp>
            <ns3:hr>89</ns3:hr>
          </ns3:TrackPointExtension>
        </extensions>
      </trkpt>
      <trkpt lat="22.58996154181659221649169921875" lon="114.2584185115993022918701171875">
        <ele>8.3999996185302734375</ele>
        <time>2025-02-20T00:23:53.000Z</time>
        <extensions>
          <ns3:TrackPointExtension>
            <ns3:atemp>25.0</ns3:atemp>
            <ns3:hr>89</ns3:hr>
          </ns3:TrackPointExtension>
        </extensions>
      </trkpt>
      <trkpt lat="22.5899581052362918853759765625" lon="114.2584654502570629119873046875">
        <ele>8.3999996185302734375</ele>
        <time>2025-02-20T00:23:54.000Z</time>
        <extensions>
          <ns3:TrackPointExtension>
            <ns3:atemp>25.0</ns3:atemp>
            <ns3:hr>90</ns3:hr>
          </ns3:TrackPointExtension>
        </extensions>
      </trkpt>
      <trkpt lat="22.58995718322694301605224609375" lon="114.25851188600063323974609375">
        <ele>8.3999996185302734375</ele>
        <time>2025-02-20T00:23:55.000Z</time>
        <extensions>
          <ns3:TrackPointExtension>
            <ns3:atemp>25.0</ns3:atemp>
            <ns3:hr>90</ns3:hr>
          </ns3:TrackPointExtension>
        </extensions>
      </trkpt>
      <trkpt lat="22.5899507291615009307861328125" lon="114.258563183248043060302734375">
        <ele>8.3999996185302734375</ele>
        <time>2025-02-20T00:23:56.000Z</time>
        <extensions>
          <ns3:TrackPointExtension>
            <ns3:atemp>25.0</ns3:atemp>
            <ns3:hr>90</ns3:hr>
          </ns3:TrackPointExtension>
        </extensions>
      </trkpt>
      <trkpt lat="22.58994008414447307586669921875" lon="114.2586149834096431732177734375">
        <ele>8.3999996185302734375</ele>
        <time>2025-02-20T00:23:57.000Z</time>
        <extensions>
          <ns3:TrackPointExtension>
            <ns3:atemp>25.0</ns3:atemp>
            <ns3:hr>90</ns3:hr>
          </ns3:TrackPointExtension>
        </extensions>
      </trkpt>
      <trkpt lat="22.58992281742393970489501953125" lon="114.25866519100964069366455078125">
        <ele>8.19999980926513671875</ele>
        <time>2025-02-20T00:23:58.000Z</time>
        <extensions>
          <ns3:TrackPointExtension>
            <ns3:atemp>25.0</ns3:atemp>
            <ns3:hr>90</ns3:hr>
          </ns3:TrackPointExtension>
        </extensions>
      </trkpt>
      <trkpt lat="22.58990563452243804931640625" lon="114.25871665589511394500732421875">
        <ele>8.19999980926513671875</ele>
        <time>2025-02-20T00:23:59.000Z</time>
        <extensions>
          <ns3:TrackPointExtension>
            <ns3:atemp>25.0</ns3:atemp>
            <ns3:hr>91</ns3:hr>
          </ns3:TrackPointExtension>
        </extensions>
      </trkpt>
      <trkpt lat="22.58988727815449237823486328125" lon="114.25877013243734836578369140625">
        <ele>8.19999980926513671875</ele>
        <time>2025-02-20T00:24:00.000Z</time>
        <extensions>
          <ns3:TrackPointExtension>
            <ns3:atemp>25.0</ns3:atemp>
            <ns3:hr>92</ns3:hr>
          </ns3:TrackPointExtension>
        </extensions>
      </trkpt>
      <trkpt lat="22.58986808359622955322265625" lon="114.258823692798614501953125">
        <ele>8.19999980926513671875</ele>
        <time>2025-02-20T00:24:01.000Z</time>
        <extensions>
          <ns3:TrackPointExtension>
            <ns3:atemp>25.0</ns3:atemp>
            <ns3:hr>92</ns3:hr>
          </ns3:TrackPointExtension>
        </extensions>
      </trkpt>
      <trkpt lat="22.58984528481960296630859375" lon="114.25887691788375377655029296875">
        <ele>8.19999980926513671875</ele>
        <time>2025-02-20T00:24:02.000Z</time>
        <extensions>
          <ns3:TrackPointExtension>
            <ns3:atemp>25.0</ns3:atemp>
            <ns3:hr>92</ns3:hr>
          </ns3:TrackPointExtension>
        </extensions>
      </trkpt>
      <trkpt lat="22.5898199714720249176025390625" lon="114.258930645883083343505859375">
        <ele>8.19999980926513671875</ele>
        <time>2025-02-20T00:24:03.000Z</time>
        <extensions>
          <ns3:TrackPointExtension>
            <ns3:atemp>24.0</ns3:atemp>
            <ns3:hr>92</ns3:hr>
          </ns3:TrackPointExtension>
        </extensions>
      </trkpt>
      <trkpt lat="22.5897963345050811767578125" lon="114.25898537971079349517822265625">
        <ele>8.19999980926513671875</ele>
        <time>2025-02-20T00:24:04.000Z</time>
        <extensions>
          <ns3:TrackPointExtension>
            <ns3:atemp>24.0</ns3:atemp>
            <ns3:hr>93</ns3:hr>
          </ns3:TrackPointExtension>
        </extensions>
      </trkpt>
      <trkpt lat="22.5897743739187717437744140625" lon="114.259040616452693939208984375">
        <ele>8</ele>
        <time>2025-02-20T00:24:05.000Z</time>
        <extensions>
          <ns3:TrackPointExtension>
            <ns3:atemp>24.0</ns3:atemp>
            <ns3:hr>94</ns3:hr>
          </ns3:TrackPointExtension>
        </extensions>
      </trkpt>
      <trkpt lat="22.58975199423730373382568359375" lon="114.2590964399278163909912109375">
        <ele>8</ele>
        <time>2025-02-20T00:24:06.000Z</time>
        <extensions>
          <ns3:TrackPointExtension>
            <ns3:atemp>24.0</ns3:atemp>
            <ns3:hr>94</ns3:hr>
          </ns3:TrackPointExtension>
        </extensions>
      </trkpt>
      <trkpt lat="22.58972860872745513916015625" lon="114.25915301777422428131103515625">
        <ele>8</ele>
        <time>2025-02-20T00:24:07.000Z</time>
        <extensions>
          <ns3:TrackPointExtension>
            <ns3:atemp>24.0</ns3:atemp>
            <ns3:hr>94</ns3:hr>
          </ns3:TrackPointExtension>
        </extensions>
      </trkpt>
      <trkpt lat="22.58970371447503566741943359375" lon="114.2592037282884120941162109375">
        <ele>8</ele>
        <time>2025-02-20T00:24:08.000Z</time>
        <extensions>
          <ns3:TrackPointExtension>
            <ns3:atemp>24.0</ns3:atemp>
            <ns3:hr>94</ns3:hr>
          </ns3:TrackPointExtension>
        </extensions>
      </trkpt>
      <trkpt lat="22.58968326263129711151123046875" lon="114.25925645045936107635498046875">
        <ele>8</ele>
        <time>2025-02-20T00:24:09.000Z</time>
        <extensions>
          <ns3:TrackPointExtension>
            <ns3:atemp>24.0</ns3:atemp>
            <ns3:hr>95</ns3:hr>
          </ns3:TrackPointExtension>
        </extensions>
      </trkpt>
      <trkpt lat="22.58966146968305110931396484375" lon="114.259310849010944366455078125">
        <ele>8</ele>
        <time>2025-02-20T00:24:10.000Z</time>
        <extensions>
          <ns3:TrackPointExtension>
            <ns3:atemp>24.0</ns3:atemp>
            <ns3:hr>96</ns3:hr>
          </ns3:TrackPointExtension>
        </extensions>
      </trkpt>
      <trkpt lat="22.58963649161159992218017578125" lon="114.25936390645802021026611328125">
        <ele>8</ele>
        <time>2025-02-20T00:24:11.000Z</time>
        <extensions>
          <ns3:TrackPointExtension>
            <ns3:atemp>24.0</ns3:atemp>
            <ns3:hr>97</ns3:hr>
          </ns3:TrackPointExtension>
        </extensions>
      </trkpt>
      <trkpt lat="22.5896121002733707427978515625" lon="114.25941620953381061553955078125">
        <ele>8</ele>
        <time>2025-02-20T00:24:12.000Z</time>
        <extensions>
          <ns3:TrackPointExtension>
            <ns3:atemp>24.0</ns3:atemp>
            <ns3:hr>94</ns3:hr>
          </ns3:TrackPointExtension>
        </extensions>
      </trkpt>
      <trkpt lat="22.58959290571510791778564453125" lon="114.25947018899023532867431640625">
        <ele>8</ele>
        <time>2025-02-20T00:24:13.000Z</time>
        <extensions>
          <ns3:TrackPointExtension>
            <ns3:atemp>24.0</ns3:atemp>
            <ns3:hr>93</ns3:hr>
          </ns3:TrackPointExtension>
        </extensions>
      </trkpt>
      <trkpt lat="22.5895675085484981536865234375" lon="114.25952500663697719573974609375">
        <ele>8</ele>
        <time>2025-02-20T00:24:14.000Z</time>
        <extensions>
          <ns3:TrackPointExtension>
            <ns3:atemp>24.0</ns3:atemp>
            <ns3:hr>94</ns3:hr>
          </ns3:TrackPointExtension>
        </extensions>
      </trkpt>
      <trkpt lat="22.5895433686673641204833984375" lon="114.2595809139311313629150390625">
        <ele>8</ele>
        <time>2025-02-20T00:24:15.000Z</time>
        <extensions>
          <ns3:TrackPointExtension>
            <ns3:atemp>24.0</ns3:atemp>
            <ns3:hr>95</ns3:hr>
          </ns3:TrackPointExtension>
        </extensions>
      </trkpt>
      <trkpt lat="22.58951696567237377166748046875" lon="114.25963573157787322998046875">
        <ele>8</ele>
        <time>2025-02-20T00:24:16.000Z</time>
        <extensions>
          <ns3:TrackPointExtension>
            <ns3:atemp>24.0</ns3:atemp>
            <ns3:hr>95</ns3:hr>
          </ns3:TrackPointExtension>
        </extensions>
      </trkpt>
      <trkpt lat="22.58949483744800090789794921875" lon="114.2596888728439807891845703125">
        <ele>8</ele>
        <time>2025-02-20T00:24:17.000Z</time>
        <extensions>
          <ns3:TrackPointExtension>
            <ns3:atemp>24.0</ns3:atemp>
            <ns3:hr>94</ns3:hr>
          </ns3:TrackPointExtension>
        </extensions>
      </trkpt>
      <trkpt lat="22.5894712843000888824462890625" lon="114.25974058918654918670654296875">
        <ele>8</ele>
        <time>2025-02-20T00:24:18.000Z</time>
        <extensions>
          <ns3:TrackPointExtension>
            <ns3:atemp>24.0</ns3:atemp>
            <ns3:hr>95</ns3:hr>
          </ns3:TrackPointExtension>
        </extensions>
      </trkpt>
      <trkpt lat="22.58944454602897167205810546875" lon="114.25978601910173892974853515625">
        <ele>8</ele>
        <time>2025-02-20T00:24:19.000Z</time>
        <extensions>
          <ns3:TrackPointExtension>
            <ns3:atemp>24.0</ns3:atemp>
            <ns3:hr>95</ns3:hr>
          </ns3:TrackPointExtension>
        </extensions>
      </trkpt>
      <trkpt lat="22.589421831071376800537109375" lon="114.25983631052076816558837890625">
        <ele>8</ele>
        <time>2025-02-20T00:24:20.000Z</time>
        <extensions>
          <ns3:TrackPointExtension>
            <ns3:atemp>24.0</ns3:atemp>
            <ns3:hr>95</ns3:hr>
          </ns3:TrackPointExtension>
        </extensions>
      </trkpt>
      <trkpt lat="22.589399032294750213623046875" lon="114.25988651812076568603515625">
        <ele>8</ele>
        <time>2025-02-20T00:24:21.000Z</time>
        <extensions>
          <ns3:TrackPointExtension>
            <ns3:atemp>24.0</ns3:atemp>
            <ns3:hr>95</ns3:hr>
          </ns3:TrackPointExtension>
        </extensions>
      </trkpt>
      <trkpt lat="22.5893779098987579345703125" lon="114.259937144815921783447265625">
        <ele>8</ele>
        <time>2025-02-20T00:24:22.000Z</time>
        <extensions>
          <ns3:TrackPointExtension>
            <ns3:atemp>24.0</ns3:atemp>
            <ns3:hr>96</ns3:hr>
          </ns3:TrackPointExtension>
        </extensions>
      </trkpt>
      <trkpt lat="22.58935175836086273193359375" lon="114.2599805630743503570556640625">
        <ele>8.19999980926513671875</ele>
        <time>2025-02-20T00:24:23.000Z</time>
        <extensions>
          <ns3:TrackPointExtension>
            <ns3:atemp>24.0</ns3:atemp>
            <ns3:hr>95</ns3:hr>
          </ns3:TrackPointExtension>
        </extensions>
      </trkpt>
      <trkpt lat="22.58932904340326786041259765625" lon="114.26001719199120998382568359375">
        <ele>8.3999996185302734375</ele>
        <time>2025-02-20T00:24:24.000Z</time>
        <extensions>
          <ns3:TrackPointExtension>
            <ns3:atemp>24.0</ns3:atemp>
            <ns3:hr>95</ns3:hr>
          </ns3:TrackPointExtension>
        </extensions>
      </trkpt>
      <trkpt lat="22.589313872158527374267578125" lon="114.26005491055548191070556640625">
        <ele>8.3999996185302734375</ele>
        <time>2025-02-20T00:24:25.000Z</time>
        <extensions>
          <ns3:TrackPointExtension>
            <ns3:atemp>24.0</ns3:atemp>
            <ns3:hr>95</ns3:hr>
          </ns3:TrackPointExtension>
        </extensions>
      </trkpt>
      <trkpt lat="22.5893028080463409423828125" lon="114.260088689625263214111328125">
        <ele>8.3999996185302734375</ele>
        <time>2025-02-20T00:24:26.000Z</time>
        <extensions>
          <ns3:TrackPointExtension>
            <ns3:atemp>24.0</ns3:atemp>
            <ns3:hr>94</ns3:hr>
          </ns3:TrackPointExtension>
        </extensions>
      </trkpt>
      <trkpt lat="22.58929501287639141082763671875" lon="114.26011643372476100921630859375">
        <ele>8.3999996185302734375</ele>
        <time>2025-02-20T00:24:27.000Z</time>
        <extensions>
          <ns3:TrackPointExtension>
            <ns3:atemp>24.0</ns3:atemp>
            <ns3:hr>94</ns3:hr>
          </ns3:TrackPointExtension>
        </extensions>
      </trkpt>
      <trkpt lat="22.5892942585051059722900390625" lon="114.26012883894145488739013671875">
        <ele>8.3999996185302734375</ele>
        <time>2025-02-20T00:24:28.000Z</time>
        <extensions>
          <ns3:TrackPointExtension>
            <ns3:atemp>24.0</ns3:atemp>
            <ns3:hr>93</ns3:hr>
          </ns3:TrackPointExtension>
        </extensions>
      </trkpt>
      <trkpt lat="22.58929266594350337982177734375" lon="114.26012850366532802581787109375">
        <ele>8.6000003814697265625</ele>
        <time>2025-02-20T00:24:29.000Z</time>
        <extensions>
          <ns3:TrackPointExtension>
            <ns3:atemp>24.0</ns3:atemp>
            <ns3:hr>94</ns3:hr>
          </ns3:TrackPointExtension>
        </extensions>
      </trkpt>
      <trkpt lat="22.58929266594350337982177734375" lon="114.26012850366532802581787109375">
        <ele>8.6000003814697265625</ele>
        <time>2025-02-20T00:24:30.000Z</time>
        <extensions>
          <ns3:TrackPointExtension>
            <ns3:atemp>24.0</ns3:atemp>
            <ns3:hr>94</ns3:hr>
          </ns3:TrackPointExtension>
        </extensions>
      </trkpt>
      <trkpt lat="22.58929266594350337982177734375" lon="114.26012850366532802581787109375">
        <ele>8.6000003814697265625</ele>
        <time>2025-02-20T00:24:31.000Z</time>
        <extensions>
          <ns3:TrackPointExtension>
            <ns3:atemp>24.0</ns3:atemp>
            <ns3:hr>94</ns3:hr>
          </ns3:TrackPointExtension>
        </extensions>
      </trkpt>
      <trkpt lat="22.5892526842653751373291015625" lon="114.26018918864428997039794921875">
        <ele>8.19999980926513671875</ele>
        <time>2025-02-20T00:25:15.000Z</time>
        <extensions>
          <ns3:TrackPointExtension>
            <ns3:atemp>24.0</ns3:atemp>
            <ns3:hr>76</ns3:hr>
          </ns3:TrackPointExtension>
        </extensions>
      </trkpt>
      <trkpt lat="22.589227370917797088623046875" lon="114.26021684892475605010986328125">
        <ele>8</ele>
        <time>2025-02-20T00:25:16.000Z</time>
        <extensions>
          <ns3:TrackPointExtension>
            <ns3:atemp>24.0</ns3:atemp>
            <ns3:hr>76</ns3:hr>
          </ns3:TrackPointExtension>
        </extensions>
      </trkpt>
      <trkpt lat="22.58920230902731418609619140625" lon="114.26025129854679107666015625">
        <ele>8</ele>
        <time>2025-02-20T00:25:17.000Z</time>
        <extensions>
          <ns3:TrackPointExtension>
            <ns3:atemp>24.0</ns3:atemp>
            <ns3:hr>76</ns3:hr>
          </ns3:TrackPointExtension>
        </extensions>
      </trkpt>
      <trkpt lat="22.58918412029743194580078125" lon="114.26029019057750701904296875">
        <ele>8</ele>
        <time>2025-02-20T00:25:18.000Z</time>
        <extensions>
          <ns3:TrackPointExtension>
            <ns3:atemp>24.0</ns3:atemp>
            <ns3:hr>76</ns3:hr>
          </ns3:TrackPointExtension>
        </extensions>
      </trkpt>
      <trkpt lat="22.58917096070945262908935546875" lon="114.2603342793881893157958984375">
        <ele>8</ele>
        <time>2025-02-20T00:25:19.000Z</time>
        <extensions>
          <ns3:TrackPointExtension>
            <ns3:atemp>24.0</ns3:atemp>
            <ns3:hr>77</ns3:hr>
          </ns3:TrackPointExtension>
        </extensions>
      </trkpt>
      <trkpt lat="22.5891601480543613433837890625" lon="114.2603822238743305206298828125">
        <ele>7.80000019073486328125</ele>
        <time>2025-02-20T00:25:20.000Z</time>
        <extensions>
          <ns3:TrackPointExtension>
            <ns3:atemp>24.0</ns3:atemp>
            <ns3:hr>78</ns3:hr>
          </ns3:TrackPointExtension>
        </extensions>
      </trkpt>
      <trkpt lat="22.58915084414184093475341796875" lon="114.2604341916739940643310546875">
        <ele>7.80000019073486328125</ele>
        <time>2025-02-20T00:25:21.000Z</time>
        <extensions>
          <ns3:TrackPointExtension>
            <ns3:atemp>24.0</ns3:atemp>
            <ns3:hr>78</ns3:hr>
          </ns3:TrackPointExtension>
        </extensions>
      </trkpt>
      <trkpt lat="22.589137852191925048828125" lon="114.2604871653020381927490234375">
        <ele>7.80000019073486328125</ele>
        <time>2025-02-20T00:25:22.000Z</time>
        <extensions>
          <ns3:TrackPointExtension>
            <ns3:atemp>24.0</ns3:atemp>
            <ns3:hr>79</ns3:hr>
          </ns3:TrackPointExtension>
        </extensions>
      </trkpt>
      <trkpt lat="22.58912217803299427032470703125" lon="114.26054005511105060577392578125">
        <ele>7.80000019073486328125</ele>
        <time>2025-02-20T00:25:23.000Z</time>
        <extensions>
          <ns3:TrackPointExtension>
            <ns3:atemp>24.0</ns3:atemp>
            <ns3:hr>80</ns3:hr>
          </ns3:TrackPointExtension>
        </extensions>
      </trkpt>
      <trkpt lat="22.589105665683746337890625" lon="114.26059269346296787261962890625">
        <ele>7.80000019073486328125</ele>
        <time>2025-02-20T00:25:24.000Z</time>
        <extensions>
          <ns3:TrackPointExtension>
            <ns3:atemp>24.0</ns3:atemp>
            <ns3:hr>80</ns3:hr>
          </ns3:TrackPointExtension>
        </extensions>
      </trkpt>
      <trkpt lat="22.5890860520303249359130859375" lon="114.2606457509100437164306640625">
        <ele>7.599999904632568359375</ele>
        <time>2025-02-20T00:25:25.000Z</time>
        <extensions>
          <ns3:TrackPointExtension>
            <ns3:atemp>24.0</ns3:atemp>
            <ns3:hr>80</ns3:hr>
          </ns3:TrackPointExtension>
        </extensions>
      </trkpt>
      <trkpt lat="22.5890642590820789337158203125" lon="114.26070165820419788360595703125">
        <ele>7.599999904632568359375</ele>
        <time>2025-02-20T00:25:26.000Z</time>
        <extensions>
          <ns3:TrackPointExtension>
            <ns3:atemp>24.0</ns3:atemp>
            <ns3:hr>80</ns3:hr>
          </ns3:TrackPointExtension>
        </extensions>
      </trkpt>
      <trkpt lat="22.58904120884835720062255859375" lon="114.26075764931738376617431640625">
        <ele>7.599999904632568359375</ele>
        <time>2025-02-20T00:25:27.000Z</time>
        <extensions>
          <ns3:TrackPointExtension>
            <ns3:atemp>24.0</ns3:atemp>
            <ns3:hr>80</ns3:hr>
          </ns3:TrackPointExtension>
        </extensions>
      </trkpt>
      <trkpt lat="22.58901824243366718292236328125" lon="114.260814227163791656494140625">
        <ele>7.599999904632568359375</ele>
        <time>2025-02-20T00:25:28.000Z</time>
        <extensions>
          <ns3:TrackPointExtension>
            <ns3:atemp>24.0</ns3:atemp>
            <ns3:hr>80</ns3:hr>
          </ns3:TrackPointExtension>
        </extensions>
      </trkpt>
      <trkpt lat="22.58899242617189884185791015625" lon="114.2608713917434215545654296875">
        <ele>7.599999904632568359375</ele>
        <time>2025-02-20T00:25:29.000Z</time>
        <extensions>
          <ns3:TrackPointExtension>
            <ns3:atemp>24.0</ns3:atemp>
            <ns3:hr>79</ns3:hr>
          </ns3:TrackPointExtension>
        </extensions>
      </trkpt>
      <trkpt lat="22.58896711282432079315185546875" lon="114.2609280534088611602783203125">
        <ele>7.599999904632568359375</ele>
        <time>2025-02-20T00:25:30.000Z</time>
        <extensions>
          <ns3:TrackPointExtension>
            <ns3:atemp>24.0</ns3:atemp>
            <ns3:hr>78</ns3:hr>
          </ns3:TrackPointExtension>
        </extensions>
      </trkpt>
      <trkpt lat="22.58894263766705989837646484375" lon="114.260984547436237335205078125">
        <ele>7.599999904632568359375</ele>
        <time>2025-02-20T00:25:31.000Z</time>
        <extensions>
          <ns3:TrackPointExtension>
            <ns3:atemp>24.0</ns3:atemp>
            <ns3:hr>77</ns3:hr>
          </ns3:TrackPointExtension>
        </extensions>
      </trkpt>
      <trkpt lat="22.58892000652849674224853515625" lon="114.261042885482311248779296875">
        <ele>7.599999904632568359375</ele>
        <time>2025-02-20T00:25:32.000Z</time>
        <extensions>
          <ns3:TrackPointExtension>
            <ns3:atemp>24.0</ns3:atemp>
            <ns3:hr>76</ns3:hr>
          </ns3:TrackPointExtension>
        </extensions>
      </trkpt>
      <trkpt lat="22.58889821358025074005126953125" lon="114.26109979860484600067138671875">
        <ele>7.599999904632568359375</ele>
        <time>2025-02-20T00:25:33.000Z</time>
        <extensions>
          <ns3:TrackPointExtension>
            <ns3:atemp>24.0</ns3:atemp>
            <ns3:hr>76</ns3:hr>
          </ns3:TrackPointExtension>
        </extensions>
      </trkpt>
      <trkpt lat="22.58888111449778079986572265625" lon="114.2611557058990001678466796875">
        <ele>8</ele>
        <time>2025-02-20T00:25:34.000Z</time>
        <extensions>
          <ns3:TrackPointExtension>
            <ns3:atemp>24.0</ns3:atemp>
            <ns3:hr>76</ns3:hr>
          </ns3:TrackPointExtension>
        </extensions>
      </trkpt>
      <trkpt lat="22.5888604111969470977783203125" lon="114.261208511888980865478515625">
        <ele>8.80000019073486328125</ele>
        <time>2025-02-20T00:25:35.000Z</time>
        <extensions>
          <ns3:TrackPointExtension>
            <ns3:atemp>24.0</ns3:atemp>
            <ns3:hr>77</ns3:hr>
          </ns3:TrackPointExtension>
        </extensions>
      </trkpt>
      <trkpt lat="22.5888369418680667877197265625" lon="114.261264167726039886474609375">
        <ele>8.80000019073486328125</ele>
        <time>2025-02-20T00:25:36.000Z</time>
        <extensions>
          <ns3:TrackPointExtension>
            <ns3:atemp>24.0</ns3:atemp>
            <ns3:hr>76</ns3:hr>
          </ns3:TrackPointExtension>
        </extensions>
      </trkpt>
      <trkpt lat="22.58881204761564731597900390625" lon="114.26131957210600376129150390625">
        <ele>8.80000019073486328125</ele>
        <time>2025-02-20T00:25:37.000Z</time>
        <extensions>
          <ns3:TrackPointExtension>
            <ns3:atemp>24.0</ns3:atemp>
            <ns3:hr>76</ns3:hr>
          </ns3:TrackPointExtension>
        </extensions>
      </trkpt>
      <trkpt lat="22.5887839682400226593017578125" lon="114.2613763175904750823974609375">
        <ele>8.3999996185302734375</ele>
        <time>2025-02-20T00:25:38.000Z</time>
        <extensions>
          <ns3:TrackPointExtension>
            <ns3:atemp>24.0</ns3:atemp>
            <ns3:hr>76</ns3:hr>
          </ns3:TrackPointExtension>
        </extensions>
      </trkpt>
      <trkpt lat="22.5887571461498737335205078125" lon="114.2614326439797878265380859375">
        <ele>7.80000019073486328125</ele>
        <time>2025-02-20T00:25:39.000Z</time>
        <extensions>
          <ns3:TrackPointExtension>
            <ns3:atemp>24.0</ns3:atemp>
            <ns3:hr>76</ns3:hr>
          </ns3:TrackPointExtension>
        </extensions>
      </trkpt>
      <trkpt lat="22.588731832802295684814453125" lon="114.2614899761974811553955078125">
        <ele>7.599999904632568359375</ele>
        <time>2025-02-20T00:25:40.000Z</time>
        <extensions>
          <ns3:TrackPointExtension>
            <ns3:atemp>24.0</ns3:atemp>
            <ns3:hr>76</ns3:hr>
          </ns3:TrackPointExtension>
        </extensions>
      </trkpt>
      <trkpt lat="22.58870408870279788970947265625" lon="114.2615479789674282073974609375">
        <ele>7.400000095367431640625</ele>
        <time>2025-02-20T00:25:41.000Z</time>
        <extensions>
          <ns3:TrackPointExtension>
            <ns3:atemp>24.0</ns3:atemp>
            <ns3:hr>76</ns3:hr>
          </ns3:TrackPointExtension>
        </extensions>
      </trkpt>
      <trkpt lat="22.5886760093271732330322265625" lon="114.26160556264221668243408203125">
        <ele>7.400000095367431640625</ele>
        <time>2025-02-20T00:25:42.000Z</time>
        <extensions>
          <ns3:TrackPointExtension>
            <ns3:atemp>24.0</ns3:atemp>
            <ns3:hr>76</ns3:hr>
          </ns3:TrackPointExtension>
        </extensions>
      </trkpt>
      <trkpt lat="22.588649690151214599609375" lon="114.26166138611733913421630859375">
        <ele>7.400000095367431640625</ele>
        <time>2025-02-20T00:25:43.000Z</time>
        <extensions>
          <ns3:TrackPointExtension>
            <ns3:atemp>24.0</ns3:atemp>
            <ns3:hr>76</ns3:hr>
          </ns3:TrackPointExtension>
        </extensions>
      </trkpt>
      <trkpt lat="22.58862219750881195068359375" lon="114.2617189697921276092529296875">
        <ele>7.400000095367431640625</ele>
        <time>2025-02-20T00:25:44.000Z</time>
        <extensions>
          <ns3:TrackPointExtension>
            <ns3:atemp>24.0</ns3:atemp>
            <ns3:hr>75</ns3:hr>
          </ns3:TrackPointExtension>
        </extensions>
      </trkpt>
      <trkpt lat="22.58859713561832904815673828125" lon="114.26177822984755039215087890625">
        <ele>7.400000095367431640625</ele>
        <time>2025-02-20T00:25:45.000Z</time>
        <extensions>
          <ns3:TrackPointExtension>
            <ns3:atemp>24.0</ns3:atemp>
            <ns3:hr>75</ns3:hr>
          </ns3:TrackPointExtension>
        </extensions>
      </trkpt>
      <trkpt lat="22.588572911918163299560546875" lon="114.26183757372200489044189453125">
        <ele>7.599999904632568359375</ele>
        <time>2025-02-20T00:25:46.000Z</time>
        <extensions>
          <ns3:TrackPointExtension>
            <ns3:atemp>24.0</ns3:atemp>
            <ns3:hr>75</ns3:hr>
          </ns3:TrackPointExtension>
        </extensions>
      </trkpt>
      <trkpt lat="22.5885502807796001434326171875" lon="114.261897169053554534912109375">
        <ele>7.80000019073486328125</ele>
        <time>2025-02-20T00:25:47.000Z</time>
        <extensions>
          <ns3:TrackPointExtension>
            <ns3:atemp>24.0</ns3:atemp>
            <ns3:hr>75</ns3:hr>
          </ns3:TrackPointExtension>
        </extensions>
      </trkpt>
      <trkpt lat="22.588528655469417572021484375" lon="114.26195039413869380950927734375">
        <ele>7.80000019073486328125</ele>
        <time>2025-02-20T00:25:48.000Z</time>
        <extensions>
          <ns3:TrackPointExtension>
            <ns3:atemp>24.0</ns3:atemp>
            <ns3:hr>75</ns3:hr>
          </ns3:TrackPointExtension>
        </extensions>
      </trkpt>
      <trkpt lat="22.58850426413118839263916015625" lon="114.261991046369075775146484375">
        <ele>7.80000019073486328125</ele>
        <time>2025-02-20T00:25:49.000Z</time>
        <extensions>
          <ns3:TrackPointExtension>
            <ns3:atemp>24.0</ns3:atemp>
            <ns3:hr>76</ns3:hr>
          </ns3:TrackPointExtension>
        </extensions>
      </trkpt>
      <trkpt lat="22.588479705154895782470703125" lon="114.2620180360972881317138671875">
        <ele>8</ele>
        <time>2025-02-20T00:25:50.000Z</time>
        <extensions>
          <ns3:TrackPointExtension>
            <ns3:atemp>24.0</ns3:atemp>
            <ns3:hr>76</ns3:hr>
          </ns3:TrackPointExtension>
        </extensions>
      </trkpt>
      <trkpt lat="22.58845615200698375701904296875" lon="114.26204762421548366546630859375">
        <ele>8</ele>
        <time>2025-02-20T00:25:51.000Z</time>
        <extensions>
          <ns3:TrackPointExtension>
            <ns3:atemp>24.0</ns3:atemp>
            <ns3:hr>76</ns3:hr>
          </ns3:TrackPointExtension>
        </extensions>
      </trkpt>
      <trkpt lat="22.58843570016324520111083984375" lon="114.26208282820880413055419921875">
        <ele>8.19999980926513671875</ele>
        <time>2025-02-20T00:25:52.000Z</time>
        <extensions>
          <ns3:TrackPointExtension>
            <ns3:atemp>23.0</ns3:atemp>
            <ns3:hr>76</ns3:hr>
          </ns3:TrackPointExtension>
        </extensions>
      </trkpt>
      <trkpt lat="22.58842010982334613800048828125" lon="114.262121804058551788330078125">
        <ele>8.19999980926513671875</ele>
        <time>2025-02-20T00:25:53.000Z</time>
        <extensions>
          <ns3:TrackPointExtension>
            <ns3:atemp>24.0</ns3:atemp>
            <ns3:hr>76</ns3:hr>
          </ns3:TrackPointExtension>
        </extensions>
      </trkpt>
      <trkpt lat="22.58840502239763736724853515625" lon="114.26216329447925090789794921875">
        <ele>8.19999980926513671875</ele>
        <time>2025-02-20T00:25:54.000Z</time>
        <extensions>
          <ns3:TrackPointExtension>
            <ns3:atemp>23.0</ns3:atemp>
            <ns3:hr>76</ns3:hr>
          </ns3:TrackPointExtension>
        </extensions>
      </trkpt>
      <trkpt lat="22.58838540874421596527099609375" lon="114.26220805384218692779541015625">
        <ele>8.19999980926513671875</ele>
        <time>2025-02-20T00:25:55.000Z</time>
        <extensions>
          <ns3:TrackPointExtension>
            <ns3:atemp>23.0</ns3:atemp>
            <ns3:hr>76</ns3:hr>
          </ns3:TrackPointExtension>
        </extensions>
      </trkpt>
      <trkpt lat="22.5883801281452178955078125" lon="114.2622503824532032012939453125">
        <ele>8.19999980926513671875</ele>
        <time>2025-02-20T00:25:56.000Z</time>
        <extensions>
          <ns3:TrackPointExtension>
            <ns3:atemp>23.0</ns3:atemp>
            <ns3:hr>76</ns3:hr>
          </ns3:TrackPointExtension>
        </extensions>
      </trkpt>
      <trkpt lat="22.58838306181132793426513671875" lon="114.2622959800064563751220703125">
        <ele>8.19999980926513671875</ele>
        <time>2025-02-20T00:25:57.000Z</time>
        <extensions>
          <ns3:TrackPointExtension>
            <ns3:atemp>24.0</ns3:atemp>
            <ns3:hr>77</ns3:hr>
          </ns3:TrackPointExtension>
        </extensions>
      </trkpt>
      <trkpt lat="22.58837803266942501068115234375" lon="114.26234048791229724884033203125">
        <ele>8.19999980926513671875</ele>
        <time>2025-02-20T00:25:58.000Z</time>
        <extensions>
          <ns3:TrackPointExtension>
            <ns3:atemp>23.0</ns3:atemp>
            <ns3:hr>77</ns3:hr>
          </ns3:TrackPointExtension>
        </extensions>
      </trkpt>
      <trkpt lat="22.5883648730814456939697265625" lon="114.2623861692845821380615234375">
        <ele>8.19999980926513671875</ele>
        <time>2025-02-20T00:25:59.000Z</time>
        <extensions>
          <ns3:TrackPointExtension>
            <ns3:atemp>24.0</ns3:atemp>
            <ns3:hr>79</ns3:hr>
          </ns3:TrackPointExtension>
        </extensions>
      </trkpt>
      <trkpt lat="22.58834886364638805389404296875" lon="114.26243352703750133514404296875">
        <ele>8.19999980926513671875</ele>
        <time>2025-02-20T00:26:00.000Z</time>
        <extensions>
          <ns3:TrackPointExtension>
            <ns3:atemp>23.0</ns3:atemp>
            <ns3:hr>80</ns3:hr>
          </ns3:TrackPointExtension>
        </extensions>
      </trkpt>
      <trkpt lat="22.5883300043642520904541015625" lon="114.26248281262814998626708984375">
        <ele>8</ele>
        <time>2025-02-20T00:26:01.000Z</time>
        <extensions>
          <ns3:TrackPointExtension>
            <ns3:atemp>23.0</ns3:atemp>
            <ns3:hr>81</ns3:hr>
          </ns3:TrackPointExtension>
        </extensions>
      </trkpt>
      <trkpt lat="22.5883103907108306884765625" lon="114.26253394223749637603759765625">
        <ele>8</ele>
        <time>2025-02-20T00:26:02.000Z</time>
        <extensions>
          <ns3:TrackPointExtension>
            <ns3:atemp>23.0</ns3:atemp>
            <ns3:hr>82</ns3:hr>
          </ns3:TrackPointExtension>
        </extensions>
      </trkpt>
      <trkpt lat="22.5882911123335361480712890625" lon="114.26258741877973079681396484375">
        <ele>8</ele>
        <time>2025-02-20T00:26:03.000Z</time>
        <extensions>
          <ns3:TrackPointExtension>
            <ns3:atemp>23.0</ns3:atemp>
            <ns3:hr>84</ns3:hr>
          </ns3:TrackPointExtension>
        </extensions>
      </trkpt>
      <trkpt lat="22.58826806209981441497802734375" lon="114.262643493711948394775390625">
        <ele>7.80000019073486328125</ele>
        <time>2025-02-20T00:26:04.000Z</time>
        <extensions>
          <ns3:TrackPointExtension>
            <ns3:atemp>23.0</ns3:atemp>
            <ns3:hr>85</ns3:hr>
          </ns3:TrackPointExtension>
        </extensions>
      </trkpt>
      <trkpt lat="22.58824392221868038177490234375" lon="114.26269873045384883880615234375">
        <ele>7.80000019073486328125</ele>
        <time>2025-02-20T00:26:05.000Z</time>
        <extensions>
          <ns3:TrackPointExtension>
            <ns3:atemp>23.0</ns3:atemp>
            <ns3:hr>86</ns3:hr>
          </ns3:TrackPointExtension>
        </extensions>
      </trkpt>
      <trkpt lat="22.588220536708831787109375" lon="114.262755811214447021484375">
        <ele>7.80000019073486328125</ele>
        <time>2025-02-20T00:26:06.000Z</time>
        <extensions>
          <ns3:TrackPointExtension>
            <ns3:atemp>23.0</ns3:atemp>
            <ns3:hr>86</ns3:hr>
          </ns3:TrackPointExtension>
        </extensions>
      </trkpt>
      <trkpt lat="22.58819631300866603851318359375" lon="114.262809120118618011474609375">
        <ele>7.80000019073486328125</ele>
        <time>2025-02-20T00:26:07.000Z</time>
        <extensions>
          <ns3:TrackPointExtension>
            <ns3:atemp>23.0</ns3:atemp>
            <ns3:hr>86</ns3:hr>
          </ns3:TrackPointExtension>
        </extensions>
      </trkpt>
      <trkpt lat="22.58816479705274105072021484375" lon="114.26285999827086925506591796875">
        <ele>7.80000019073486328125</ele>
        <time>2025-02-20T00:26:08.000Z</time>
        <extensions>
          <ns3:TrackPointExtension>
            <ns3:atemp>23.0</ns3:atemp>
            <ns3:hr>86</ns3:hr>
          </ns3:TrackPointExtension>
        </extensions>
      </trkpt>
      <trkpt lat="22.58813596330583095550537109375" lon="114.2629098705947399139404296875">
        <ele>7.80000019073486328125</ele>
        <time>2025-02-20T00:26:09.000Z</time>
        <extensions>
          <ns3:TrackPointExtension>
            <ns3:atemp>23.0</ns3:atemp>
            <ns3:hr>86</ns3:hr>
          </ns3:TrackPointExtension>
        </extensions>
      </trkpt>
      <trkpt lat="22.588108219206333160400390625" lon="114.2629635147750377655029296875">
        <ele>7.599999904632568359375</ele>
        <time>2025-02-20T00:26:10.000Z</time>
        <extensions>
          <ns3:TrackPointExtension>
            <ns3:atemp>23.0</ns3:atemp>
            <ns3:hr>87</ns3:hr>
          </ns3:TrackPointExtension>
        </extensions>
      </trkpt>
      <trkpt lat="22.5880849175155162811279296875" lon="114.26302009262144565582275390625">
        <ele>7.599999904632568359375</ele>
        <time>2025-02-20T00:26:11.000Z</time>
        <extensions>
          <ns3:TrackPointExtension>
            <ns3:atemp>23.0</ns3:atemp>
            <ns3:hr>88</ns3:hr>
          </ns3:TrackPointExtension>
        </extensions>
      </trkpt>
      <trkpt lat="22.58805952034890651702880859375" lon="114.2630763351917266845703125">
        <ele>7.599999904632568359375</ele>
        <time>2025-02-20T00:26:12.000Z</time>
        <extensions>
          <ns3:TrackPointExtension>
            <ns3:atemp>23.0</ns3:atemp>
            <ns3:hr>88</ns3:hr>
          </ns3:TrackPointExtension>
        </extensions>
      </trkpt>
      <trkpt lat="22.588034458458423614501953125" lon="114.26313190720975399017333984375">
        <ele>7.599999904632568359375</ele>
        <time>2025-02-20T00:26:13.000Z</time>
        <extensions>
          <ns3:TrackPointExtension>
            <ns3:atemp>23.0</ns3:atemp>
            <ns3:hr>89</ns3:hr>
          </ns3:TrackPointExtension>
        </extensions>
      </trkpt>
      <trkpt lat="22.58801023475825786590576171875" lon="114.26319024525582790374755859375">
        <ele>7.599999904632568359375</ele>
        <time>2025-02-20T00:26:14.000Z</time>
        <extensions>
          <ns3:TrackPointExtension>
            <ns3:atemp>23.0</ns3:atemp>
            <ns3:hr>89</ns3:hr>
          </ns3:TrackPointExtension>
        </extensions>
      </trkpt>
      <trkpt lat="22.58798391558229923248291015625" lon="114.26325000822544097900390625">
        <ele>7.599999904632568359375</ele>
        <time>2025-02-20T00:26:15.000Z</time>
        <extensions>
          <ns3:TrackPointExtension>
            <ns3:atemp>23.0</ns3:atemp>
            <ns3:hr>89</ns3:hr>
          </ns3:TrackPointExtension>
        </extensions>
      </trkpt>
      <trkpt lat="22.58795876987278461456298828125" lon="114.26331127993762493133544921875">
        <ele>7.599999904632568359375</ele>
        <time>2025-02-20T00:26:16.000Z</time>
        <extensions>
          <ns3:TrackPointExtension>
            <ns3:atemp>23.0</ns3:atemp>
            <ns3:hr>89</ns3:hr>
          </ns3:TrackPointExtension>
        </extensions>
      </trkpt>
      <trkpt lat="22.58793060667812824249267578125" lon="114.26337112672626972198486328125">
        <ele>7.400000095367431640625</ele>
        <time>2025-02-20T00:26:17.000Z</time>
        <extensions>
          <ns3:TrackPointExtension>
            <ns3:atemp>23.0</ns3:atemp>
            <ns3:hr>90</ns3:hr>
          </ns3:TrackPointExtension>
        </extensions>
      </trkpt>
      <trkpt lat="22.58790411986410617828369140625" lon="114.263428710401058197021484375">
        <ele>7.400000095367431640625</ele>
        <time>2025-02-20T00:26:18.000Z</time>
        <extensions>
          <ns3:TrackPointExtension>
            <ns3:atemp>23.0</ns3:atemp>
            <ns3:hr>90</ns3:hr>
          </ns3:TrackPointExtension>
        </extensions>
      </trkpt>
      <trkpt lat="22.58787562139332294464111328125" lon="114.2634848691523075103759765625">
        <ele>7.400000095367431640625</ele>
        <time>2025-02-20T00:26:19.000Z</time>
        <extensions>
          <ns3:TrackPointExtension>
            <ns3:atemp>23.0</ns3:atemp>
            <ns3:hr>90</ns3:hr>
          </ns3:TrackPointExtension>
        </extensions>
      </trkpt>
      <trkpt lat="22.5878522358834743499755859375" lon="114.263540022075176239013671875">
        <ele>7.400000095367431640625</ele>
        <time>2025-02-20T00:26:20.000Z</time>
        <extensions>
          <ns3:TrackPointExtension>
            <ns3:atemp>23.0</ns3:atemp>
            <ns3:hr>90</ns3:hr>
          </ns3:TrackPointExtension>
        </extensions>
      </trkpt>
      <trkpt lat="22.5878348015248775482177734375" lon="114.26359509117901325225830078125">
        <ele>7.400000095367431640625</ele>
        <time>2025-02-20T00:26:21.000Z</time>
        <extensions>
          <ns3:TrackPointExtension>
            <ns3:atemp>23.0</ns3:atemp>
            <ns3:hr>91</ns3:hr>
          </ns3:TrackPointExtension>
        </extensions>
      </trkpt>
      <trkpt lat="22.58782298304140567779541015625" lon="114.26365233957767486572265625">
        <ele>7.400000095367431640625</ele>
        <time>2025-02-20T00:26:22.000Z</time>
        <extensions>
          <ns3:TrackPointExtension>
            <ns3:atemp>23.0</ns3:atemp>
            <ns3:hr>91</ns3:hr>
          </ns3:TrackPointExtension>
        </extensions>
      </trkpt>
      <trkpt lat="22.587813846766948699951171875" lon="114.26370992325246334075927734375">
        <ele>7.400000095367431640625</ele>
        <time>2025-02-20T00:26:23.000Z</time>
        <extensions>
          <ns3:TrackPointExtension>
            <ns3:atemp>23.0</ns3:atemp>
            <ns3:hr>91</ns3:hr>
          </ns3:TrackPointExtension>
        </extensions>
      </trkpt>
      <trkpt lat="22.58779347874224185943603515625" lon="114.26376499235630035400390625">
        <ele>7.400000095367431640625</ele>
        <time>2025-02-20T00:26:24.000Z</time>
        <extensions>
          <ns3:TrackPointExtension>
            <ns3:atemp>23.0</ns3:atemp>
            <ns3:hr>91</ns3:hr>
          </ns3:TrackPointExtension>
        </extensions>
      </trkpt>
      <trkpt lat="22.58775827474892139434814453125" lon="114.26380162127315998077392578125">
        <ele>7.400000095367431640625</ele>
        <time>2025-02-20T00:26:25.000Z</time>
        <extensions>
          <ns3:TrackPointExtension>
            <ns3:atemp>23.0</ns3:atemp>
            <ns3:hr>89</ns3:hr>
          </ns3:TrackPointExtension>
        </extensions>
      </trkpt>
      <trkpt lat="22.58772457949817180633544921875" lon="114.263833053410053253173828125">
        <ele>7.599999904632568359375</ele>
        <time>2025-02-20T00:26:26.000Z</time>
        <extensions>
          <ns3:TrackPointExtension>
            <ns3:atemp>23.0</ns3:atemp>
            <ns3:hr>88</ns3:hr>
          </ns3:TrackPointExtension>
        </extensions>
      </trkpt>
      <trkpt lat="22.58770161308348178863525390625" lon="114.26387228071689605712890625">
        <ele>7.599999904632568359375</ele>
        <time>2025-02-20T00:26:27.000Z</time>
        <extensions>
          <ns3:TrackPointExtension>
            <ns3:atemp>23.0</ns3:atemp>
            <ns3:hr>88</ns3:hr>
          </ns3:TrackPointExtension>
        </extensions>
      </trkpt>
      <trkpt lat="22.58768141269683837890625" lon="114.26392056047916412353515625">
        <ele>7.599999904632568359375</ele>
        <time>2025-02-20T00:26:28.000Z</time>
        <extensions>
          <ns3:TrackPointExtension>
            <ns3:atemp>23.0</ns3:atemp>
            <ns3:hr>88</ns3:hr>
          </ns3:TrackPointExtension>
        </extensions>
      </trkpt>
      <trkpt lat="22.58765601553022861480712890625" lon="114.26397194154560565948486328125">
        <ele>7.599999904632568359375</ele>
        <time>2025-02-20T00:26:29.000Z</time>
        <extensions>
          <ns3:TrackPointExtension>
            <ns3:atemp>23.0</ns3:atemp>
            <ns3:hr>87</ns3:hr>
          </ns3:TrackPointExtension>
        </extensions>
      </trkpt>
      <trkpt lat="22.58762307465076446533203125" lon="114.26401846110820770263671875">
        <ele>7.599999904632568359375</ele>
        <time>2025-02-20T00:26:30.000Z</time>
        <extensions>
          <ns3:TrackPointExtension>
            <ns3:atemp>23.0</ns3:atemp>
            <ns3:hr>87</ns3:hr>
          </ns3:TrackPointExtension>
        </extensions>
      </trkpt>
      <trkpt lat="22.58758661337196826934814453125" lon="114.26406003534793853759765625">
        <ele>7.599999904632568359375</ele>
        <time>2025-02-20T00:26:31.000Z</time>
        <extensions>
          <ns3:TrackPointExtension>
            <ns3:atemp>23.0</ns3:atemp>
            <ns3:hr>86</ns3:hr>
          </ns3:TrackPointExtension>
        </extensions>
      </trkpt>
      <trkpt lat="22.5875612162053585052490234375" lon="114.2640982568264007568359375">
        <ele>7.80000019073486328125</ele>
        <time>2025-02-20T00:26:32.000Z</time>
        <extensions>
          <ns3:TrackPointExtension>
            <ns3:atemp>23.0</ns3:atemp>
            <ns3:hr>86</ns3:hr>
          </ns3:TrackPointExtension>
        </extensions>
      </trkpt>
      <trkpt lat="22.587559036910533905029296875" lon="114.26413840614259243011474609375">
        <ele>7.80000019073486328125</ele>
        <time>2025-02-20T00:26:33.000Z</time>
        <extensions>
          <ns3:TrackPointExtension>
            <ns3:atemp>23.0</ns3:atemp>
            <ns3:hr>87</ns3:hr>
          </ns3:TrackPointExtension>
        </extensions>
      </trkpt>
      <trkpt lat="22.587571442127227783203125" lon="114.26417461596429347991943359375">
        <ele>7.80000019073486328125</ele>
        <time>2025-02-20T00:26:34.000Z</time>
        <extensions>
          <ns3:TrackPointExtension>
            <ns3:atemp>23.0</ns3:atemp>
            <ns3:hr>87</ns3:hr>
          </ns3:TrackPointExtension>
        </extensions>
      </trkpt>
      <trkpt lat="22.5875826738774776458740234375" lon="114.264204204082489013671875">
        <ele>8</ele>
        <time>2025-02-20T00:26:35.000Z</time>
        <extensions>
          <ns3:TrackPointExtension>
            <ns3:atemp>23.0</ns3:atemp>
            <ns3:hr>87</ns3:hr>
          </ns3:TrackPointExtension>
        </extensions>
      </trkpt>
      <trkpt lat="22.587590552866458892822265625" lon="114.264225661754608154296875">
        <ele>8</ele>
        <time>2025-02-20T00:26:36.000Z</time>
        <extensions>
          <ns3:TrackPointExtension>
            <ns3:atemp>23.0</ns3:atemp>
            <ns3:hr>88</ns3:hr>
          </ns3:TrackPointExtension>
        </extensions>
      </trkpt>
      <trkpt lat="22.58759566582739353179931640625" lon="114.26422943361103534698486328125">
        <ele>8</ele>
        <time>2025-02-20T00:26:37.000Z</time>
        <extensions>
          <ns3:TrackPointExtension>
            <ns3:atemp>23.0</ns3:atemp>
            <ns3:hr>89</ns3:hr>
          </ns3:TrackPointExtension>
        </extensions>
      </trkpt>
      <trkpt lat="22.58759566582739353179931640625" lon="114.26422943361103534698486328125">
        <ele>8.19999980926513671875</ele>
        <time>2025-02-20T00:26:38.000Z</time>
        <extensions>
          <ns3:TrackPointExtension>
            <ns3:atemp>23.0</ns3:atemp>
            <ns3:hr>89</ns3:hr>
          </ns3:TrackPointExtension>
        </extensions>
      </trkpt>
      <trkpt lat="22.58759566582739353179931640625" lon="114.26422943361103534698486328125">
        <ele>8.19999980926513671875</ele>
        <time>2025-02-20T00:26:39.000Z</time>
        <extensions>
          <ns3:TrackPointExtension>
            <ns3:atemp>23.0</ns3:atemp>
            <ns3:hr>90</ns3:hr>
          </ns3:TrackPointExtension>
        </extensions>
      </trkpt>
      <trkpt lat="22.58766733109951019287109375" lon="114.26430218853056430816650390625">
        <ele>8.6000003814697265625</ele>
        <time>2025-02-20T00:26:58.000Z</time>
        <extensions>
          <ns3:TrackPointExtension>
            <ns3:atemp>23.0</ns3:atemp>
            <ns3:hr>118</ns3:hr>
          </ns3:TrackPointExtension>
        </extensions>
      </trkpt>
      <trkpt lat="22.5876839272677898406982421875" lon="114.26434099674224853515625">
        <ele>8.6000003814697265625</ele>
        <time>2025-02-20T00:26:59.000Z</time>
        <extensions>
          <ns3:TrackPointExtension>
            <ns3:atemp>23.0</ns3:atemp>
            <ns3:hr>118</ns3:hr>
          </ns3:TrackPointExtension>
        </extensions>
      </trkpt>
      <trkpt lat="22.58770094253122806549072265625" lon="114.26438349299132823944091796875">
        <ele>8.3999996185302734375</ele>
        <time>2025-02-20T00:27:00.000Z</time>
        <extensions>
          <ns3:TrackPointExtension>
            <ns3:atemp>23.0</ns3:atemp>
            <ns3:hr>118</ns3:hr>
          </ns3:TrackPointExtension>
        </extensions>
      </trkpt>
      <trkpt lat="22.58772105909883975982666015625" lon="114.26442749798297882080078125">
        <ele>8.3999996185302734375</ele>
        <time>2025-02-20T00:27:01.000Z</time>
        <extensions>
          <ns3:TrackPointExtension>
            <ns3:atemp>23.0</ns3:atemp>
            <ns3:hr>118</ns3:hr>
          </ns3:TrackPointExtension>
        </extensions>
      </trkpt>
      <trkpt lat="22.58773631416261196136474609375" lon="114.26446664147078990936279296875">
        <ele>8.3999996185302734375</ele>
        <time>2025-02-20T00:27:02.000Z</time>
        <extensions>
          <ns3:TrackPointExtension>
            <ns3:atemp>23.0</ns3:atemp>
            <ns3:hr>119</ns3:hr>
          </ns3:TrackPointExtension>
        </extensions>
      </trkpt>
      <trkpt lat="22.58774486370384693145751953125" lon="114.264507293701171875">
        <ele>8.3999996185302734375</ele>
        <time>2025-02-20T00:27:03.000Z</time>
        <extensions>
          <ns3:TrackPointExtension>
            <ns3:atemp>23.0</ns3:atemp>
            <ns3:hr>119</ns3:hr>
          </ns3:TrackPointExtension>
        </extensions>
      </trkpt>
      <trkpt lat="22.58774402551352977752685546875" lon="114.26454425789415836334228515625">
        <ele>8.6000003814697265625</ele>
        <time>2025-02-20T00:27:04.000Z</time>
        <extensions>
          <ns3:TrackPointExtension>
            <ns3:atemp>23.0</ns3:atemp>
            <ns3:hr>119</ns3:hr>
          </ns3:TrackPointExtension>
        </extensions>
      </trkpt>
      <trkpt lat="22.58773329667747020721435546875" lon="114.264586754143238067626953125">
        <ele>8.6000003814697265625</ele>
        <time>2025-02-20T00:27:05.000Z</time>
        <extensions>
          <ns3:TrackPointExtension>
            <ns3:atemp>23.0</ns3:atemp>
            <ns3:hr>119</ns3:hr>
          </ns3:TrackPointExtension>
        </extensions>
      </trkpt>
      <trkpt lat="22.58771468885242938995361328125" lon="114.26462220959365367889404296875">
        <ele>8.6000003814697265625</ele>
        <time>2025-02-20T00:27:06.000Z</time>
        <extensions>
          <ns3:TrackPointExtension>
            <ns3:atemp>23.0</ns3:atemp>
            <ns3:hr>119</ns3:hr>
          </ns3:TrackPointExtension>
        </extensions>
      </trkpt>
      <trkpt lat="22.587694823741912841796875" lon="114.2646519653499126434326171875">
        <ele>8.6000003814697265625</ele>
        <time>2025-02-20T00:27:07.000Z</time>
        <extensions>
          <ns3:TrackPointExtension>
            <ns3:atemp>23.0</ns3:atemp>
            <ns3:hr>119</ns3:hr>
          </ns3:TrackPointExtension>
        </extensions>
      </trkpt>
      <trkpt lat="22.5876755453646183013916015625" lon="114.26467384211719036102294921875">
        <ele>8.80000019073486328125</ele>
        <time>2025-02-20T00:27:08.000Z</time>
        <extensions>
          <ns3:TrackPointExtension>
            <ns3:atemp>23.0</ns3:atemp>
            <ns3:hr>118</ns3:hr>
          </ns3:TrackPointExtension>
        </extensions>
      </trkpt>
      <trkpt lat="22.58766121231019496917724609375" lon="114.2646938748657703399658203125">
        <ele>8.80000019073486328125</ele>
        <time>2025-02-20T00:27:09.000Z</time>
        <extensions>
          <ns3:TrackPointExtension>
            <ns3:atemp>23.0</ns3:atemp>
            <ns3:hr>118</ns3:hr>
          </ns3:TrackPointExtension>
        </extensions>
      </trkpt>
      <trkpt lat="22.58764998055994510650634765625" lon="114.2647002451121807098388671875">
        <ele>8.80000019073486328125</ele>
        <time>2025-02-20T00:27:10.000Z</time>
        <extensions>
          <ns3:TrackPointExtension>
            <ns3:atemp>23.0</ns3:atemp>
            <ns3:hr>118</ns3:hr>
          </ns3:TrackPointExtension>
        </extensions>
      </trkpt>
      <trkpt lat="22.587644197046756744384765625" lon="114.26470217294991016387939453125">
        <ele>8.80000019073486328125</ele>
        <time>2025-02-20T00:27:11.000Z</time>
        <extensions>
          <ns3:TrackPointExtension>
            <ns3:atemp>23.0</ns3:atemp>
            <ns3:hr>118</ns3:hr>
          </ns3:TrackPointExtension>
        </extensions>
      </trkpt>
      <trkpt lat="22.58766087703406810760498046875" lon="114.26471181213855743408203125">
        <ele>8.80000019073486328125</ele>
        <time>2025-02-20T00:27:12.000Z</time>
        <extensions>
          <ns3:TrackPointExtension>
            <ns3:atemp>23.0</ns3:atemp>
            <ns3:hr>117</ns3:hr>
          </ns3:TrackPointExtension>
        </extensions>
      </trkpt>
      <trkpt lat="22.5876416824758052825927734375" lon="114.26482178270816802978515625">
        <ele>7.19999980926513671875</ele>
        <time>2025-02-20T00:28:51.000Z</time>
        <extensions>
          <ns3:TrackPointExtension>
            <ns3:atemp>23.0</ns3:atemp>
            <ns3:hr>86</ns3:hr>
          </ns3:TrackPointExtension>
        </extensions>
      </trkpt>
      <trkpt lat="22.587651573121547698974609375" lon="114.26485556177794933319091796875">
        <ele>7.19999980926513671875</ele>
        <time>2025-02-20T00:28:52.000Z</time>
        <extensions>
          <ns3:TrackPointExtension>
            <ns3:atemp>23.0</ns3:atemp>
            <ns3:hr>86</ns3:hr>
          </ns3:TrackPointExtension>
        </extensions>
      </trkpt>
      <trkpt lat="22.587668001651763916015625" lon="114.2648967169225215911865234375">
        <ele>7.19999980926513671875</ele>
        <time>2025-02-20T00:28:53.000Z</time>
        <extensions>
          <ns3:TrackPointExtension>
            <ns3:atemp>23.0</ns3:atemp>
            <ns3:hr>87</ns3:hr>
          </ns3:TrackPointExtension>
        </extensions>
      </trkpt>
      <trkpt lat="22.5876882858574390411376953125" lon="114.2649403028190135955810546875">
        <ele>7.19999980926513671875</ele>
        <time>2025-02-20T00:28:54.000Z</time>
        <extensions>
          <ns3:TrackPointExtension>
            <ns3:atemp>23.0</ns3:atemp>
            <ns3:hr>87</ns3:hr>
          </ns3:TrackPointExtension>
        </extensions>
      </trkpt>
      <trkpt lat="22.58771133609116077423095703125" lon="114.26498363725841045379638671875">
        <ele>7.19999980926513671875</ele>
        <time>2025-02-20T00:28:55.000Z</time>
        <extensions>
          <ns3:TrackPointExtension>
            <ns3:atemp>23.0</ns3:atemp>
            <ns3:hr>87</ns3:hr>
          </ns3:TrackPointExtension>
        </extensions>
      </trkpt>
      <trkpt lat="22.58773799054324626922607421875" lon="114.265028648078441619873046875">
        <ele>7.19999980926513671875</ele>
        <time>2025-02-20T00:28:56.000Z</time>
        <extensions>
          <ns3:TrackPointExtension>
            <ns3:atemp>23.0</ns3:atemp>
            <ns3:hr>88</ns3:hr>
          </ns3:TrackPointExtension>
        </extensions>
      </trkpt>
      <trkpt lat="22.5877674110233783721923828125" lon="114.2650774307548999786376953125">
        <ele>7.19999980926513671875</ele>
        <time>2025-02-20T00:28:57.000Z</time>
        <extensions>
          <ns3:TrackPointExtension>
            <ns3:atemp>23.0</ns3:atemp>
            <ns3:hr>88</ns3:hr>
          </ns3:TrackPointExtension>
        </extensions>
      </trkpt>
      <trkpt lat="22.58780119009315967559814453125" lon="114.26512512378394603729248046875">
        <ele>7</ele>
        <time>2025-02-20T00:28:58.000Z</time>
        <extensions>
          <ns3:TrackPointExtension>
            <ns3:atemp>23.0</ns3:atemp>
            <ns3:hr>88</ns3:hr>
          </ns3:TrackPointExtension>
        </extensions>
      </trkpt>
      <trkpt lat="22.58783773519098758697509765625" lon="114.265169799327850341796875">
        <ele>7</ele>
        <time>2025-02-20T00:28:59.000Z</time>
        <extensions>
          <ns3:TrackPointExtension>
            <ns3:atemp>23.0</ns3:atemp>
            <ns3:hr>87</ns3:hr>
          </ns3:TrackPointExtension>
        </extensions>
      </trkpt>
      <trkpt lat="22.58787880651652812957763671875" lon="114.2652086913585662841796875">
        <ele>7</ele>
        <time>2025-02-20T00:29:00.000Z</time>
        <extensions>
          <ns3:TrackPointExtension>
            <ns3:atemp>23.0</ns3:atemp>
            <ns3:hr>87</ns3:hr>
          </ns3:TrackPointExtension>
        </extensions>
      </trkpt>
      <trkpt lat="22.5879233144223690032958984375" lon="114.2652423866093158721923828125">
        <ele>7</ele>
        <time>2025-02-20T00:29:01.000Z</time>
        <extensions>
          <ns3:TrackPointExtension>
            <ns3:atemp>23.0</ns3:atemp>
            <ns3:hr>86</ns3:hr>
          </ns3:TrackPointExtension>
        </extensions>
      </trkpt>
      <trkpt lat="22.5879702530801296234130859375" lon="114.26527834497392177581787109375">
        <ele>7</ele>
        <time>2025-02-20T00:29:02.000Z</time>
        <extensions>
          <ns3:TrackPointExtension>
            <ns3:atemp>23.0</ns3:atemp>
            <ns3:hr>85</ns3:hr>
          </ns3:TrackPointExtension>
        </extensions>
      </trkpt>
      <trkpt lat="22.58801593445241451263427734375" lon="114.265313632786273956298828125">
        <ele>7.19999980926513671875</ele>
        <time>2025-02-20T00:29:03.000Z</time>
        <extensions>
          <ns3:TrackPointExtension>
            <ns3:atemp>23.0</ns3:atemp>
            <ns3:hr>84</ns3:hr>
          </ns3:TrackPointExtension>
        </extensions>
      </trkpt>
      <trkpt lat="22.58805465884506702423095703125" lon="114.26535445265471935272216796875">
        <ele>7.19999980926513671875</ele>
        <time>2025-02-20T00:29:04.000Z</time>
        <extensions>
          <ns3:TrackPointExtension>
            <ns3:atemp>23.0</ns3:atemp>
            <ns3:hr>84</ns3:hr>
          </ns3:TrackPointExtension>
        </extensions>
      </trkpt>
      <trkpt lat="22.5880730152130126953125" lon="114.26540440879762172698974609375">
        <ele>7.400000095367431640625</ele>
        <time>2025-02-20T00:29:05.000Z</time>
        <extensions>
          <ns3:TrackPointExtension>
            <ns3:atemp>23.0</ns3:atemp>
            <ns3:hr>85</ns3:hr>
          </ns3:TrackPointExtension>
        </extensions>
      </trkpt>
      <trkpt lat="22.58808181621134281158447265625" lon="114.26545344293117523193359375">
        <ele>7.400000095367431640625</ele>
        <time>2025-02-20T00:29:06.000Z</time>
        <extensions>
          <ns3:TrackPointExtension>
            <ns3:atemp>23.0</ns3:atemp>
            <ns3:hr>86</ns3:hr>
          </ns3:TrackPointExtension>
        </extensions>
      </trkpt>
      <trkpt lat="22.58809355087578296661376953125" lon="114.26550096832215785980224609375">
        <ele>7.599999904632568359375</ele>
        <time>2025-02-20T00:29:07.000Z</time>
        <extensions>
          <ns3:TrackPointExtension>
            <ns3:atemp>23.0</ns3:atemp>
            <ns3:hr>86</ns3:hr>
          </ns3:TrackPointExtension>
        </extensions>
      </trkpt>
      <trkpt lat="22.5881145894527435302734375" lon="114.26554589532315731048583984375">
        <ele>7.599999904632568359375</ele>
        <time>2025-02-20T00:29:08.000Z</time>
        <extensions>
          <ns3:TrackPointExtension>
            <ns3:atemp>23.0</ns3:atemp>
            <ns3:hr>87</ns3:hr>
          </ns3:TrackPointExtension>
        </extensions>
      </trkpt>
      <trkpt lat="22.58814082480967044830322265625" lon="114.2655895650386810302734375">
        <ele>7.80000019073486328125</ele>
        <time>2025-02-20T00:29:09.000Z</time>
        <extensions>
          <ns3:TrackPointExtension>
            <ns3:atemp>23.0</ns3:atemp>
            <ns3:hr>86</ns3:hr>
          </ns3:TrackPointExtension>
        </extensions>
      </trkpt>
      <trkpt lat="22.58817250840365886688232421875" lon="114.2656282894313335418701171875">
        <ele>7.80000019073486328125</ele>
        <time>2025-02-20T00:29:10.000Z</time>
        <extensions>
          <ns3:TrackPointExtension>
            <ns3:atemp>23.0</ns3:atemp>
            <ns3:hr>86</ns3:hr>
          </ns3:TrackPointExtension>
        </extensions>
      </trkpt>
      <trkpt lat="22.588212154805660247802734375" lon="114.265662990510463714599609375">
        <ele>7.80000019073486328125</ele>
        <time>2025-02-20T00:29:11.000Z</time>
        <extensions>
          <ns3:TrackPointExtension>
            <ns3:atemp>23.0</ns3:atemp>
            <ns3:hr>86</ns3:hr>
          </ns3:TrackPointExtension>
        </extensions>
      </trkpt>
      <trkpt lat="22.588255740702152252197265625" lon="114.2656983621418476104736328125">
        <ele>8</ele>
        <time>2025-02-20T00:29:12.000Z</time>
        <extensions>
          <ns3:TrackPointExtension>
            <ns3:atemp>23.0</ns3:atemp>
            <ns3:hr>86</ns3:hr>
          </ns3:TrackPointExtension>
        </extensions>
      </trkpt>
      <trkpt lat="22.58830376900732517242431640625" lon="114.26573239266872406005859375">
        <ele>8</ele>
        <time>2025-02-20T00:29:13.000Z</time>
        <extensions>
          <ns3:TrackPointExtension>
            <ns3:atemp>23.0</ns3:atemp>
            <ns3:hr>87</ns3:hr>
          </ns3:TrackPointExtension>
        </extensions>
      </trkpt>
      <trkpt lat="22.58835204876959323883056640625" lon="114.26576600410044193267822265625">
        <ele>8</ele>
        <time>2025-02-20T00:29:14.000Z</time>
        <extensions>
          <ns3:TrackPointExtension>
            <ns3:atemp>23.0</ns3:atemp>
            <ns3:hr>87</ns3:hr>
          </ns3:TrackPointExtension>
        </extensions>
      </trkpt>
      <trkpt lat="22.588395886123180389404296875" lon="114.26580623723566532135009765625">
        <ele>8.19999980926513671875</ele>
        <time>2025-02-20T00:29:15.000Z</time>
        <extensions>
          <ns3:TrackPointExtension>
            <ns3:atemp>23.0</ns3:atemp>
            <ns3:hr>87</ns3:hr>
          </ns3:TrackPointExtension>
        </extensions>
      </trkpt>
      <trkpt lat="22.58844114840030670166015625" lon="114.26584429107606410980224609375">
        <ele>8.19999980926513671875</ele>
        <time>2025-02-20T00:29:16.000Z</time>
        <extensions>
          <ns3:TrackPointExtension>
            <ns3:atemp>23.0</ns3:atemp>
            <ns3:hr>87</ns3:hr>
          </ns3:TrackPointExtension>
        </extensions>
      </trkpt>
      <trkpt lat="22.58848540484905242919921875" lon="114.2658770643174648284912109375">
        <ele>8.19999980926513671875</ele>
        <time>2025-02-20T00:29:17.000Z</time>
        <extensions>
          <ns3:TrackPointExtension>
            <ns3:atemp>23.0</ns3:atemp>
            <ns3:hr>88</ns3:hr>
          </ns3:TrackPointExtension>
        </extensions>
      </trkpt>
      <trkpt lat="22.588524632155895233154296875" lon="114.2659114301204681396484375">
        <ele>8.3999996185302734375</ele>
        <time>2025-02-20T00:29:18.000Z</time>
        <extensions>
          <ns3:TrackPointExtension>
            <ns3:atemp>23.0</ns3:atemp>
            <ns3:hr>89</ns3:hr>
          </ns3:TrackPointExtension>
        </extensions>
      </trkpt>
      <trkpt lat="22.58856142871081829071044921875" lon="114.2659411020576953887939453125">
        <ele>8.6000003814697265625</ele>
        <time>2025-02-20T00:29:19.000Z</time>
        <extensions>
          <ns3:TrackPointExtension>
            <ns3:atemp>23.0</ns3:atemp>
            <ns3:hr>90</ns3:hr>
          </ns3:TrackPointExtension>
        </extensions>
      </trkpt>
      <trkpt lat="22.588593028485774993896484375" lon="114.26597873680293560028076171875">
        <ele>8.6000003814697265625</ele>
        <time>2025-02-20T00:29:20.000Z</time>
        <extensions>
          <ns3:TrackPointExtension>
            <ns3:atemp>23.0</ns3:atemp>
            <ns3:hr>91</ns3:hr>
          </ns3:TrackPointExtension>
        </extensions>
      </trkpt>
      <trkpt lat="22.58862094022333621978759765625" lon="114.2660225741565227508544921875">
        <ele>8.6000003814697265625</ele>
        <time>2025-02-20T00:29:21.000Z</time>
        <extensions>
          <ns3:TrackPointExtension>
            <ns3:atemp>23.0</ns3:atemp>
            <ns3:hr>91</ns3:hr>
          </ns3:TrackPointExtension>
        </extensions>
      </trkpt>
      <trkpt lat="22.58865765295922756195068359375" lon="114.26606691442430019378662109375">
        <ele>8.80000019073486328125</ele>
        <time>2025-02-20T00:29:22.000Z</time>
        <extensions>
          <ns3:TrackPointExtension>
            <ns3:atemp>23.0</ns3:atemp>
            <ns3:hr>92</ns3:hr>
          </ns3:TrackPointExtension>
        </extensions>
      </trkpt>
      <trkpt lat="22.58869939483702182769775390625" lon="114.26610630936920642852783203125">
        <ele>8.6000003814697265625</ele>
        <time>2025-02-20T00:29:23.000Z</time>
        <extensions>
          <ns3:TrackPointExtension>
            <ns3:atemp>23.0</ns3:atemp>
            <ns3:hr>92</ns3:hr>
          </ns3:TrackPointExtension>
        </extensions>
      </trkpt>
      <trkpt lat="22.58874557912349700927734375" lon="114.26614277064800262451171875">
        <ele>8.6000003814697265625</ele>
        <time>2025-02-20T00:29:24.000Z</time>
        <extensions>
          <ns3:TrackPointExtension>
            <ns3:atemp>23.0</ns3:atemp>
            <ns3:hr>92</ns3:hr>
          </ns3:TrackPointExtension>
        </extensions>
      </trkpt>
      <trkpt lat="22.58878975175321102142333984375" lon="114.2661764658987522125244140625">
        <ele>8.6000003814697265625</ele>
        <time>2025-02-20T00:29:25.000Z</time>
        <extensions>
          <ns3:TrackPointExtension>
            <ns3:atemp>23.0</ns3:atemp>
            <ns3:hr>93</ns3:hr>
          </ns3:TrackPointExtension>
        </extensions>
      </trkpt>
      <trkpt lat="22.58883501403033733367919921875" lon="114.2662073113024234771728515625">
        <ele>8.6000003814697265625</ele>
        <time>2025-02-20T00:29:26.000Z</time>
        <extensions>
          <ns3:TrackPointExtension>
            <ns3:atemp>23.0</ns3:atemp>
            <ns3:hr>94</ns3:hr>
          </ns3:TrackPointExtension>
        </extensions>
      </trkpt>
      <trkpt lat="22.58888346143066883087158203125" lon="114.2662348039448261260986328125">
        <ele>8.6000003814697265625</ele>
        <time>2025-02-20T00:29:27.000Z</time>
        <extensions>
          <ns3:TrackPointExtension>
            <ns3:atemp>23.0</ns3:atemp>
            <ns3:hr>99</ns3:hr>
          </ns3:TrackPointExtension>
        </extensions>
      </trkpt>
      <trkpt lat="22.5889355130493640899658203125" lon="114.26625810563564300537109375">
        <ele>8.6000003814697265625</ele>
        <time>2025-02-20T00:29:28.000Z</time>
        <extensions>
          <ns3:TrackPointExtension>
            <ns3:atemp>23.0</ns3:atemp>
            <ns3:hr>111</ns3:hr>
          </ns3:TrackPointExtension>
        </extensions>
      </trkpt>
      <trkpt lat="22.58898823522031307220458984375" lon="114.266283251345157623291015625">
        <ele>8.6000003814697265625</ele>
        <time>2025-02-20T00:29:29.000Z</time>
        <extensions>
          <ns3:TrackPointExtension>
            <ns3:atemp>23.0</ns3:atemp>
            <ns3:hr>117</ns3:hr>
          </ns3:TrackPointExtension>
        </extensions>
      </trkpt>
      <trkpt lat="22.58902880363166332244873046875" lon="114.2663082294166088104248046875">
        <ele>8.80000019073486328125</ele>
        <time>2025-02-20T00:29:30.000Z</time>
        <extensions>
          <ns3:TrackPointExtension>
            <ns3:atemp>23.0</ns3:atemp>
            <ns3:hr>118</ns3:hr>
          </ns3:TrackPointExtension>
        </extensions>
      </trkpt>
      <trkpt lat="22.589069791138172149658203125" lon="114.26634066738188266754150390625">
        <ele>8.80000019073486328125</ele>
        <time>2025-02-20T00:29:31.000Z</time>
        <extensions>
          <ns3:TrackPointExtension>
            <ns3:atemp>23.0</ns3:atemp>
            <ns3:hr>119</ns3:hr>
          </ns3:TrackPointExtension>
        </extensions>
      </trkpt>
      <trkpt lat="22.58910709060728549957275390625" lon="114.2663806490600109100341796875">
        <ele>8.80000019073486328125</ele>
        <time>2025-02-20T00:29:32.000Z</time>
        <extensions>
          <ns3:TrackPointExtension>
            <ns3:atemp>23.0</ns3:atemp>
            <ns3:hr>119</ns3:hr>
          </ns3:TrackPointExtension>
        </extensions>
      </trkpt>
      <trkpt lat="22.58914095349609851837158203125" lon="114.26642599515616893768310546875">
        <ele>9</ele>
        <time>2025-02-20T00:29:33.000Z</time>
        <extensions>
          <ns3:TrackPointExtension>
            <ns3:atemp>23.0</ns3:atemp>
            <ns3:hr>119</ns3:hr>
          </ns3:TrackPointExtension>
        </extensions>
      </trkpt>
      <trkpt lat="22.5891745649278163909912109375" lon="114.26647595129907131195068359375">
        <ele>9</ele>
        <time>2025-02-20T00:29:34.000Z</time>
        <extensions>
          <ns3:TrackPointExtension>
            <ns3:atemp>23.0</ns3:atemp>
            <ns3:hr>119</ns3:hr>
          </ns3:TrackPointExtension>
        </extensions>
      </trkpt>
      <trkpt lat="22.589209266006946563720703125" lon="114.2665283381938934326171875">
        <ele>9.19999980926513671875</ele>
        <time>2025-02-20T00:29:35.000Z</time>
        <extensions>
          <ns3:TrackPointExtension>
            <ns3:atemp>23.0</ns3:atemp>
            <ns3:hr>119</ns3:hr>
          </ns3:TrackPointExtension>
        </extensions>
      </trkpt>
      <trkpt lat="22.58924421854317188262939453125" lon="114.26658122800290584564208984375">
        <ele>9.19999980926513671875</ele>
        <time>2025-02-20T00:29:36.000Z</time>
        <extensions>
          <ns3:TrackPointExtension>
            <ns3:atemp>23.0</ns3:atemp>
            <ns3:hr>119</ns3:hr>
          </ns3:TrackPointExtension>
        </extensions>
      </trkpt>
      <trkpt lat="22.58927774615585803985595703125" lon="114.26663671620190143585205078125">
        <ele>9.3999996185302734375</ele>
        <time>2025-02-20T00:29:37.000Z</time>
        <extensions>
          <ns3:TrackPointExtension>
            <ns3:atemp>23.0</ns3:atemp>
            <ns3:hr>119</ns3:hr>
          </ns3:TrackPointExtension>
        </extensions>
      </trkpt>
      <trkpt lat="22.589309848845005035400390625" lon="114.26669262349605560302734375">
        <ele>9.19999980926513671875</ele>
        <time>2025-02-20T00:29:38.000Z</time>
        <extensions>
          <ns3:TrackPointExtension>
            <ns3:atemp>23.0</ns3:atemp>
            <ns3:hr>119</ns3:hr>
          </ns3:TrackPointExtension>
        </extensions>
      </trkpt>
      <trkpt lat="22.58934245444834232330322265625" lon="114.2667484469711780548095703125">
        <ele>9.19999980926513671875</ele>
        <time>2025-02-20T00:29:39.000Z</time>
        <extensions>
          <ns3:TrackPointExtension>
            <ns3:atemp>23.0</ns3:atemp>
            <ns3:hr>119</ns3:hr>
          </ns3:TrackPointExtension>
        </extensions>
      </trkpt>
      <trkpt lat="22.58937397040426731109619140625" lon="114.266800917685031890869140625">
        <ele>9.19999980926513671875</ele>
        <time>2025-02-20T00:29:40.000Z</time>
        <extensions>
          <ns3:TrackPointExtension>
            <ns3:atemp>23.0</ns3:atemp>
            <ns3:hr>118</ns3:hr>
          </ns3:TrackPointExtension>
        </extensions>
      </trkpt>
      <trkpt lat="22.589408420026302337646484375" lon="114.2668486945331096649169921875">
        <ele>9.19999980926513671875</ele>
        <time>2025-02-20T00:29:41.000Z</time>
        <extensions>
          <ns3:TrackPointExtension>
            <ns3:atemp>23.0</ns3:atemp>
            <ns3:hr>115</ns3:hr>
          </ns3:TrackPointExtension>
        </extensions>
      </trkpt>
      <trkpt lat="22.5894454680383205413818359375" lon="114.266892783343791961669921875">
        <ele>9.19999980926513671875</ele>
        <time>2025-02-20T00:29:42.000Z</time>
        <extensions>
          <ns3:TrackPointExtension>
            <ns3:atemp>23.0</ns3:atemp>
            <ns3:hr>114</ns3:hr>
          </ns3:TrackPointExtension>
        </extensions>
      </trkpt>
      <trkpt lat="22.5894820131361484527587890625" lon="114.26693804562091827392578125">
        <ele>9</ele>
        <time>2025-02-20T00:29:43.000Z</time>
        <extensions>
          <ns3:TrackPointExtension>
            <ns3:atemp>23.0</ns3:atemp>
            <ns3:hr>113</ns3:hr>
          </ns3:TrackPointExtension>
        </extensions>
      </trkpt>
      <trkpt lat="22.58951998315751552581787109375" lon="114.266979284584522247314453125">
        <ele>9.19999980926513671875</ele>
        <time>2025-02-20T00:29:44.000Z</time>
        <extensions>
          <ns3:TrackPointExtension>
            <ns3:atemp>23.0</ns3:atemp>
            <ns3:hr>113</ns3:hr>
          </ns3:TrackPointExtension>
        </extensions>
      </trkpt>
      <trkpt lat="22.58955686353147029876708984375" lon="114.26702446304261684417724609375">
        <ele>9.19999980926513671875</ele>
        <time>2025-02-20T00:29:45.000Z</time>
        <extensions>
          <ns3:TrackPointExtension>
            <ns3:atemp>23.0</ns3:atemp>
            <ns3:hr>113</ns3:hr>
          </ns3:TrackPointExtension>
        </extensions>
      </trkpt>
      <trkpt lat="22.58959047496318817138671875" lon="114.26707257516682147979736328125">
        <ele>9.3999996185302734375</ele>
        <time>2025-02-20T00:29:46.000Z</time>
        <extensions>
          <ns3:TrackPointExtension>
            <ns3:atemp>23.0</ns3:atemp>
            <ns3:hr>112</ns3:hr>
          </ns3:TrackPointExtension>
        </extensions>
      </trkpt>
      <trkpt lat="22.5896211527287960052490234375" lon="114.26712311804294586181640625">
        <ele>9.3999996185302734375</ele>
        <time>2025-02-20T00:29:47.000Z</time>
        <extensions>
          <ns3:TrackPointExtension>
            <ns3:atemp>23.0</ns3:atemp>
            <ns3:hr>112</ns3:hr>
          </ns3:TrackPointExtension>
        </extensions>
      </trkpt>
      <trkpt lat="22.5896513275802135467529296875" lon="114.26717676222324371337890625">
        <ele>9.3999996185302734375</ele>
        <time>2025-02-20T00:29:48.000Z</time>
        <extensions>
          <ns3:TrackPointExtension>
            <ns3:atemp>23.0</ns3:atemp>
            <ns3:hr>111</ns3:hr>
          </ns3:TrackPointExtension>
        </extensions>
      </trkpt>
      <trkpt lat="22.58968141861259937286376953125" lon="114.26723082549870014190673828125">
        <ele>9.6000003814697265625</ele>
        <time>2025-02-20T00:29:49.000Z</time>
        <extensions>
          <ns3:TrackPointExtension>
            <ns3:atemp>23.0</ns3:atemp>
            <ns3:hr>111</ns3:hr>
          </ns3:TrackPointExtension>
        </extensions>
      </trkpt>
      <trkpt lat="22.58971511386334896087646484375" lon="114.267283044755458831787109375">
        <ele>9.6000003814697265625</ele>
        <time>2025-02-20T00:29:50.000Z</time>
        <extensions>
          <ns3:TrackPointExtension>
            <ns3:atemp>23.0</ns3:atemp>
            <ns3:hr>111</ns3:hr>
          </ns3:TrackPointExtension>
        </extensions>
      </trkpt>
      <trkpt lat="22.58975098840892314910888671875" lon="114.26733677275478839874267578125">
        <ele>9.3999996185302734375</ele>
        <time>2025-02-20T00:29:51.000Z</time>
        <extensions>
          <ns3:TrackPointExtension>
            <ns3:atemp>23.0</ns3:atemp>
            <ns3:hr>111</ns3:hr>
          </ns3:TrackPointExtension>
        </extensions>
      </trkpt>
      <trkpt lat="22.58978300727903842926025390625" lon="114.26739133894443511962890625">
        <ele>9.3999996185302734375</ele>
        <time>2025-02-20T00:29:52.000Z</time>
        <extensions>
          <ns3:TrackPointExtension>
            <ns3:atemp>23.0</ns3:atemp>
            <ns3:hr>111</ns3:hr>
          </ns3:TrackPointExtension>
        </extensions>
      </trkpt>
      <trkpt lat="22.58981552906334400177001953125" lon="114.26744808442890644073486328125">
        <ele>9.19999980926513671875</ele>
        <time>2025-02-20T00:29:53.000Z</time>
        <extensions>
          <ns3:TrackPointExtension>
            <ns3:atemp>23.0</ns3:atemp>
            <ns3:hr>111</ns3:hr>
          </ns3:TrackPointExtension>
        </extensions>
      </trkpt>
      <trkpt lat="22.5898488052189350128173828125" lon="114.2675034888088703155517578125">
        <ele>9</ele>
        <time>2025-02-20T00:29:54.000Z</time>
        <extensions>
          <ns3:TrackPointExtension>
            <ns3:atemp>23.0</ns3:atemp>
            <ns3:hr>111</ns3:hr>
          </ns3:TrackPointExtension>
        </extensions>
      </trkpt>
      <trkpt lat="22.58988685905933380126953125" lon="114.26755688153207302093505859375">
        <ele>8.6000003814697265625</ele>
        <time>2025-02-20T00:29:55.000Z</time>
        <extensions>
          <ns3:TrackPointExtension>
            <ns3:atemp>23.0</ns3:atemp>
            <ns3:hr>110</ns3:hr>
          </ns3:TrackPointExtension>
        </extensions>
      </trkpt>
      <trkpt lat="22.58992181159555912017822265625" lon="114.26761086098849773406982421875">
        <ele>8.3999996185302734375</ele>
        <time>2025-02-20T00:29:56.000Z</time>
        <extensions>
          <ns3:TrackPointExtension>
            <ns3:atemp>23.0</ns3:atemp>
            <ns3:hr>111</ns3:hr>
          </ns3:TrackPointExtension>
        </extensions>
      </trkpt>
      <trkpt lat="22.58995617739856243133544921875" lon="114.26766416989266872406005859375">
        <ele>8.3999996185302734375</ele>
        <time>2025-02-20T00:29:57.000Z</time>
        <extensions>
          <ns3:TrackPointExtension>
            <ns3:atemp>23.0</ns3:atemp>
            <ns3:hr>111</ns3:hr>
          </ns3:TrackPointExtension>
        </extensions>
      </trkpt>
      <trkpt lat="22.58998719044029712677001953125" lon="114.26771982572972774505615234375">
        <ele>8.3999996185302734375</ele>
        <time>2025-02-20T00:29:58.000Z</time>
        <extensions>
          <ns3:TrackPointExtension>
            <ns3:atemp>23.0</ns3:atemp>
            <ns3:hr>111</ns3:hr>
          </ns3:TrackPointExtension>
        </extensions>
      </trkpt>
      <trkpt lat="22.59002004750072956085205078125" lon="114.2677743919193744659423828125">
        <ele>8.19999980926513671875</ele>
        <time>2025-02-20T00:29:59.000Z</time>
        <extensions>
          <ns3:TrackPointExtension>
            <ns3:atemp>23.0</ns3:atemp>
            <ns3:hr>111</ns3:hr>
          </ns3:TrackPointExtension>
        </extensions>
      </trkpt>
      <trkpt lat="22.5900536589324474334716796875" lon="114.26782862283289432525634765625">
        <ele>8.19999980926513671875</ele>
        <time>2025-02-20T00:30:00.000Z</time>
        <extensions>
          <ns3:TrackPointExtension>
            <ns3:atemp>23.0</ns3:atemp>
            <ns3:hr>112</ns3:hr>
          </ns3:TrackPointExtension>
        </extensions>
      </trkpt>
      <trkpt lat="22.59008090011775493621826171875" lon="114.26788763143122196197509765625">
        <ele>8.19999980926513671875</ele>
        <time>2025-02-20T00:30:01.000Z</time>
        <extensions>
          <ns3:TrackPointExtension>
            <ns3:atemp>23.0</ns3:atemp>
            <ns3:hr>112</ns3:hr>
          </ns3:TrackPointExtension>
        </extensions>
      </trkpt>
      <trkpt lat="22.590108476579189300537109375" lon="114.267948903143405914306640625">
        <ele>8.19999980926513671875</ele>
        <time>2025-02-20T00:30:02.000Z</time>
        <extensions>
          <ns3:TrackPointExtension>
            <ns3:atemp>23.0</ns3:atemp>
            <ns3:hr>112</ns3:hr>
          </ns3:TrackPointExtension>
        </extensions>
      </trkpt>
      <trkpt lat="22.5901368074119091033935546875" lon="114.26800824701786041259765625">
        <ele>8.19999980926513671875</ele>
        <time>2025-02-20T00:30:03.000Z</time>
        <extensions>
          <ns3:TrackPointExtension>
            <ns3:atemp>23.0</ns3:atemp>
            <ns3:hr>111</ns3:hr>
          </ns3:TrackPointExtension>
        </extensions>
      </trkpt>
      <trkpt lat="22.59016522206366062164306640625" lon="114.26806616596877574920654296875">
        <ele>8</ele>
        <time>2025-02-20T00:30:04.000Z</time>
        <extensions>
          <ns3:TrackPointExtension>
            <ns3:atemp>23.0</ns3:atemp>
            <ns3:hr>111</ns3:hr>
          </ns3:TrackPointExtension>
        </extensions>
      </trkpt>
      <trkpt lat="22.59019003249704837799072265625" lon="114.26812492311000823974609375">
        <ele>8</ele>
        <time>2025-02-20T00:30:05.000Z</time>
        <extensions>
          <ns3:TrackPointExtension>
            <ns3:atemp>23.0</ns3:atemp>
            <ns3:hr>111</ns3:hr>
          </ns3:TrackPointExtension>
        </extensions>
      </trkpt>
      <trkpt lat="22.59021115489304065704345703125" lon="114.26818736828863620758056640625">
        <ele>7.80000019073486328125</ele>
        <time>2025-02-20T00:30:06.000Z</time>
        <extensions>
          <ns3:TrackPointExtension>
            <ns3:atemp>23.0</ns3:atemp>
            <ns3:hr>111</ns3:hr>
          </ns3:TrackPointExtension>
        </extensions>
      </trkpt>
      <trkpt lat="22.59022976271808147430419921875" lon="114.26825232803821563720703125">
        <ele>7.80000019073486328125</ele>
        <time>2025-02-20T00:30:07.000Z</time>
        <extensions>
          <ns3:TrackPointExtension>
            <ns3:atemp>23.0</ns3:atemp>
            <ns3:hr>111</ns3:hr>
          </ns3:TrackPointExtension>
        </extensions>
      </trkpt>
      <trkpt lat="22.59024652652442455291748046875" lon="114.2683175392448902130126953125">
        <ele>7.80000019073486328125</ele>
        <time>2025-02-20T00:30:08.000Z</time>
        <extensions>
          <ns3:TrackPointExtension>
            <ns3:atemp>23.0</ns3:atemp>
            <ns3:hr>111</ns3:hr>
          </ns3:TrackPointExtension>
        </extensions>
      </trkpt>
      <trkpt lat="22.5902628712356090545654296875" lon="114.26838568411767482757568359375">
        <ele>7.80000019073486328125</ele>
        <time>2025-02-20T00:30:09.000Z</time>
        <extensions>
          <ns3:TrackPointExtension>
            <ns3:atemp>23.0</ns3:atemp>
            <ns3:hr>111</ns3:hr>
          </ns3:TrackPointExtension>
        </extensions>
      </trkpt>
      <trkpt lat="22.59027452208101749420166015625" lon="114.268453828990459442138671875">
        <ele>7.80000019073486328125</ele>
        <time>2025-02-20T00:30:10.000Z</time>
        <extensions>
          <ns3:TrackPointExtension>
            <ns3:atemp>22.0</ns3:atemp>
            <ns3:hr>112</ns3:hr>
          </ns3:TrackPointExtension>
        </extensions>
      </trkpt>
      <trkpt lat="22.590285502374172210693359375" lon="114.26852096803486347198486328125">
        <ele>7.599999904632568359375</ele>
        <time>2025-02-20T00:30:11.000Z</time>
        <extensions>
          <ns3:TrackPointExtension>
            <ns3:atemp>23.0</ns3:atemp>
            <ns3:hr>111</ns3:hr>
          </ns3:TrackPointExtension>
        </extensions>
      </trkpt>
      <trkpt lat="22.59029581211507320404052734375" lon="114.26858467049896717071533203125">
        <ele>7.599999904632568359375</ele>
        <time>2025-02-20T00:30:12.000Z</time>
        <extensions>
          <ns3:TrackPointExtension>
            <ns3:atemp>22.0</ns3:atemp>
            <ns3:hr>111</ns3:hr>
          </ns3:TrackPointExtension>
        </extensions>
      </trkpt>
      <trkpt lat="22.59030804969370365142822265625" lon="114.268649630248546600341796875">
        <ele>7.599999904632568359375</ele>
        <time>2025-02-20T00:30:13.000Z</time>
        <extensions>
          <ns3:TrackPointExtension>
            <ns3:atemp>23.0</ns3:atemp>
            <ns3:hr>111</ns3:hr>
          </ns3:TrackPointExtension>
        </extensions>
      </trkpt>
      <trkpt lat="22.5903158448636531829833984375" lon="114.26871023140847682952880859375">
        <ele>7.400000095367431640625</ele>
        <time>2025-02-20T00:30:14.000Z</time>
        <extensions>
          <ns3:TrackPointExtension>
            <ns3:atemp>22.0</ns3:atemp>
            <ns3:hr>110</ns3:hr>
          </ns3:TrackPointExtension>
        </extensions>
      </trkpt>
      <trkpt lat="22.59031894616782665252685546875" lon="114.26877208985388278961181640625">
        <ele>7.19999980926513671875</ele>
        <time>2025-02-20T00:30:15.000Z</time>
        <extensions>
          <ns3:TrackPointExtension>
            <ns3:atemp>22.0</ns3:atemp>
            <ns3:hr>110</ns3:hr>
          </ns3:TrackPointExtension>
        </extensions>
      </trkpt>
      <trkpt lat="22.59031542576849460601806640625" lon="114.2688295058906078338623046875">
        <ele>7.19999980926513671875</ele>
        <time>2025-02-20T00:30:16.000Z</time>
        <extensions>
          <ns3:TrackPointExtension>
            <ns3:atemp>22.0</ns3:atemp>
            <ns3:hr>109</ns3:hr>
          </ns3:TrackPointExtension>
        </extensions>
      </trkpt>
      <trkpt lat="22.59031341411173343658447265625" lon="114.2688814736902713775634765625">
        <ele>7.19999980926513671875</ele>
        <time>2025-02-20T00:30:17.000Z</time>
        <extensions>
          <ns3:TrackPointExtension>
            <ns3:atemp>22.0</ns3:atemp>
            <ns3:hr>108</ns3:hr>
          </ns3:TrackPointExtension>
        </extensions>
      </trkpt>
      <trkpt lat="22.59031659923493862152099609375" lon="114.268935956060886383056640625">
        <ele>7.400000095367431640625</ele>
        <time>2025-02-20T00:30:18.000Z</time>
        <extensions>
          <ns3:TrackPointExtension>
            <ns3:atemp>22.0</ns3:atemp>
            <ns3:hr>107</ns3:hr>
          </ns3:TrackPointExtension>
        </extensions>
      </trkpt>
      <trkpt lat="22.59031777270138263702392578125" lon="114.26898063160479068756103515625">
        <ele>7.599999904632568359375</ele>
        <time>2025-02-20T00:30:19.000Z</time>
        <extensions>
          <ns3:TrackPointExtension>
            <ns3:atemp>22.0</ns3:atemp>
            <ns3:hr>107</ns3:hr>
          </ns3:TrackPointExtension>
        </extensions>
      </trkpt>
      <trkpt lat="22.590325064957141876220703125" lon="114.269013069570064544677734375">
        <ele>7.80000019073486328125</ele>
        <time>2025-02-20T00:30:20.000Z</time>
        <extensions>
          <ns3:TrackPointExtension>
            <ns3:atemp>22.0</ns3:atemp>
            <ns3:hr>107</ns3:hr>
          </ns3:TrackPointExtension>
        </extensions>
      </trkpt>
      <trkpt lat="22.59032942354679107666015625" lon="114.2690522968769073486328125">
        <ele>7.80000019073486328125</ele>
        <time>2025-02-20T00:30:21.000Z</time>
        <extensions>
          <ns3:TrackPointExtension>
            <ns3:atemp>22.0</ns3:atemp>
            <ns3:hr>107</ns3:hr>
          </ns3:TrackPointExtension>
        </extensions>
      </trkpt>
      <trkpt lat="22.59033001028001308441162109375" lon="114.2690923623740673065185546875">
        <ele>8</ele>
        <time>2025-02-20T00:30:22.000Z</time>
        <extensions>
          <ns3:TrackPointExtension>
            <ns3:atemp>22.0</ns3:atemp>
            <ns3:hr>106</ns3:hr>
          </ns3:TrackPointExtension>
        </extensions>
      </trkpt>
      <trkpt lat="22.5903316028416156768798828125" lon="114.26913603208959102630615234375">
        <ele>8</ele>
        <time>2025-02-20T00:30:23.000Z</time>
        <extensions>
          <ns3:TrackPointExtension>
            <ns3:atemp>22.0</ns3:atemp>
            <ns3:hr>106</ns3:hr>
          </ns3:TrackPointExtension>
        </extensions>
      </trkpt>
      <trkpt lat="22.59033118374645709991455078125" lon="114.269166626036167144775390625">
        <ele>8.19999980926513671875</ele>
        <time>2025-02-20T00:30:24.000Z</time>
        <extensions>
          <ns3:TrackPointExtension>
            <ns3:atemp>22.0</ns3:atemp>
            <ns3:hr>106</ns3:hr>
          </ns3:TrackPointExtension>
        </extensions>
      </trkpt>
      <trkpt lat="22.59032933972775936126708984375" lon="114.26918707787990570068359375">
        <ele>8.19999980926513671875</ele>
        <time>2025-02-20T00:30:25.000Z</time>
        <extensions>
          <ns3:TrackPointExtension>
            <ns3:atemp>22.0</ns3:atemp>
            <ns3:hr>106</ns3:hr>
          </ns3:TrackPointExtension>
        </extensions>
      </trkpt>
      <trkpt lat="22.59032950736582279205322265625" lon="114.2692060209810733795166015625">
        <ele>8.19999980926513671875</ele>
        <time>2025-02-20T00:30:26.000Z</time>
        <extensions>
          <ns3:TrackPointExtension>
            <ns3:atemp>23.0</ns3:atemp>
            <ns3:hr>107</ns3:hr>
          </ns3:TrackPointExtension>
        </extensions>
      </trkpt>
      <trkpt lat="22.59033336304128170013427734375" lon="114.26922865211963653564453125">
        <ele>8.3999996185302734375</ele>
        <time>2025-02-20T00:30:27.000Z</time>
        <extensions>
          <ns3:TrackPointExtension>
            <ns3:atemp>22.0</ns3:atemp>
            <ns3:hr>108</ns3:hr>
          </ns3:TrackPointExtension>
        </extensions>
      </trkpt>
      <trkpt lat="22.59033403359353542327880859375" lon="114.2692586593329906463623046875">
        <ele>8.3999996185302734375</ele>
        <time>2025-02-20T00:30:28.000Z</time>
        <extensions>
          <ns3:TrackPointExtension>
            <ns3:atemp>22.0</ns3:atemp>
            <ns3:hr>112</ns3:hr>
          </ns3:TrackPointExtension>
        </extensions>
      </trkpt>
      <trkpt lat="22.590329088270664215087890625" lon="114.2692928574979305267333984375">
        <ele>8.3999996185302734375</ele>
        <time>2025-02-20T00:30:29.000Z</time>
        <extensions>
          <ns3:TrackPointExtension>
            <ns3:atemp>22.0</ns3:atemp>
            <ns3:hr>113</ns3:hr>
          </ns3:TrackPointExtension>
        </extensions>
      </trkpt>
      <trkpt lat="22.59031735360622406005859375" lon="114.2693327553570270538330078125">
        <ele>8.19999980926513671875</ele>
        <time>2025-02-20T00:30:30.000Z</time>
        <extensions>
          <ns3:TrackPointExtension>
            <ns3:atemp>22.0</ns3:atemp>
            <ns3:hr>114</ns3:hr>
          </ns3:TrackPointExtension>
        </extensions>
      </trkpt>
      <trkpt lat="22.59030570276081562042236328125" lon="114.269375838339328765869140625">
        <ele>8</ele>
        <time>2025-02-20T00:30:31.000Z</time>
        <extensions>
          <ns3:TrackPointExtension>
            <ns3:atemp>22.0</ns3:atemp>
            <ns3:hr>114</ns3:hr>
          </ns3:TrackPointExtension>
        </extensions>
      </trkpt>
      <trkpt lat="22.59029723703861236572265625" lon="114.26941665820777416229248046875">
        <ele>7.80000019073486328125</ele>
        <time>2025-02-20T00:30:32.000Z</time>
        <extensions>
          <ns3:TrackPointExtension>
            <ns3:atemp>22.0</ns3:atemp>
            <ns3:hr>115</ns3:hr>
          </ns3:TrackPointExtension>
        </extensions>
      </trkpt>
      <trkpt lat="22.590286843478679656982421875" lon="114.2694599926471710205078125">
        <ele>7.80000019073486328125</ele>
        <time>2025-02-20T00:30:33.000Z</time>
        <extensions>
          <ns3:TrackPointExtension>
            <ns3:atemp>22.0</ns3:atemp>
            <ns3:hr>116</ns3:hr>
          </ns3:TrackPointExtension>
        </extensions>
      </trkpt>
      <trkpt lat="22.5902786292135715484619140625" lon="114.2695057578384876251220703125">
        <ele>7.80000019073486328125</ele>
        <time>2025-02-20T00:30:34.000Z</time>
        <extensions>
          <ns3:TrackPointExtension>
            <ns3:atemp>22.0</ns3:atemp>
            <ns3:hr>116</ns3:hr>
          </ns3:TrackPointExtension>
        </extensions>
      </trkpt>
      <trkpt lat="22.590269409120082855224609375" lon="114.2695565521717071533203125">
        <ele>7.599999904632568359375</ele>
        <time>2025-02-20T00:30:35.000Z</time>
        <extensions>
          <ns3:TrackPointExtension>
            <ns3:atemp>22.0</ns3:atemp>
            <ns3:hr>116</ns3:hr>
          </ns3:TrackPointExtension>
        </extensions>
      </trkpt>
      <trkpt lat="22.5902571715414524078369140625" lon="114.26960860379040241241455078125">
        <ele>7.599999904632568359375</ele>
        <time>2025-02-20T00:30:36.000Z</time>
        <extensions>
          <ns3:TrackPointExtension>
            <ns3:atemp>22.0</ns3:atemp>
            <ns3:hr>117</ns3:hr>
          </ns3:TrackPointExtension>
        </extensions>
      </trkpt>
      <trkpt lat="22.5902457721531391143798828125" lon="114.26966291852295398712158203125">
        <ele>7.599999904632568359375</ele>
        <time>2025-02-20T00:30:37.000Z</time>
        <extensions>
          <ns3:TrackPointExtension>
            <ns3:atemp>22.0</ns3:atemp>
            <ns3:hr>117</ns3:hr>
          </ns3:TrackPointExtension>
        </extensions>
      </trkpt>
      <trkpt lat="22.5902390666306018829345703125" lon="114.26971840672194957733154296875">
        <ele>7.400000095367431640625</ele>
        <time>2025-02-20T00:30:38.000Z</time>
        <extensions>
          <ns3:TrackPointExtension>
            <ns3:atemp>22.0</ns3:atemp>
            <ns3:hr>116</ns3:hr>
          </ns3:TrackPointExtension>
        </extensions>
      </trkpt>
      <trkpt lat="22.59022892452776432037353515625" lon="114.269771464169025421142578125">
        <ele>7.400000095367431640625</ele>
        <time>2025-02-20T00:30:39.000Z</time>
        <extensions>
          <ns3:TrackPointExtension>
            <ns3:atemp>22.0</ns3:atemp>
            <ns3:hr>116</ns3:hr>
          </ns3:TrackPointExtension>
        </extensions>
      </trkpt>
      <trkpt lat="22.59021232835948467254638671875" lon="114.2698212526738643646240234375">
        <ele>7.400000095367431640625</ele>
        <time>2025-02-20T00:30:40.000Z</time>
        <extensions>
          <ns3:TrackPointExtension>
            <ns3:atemp>22.0</ns3:atemp>
            <ns3:hr>115</ns3:hr>
          </ns3:TrackPointExtension>
        </extensions>
      </trkpt>
      <trkpt lat="22.5901961512863636016845703125" lon="114.269871376454830169677734375">
        <ele>7.400000095367431640625</ele>
        <time>2025-02-20T00:30:41.000Z</time>
        <extensions>
          <ns3:TrackPointExtension>
            <ns3:atemp>22.0</ns3:atemp>
            <ns3:hr>113</ns3:hr>
          </ns3:TrackPointExtension>
        </extensions>
      </trkpt>
      <trkpt lat="22.590181566774845123291015625" lon="114.269920326769351959228515625">
        <ele>7.400000095367431640625</ele>
        <time>2025-02-20T00:30:42.000Z</time>
        <extensions>
          <ns3:TrackPointExtension>
            <ns3:atemp>22.0</ns3:atemp>
            <ns3:hr>109</ns3:hr>
          </ns3:TrackPointExtension>
        </extensions>
      </trkpt>
      <trkpt lat="22.59016673080623149871826171875" lon="114.2699687741696834564208984375">
        <ele>7.400000095367431640625</ele>
        <time>2025-02-20T00:30:43.000Z</time>
        <extensions>
          <ns3:TrackPointExtension>
            <ns3:atemp>22.0</ns3:atemp>
            <ns3:hr>108</ns3:hr>
          </ns3:TrackPointExtension>
        </extensions>
      </trkpt>
      <trkpt lat="22.59015197865664958953857421875" lon="114.2700187303125858306884765625">
        <ele>7.400000095367431640625</ele>
        <time>2025-02-20T00:30:44.000Z</time>
        <extensions>
          <ns3:TrackPointExtension>
            <ns3:atemp>22.0</ns3:atemp>
            <ns3:hr>108</ns3:hr>
          </ns3:TrackPointExtension>
        </extensions>
      </trkpt>
      <trkpt lat="22.59013638831675052642822265625" lon="114.27006818354129791259765625">
        <ele>7.400000095367431640625</ele>
        <time>2025-02-20T00:30:45.000Z</time>
        <extensions>
          <ns3:TrackPointExtension>
            <ns3:atemp>22.0</ns3:atemp>
            <ns3:hr>108</ns3:hr>
          </ns3:TrackPointExtension>
        </extensions>
      </trkpt>
      <trkpt lat="22.5901203788816928863525390625" lon="114.2701152898371219635009765625">
        <ele>7.400000095367431640625</ele>
        <time>2025-02-20T00:30:46.000Z</time>
        <extensions>
          <ns3:TrackPointExtension>
            <ns3:atemp>22.0</ns3:atemp>
            <ns3:hr>108</ns3:hr>
          </ns3:TrackPointExtension>
        </extensions>
      </trkpt>
      <trkpt lat="22.5900994241237640380859375" lon="114.27015862427651882171630859375">
        <ele>7.400000095367431640625</ele>
        <time>2025-02-20T00:30:47.000Z</time>
        <extensions>
          <ns3:TrackPointExtension>
            <ns3:atemp>22.0</ns3:atemp>
            <ns3:hr>108</ns3:hr>
          </ns3:TrackPointExtension>
        </extensions>
      </trkpt>
      <trkpt lat="22.590074948966503143310546875" lon="114.2702024616301059722900390625">
        <ele>7.400000095367431640625</ele>
        <time>2025-02-20T00:30:48.000Z</time>
        <extensions>
          <ns3:TrackPointExtension>
            <ns3:atemp>22.0</ns3:atemp>
            <ns3:hr>108</ns3:hr>
          </ns3:TrackPointExtension>
        </extensions>
      </trkpt>
      <trkpt lat="22.5900560058653354644775390625" lon="114.27024914883077144622802734375">
        <ele>7.400000095367431640625</ele>
        <time>2025-02-20T00:30:49.000Z</time>
        <extensions>
          <ns3:TrackPointExtension>
            <ns3:atemp>22.0</ns3:atemp>
            <ns3:hr>107</ns3:hr>
          </ns3:TrackPointExtension>
        </extensions>
      </trkpt>
      <trkpt lat="22.59004108607769012451171875" lon="114.27029876969754695892333984375">
        <ele>7.19999980926513671875</ele>
        <time>2025-02-20T00:30:50.000Z</time>
        <extensions>
          <ns3:TrackPointExtension>
            <ns3:atemp>22.0</ns3:atemp>
            <ns3:hr>108</ns3:hr>
          </ns3:TrackPointExtension>
        </extensions>
      </trkpt>
      <trkpt lat="22.5900311954319477081298828125" lon="114.27034436725080013275146484375">
        <ele>7.19999980926513671875</ele>
        <time>2025-02-20T00:30:51.000Z</time>
        <extensions>
          <ns3:TrackPointExtension>
            <ns3:atemp>22.0</ns3:atemp>
            <ns3:hr>107</ns3:hr>
          </ns3:TrackPointExtension>
        </extensions>
      </trkpt>
      <trkpt lat="22.590028010308742523193359375" lon="114.27038845606148242950439453125">
        <ele>7.19999980926513671875</ele>
        <time>2025-02-20T00:30:52.000Z</time>
        <extensions>
          <ns3:TrackPointExtension>
            <ns3:atemp>22.0</ns3:atemp>
            <ns3:hr>107</ns3:hr>
          </ns3:TrackPointExtension>
        </extensions>
      </trkpt>
      <trkpt lat="22.5900161080062389373779296875" lon="114.27043237723410129547119140625">
        <ele>7.19999980926513671875</ele>
        <time>2025-02-20T00:30:53.000Z</time>
        <extensions>
          <ns3:TrackPointExtension>
            <ns3:atemp>22.0</ns3:atemp>
            <ns3:hr>107</ns3:hr>
          </ns3:TrackPointExtension>
        </extensions>
      </trkpt>
      <trkpt lat="22.5900016911327838897705078125" lon="114.2704793997108936309814453125">
        <ele>7.19999980926513671875</ele>
        <time>2025-02-20T00:30:54.000Z</time>
        <extensions>
          <ns3:TrackPointExtension>
            <ns3:atemp>22.0</ns3:atemp>
            <ns3:hr>107</ns3:hr>
          </ns3:TrackPointExtension>
        </extensions>
      </trkpt>
      <trkpt lat="22.5899827480316162109375" lon="114.27052441053092479705810546875">
        <ele>7.19999980926513671875</ele>
        <time>2025-02-20T00:30:55.000Z</time>
        <extensions>
          <ns3:TrackPointExtension>
            <ns3:atemp>22.0</ns3:atemp>
            <ns3:hr>108</ns3:hr>
          </ns3:TrackPointExtension>
        </extensions>
      </trkpt>
      <trkpt lat="22.58996866643428802490234375" lon="114.2705739475786685943603515625">
        <ele>7.19999980926513671875</ele>
        <time>2025-02-20T00:30:56.000Z</time>
        <extensions>
          <ns3:TrackPointExtension>
            <ns3:atemp>22.0</ns3:atemp>
            <ns3:hr>108</ns3:hr>
          </ns3:TrackPointExtension>
        </extensions>
      </trkpt>
      <trkpt lat="22.5899547524750232696533203125" lon="114.27062616683542728424072265625">
        <ele>7.19999980926513671875</ele>
        <time>2025-02-20T00:30:57.000Z</time>
        <extensions>
          <ns3:TrackPointExtension>
            <ns3:atemp>22.0</ns3:atemp>
            <ns3:hr>108</ns3:hr>
          </ns3:TrackPointExtension>
        </extensions>
      </trkpt>
      <trkpt lat="22.58993689902126789093017578125" lon="114.270676039159297943115234375">
        <ele>7.19999980926513671875</ele>
        <time>2025-02-20T00:30:58.000Z</time>
        <extensions>
          <ns3:TrackPointExtension>
            <ns3:atemp>22.0</ns3:atemp>
            <ns3:hr>108</ns3:hr>
          </ns3:TrackPointExtension>
        </extensions>
      </trkpt>
      <trkpt lat="22.58992306888103485107421875" lon="114.27072800695896148681640625">
        <ele>7</ele>
        <time>2025-02-20T00:30:59.000Z</time>
        <extensions>
          <ns3:TrackPointExtension>
            <ns3:atemp>22.0</ns3:atemp>
            <ns3:hr>108</ns3:hr>
          </ns3:TrackPointExtension>
        </extensions>
      </trkpt>
      <trkpt lat="22.58990404196083545684814453125" lon="114.270775616168975830078125">
        <ele>7</ele>
        <time>2025-02-20T00:31:00.000Z</time>
        <extensions>
          <ns3:TrackPointExtension>
            <ns3:atemp>22.0</ns3:atemp>
            <ns3:hr>108</ns3:hr>
          </ns3:TrackPointExtension>
        </extensions>
      </trkpt>
      <trkpt lat="22.5898823328316211700439453125" lon="114.2708183638751506805419921875">
        <ele>7</ele>
        <time>2025-02-20T00:31:01.000Z</time>
        <extensions>
          <ns3:TrackPointExtension>
            <ns3:atemp>22.0</ns3:atemp>
            <ns3:hr>107</ns3:hr>
          </ns3:TrackPointExtension>
        </extensions>
      </trkpt>
      <trkpt lat="22.58986582048237323760986328125" lon="114.270866811275482177734375">
        <ele>6.80000019073486328125</ele>
        <time>2025-02-20T00:31:02.000Z</time>
        <extensions>
          <ns3:TrackPointExtension>
            <ns3:atemp>22.0</ns3:atemp>
            <ns3:hr>107</ns3:hr>
          </ns3:TrackPointExtension>
        </extensions>
      </trkpt>
      <trkpt lat="22.58985643275082111358642578125" lon="114.27091869525611400604248046875">
        <ele>6.80000019073486328125</ele>
        <time>2025-02-20T00:31:03.000Z</time>
        <extensions>
          <ns3:TrackPointExtension>
            <ns3:atemp>22.0</ns3:atemp>
            <ns3:hr>106</ns3:hr>
          </ns3:TrackPointExtension>
        </extensions>
      </trkpt>
      <trkpt lat="22.5898437760770320892333984375" lon="114.27096496336162090301513671875">
        <ele>6.80000019073486328125</ele>
        <time>2025-02-20T00:31:04.000Z</time>
        <extensions>
          <ns3:TrackPointExtension>
            <ns3:atemp>22.0</ns3:atemp>
            <ns3:hr>106</ns3:hr>
          </ns3:TrackPointExtension>
        </extensions>
      </trkpt>
      <trkpt lat="22.58983011357486248016357421875" lon="114.2710121534764766693115234375">
        <ele>6.80000019073486328125</ele>
        <time>2025-02-20T00:31:05.000Z</time>
        <extensions>
          <ns3:TrackPointExtension>
            <ns3:atemp>22.0</ns3:atemp>
            <ns3:hr>106</ns3:hr>
          </ns3:TrackPointExtension>
        </extensions>
      </trkpt>
      <trkpt lat="22.58981117047369480133056640625" lon="114.2710614390671253204345703125">
        <ele>6.80000019073486328125</ele>
        <time>2025-02-20T00:31:06.000Z</time>
        <extensions>
          <ns3:TrackPointExtension>
            <ns3:atemp>22.0</ns3:atemp>
            <ns3:hr>105</ns3:hr>
          </ns3:TrackPointExtension>
        </extensions>
      </trkpt>
      <trkpt lat="22.5897894613444805145263671875" lon="114.27111030556261539459228515625">
        <ele>6.599999904632568359375</ele>
        <time>2025-02-20T00:31:07.000Z</time>
        <extensions>
          <ns3:TrackPointExtension>
            <ns3:atemp>22.0</ns3:atemp>
            <ns3:hr>106</ns3:hr>
          </ns3:TrackPointExtension>
        </extensions>
      </trkpt>
      <trkpt lat="22.5897770561277866363525390625" lon="114.27116227336227893829345703125">
        <ele>6.599999904632568359375</ele>
        <time>2025-02-20T00:31:08.000Z</time>
        <extensions>
          <ns3:TrackPointExtension>
            <ns3:atemp>22.0</ns3:atemp>
            <ns3:hr>106</ns3:hr>
          </ns3:TrackPointExtension>
        </extensions>
      </trkpt>
      <trkpt lat="22.5897596217691898345947265625" lon="114.271215163171291351318359375">
        <ele>6.599999904632568359375</ele>
        <time>2025-02-20T00:31:09.000Z</time>
        <extensions>
          <ns3:TrackPointExtension>
            <ns3:atemp>22.0</ns3:atemp>
            <ns3:hr>107</ns3:hr>
          </ns3:TrackPointExtension>
        </extensions>
      </trkpt>
      <trkpt lat="22.58974243886768817901611328125" lon="114.27126805298030376434326171875">
        <ele>6.599999904632568359375</ele>
        <time>2025-02-20T00:31:10.000Z</time>
        <extensions>
          <ns3:TrackPointExtension>
            <ns3:atemp>22.0</ns3:atemp>
            <ns3:hr>107</ns3:hr>
          </ns3:TrackPointExtension>
        </extensions>
      </trkpt>
      <trkpt lat="22.5897214002907276153564453125" lon="114.271317757666110992431640625">
        <ele>6.599999904632568359375</ele>
        <time>2025-02-20T00:31:11.000Z</time>
        <extensions>
          <ns3:TrackPointExtension>
            <ns3:atemp>22.0</ns3:atemp>
            <ns3:hr>107</ns3:hr>
          </ns3:TrackPointExtension>
        </extensions>
      </trkpt>
      <trkpt lat="22.589698769152164459228515625" lon="114.27136746235191822052001953125">
        <ele>6.599999904632568359375</ele>
        <time>2025-02-20T00:31:12.000Z</time>
        <extensions>
          <ns3:TrackPointExtension>
            <ns3:atemp>22.0</ns3:atemp>
            <ns3:hr>108</ns3:hr>
          </ns3:TrackPointExtension>
        </extensions>
      </trkpt>
      <trkpt lat="22.5896825082600116729736328125" lon="114.27141959778964519500732421875">
        <ele>6.400000095367431640625</ele>
        <time>2025-02-20T00:31:13.000Z</time>
        <extensions>
          <ns3:TrackPointExtension>
            <ns3:atemp>22.0</ns3:atemp>
            <ns3:hr>108</ns3:hr>
          </ns3:TrackPointExtension>
        </extensions>
      </trkpt>
      <trkpt lat="22.58966624736785888671875" lon="114.27147005684673786163330078125">
        <ele>6.400000095367431640625</ele>
        <time>2025-02-20T00:31:14.000Z</time>
        <extensions>
          <ns3:TrackPointExtension>
            <ns3:atemp>22.0</ns3:atemp>
            <ns3:hr>108</ns3:hr>
          </ns3:TrackPointExtension>
        </extensions>
      </trkpt>
      <trkpt lat="22.58965493179857730865478515625" lon="114.27151649259030818939208984375">
        <ele>6.400000095367431640625</ele>
        <time>2025-02-20T00:31:15.000Z</time>
        <extensions>
          <ns3:TrackPointExtension>
            <ns3:atemp>22.0</ns3:atemp>
            <ns3:hr>108</ns3:hr>
          </ns3:TrackPointExtension>
        </extensions>
      </trkpt>
      <trkpt lat="22.58964554406702518463134765625" lon="114.27156276069581508636474609375">
        <ele>6.599999904632568359375</ele>
        <time>2025-02-20T00:31:16.000Z</time>
        <extensions>
          <ns3:TrackPointExtension>
            <ns3:atemp>22.0</ns3:atemp>
            <ns3:hr>108</ns3:hr>
          </ns3:TrackPointExtension>
        </extensions>
      </trkpt>
      <trkpt lat="22.589631043374538421630859375" lon="114.27161321975290775299072265625">
        <ele>6.599999904632568359375</ele>
        <time>2025-02-20T00:31:17.000Z</time>
        <extensions>
          <ns3:TrackPointExtension>
            <ns3:atemp>22.0</ns3:atemp>
            <ns3:hr>108</ns3:hr>
          </ns3:TrackPointExtension>
        </extensions>
      </trkpt>
      <trkpt lat="22.5896179676055908203125" lon="114.27166543900966644287109375">
        <ele>6.599999904632568359375</ele>
        <time>2025-02-20T00:31:18.000Z</time>
        <extensions>
          <ns3:TrackPointExtension>
            <ns3:atemp>22.0</ns3:atemp>
            <ns3:hr>108</ns3:hr>
          </ns3:TrackPointExtension>
        </extensions>
      </trkpt>
      <trkpt lat="22.5896013714373111724853515625" lon="114.27171648479998111724853515625">
        <ele>6.599999904632568359375</ele>
        <time>2025-02-20T00:31:19.000Z</time>
        <extensions>
          <ns3:TrackPointExtension>
            <ns3:atemp>22.0</ns3:atemp>
            <ns3:hr>108</ns3:hr>
          </ns3:TrackPointExtension>
        </extensions>
      </trkpt>
      <trkpt lat="22.58958335034549236297607421875" lon="114.27176862023770809173583984375">
        <ele>6.599999904632568359375</ele>
        <time>2025-02-20T00:31:20.000Z</time>
        <extensions>
          <ns3:TrackPointExtension>
            <ns3:atemp>22.0</ns3:atemp>
            <ns3:hr>109</ns3:hr>
          </ns3:TrackPointExtension>
        </extensions>
      </trkpt>
      <trkpt lat="22.5895701907575130462646484375" lon="114.271821677684783935546875">
        <ele>6.599999904632568359375</ele>
        <time>2025-02-20T00:31:21.000Z</time>
        <extensions>
          <ns3:TrackPointExtension>
            <ns3:atemp>22.0</ns3:atemp>
            <ns3:hr>109</ns3:hr>
          </ns3:TrackPointExtension>
        </extensions>
      </trkpt>
      <trkpt lat="22.5895551033318042755126953125" lon="114.271875321865081787109375">
        <ele>6.599999904632568359375</ele>
        <time>2025-02-20T00:31:22.000Z</time>
        <extensions>
          <ns3:TrackPointExtension>
            <ns3:atemp>22.0</ns3:atemp>
            <ns3:hr>109</ns3:hr>
          </ns3:TrackPointExtension>
        </extensions>
      </trkpt>
      <trkpt lat="22.5895406864583492279052734375" lon="114.27192955277860164642333984375">
        <ele>6.599999904632568359375</ele>
        <time>2025-02-20T00:31:23.000Z</time>
        <extensions>
          <ns3:TrackPointExtension>
            <ns3:atemp>22.0</ns3:atemp>
            <ns3:hr>109</ns3:hr>
          </ns3:TrackPointExtension>
        </extensions>
      </trkpt>
      <trkpt lat="22.58952668868005275726318359375" lon="114.27198604680597782135009765625">
        <ele>6.599999904632568359375</ele>
        <time>2025-02-20T00:31:24.000Z</time>
        <extensions>
          <ns3:TrackPointExtension>
            <ns3:atemp>22.0</ns3:atemp>
            <ns3:hr>108</ns3:hr>
          </ns3:TrackPointExtension>
        </extensions>
      </trkpt>
      <trkpt lat="22.589507661759853363037109375" lon="114.2720407806336879730224609375">
        <ele>6.599999904632568359375</ele>
        <time>2025-02-20T00:31:25.000Z</time>
        <extensions>
          <ns3:TrackPointExtension>
            <ns3:atemp>22.0</ns3:atemp>
            <ns3:hr>108</ns3:hr>
          </ns3:TrackPointExtension>
        </extensions>
      </trkpt>
      <trkpt lat="22.5894890539348125457763671875" lon="114.27209459245204925537109375">
        <ele>6.599999904632568359375</ele>
        <time>2025-02-20T00:31:26.000Z</time>
        <extensions>
          <ns3:TrackPointExtension>
            <ns3:atemp>22.0</ns3:atemp>
            <ns3:hr>108</ns3:hr>
          </ns3:TrackPointExtension>
        </extensions>
      </trkpt>
      <trkpt lat="22.5894716195762157440185546875" lon="114.2721487395465373992919921875">
        <ele>6.80000019073486328125</ele>
        <time>2025-02-20T00:31:27.000Z</time>
        <extensions>
          <ns3:TrackPointExtension>
            <ns3:atemp>22.0</ns3:atemp>
            <ns3:hr>108</ns3:hr>
          </ns3:TrackPointExtension>
        </extensions>
      </trkpt>
      <trkpt lat="22.5894481502473354339599609375" lon="114.27219945006072521209716796875">
        <ele>6.80000019073486328125</ele>
        <time>2025-02-20T00:31:28.000Z</time>
        <extensions>
          <ns3:TrackPointExtension>
            <ns3:atemp>22.0</ns3:atemp>
            <ns3:hr>109</ns3:hr>
          </ns3:TrackPointExtension>
        </extensions>
      </trkpt>
      <trkpt lat="22.58942510001361370086669921875" lon="114.2722486518323421478271484375">
        <ele>6.80000019073486328125</ele>
        <time>2025-02-20T00:31:29.000Z</time>
        <extensions>
          <ns3:TrackPointExtension>
            <ns3:atemp>22.0</ns3:atemp>
            <ns3:hr>108</ns3:hr>
          </ns3:TrackPointExtension>
        </extensions>
      </trkpt>
      <trkpt lat="22.58939878083765506744384765625" lon="114.27229751832783222198486328125">
        <ele>6.80000019073486328125</ele>
        <time>2025-02-20T00:31:30.000Z</time>
        <extensions>
          <ns3:TrackPointExtension>
            <ns3:atemp>22.0</ns3:atemp>
            <ns3:hr>108</ns3:hr>
          </ns3:TrackPointExtension>
        </extensions>
      </trkpt>
      <trkpt lat="22.58936843834817409515380859375" lon="114.272345714271068572998046875">
        <ele>6.80000019073486328125</ele>
        <time>2025-02-20T00:31:31.000Z</time>
        <extensions>
          <ns3:TrackPointExtension>
            <ns3:atemp>22.0</ns3:atemp>
            <ns3:hr>108</ns3:hr>
          </ns3:TrackPointExtension>
        </extensions>
      </trkpt>
      <trkpt lat="22.58933809585869312286376953125" lon="114.27239290438592433929443359375">
        <ele>6.80000019073486328125</ele>
        <time>2025-02-20T00:31:32.000Z</time>
        <extensions>
          <ns3:TrackPointExtension>
            <ns3:atemp>22.0</ns3:atemp>
            <ns3:hr>109</ns3:hr>
          </ns3:TrackPointExtension>
        </extensions>
      </trkpt>
      <trkpt lat="22.58930674754083156585693359375" lon="114.2724357359111309051513671875">
        <ele>7</ele>
        <time>2025-02-20T00:31:33.000Z</time>
        <extensions>
          <ns3:TrackPointExtension>
            <ns3:atemp>22.0</ns3:atemp>
            <ns3:hr>109</ns3:hr>
          </ns3:TrackPointExtension>
        </extensions>
      </trkpt>
      <trkpt lat="22.5892778299748897552490234375" lon="114.272479154169559478759765625">
        <ele>7</ele>
        <time>2025-02-20T00:31:34.000Z</time>
        <extensions>
          <ns3:TrackPointExtension>
            <ns3:atemp>22.0</ns3:atemp>
            <ns3:hr>111</ns3:hr>
          </ns3:TrackPointExtension>
        </extensions>
      </trkpt>
      <trkpt lat="22.58924639783799648284912109375" lon="114.27252399735152721405029296875">
        <ele>7</ele>
        <time>2025-02-20T00:31:35.000Z</time>
        <extensions>
          <ns3:TrackPointExtension>
            <ns3:atemp>22.0</ns3:atemp>
            <ns3:hr>111</ns3:hr>
          </ns3:TrackPointExtension>
        </extensions>
      </trkpt>
      <trkpt lat="22.5892168097198009490966796875" lon="114.27257068455219268798828125">
        <ele>7</ele>
        <time>2025-02-20T00:31:36.000Z</time>
        <extensions>
          <ns3:TrackPointExtension>
            <ns3:atemp>22.0</ns3:atemp>
            <ns3:hr>111</ns3:hr>
          </ns3:TrackPointExtension>
        </extensions>
      </trkpt>
      <trkpt lat="22.5891832821071147918701171875" lon="114.27261955104768276214599609375">
        <ele>7.19999980926513671875</ele>
        <time>2025-02-20T00:31:37.000Z</time>
        <extensions>
          <ns3:TrackPointExtension>
            <ns3:atemp>22.0</ns3:atemp>
            <ns3:hr>112</ns3:hr>
          </ns3:TrackPointExtension>
        </extensions>
      </trkpt>
      <trkpt lat="22.58915168233215808868408203125" lon="114.2726700939238071441650390625">
        <ele>7.19999980926513671875</ele>
        <time>2025-02-20T00:31:38.000Z</time>
        <extensions>
          <ns3:TrackPointExtension>
            <ns3:atemp>22.0</ns3:atemp>
            <ns3:hr>112</ns3:hr>
          </ns3:TrackPointExtension>
        </extensions>
      </trkpt>
      <trkpt lat="22.589120082557201385498046875" lon="114.2727254144847393035888671875">
        <ele>7.400000095367431640625</ele>
        <time>2025-02-20T00:31:39.000Z</time>
        <extensions>
          <ns3:TrackPointExtension>
            <ns3:atemp>22.0</ns3:atemp>
            <ns3:hr>112</ns3:hr>
          </ns3:TrackPointExtension>
        </extensions>
      </trkpt>
      <trkpt lat="22.58909032680094242095947265625" lon="114.27277478389441967010498046875">
        <ele>7.599999904632568359375</ele>
        <time>2025-02-20T00:31:40.000Z</time>
        <extensions>
          <ns3:TrackPointExtension>
            <ns3:atemp>22.0</ns3:atemp>
            <ns3:hr>112</ns3:hr>
          </ns3:TrackPointExtension>
        </extensions>
      </trkpt>
      <trkpt lat="22.589064426720142364501953125" lon="114.27282708697021007537841796875">
        <ele>7.599999904632568359375</ele>
        <time>2025-02-20T00:31:41.000Z</time>
        <extensions>
          <ns3:TrackPointExtension>
            <ns3:atemp>22.0</ns3:atemp>
            <ns3:hr>113</ns3:hr>
          </ns3:TrackPointExtension>
        </extensions>
      </trkpt>
      <trkpt lat="22.58904196321964263916015625" lon="114.27287913858890533447265625">
        <ele>7.599999904632568359375</ele>
        <time>2025-02-20T00:31:42.000Z</time>
        <extensions>
          <ns3:TrackPointExtension>
            <ns3:atemp>22.0</ns3:atemp>
            <ns3:hr>113</ns3:hr>
          </ns3:TrackPointExtension>
        </extensions>
      </trkpt>
      <trkpt lat="22.5890210084617137908935546875" lon="114.2729319445788860321044921875">
        <ele>7.599999904632568359375</ele>
        <time>2025-02-20T00:31:43.000Z</time>
        <extensions>
          <ns3:TrackPointExtension>
            <ns3:atemp>22.0</ns3:atemp>
            <ns3:hr>113</ns3:hr>
          </ns3:TrackPointExtension>
        </extensions>
      </trkpt>
      <trkpt lat="22.58900064043700695037841796875" lon="114.27298567257821559906005859375">
        <ele>7.599999904632568359375</ele>
        <time>2025-02-20T00:31:44.000Z</time>
        <extensions>
          <ns3:TrackPointExtension>
            <ns3:atemp>22.0</ns3:atemp>
            <ns3:hr>114</ns3:hr>
          </ns3:TrackPointExtension>
        </extensions>
      </trkpt>
      <trkpt lat="22.58898220025002956390380859375" lon="114.27304401062428951263427734375">
        <ele>7.599999904632568359375</ele>
        <time>2025-02-20T00:31:45.000Z</time>
        <extensions>
          <ns3:TrackPointExtension>
            <ns3:atemp>22.0</ns3:atemp>
            <ns3:hr>114</ns3:hr>
          </ns3:TrackPointExtension>
        </extensions>
      </trkpt>
      <trkpt lat="22.58895722217857837677001953125" lon="114.273100085556507110595703125">
        <ele>7.400000095367431640625</ele>
        <time>2025-02-20T00:31:46.000Z</time>
        <extensions>
          <ns3:TrackPointExtension>
            <ns3:atemp>22.0</ns3:atemp>
            <ns3:hr>113</ns3:hr>
          </ns3:TrackPointExtension>
        </extensions>
      </trkpt>
      <trkpt lat="22.58892402984201908111572265625" lon="114.27315331064164638519287109375">
        <ele>7.400000095367431640625</ele>
        <time>2025-02-20T00:31:47.000Z</time>
        <extensions>
          <ns3:TrackPointExtension>
            <ns3:atemp>22.0</ns3:atemp>
            <ns3:hr>113</ns3:hr>
          </ns3:TrackPointExtension>
        </extensions>
      </trkpt>
      <trkpt lat="22.588886059820652008056640625" lon="114.273203350603580474853515625">
        <ele>7.400000095367431640625</ele>
        <time>2025-02-20T00:31:48.000Z</time>
        <extensions>
          <ns3:TrackPointExtension>
            <ns3:atemp>22.0</ns3:atemp>
            <ns3:hr>112</ns3:hr>
          </ns3:TrackPointExtension>
        </extensions>
      </trkpt>
      <trkpt lat="22.58884624578058719635009765625" lon="114.27325204946100711822509765625">
        <ele>7.400000095367431640625</ele>
        <time>2025-02-20T00:31:49.000Z</time>
        <extensions>
          <ns3:TrackPointExtension>
            <ns3:atemp>22.0</ns3:atemp>
            <ns3:hr>112</ns3:hr>
          </ns3:TrackPointExtension>
        </extensions>
      </trkpt>
      <trkpt lat="22.588805593550205230712890625" lon="114.27329965867102146148681640625">
        <ele>7.400000095367431640625</ele>
        <time>2025-02-20T00:31:50.000Z</time>
        <extensions>
          <ns3:TrackPointExtension>
            <ns3:atemp>22.0</ns3:atemp>
            <ns3:hr>112</ns3:hr>
          </ns3:TrackPointExtension>
        </extensions>
      </trkpt>
      <trkpt lat="22.58876427076756954193115234375" lon="114.2733480222523212432861328125">
        <ele>7.400000095367431640625</ele>
        <time>2025-02-20T00:31:51.000Z</time>
        <extensions>
          <ns3:TrackPointExtension>
            <ns3:atemp>22.0</ns3:atemp>
            <ns3:hr>112</ns3:hr>
          </ns3:TrackPointExtension>
        </extensions>
      </trkpt>
      <trkpt lat="22.58872202597558498382568359375" lon="114.2733959667384624481201171875">
        <ele>7.400000095367431640625</ele>
        <time>2025-02-20T00:31:52.000Z</time>
        <extensions>
          <ns3:TrackPointExtension>
            <ns3:atemp>22.0</ns3:atemp>
            <ns3:hr>112</ns3:hr>
          </ns3:TrackPointExtension>
        </extensions>
      </trkpt>
      <trkpt lat="22.58868028409779071807861328125" lon="114.27344382740557193756103515625">
        <ele>7.19999980926513671875</ele>
        <time>2025-02-20T00:31:53.000Z</time>
        <extensions>
          <ns3:TrackPointExtension>
            <ns3:atemp>22.0</ns3:atemp>
            <ns3:hr>113</ns3:hr>
          </ns3:TrackPointExtension>
        </extensions>
      </trkpt>
      <trkpt lat="22.58863870985805988311767578125" lon="114.273495040833950042724609375">
        <ele>7.19999980926513671875</ele>
        <time>2025-02-20T00:31:54.000Z</time>
        <extensions>
          <ns3:TrackPointExtension>
            <ns3:atemp>22.0</ns3:atemp>
            <ns3:hr>114</ns3:hr>
          </ns3:TrackPointExtension>
        </extensions>
      </trkpt>
      <trkpt lat="22.58859663270413875579833984375" lon="114.27354742772877216339111328125">
        <ele>7.19999980926513671875</ele>
        <time>2025-02-20T00:31:55.000Z</time>
        <extensions>
          <ns3:TrackPointExtension>
            <ns3:atemp>22.0</ns3:atemp>
            <ns3:hr>115</ns3:hr>
          </ns3:TrackPointExtension>
        </extensions>
      </trkpt>
      <trkpt lat="22.5885543040931224822998046875" lon="114.27359822206199169158935546875">
        <ele>7.19999980926513671875</ele>
        <time>2025-02-20T00:31:56.000Z</time>
        <extensions>
          <ns3:TrackPointExtension>
            <ns3:atemp>22.0</ns3:atemp>
            <ns3:hr>116</ns3:hr>
          </ns3:TrackPointExtension>
        </extensions>
      </trkpt>
      <trkpt lat="22.58851222693920135498046875" lon="114.27364935167133808135986328125">
        <ele>7.19999980926513671875</ele>
        <time>2025-02-20T00:31:57.000Z</time>
        <extensions>
          <ns3:TrackPointExtension>
            <ns3:atemp>22.0</ns3:atemp>
            <ns3:hr>117</ns3:hr>
          </ns3:TrackPointExtension>
        </extensions>
      </trkpt>
      <trkpt lat="22.5884704850614070892333984375" lon="114.2736973799765110015869140625">
        <ele>7.19999980926513671875</ele>
        <time>2025-02-20T00:31:58.000Z</time>
        <extensions>
          <ns3:TrackPointExtension>
            <ns3:atemp>22.0</ns3:atemp>
            <ns3:hr>118</ns3:hr>
          </ns3:TrackPointExtension>
        </extensions>
      </trkpt>
      <trkpt lat="22.588428743183612823486328125" lon="114.27374423481523990631103515625">
        <ele>7</ele>
        <time>2025-02-20T00:31:59.000Z</time>
        <extensions>
          <ns3:TrackPointExtension>
            <ns3:atemp>22.0</ns3:atemp>
            <ns3:hr>118</ns3:hr>
          </ns3:TrackPointExtension>
        </extensions>
      </trkpt>
      <trkpt lat="22.58838792331516742706298828125" lon="114.273790419101715087890625">
        <ele>7</ele>
        <time>2025-02-20T00:32:00.000Z</time>
        <extensions>
          <ns3:TrackPointExtension>
            <ns3:atemp>22.0</ns3:atemp>
            <ns3:hr>118</ns3:hr>
          </ns3:TrackPointExtension>
        </extensions>
      </trkpt>
      <trkpt lat="22.5883477739989757537841796875" lon="114.2738358490169048309326171875">
        <ele>7.19999980926513671875</ele>
        <time>2025-02-20T00:32:01.000Z</time>
        <extensions>
          <ns3:TrackPointExtension>
            <ns3:atemp>22.0</ns3:atemp>
            <ns3:hr>119</ns3:hr>
          </ns3:TrackPointExtension>
        </extensions>
      </trkpt>
      <trkpt lat="22.58831374347209930419921875" lon="114.27388639189302921295166015625">
        <ele>7.19999980926513671875</ele>
        <time>2025-02-20T00:32:02.000Z</time>
        <extensions>
          <ns3:TrackPointExtension>
            <ns3:atemp>22.0</ns3:atemp>
            <ns3:hr>119</ns3:hr>
          </ns3:TrackPointExtension>
        </extensions>
      </trkpt>
      <trkpt lat="22.58829438127577304840087890625" lon="114.27394674159586429595947265625">
        <ele>7.19999980926513671875</ele>
        <time>2025-02-20T00:32:03.000Z</time>
        <extensions>
          <ns3:TrackPointExtension>
            <ns3:atemp>22.0</ns3:atemp>
            <ns3:hr>119</ns3:hr>
          </ns3:TrackPointExtension>
        </extensions>
      </trkpt>
      <trkpt lat="22.58829371072351932525634765625" lon="114.2740068398416042327880859375">
        <ele>7.19999980926513671875</ele>
        <time>2025-02-20T00:32:04.000Z</time>
        <extensions>
          <ns3:TrackPointExtension>
            <ns3:atemp>22.0</ns3:atemp>
            <ns3:hr>118</ns3:hr>
          </ns3:TrackPointExtension>
        </extensions>
      </trkpt>
      <trkpt lat="22.5883135758340358734130859375" lon="114.2740653455257415771484375">
        <ele>7.19999980926513671875</ele>
        <time>2025-02-20T00:32:05.000Z</time>
        <extensions>
          <ns3:TrackPointExtension>
            <ns3:atemp>22.0</ns3:atemp>
            <ns3:hr>119</ns3:hr>
          </ns3:TrackPointExtension>
        </extensions>
      </trkpt>
      <trkpt lat="22.58834634907543659210205078125" lon="114.274114631116390228271484375">
        <ele>7.19999980926513671875</ele>
        <time>2025-02-20T00:32:06.000Z</time>
        <extensions>
          <ns3:TrackPointExtension>
            <ns3:atemp>22.0</ns3:atemp>
            <ns3:hr>119</ns3:hr>
          </ns3:TrackPointExtension>
        </extensions>
      </trkpt>
      <trkpt lat="22.58838616311550140380859375" lon="114.27415997721254825592041015625">
        <ele>7.19999980926513671875</ele>
        <time>2025-02-20T00:32:07.000Z</time>
        <extensions>
          <ns3:TrackPointExtension>
            <ns3:atemp>22.0</ns3:atemp>
            <ns3:hr>119</ns3:hr>
          </ns3:TrackPointExtension>
        </extensions>
      </trkpt>
      <trkpt lat="22.5884299166500568389892578125" lon="114.274207167327404022216796875">
        <ele>7</ele>
        <time>2025-02-20T00:32:08.000Z</time>
        <extensions>
          <ns3:TrackPointExtension>
            <ns3:atemp>22.0</ns3:atemp>
            <ns3:hr>121</ns3:hr>
          </ns3:TrackPointExtension>
        </extensions>
      </trkpt>
      <trkpt lat="22.58847534656524658203125" lon="114.27425519563257694244384765625">
        <ele>6.80000019073486328125</ele>
        <time>2025-02-20T00:32:09.000Z</time>
        <extensions>
          <ns3:TrackPointExtension>
            <ns3:atemp>22.0</ns3:atemp>
            <ns3:hr>120</ns3:hr>
          </ns3:TrackPointExtension>
        </extensions>
      </trkpt>
      <trkpt lat="22.5885227881371974945068359375" lon="114.27430263720452785491943359375">
        <ele>6.80000019073486328125</ele>
        <time>2025-02-20T00:32:10.000Z</time>
        <extensions>
          <ns3:TrackPointExtension>
            <ns3:atemp>22.0</ns3:atemp>
            <ns3:hr>120</ns3:hr>
          </ns3:TrackPointExtension>
        </extensions>
      </trkpt>
      <trkpt lat="22.58857249282300472259521484375" lon="114.27435175515711307525634765625">
        <ele>6.80000019073486328125</ele>
        <time>2025-02-20T00:32:11.000Z</time>
        <extensions>
          <ns3:TrackPointExtension>
            <ns3:atemp>22.0</ns3:atemp>
            <ns3:hr>120</ns3:hr>
          </ns3:TrackPointExtension>
        </extensions>
      </trkpt>
      <trkpt lat="22.58862379007041454315185546875" lon="114.27440053783357143402099609375">
        <ele>6.599999904632568359375</ele>
        <time>2025-02-20T00:32:12.000Z</time>
        <extensions>
          <ns3:TrackPointExtension>
            <ns3:atemp>22.0</ns3:atemp>
            <ns3:hr>120</ns3:hr>
          </ns3:TrackPointExtension>
        </extensions>
      </trkpt>
      <trkpt lat="22.58867693133652210235595703125" lon="114.2744487337768077850341796875">
        <ele>6.599999904632568359375</ele>
        <time>2025-02-20T00:32:13.000Z</time>
        <extensions>
          <ns3:TrackPointExtension>
            <ns3:atemp>22.0</ns3:atemp>
            <ns3:hr>120</ns3:hr>
          </ns3:TrackPointExtension>
        </extensions>
      </trkpt>
      <trkpt lat="22.58872856386005878448486328125" lon="114.2744993604719638824462890625">
        <ele>6.599999904632568359375</ele>
        <time>2025-02-20T00:32:14.000Z</time>
        <extensions>
          <ns3:TrackPointExtension>
            <ns3:atemp>22.0</ns3:atemp>
            <ns3:hr>120</ns3:hr>
          </ns3:TrackPointExtension>
        </extensions>
      </trkpt>
      <trkpt lat="22.5887811183929443359375" lon="114.27455124445259571075439453125">
        <ele>6.599999904632568359375</ele>
        <time>2025-02-20T00:32:15.000Z</time>
        <extensions>
          <ns3:TrackPointExtension>
            <ns3:atemp>22.0</ns3:atemp>
            <ns3:hr>120</ns3:hr>
          </ns3:TrackPointExtension>
        </extensions>
      </trkpt>
      <trkpt lat="22.58883216418325901031494140625" lon="114.27460354752838611602783203125">
        <ele>6.599999904632568359375</ele>
        <time>2025-02-20T00:32:16.000Z</time>
        <extensions>
          <ns3:TrackPointExtension>
            <ns3:atemp>22.0</ns3:atemp>
            <ns3:hr>121</ns3:hr>
          </ns3:TrackPointExtension>
        </extensions>
      </trkpt>
      <trkpt lat="22.588885389268398284912109375" lon="114.27465568296611309051513671875">
        <ele>6.599999904632568359375</ele>
        <time>2025-02-20T00:32:17.000Z</time>
        <extensions>
          <ns3:TrackPointExtension>
            <ns3:atemp>22.0</ns3:atemp>
            <ns3:hr>121</ns3:hr>
          </ns3:TrackPointExtension>
        </extensions>
      </trkpt>
      <trkpt lat="22.58894146420061588287353515625" lon="114.2747005261480808258056640625">
        <ele>6.599999904632568359375</ele>
        <time>2025-02-20T00:32:18.000Z</time>
        <extensions>
          <ns3:TrackPointExtension>
            <ns3:atemp>22.0</ns3:atemp>
            <ns3:hr>120</ns3:hr>
          </ns3:TrackPointExtension>
        </extensions>
      </trkpt>
      <trkpt lat="22.58899896405637264251708984375" lon="114.27473732270300388336181640625">
        <ele>6.599999904632568359375</ele>
        <time>2025-02-20T00:32:19.000Z</time>
        <extensions>
          <ns3:TrackPointExtension>
            <ns3:atemp>22.0</ns3:atemp>
            <ns3:hr>120</ns3:hr>
          </ns3:TrackPointExtension>
        </extensions>
      </trkpt>
      <trkpt lat="22.58905679918825626373291015625" lon="114.274773113429546356201171875">
        <ele>6.80000019073486328125</ele>
        <time>2025-02-20T00:32:20.000Z</time>
        <extensions>
          <ns3:TrackPointExtension>
            <ns3:atemp>22.0</ns3:atemp>
            <ns3:hr>120</ns3:hr>
          </ns3:TrackPointExtension>
        </extensions>
      </trkpt>
      <trkpt lat="22.58910767734050750732421875" lon="114.27481493912637233734130859375">
        <ele>6.80000019073486328125</ele>
        <time>2025-02-20T00:32:21.000Z</time>
        <extensions>
          <ns3:TrackPointExtension>
            <ns3:atemp>22.0</ns3:atemp>
            <ns3:hr>119</ns3:hr>
          </ns3:TrackPointExtension>
        </extensions>
      </trkpt>
      <trkpt lat="22.58915302343666553497314453125" lon="114.2748587764799594879150390625">
        <ele>7.19999980926513671875</ele>
        <time>2025-02-20T00:32:22.000Z</time>
        <extensions>
          <ns3:TrackPointExtension>
            <ns3:atemp>22.0</ns3:atemp>
            <ns3:hr>117</ns3:hr>
          </ns3:TrackPointExtension>
        </extensions>
      </trkpt>
      <trkpt lat="22.58919560350477695465087890625" lon="114.27490278147161006927490234375">
        <ele>7.80000019073486328125</ele>
        <time>2025-02-20T00:32:23.000Z</time>
        <extensions>
          <ns3:TrackPointExtension>
            <ns3:atemp>22.0</ns3:atemp>
            <ns3:hr>113</ns3:hr>
          </ns3:TrackPointExtension>
        </extensions>
      </trkpt>
      <trkpt lat="22.5892362557351589202880859375" lon="114.27494418807327747344970703125">
        <ele>8.3999996185302734375</ele>
        <time>2025-02-20T00:32:24.000Z</time>
        <extensions>
          <ns3:TrackPointExtension>
            <ns3:atemp>22.0</ns3:atemp>
            <ns3:hr>111</ns3:hr>
          </ns3:TrackPointExtension>
        </extensions>
      </trkpt>
      <trkpt lat="22.58927372284233570098876953125" lon="114.27498207427561283111572265625">
        <ele>9.19999980926513671875</ele>
        <time>2025-02-20T00:32:25.000Z</time>
        <extensions>
          <ns3:TrackPointExtension>
            <ns3:atemp>22.0</ns3:atemp>
            <ns3:hr>110</ns3:hr>
          </ns3:TrackPointExtension>
        </extensions>
      </trkpt>
      <trkpt lat="22.58930884301662445068359375" lon="114.27501878701150417327880859375">
        <ele>10</ele>
        <time>2025-02-20T00:32:26.000Z</time>
        <extensions>
          <ns3:TrackPointExtension>
            <ns3:atemp>22.0</ns3:atemp>
            <ns3:hr>110</ns3:hr>
          </ns3:TrackPointExtension>
        </extensions>
      </trkpt>
      <trkpt lat="22.5893445499241352081298828125" lon="114.27505332045257091522216796875">
        <ele>10.80000019073486328125</ele>
        <time>2025-02-20T00:32:27.000Z</time>
        <extensions>
          <ns3:TrackPointExtension>
            <ns3:atemp>22.0</ns3:atemp>
            <ns3:hr>110</ns3:hr>
          </ns3:TrackPointExtension>
        </extensions>
      </trkpt>
      <trkpt lat="22.58937933482229709625244140625" lon="114.27508232183754444122314453125">
        <ele>11.6000003814697265625</ele>
        <time>2025-02-20T00:32:28.000Z</time>
        <extensions>
          <ns3:TrackPointExtension>
            <ns3:atemp>22.0</ns3:atemp>
            <ns3:hr>110</ns3:hr>
          </ns3:TrackPointExtension>
        </extensions>
      </trkpt>
      <trkpt lat="22.58940950967371463775634765625" lon="114.2751125805079936981201171875">
        <ele>12.19999980926513671875</ele>
        <time>2025-02-20T00:32:29.000Z</time>
        <extensions>
          <ns3:TrackPointExtension>
            <ns3:atemp>22.0</ns3:atemp>
            <ns3:hr>109</ns3:hr>
          </ns3:TrackPointExtension>
        </extensions>
      </trkpt>
      <trkpt lat="22.58943197317421436309814453125" lon="114.2751474492251873016357421875">
        <ele>12.80000019073486328125</ele>
        <time>2025-02-20T00:32:30.000Z</time>
        <extensions>
          <ns3:TrackPointExtension>
            <ns3:atemp>22.0</ns3:atemp>
            <ns3:hr>109</ns3:hr>
          </ns3:TrackPointExtension>
        </extensions>
      </trkpt>
      <trkpt lat="22.5894515030086040496826171875" lon="114.27518374286592006683349609375">
        <ele>13.6000003814697265625</ele>
        <time>2025-02-20T00:32:31.000Z</time>
        <extensions>
          <ns3:TrackPointExtension>
            <ns3:atemp>22.0</ns3:atemp>
            <ns3:hr>111</ns3:hr>
          </ns3:TrackPointExtension>
        </extensions>
      </trkpt>
      <trkpt lat="22.58946969173848628997802734375" lon="114.275214336812496185302734375">
        <ele>14</ele>
        <time>2025-02-20T00:32:32.000Z</time>
        <extensions>
          <ns3:TrackPointExtension>
            <ns3:atemp>22.0</ns3:atemp>
            <ns3:hr>113</ns3:hr>
          </ns3:TrackPointExtension>
        </extensions>
      </trkpt>
      <trkpt lat="22.58948712609708309173583984375" lon="114.27524174563586711883544921875">
        <ele>14.3999996185302734375</ele>
        <time>2025-02-20T00:32:33.000Z</time>
        <extensions>
          <ns3:TrackPointExtension>
            <ns3:atemp>22.0</ns3:atemp>
            <ns3:hr>115</ns3:hr>
          </ns3:TrackPointExtension>
        </extensions>
      </trkpt>
      <trkpt lat="22.58950556628406047821044921875" lon="114.2752698250114917755126953125">
        <ele>15</ele>
        <time>2025-02-20T00:32:34.000Z</time>
        <extensions>
          <ns3:TrackPointExtension>
            <ns3:atemp>22.0</ns3:atemp>
            <ns3:hr>116</ns3:hr>
          </ns3:TrackPointExtension>
        </extensions>
      </trkpt>
      <trkpt lat="22.58952132426202297210693359375" lon="114.27529337815940380096435546875">
        <ele>15.3999996185302734375</ele>
        <time>2025-02-20T00:32:35.000Z</time>
        <extensions>
          <ns3:TrackPointExtension>
            <ns3:atemp>22.0</ns3:atemp>
            <ns3:hr>117</ns3:hr>
          </ns3:TrackPointExtension>
        </extensions>
      </trkpt>
      <trkpt lat="22.5895388424396514892578125" lon="114.2753144167363643646240234375">
        <ele>15.80000019073486328125</ele>
        <time>2025-02-20T00:32:36.000Z</time>
        <extensions>
          <ns3:TrackPointExtension>
            <ns3:atemp>22.0</ns3:atemp>
            <ns3:hr>118</ns3:hr>
          </ns3:TrackPointExtension>
        </extensions>
      </trkpt>
      <trkpt lat="22.5895564444363117218017578125" lon="114.27532942034304141998291015625">
        <ele>16.200000762939453125</ele>
        <time>2025-02-20T00:32:37.000Z</time>
        <extensions>
          <ns3:TrackPointExtension>
            <ns3:atemp>22.0</ns3:atemp>
            <ns3:hr>118</ns3:hr>
          </ns3:TrackPointExtension>
        </extensions>
      </trkpt>
      <trkpt lat="22.5895728729665279388427734375" lon="114.27534400485455989837646484375">
        <ele>16.6000003814697265625</ele>
        <time>2025-02-20T00:32:38.000Z</time>
        <extensions>
          <ns3:TrackPointExtension>
            <ns3:atemp>22.0</ns3:atemp>
            <ns3:hr>119</ns3:hr>
          </ns3:TrackPointExtension>
        </extensions>
      </trkpt>
      <trkpt lat="22.5895913131535053253173828125" lon="114.2753580026328563690185546875">
        <ele>16.799999237060546875</ele>
        <time>2025-02-20T00:32:39.000Z</time>
        <extensions>
          <ns3:TrackPointExtension>
            <ns3:atemp>22.0</ns3:atemp>
            <ns3:hr>120</ns3:hr>
          </ns3:TrackPointExtension>
        </extensions>
      </trkpt>
      <trkpt lat="22.589609920978546142578125" lon="114.27537233568727970123291015625">
        <ele>17.200000762939453125</ele>
        <time>2025-02-20T00:32:40.000Z</time>
        <extensions>
          <ns3:TrackPointExtension>
            <ns3:atemp>22.0</ns3:atemp>
            <ns3:hr>122</ns3:hr>
          </ns3:TrackPointExtension>
        </extensions>
      </trkpt>
      <trkpt lat="22.58963204920291900634765625" lon="114.2753861658275127410888671875">
        <ele>17.3999996185302734375</ele>
        <time>2025-02-20T00:32:41.000Z</time>
        <extensions>
          <ns3:TrackPointExtension>
            <ns3:atemp>22.0</ns3:atemp>
            <ns3:hr>122</ns3:hr>
          </ns3:TrackPointExtension>
        </extensions>
      </trkpt>
      <trkpt lat="22.589654512703418731689453125" lon="114.275402091443538665771484375">
        <ele>17.6000003814697265625</ele>
        <time>2025-02-20T00:32:42.000Z</time>
        <extensions>
          <ns3:TrackPointExtension>
            <ns3:atemp>22.0</ns3:atemp>
            <ns3:hr>123</ns3:hr>
          </ns3:TrackPointExtension>
        </extensions>
      </trkpt>
      <trkpt lat="22.58967655710875988006591796875" lon="114.275424890220165252685546875">
        <ele>18</ele>
        <time>2025-02-20T00:32:43.000Z</time>
        <extensions>
          <ns3:TrackPointExtension>
            <ns3:atemp>22.0</ns3:atemp>
            <ns3:hr>124</ns3:hr>
          </ns3:TrackPointExtension>
        </extensions>
      </trkpt>
      <trkpt lat="22.5896888785064220428466796875" lon="114.2754421569406986236572265625">
        <ele>18</ele>
        <time>2025-02-20T00:32:44.000Z</time>
        <extensions>
          <ns3:TrackPointExtension>
            <ns3:atemp>22.0</ns3:atemp>
            <ns3:hr>137</ns3:hr>
          </ns3:TrackPointExtension>
        </extensions>
      </trkpt>
      <trkpt lat="22.589695751667022705078125" lon="114.2754502035677433013916015625">
        <ele>18.200000762939453125</ele>
        <time>2025-02-20T00:32:45.000Z</time>
        <extensions>
          <ns3:TrackPointExtension>
            <ns3:atemp>22.0</ns3:atemp>
            <ns3:hr>152</ns3:hr>
          </ns3:TrackPointExtension>
        </extensions>
      </trkpt>
      <trkpt lat="22.5896996073424816131591796875" lon="114.27545883692800998687744140625">
        <ele>18.3999996185302734375</ele>
        <time>2025-02-20T00:32:46.000Z</time>
        <extensions>
          <ns3:TrackPointExtension>
            <ns3:atemp>22.0</ns3:atemp>
            <ns3:hr>153</ns3:hr>
          </ns3:TrackPointExtension>
        </extensions>
      </trkpt>
      <trkpt lat="22.58970421738922595977783203125" lon="114.2754642851650714874267578125">
        <ele>18.6000003814697265625</ele>
        <time>2025-02-20T00:32:47.000Z</time>
        <extensions>
          <ns3:TrackPointExtension>
            <ns3:atemp>22.0</ns3:atemp>
            <ns3:hr>153</ns3:hr>
          </ns3:TrackPointExtension>
        </extensions>
      </trkpt>
      <trkpt lat="22.58970522321760654449462890625" lon="114.27546881139278411865234375">
        <ele>18.6000003814697265625</ele>
        <time>2025-02-20T00:32:48.000Z</time>
        <extensions>
          <ns3:TrackPointExtension>
            <ns3:atemp>22.0</ns3:atemp>
            <ns3:hr>153</ns3:hr>
          </ns3:TrackPointExtension>
        </extensions>
      </trkpt>
      <trkpt lat="22.58970891125500202178955078125" lon="114.275474511086940765380859375">
        <ele>18.6000003814697265625</ele>
        <time>2025-02-20T00:32:49.000Z</time>
        <extensions>
          <ns3:TrackPointExtension>
            <ns3:atemp>22.0</ns3:atemp>
            <ns3:hr>153</ns3:hr>
          </ns3:TrackPointExtension>
        </extensions>
      </trkpt>
      <trkpt lat="22.589710168540477752685546875" lon="114.27547945640981197357177734375">
        <ele>18.6000003814697265625</ele>
        <time>2025-02-20T00:32:50.000Z</time>
        <extensions>
          <ns3:TrackPointExtension>
            <ns3:atemp>21.0</ns3:atemp>
            <ns3:hr>153</ns3:hr>
          </ns3:TrackPointExtension>
        </extensions>
      </trkpt>
      <trkpt lat="22.5897123478353023529052734375" lon="114.27548482082784175872802734375">
        <ele>18.6000003814697265625</ele>
        <time>2025-02-20T00:32:51.000Z</time>
        <extensions>
          <ns3:TrackPointExtension>
            <ns3:atemp>22.0</ns3:atemp>
            <ns3:hr>152</ns3:hr>
          </ns3:TrackPointExtension>
        </extensions>
      </trkpt>
      <trkpt lat="22.58970874361693859100341796875" lon="114.2754991538822650909423828125">
        <ele>18.6000003814697265625</ele>
        <time>2025-02-20T00:32:52.000Z</time>
        <extensions>
          <ns3:TrackPointExtension>
            <ns3:atemp>22.0</ns3:atemp>
            <ns3:hr>152</ns3:hr>
          </ns3:TrackPointExtension>
        </extensions>
      </trkpt>
      <trkpt lat="22.5897069834172725677490234375" lon="114.27551734261214733123779296875">
        <ele>18.6000003814697265625</ele>
        <time>2025-02-20T00:32:53.000Z</time>
        <extensions>
          <ns3:TrackPointExtension>
            <ns3:atemp>22.0</ns3:atemp>
            <ns3:hr>152</ns3:hr>
          </ns3:TrackPointExtension>
        </extensions>
      </trkpt>
      <trkpt lat="22.589702792465686798095703125" lon="114.27554315887391567230224609375">
        <ele>18.6000003814697265625</ele>
        <time>2025-02-20T00:32:54.000Z</time>
        <extensions>
          <ns3:TrackPointExtension>
            <ns3:atemp>22.0</ns3:atemp>
            <ns3:hr>152</ns3:hr>
          </ns3:TrackPointExtension>
        </extensions>
      </trkpt>
      <trkpt lat="22.5896962545812129974365234375" lon="114.27557635121047496795654296875">
        <ele>18.6000003814697265625</ele>
        <time>2025-02-20T00:32:55.000Z</time>
        <extensions>
          <ns3:TrackPointExtension>
            <ns3:atemp>22.0</ns3:atemp>
            <ns3:hr>153</ns3:hr>
          </ns3:TrackPointExtension>
        </extensions>
      </trkpt>
      <trkpt lat="22.5896902196109294891357421875" lon="114.275618009269237518310546875">
        <ele>18.3999996185302734375</ele>
        <time>2025-02-20T00:32:56.000Z</time>
        <extensions>
          <ns3:TrackPointExtension>
            <ns3:atemp>22.0</ns3:atemp>
            <ns3:hr>153</ns3:hr>
          </ns3:TrackPointExtension>
        </extensions>
      </trkpt>
      <trkpt lat="22.589678652584552764892578125" lon="114.27566234953701496124267578125">
        <ele>18.3999996185302734375</ele>
        <time>2025-02-20T00:32:57.000Z</time>
        <extensions>
          <ns3:TrackPointExtension>
            <ns3:atemp>22.0</ns3:atemp>
            <ns3:hr>153</ns3:hr>
          </ns3:TrackPointExtension>
        </extensions>
      </trkpt>
      <trkpt lat="22.5896714441478252410888671875" lon="114.27570845000445842742919921875">
        <ele>18.3999996185302734375</ele>
        <time>2025-02-20T00:32:58.000Z</time>
        <extensions>
          <ns3:TrackPointExtension>
            <ns3:atemp>22.0</ns3:atemp>
            <ns3:hr>152</ns3:hr>
          </ns3:TrackPointExtension>
        </extensions>
      </trkpt>
      <trkpt lat="22.58966465480625629425048828125" lon="114.27575714886188507080078125">
        <ele>18.200000762939453125</ele>
        <time>2025-02-20T00:32:59.000Z</time>
        <extensions>
          <ns3:TrackPointExtension>
            <ns3:atemp>22.0</ns3:atemp>
            <ns3:hr>152</ns3:hr>
          </ns3:TrackPointExtension>
        </extensions>
      </trkpt>
      <trkpt lat="22.58965811692178249359130859375" lon="114.27580618299543857574462890625">
        <ele>18.200000762939453125</ele>
        <time>2025-02-20T00:33:00.000Z</time>
        <extensions>
          <ns3:TrackPointExtension>
            <ns3:atemp>22.0</ns3:atemp>
            <ns3:hr>152</ns3:hr>
          </ns3:TrackPointExtension>
        </extensions>
      </trkpt>
      <trkpt lat="22.5896523334085941314697265625" lon="114.27585865370929241180419921875">
        <ele>18.200000762939453125</ele>
        <time>2025-02-20T00:33:01.000Z</time>
        <extensions>
          <ns3:TrackPointExtension>
            <ns3:atemp>22.0</ns3:atemp>
            <ns3:hr>152</ns3:hr>
          </ns3:TrackPointExtension>
        </extensions>
      </trkpt>
      <trkpt lat="22.58964680135250091552734375" lon="114.2759122140705585479736328125">
        <ele>18.3999996185302734375</ele>
        <time>2025-02-20T00:33:02.000Z</time>
        <extensions>
          <ns3:TrackPointExtension>
            <ns3:atemp>22.0</ns3:atemp>
            <ns3:hr>152</ns3:hr>
          </ns3:TrackPointExtension>
        </extensions>
      </trkpt>
      <trkpt lat="22.58963875472545623779296875" lon="114.27596745081245899200439453125">
        <ele>18.3999996185302734375</ele>
        <time>2025-02-20T00:33:03.000Z</time>
        <extensions>
          <ns3:TrackPointExtension>
            <ns3:atemp>22.0</ns3:atemp>
            <ns3:hr>151</ns3:hr>
          </ns3:TrackPointExtension>
        </extensions>
      </trkpt>
      <trkpt lat="22.58962760679423809051513671875" lon="114.27602025680243968963623046875">
        <ele>18.3999996185302734375</ele>
        <time>2025-02-20T00:33:04.000Z</time>
        <extensions>
          <ns3:TrackPointExtension>
            <ns3:atemp>22.0</ns3:atemp>
            <ns3:hr>152</ns3:hr>
          </ns3:TrackPointExtension>
        </extensions>
      </trkpt>
      <trkpt lat="22.589615285396575927734375" lon="114.27607423625886440277099609375">
        <ele>18.6000003814697265625</ele>
        <time>2025-02-20T00:33:05.000Z</time>
        <extensions>
          <ns3:TrackPointExtension>
            <ns3:atemp>22.0</ns3:atemp>
            <ns3:hr>152</ns3:hr>
          </ns3:TrackPointExtension>
        </extensions>
      </trkpt>
      <trkpt lat="22.58960254490375518798828125" lon="114.27612788043916225433349609375">
        <ele>18.799999237060546875</ele>
        <time>2025-02-20T00:33:06.000Z</time>
        <extensions>
          <ns3:TrackPointExtension>
            <ns3:atemp>22.0</ns3:atemp>
            <ns3:hr>152</ns3:hr>
          </ns3:TrackPointExtension>
        </extensions>
      </trkpt>
      <trkpt lat="22.58958770893514156341552734375" lon="114.27618118934333324432373046875">
        <ele>19</ele>
        <time>2025-02-20T00:33:07.000Z</time>
        <extensions>
          <ns3:TrackPointExtension>
            <ns3:atemp>22.0</ns3:atemp>
            <ns3:hr>152</ns3:hr>
          </ns3:TrackPointExtension>
        </extensions>
      </trkpt>
      <trkpt lat="22.58957128040492534637451171875" lon="114.27623366005718708038330078125">
        <ele>19.200000762939453125</ele>
        <time>2025-02-20T00:33:08.000Z</time>
        <extensions>
          <ns3:TrackPointExtension>
            <ns3:atemp>22.0</ns3:atemp>
            <ns3:hr>152</ns3:hr>
          </ns3:TrackPointExtension>
        </extensions>
      </trkpt>
      <trkpt lat="22.589555270969867706298828125" lon="114.2762867175042629241943359375">
        <ele>19.200000762939453125</ele>
        <time>2025-02-20T00:33:09.000Z</time>
        <extensions>
          <ns3:TrackPointExtension>
            <ns3:atemp>22.0</ns3:atemp>
            <ns3:hr>152</ns3:hr>
          </ns3:TrackPointExtension>
        </extensions>
      </trkpt>
      <trkpt lat="22.58953792043030261993408203125" lon="114.2763413675129413604736328125">
        <ele>19.3999996185302734375</ele>
        <time>2025-02-20T00:33:10.000Z</time>
        <extensions>
          <ns3:TrackPointExtension>
            <ns3:atemp>22.0</ns3:atemp>
            <ns3:hr>152</ns3:hr>
          </ns3:TrackPointExtension>
        </extensions>
      </trkpt>
      <trkpt lat="22.58951897732913494110107421875" lon="114.2763936705887317657470703125">
        <ele>19.3999996185302734375</ele>
        <time>2025-02-20T00:33:11.000Z</time>
        <extensions>
          <ns3:TrackPointExtension>
            <ns3:atemp>22.0</ns3:atemp>
            <ns3:hr>152</ns3:hr>
          </ns3:TrackPointExtension>
        </extensions>
      </trkpt>
      <trkpt lat="22.58949785493314266204833984375" lon="114.27644488401710987091064453125">
        <ele>19.6000003814697265625</ele>
        <time>2025-02-20T00:33:12.000Z</time>
        <extensions>
          <ns3:TrackPointExtension>
            <ns3:atemp>22.0</ns3:atemp>
            <ns3:hr>152</ns3:hr>
          </ns3:TrackPointExtension>
        </extensions>
      </trkpt>
      <trkpt lat="22.58947740308940410614013671875" lon="114.276497103273868560791015625">
        <ele>19.799999237060546875</ele>
        <time>2025-02-20T00:33:13.000Z</time>
        <extensions>
          <ns3:TrackPointExtension>
            <ns3:atemp>22.0</ns3:atemp>
            <ns3:hr>152</ns3:hr>
          </ns3:TrackPointExtension>
        </extensions>
      </trkpt>
      <trkpt lat="22.58945778943598270416259765625" lon="114.27654647268354892730712890625">
        <ele>20</ele>
        <time>2025-02-20T00:33:14.000Z</time>
        <extensions>
          <ns3:TrackPointExtension>
            <ns3:atemp>22.0</ns3:atemp>
            <ns3:hr>152</ns3:hr>
          </ns3:TrackPointExtension>
        </extensions>
      </trkpt>
      <trkpt lat="22.5894407741725444793701171875" lon="114.2765955068171024322509765625">
        <ele>20.3999996185302734375</ele>
        <time>2025-02-20T00:33:15.000Z</time>
        <extensions>
          <ns3:TrackPointExtension>
            <ns3:atemp>22.0</ns3:atemp>
            <ns3:hr>152</ns3:hr>
          </ns3:TrackPointExtension>
        </extensions>
      </trkpt>
      <trkpt lat="22.5894233398139476776123046875" lon="114.27664269693195819854736328125">
        <ele>20.6000003814697265625</ele>
        <time>2025-02-20T00:33:16.000Z</time>
        <extensions>
          <ns3:TrackPointExtension>
            <ns3:atemp>22.0</ns3:atemp>
            <ns3:hr>152</ns3:hr>
          </ns3:TrackPointExtension>
        </extensions>
      </trkpt>
      <trkpt lat="22.5894100964069366455078125" lon="114.2766873724758625030517578125">
        <ele>21</ele>
        <time>2025-02-20T00:33:17.000Z</time>
        <extensions>
          <ns3:TrackPointExtension>
            <ns3:atemp>21.0</ns3:atemp>
            <ns3:hr>153</ns3:hr>
          </ns3:TrackPointExtension>
        </extensions>
      </trkpt>
      <trkpt lat="22.58940230123698711395263671875" lon="114.27673473022878170013427734375">
        <ele>21.200000762939453125</ele>
        <time>2025-02-20T00:33:18.000Z</time>
        <extensions>
          <ns3:TrackPointExtension>
            <ns3:atemp>22.0</ns3:atemp>
            <ns3:hr>153</ns3:hr>
          </ns3:TrackPointExtension>
        </extensions>
      </trkpt>
      <trkpt lat="22.589396350085735321044921875" lon="114.276782758533954620361328125">
        <ele>21.200000762939453125</ele>
        <time>2025-02-20T00:33:19.000Z</time>
        <extensions>
          <ns3:TrackPointExtension>
            <ns3:atemp>22.0</ns3:atemp>
            <ns3:hr>153</ns3:hr>
          </ns3:TrackPointExtension>
        </extensions>
      </trkpt>
      <trkpt lat="22.58939090184867382049560546875" lon="114.2768338881433010101318359375">
        <ele>21.200000762939453125</ele>
        <time>2025-02-20T00:33:20.000Z</time>
        <extensions>
          <ns3:TrackPointExtension>
            <ns3:atemp>22.0</ns3:atemp>
            <ns3:hr>152</ns3:hr>
          </ns3:TrackPointExtension>
        </extensions>
      </trkpt>
      <trkpt lat="22.58938855491578578948974609375" lon="114.2768882028758525848388671875">
        <ele>21.3999996185302734375</ele>
        <time>2025-02-20T00:33:21.000Z</time>
        <extensions>
          <ns3:TrackPointExtension>
            <ns3:atemp>22.0</ns3:atemp>
            <ns3:hr>153</ns3:hr>
          </ns3:TrackPointExtension>
        </extensions>
      </trkpt>
      <trkpt lat="22.58938721381127834320068359375" lon="114.2769418470561504364013671875">
        <ele>21.3999996185302734375</ele>
        <time>2025-02-20T00:33:22.000Z</time>
        <extensions>
          <ns3:TrackPointExtension>
            <ns3:atemp>22.0</ns3:atemp>
            <ns3:hr>153</ns3:hr>
          </ns3:TrackPointExtension>
        </extensions>
      </trkpt>
      <trkpt lat="22.5893847830593585968017578125" lon="114.2769998498260974884033203125">
        <ele>21.3999996185302734375</ele>
        <time>2025-02-20T00:33:23.000Z</time>
        <extensions>
          <ns3:TrackPointExtension>
            <ns3:atemp>22.0</ns3:atemp>
            <ns3:hr>153</ns3:hr>
          </ns3:TrackPointExtension>
        </extensions>
      </trkpt>
      <trkpt lat="22.589382939040660858154296875" lon="114.27705994807183742523193359375">
        <ele>21.3999996185302734375</ele>
        <time>2025-02-20T00:33:24.000Z</time>
        <extensions>
          <ns3:TrackPointExtension>
            <ns3:atemp>22.0</ns3:atemp>
            <ns3:hr>152</ns3:hr>
          </ns3:TrackPointExtension>
        </extensions>
      </trkpt>
      <trkpt lat="22.58938084356486797332763671875" lon="114.277121722698211669921875">
        <ele>21.3999996185302734375</ele>
        <time>2025-02-20T00:33:25.000Z</time>
        <extensions>
          <ns3:TrackPointExtension>
            <ns3:atemp>22.0</ns3:atemp>
            <ns3:hr>153</ns3:hr>
          </ns3:TrackPointExtension>
        </extensions>
      </trkpt>
      <trkpt lat="22.5893770717084407806396484375" lon="114.27718785591423511505126953125">
        <ele>21.3999996185302734375</ele>
        <time>2025-02-20T00:33:26.000Z</time>
        <extensions>
          <ns3:TrackPointExtension>
            <ns3:atemp>22.0</ns3:atemp>
            <ns3:hr>154</ns3:hr>
          </ns3:TrackPointExtension>
        </extensions>
      </trkpt>
      <trkpt lat="22.58937195874750614166259765625" lon="114.27725239656865596771240234375">
        <ele>21.200000762939453125</ele>
        <time>2025-02-20T00:33:27.000Z</time>
        <extensions>
          <ns3:TrackPointExtension>
            <ns3:atemp>22.0</ns3:atemp>
            <ns3:hr>154</ns3:hr>
          </ns3:TrackPointExtension>
        </extensions>
      </trkpt>
      <trkpt lat="22.58936475031077861785888671875" lon="114.2773143388330936431884765625">
        <ele>20.799999237060546875</ele>
        <time>2025-02-20T00:33:28.000Z</time>
        <extensions>
          <ns3:TrackPointExtension>
            <ns3:atemp>22.0</ns3:atemp>
            <ns3:hr>155</ns3:hr>
          </ns3:TrackPointExtension>
        </extensions>
      </trkpt>
      <trkpt lat="22.58936290629208087921142578125" lon="114.27738281898200511932373046875">
        <ele>20.6000003814697265625</ele>
        <time>2025-02-20T00:33:29.000Z</time>
        <extensions>
          <ns3:TrackPointExtension>
            <ns3:atemp>22.0</ns3:atemp>
            <ns3:hr>155</ns3:hr>
          </ns3:TrackPointExtension>
        </extensions>
      </trkpt>
      <trkpt lat="22.58936257101595401763916015625" lon="114.277452640235424041748046875">
        <ele>20.3999996185302734375</ele>
        <time>2025-02-20T00:33:30.000Z</time>
        <extensions>
          <ns3:TrackPointExtension>
            <ns3:atemp>22.0</ns3:atemp>
            <ns3:hr>156</ns3:hr>
          </ns3:TrackPointExtension>
        </extensions>
      </trkpt>
      <trkpt lat="22.58936290629208087921142578125" lon="114.27752606570720672607421875">
        <ele>20</ele>
        <time>2025-02-20T00:33:31.000Z</time>
        <extensions>
          <ns3:TrackPointExtension>
            <ns3:atemp>22.0</ns3:atemp>
            <ns3:hr>156</ns3:hr>
          </ns3:TrackPointExtension>
        </extensions>
      </trkpt>
      <trkpt lat="22.58936340920627117156982421875" lon="114.27760041318833827972412109375">
        <ele>19.799999237060546875</ele>
        <time>2025-02-20T00:33:32.000Z</time>
        <extensions>
          <ns3:TrackPointExtension>
            <ns3:atemp>22.0</ns3:atemp>
            <ns3:hr>156</ns3:hr>
          </ns3:TrackPointExtension>
        </extensions>
      </trkpt>
      <trkpt lat="22.5893636606633663177490234375" lon="114.2776740901172161102294921875">
        <ele>19.6000003814697265625</ele>
        <time>2025-02-20T00:33:33.000Z</time>
        <extensions>
          <ns3:TrackPointExtension>
            <ns3:atemp>22.0</ns3:atemp>
            <ns3:hr>156</ns3:hr>
          </ns3:TrackPointExtension>
        </extensions>
      </trkpt>
      <trkpt lat="22.5893633253872394561767578125" lon="114.2777480185031890869140625">
        <ele>19.200000762939453125</ele>
        <time>2025-02-20T00:33:34.000Z</time>
        <extensions>
          <ns3:TrackPointExtension>
            <ns3:atemp>22.0</ns3:atemp>
            <ns3:hr>156</ns3:hr>
          </ns3:TrackPointExtension>
        </extensions>
      </trkpt>
      <trkpt lat="22.5893609784543514251708984375" lon="114.277820773422718048095703125">
        <ele>19.200000762939453125</ele>
        <time>2025-02-20T00:33:35.000Z</time>
        <extensions>
          <ns3:TrackPointExtension>
            <ns3:atemp>22.0</ns3:atemp>
            <ns3:hr>157</ns3:hr>
          </ns3:TrackPointExtension>
        </extensions>
      </trkpt>
      <trkpt lat="22.5893603079020977020263671875" lon="114.2778970487415790557861328125">
        <ele>19</ele>
        <time>2025-02-20T00:33:36.000Z</time>
        <extensions>
          <ns3:TrackPointExtension>
            <ns3:atemp>22.0</ns3:atemp>
            <ns3:hr>157</ns3:hr>
          </ns3:TrackPointExtension>
        </extensions>
      </trkpt>
      <trkpt lat="22.5893629901111125946044921875" lon="114.27797424606978893280029296875">
        <ele>18.799999237060546875</ele>
        <time>2025-02-20T00:33:37.000Z</time>
        <extensions>
          <ns3:TrackPointExtension>
            <ns3:atemp>22.0</ns3:atemp>
            <ns3:hr>157</ns3:hr>
          </ns3:TrackPointExtension>
        </extensions>
      </trkpt>
      <trkpt lat="22.58936575613915920257568359375" lon="114.27805043756961822509765625">
        <ele>18.6000003814697265625</ele>
        <time>2025-02-20T00:33:38.000Z</time>
        <extensions>
          <ns3:TrackPointExtension>
            <ns3:atemp>22.0</ns3:atemp>
            <ns3:hr>157</ns3:hr>
          </ns3:TrackPointExtension>
        </extensions>
      </trkpt>
      <trkpt lat="22.589370198547840118408203125" lon="114.27812428213655948638916015625">
        <ele>18.6000003814697265625</ele>
        <time>2025-02-20T00:33:39.000Z</time>
        <extensions>
          <ns3:TrackPointExtension>
            <ns3:atemp>21.0</ns3:atemp>
            <ns3:hr>157</ns3:hr>
          </ns3:TrackPointExtension>
        </extensions>
      </trkpt>
      <trkpt lat="22.589374892413616180419921875" lon="114.27819435484707355499267578125">
        <ele>18.6000003814697265625</ele>
        <time>2025-02-20T00:33:40.000Z</time>
        <extensions>
          <ns3:TrackPointExtension>
            <ns3:atemp>22.0</ns3:atemp>
            <ns3:hr>156</ns3:hr>
          </ns3:TrackPointExtension>
        </extensions>
      </trkpt>
      <trkpt lat="22.58937397040426731109619140625" lon="114.2782603204250335693359375">
        <ele>18.6000003814697265625</ele>
        <time>2025-02-20T00:33:41.000Z</time>
        <extensions>
          <ns3:TrackPointExtension>
            <ns3:atemp>22.0</ns3:atemp>
            <ns3:hr>156</ns3:hr>
          </ns3:TrackPointExtension>
        </extensions>
      </trkpt>
      <trkpt lat="22.58936927653849124908447265625" lon="114.2783308960497379302978515625">
        <ele>18.6000003814697265625</ele>
        <time>2025-02-20T00:33:42.000Z</time>
        <extensions>
          <ns3:TrackPointExtension>
            <ns3:atemp>22.0</ns3:atemp>
            <ns3:hr>156</ns3:hr>
          </ns3:TrackPointExtension>
        </extensions>
      </trkpt>
      <trkpt lat="22.5893707014620304107666015625" lon="114.278406165540218353271484375">
        <ele>18.6000003814697265625</ele>
        <time>2025-02-20T00:33:43.000Z</time>
        <extensions>
          <ns3:TrackPointExtension>
            <ns3:atemp>22.0</ns3:atemp>
            <ns3:hr>155</ns3:hr>
          </ns3:TrackPointExtension>
        </extensions>
      </trkpt>
      <trkpt lat="22.5893717072904109954833984375" lon="114.27848269231617450714111328125">
        <ele>18.3999996185302734375</ele>
        <time>2025-02-20T00:33:44.000Z</time>
        <extensions>
          <ns3:TrackPointExtension>
            <ns3:atemp>22.0</ns3:atemp>
            <ns3:hr>155</ns3:hr>
          </ns3:TrackPointExtension>
        </extensions>
      </trkpt>
      <trkpt lat="22.58936508558690547943115234375" lon="114.27855846472084522247314453125">
        <ele>18.200000762939453125</ele>
        <time>2025-02-20T00:33:45.000Z</time>
        <extensions>
          <ns3:TrackPointExtension>
            <ns3:atemp>21.0</ns3:atemp>
            <ns3:hr>154</ns3:hr>
          </ns3:TrackPointExtension>
        </extensions>
      </trkpt>
      <trkpt lat="22.5893619842827320098876953125" lon="114.27863859571516513824462890625">
        <ele>18.200000762939453125</ele>
        <time>2025-02-20T00:33:46.000Z</time>
        <extensions>
          <ns3:TrackPointExtension>
            <ns3:atemp>22.0</ns3:atemp>
            <ns3:hr>154</ns3:hr>
          </ns3:TrackPointExtension>
        </extensions>
      </trkpt>
      <trkpt lat="22.58935854770243167877197265625" lon="114.27871964871883392333984375">
        <ele>17.6000003814697265625</ele>
        <time>2025-02-20T00:33:47.000Z</time>
        <extensions>
          <ns3:TrackPointExtension>
            <ns3:atemp>22.0</ns3:atemp>
            <ns3:hr>154</ns3:hr>
          </ns3:TrackPointExtension>
        </extensions>
      </trkpt>
      <trkpt lat="22.58935536257922649383544921875" lon="114.27880371920764446258544921875">
        <ele>17.200000762939453125</ele>
        <time>2025-02-20T00:33:48.000Z</time>
        <extensions>
          <ns3:TrackPointExtension>
            <ns3:atemp>22.0</ns3:atemp>
            <ns3:hr>153</ns3:hr>
          </ns3:TrackPointExtension>
        </extensions>
      </trkpt>
      <trkpt lat="22.58935335092246532440185546875" lon="114.27889139391481876373291015625">
        <ele>16.799999237060546875</ele>
        <time>2025-02-20T00:33:49.000Z</time>
        <extensions>
          <ns3:TrackPointExtension>
            <ns3:atemp>21.0</ns3:atemp>
            <ns3:hr>153</ns3:hr>
          </ns3:TrackPointExtension>
        </extensions>
      </trkpt>
      <trkpt lat="22.58935268037021160125732421875" lon="114.27898426540195941925048828125">
        <ele>16.200000762939453125</ele>
        <time>2025-02-20T00:33:50.000Z</time>
        <extensions>
          <ns3:TrackPointExtension>
            <ns3:atemp>21.0</ns3:atemp>
            <ns3:hr>152</ns3:hr>
          </ns3:TrackPointExtension>
        </extensions>
      </trkpt>
      <trkpt lat="22.5893515907227993011474609375" lon="114.2790785618126392364501953125">
        <ele>15.3999996185302734375</ele>
        <time>2025-02-20T00:33:51.000Z</time>
        <extensions>
          <ns3:TrackPointExtension>
            <ns3:atemp>21.0</ns3:atemp>
            <ns3:hr>152</ns3:hr>
          </ns3:TrackPointExtension>
        </extensions>
      </trkpt>
      <trkpt lat="22.58934773504734039306640625" lon="114.27917554043233394622802734375">
        <ele>15</ele>
        <time>2025-02-20T00:33:52.000Z</time>
        <extensions>
          <ns3:TrackPointExtension>
            <ns3:atemp>21.0</ns3:atemp>
            <ns3:hr>151</ns3:hr>
          </ns3:TrackPointExtension>
        </extensions>
      </trkpt>
      <trkpt lat="22.5893462263047695159912109375" lon="114.2792770452797412872314453125">
        <ele>14.6000003814697265625</ele>
        <time>2025-02-20T00:33:53.000Z</time>
        <extensions>
          <ns3:TrackPointExtension>
            <ns3:atemp>21.0</ns3:atemp>
            <ns3:hr>151</ns3:hr>
          </ns3:TrackPointExtension>
        </extensions>
      </trkpt>
      <trkpt lat="22.58934505283832550048828125" lon="114.2793799750506877899169921875">
        <ele>13.80000019073486328125</ele>
        <time>2025-02-20T00:33:54.000Z</time>
        <extensions>
          <ns3:TrackPointExtension>
            <ns3:atemp>21.0</ns3:atemp>
            <ns3:hr>151</ns3:hr>
          </ns3:TrackPointExtension>
        </extensions>
      </trkpt>
      <trkpt lat="22.58934295736253261566162109375" lon="114.27948533557355403900146484375">
        <ele>12.3999996185302734375</ele>
        <time>2025-02-20T00:33:55.000Z</time>
        <extensions>
          <ns3:TrackPointExtension>
            <ns3:atemp>21.0</ns3:atemp>
            <ns3:hr>150</ns3:hr>
          </ns3:TrackPointExtension>
        </extensions>
      </trkpt>
      <trkpt lat="22.5893415324389934539794921875" lon="114.2795906960964202880859375">
        <ele>11.80000019073486328125</ele>
        <time>2025-02-20T00:33:56.000Z</time>
        <extensions>
          <ns3:TrackPointExtension>
            <ns3:atemp>22.0</ns3:atemp>
            <ns3:hr>150</ns3:hr>
          </ns3:TrackPointExtension>
        </extensions>
      </trkpt>
      <trkpt lat="22.58934195153415203094482421875" lon="114.2796979844570159912109375">
        <ele>11.3999996185302734375</ele>
        <time>2025-02-20T00:33:57.000Z</time>
        <extensions>
          <ns3:TrackPointExtension>
            <ns3:atemp>22.0</ns3:atemp>
            <ns3:hr>149</ns3:hr>
          </ns3:TrackPointExtension>
        </extensions>
      </trkpt>
      <trkpt lat="22.5893432088196277618408203125" lon="114.27980552427470684051513671875">
        <ele>10.80000019073486328125</ele>
        <time>2025-02-20T00:33:58.000Z</time>
        <extensions>
          <ns3:TrackPointExtension>
            <ns3:atemp>21.0</ns3:atemp>
            <ns3:hr>149</ns3:hr>
          </ns3:TrackPointExtension>
        </extensions>
      </trkpt>
      <trkpt lat="22.58934396319091320037841796875" lon="114.27991432137787342071533203125">
        <ele>10.3999996185302734375</ele>
        <time>2025-02-20T00:33:59.000Z</time>
        <extensions>
          <ns3:TrackPointExtension>
            <ns3:atemp>21.0</ns3:atemp>
            <ns3:hr>148</ns3:hr>
          </ns3:TrackPointExtension>
        </extensions>
      </trkpt>
      <trkpt lat="22.58934446610510349273681640625" lon="114.28002010099589824676513671875">
        <ele>10.19999980926513671875</ele>
        <time>2025-02-20T00:34:00.000Z</time>
        <extensions>
          <ns3:TrackPointExtension>
            <ns3:atemp>21.0</ns3:atemp>
            <ns3:hr>148</ns3:hr>
          </ns3:TrackPointExtension>
        </extensions>
      </trkpt>
      <trkpt lat="22.58934639394283294677734375" lon="114.28012001328170299530029296875">
        <ele>10.19999980926513671875</ele>
        <time>2025-02-20T00:34:01.000Z</time>
        <extensions>
          <ns3:TrackPointExtension>
            <ns3:atemp>21.0</ns3:atemp>
            <ns3:hr>147</ns3:hr>
          </ns3:TrackPointExtension>
        </extensions>
      </trkpt>
      <trkpt lat="22.58934907615184783935546875" lon="114.280217327177524566650390625">
        <ele>10.19999980926513671875</ele>
        <time>2025-02-20T00:34:02.000Z</time>
        <extensions>
          <ns3:TrackPointExtension>
            <ns3:atemp>21.0</ns3:atemp>
            <ns3:hr>146</ns3:hr>
          </ns3:TrackPointExtension>
        </extensions>
      </trkpt>
      <trkpt lat="22.58934983052313327789306640625" lon="114.2803066782653331756591796875">
        <ele>10.19999980926513671875</ele>
        <time>2025-02-20T00:34:03.000Z</time>
        <extensions>
          <ns3:TrackPointExtension>
            <ns3:atemp>21.0</ns3:atemp>
            <ns3:hr>145</ns3:hr>
          </ns3:TrackPointExtension>
        </extensions>
      </trkpt>
      <trkpt lat="22.58935066871345043182373046875" lon="114.2803925089538097381591796875">
        <ele>10.3999996185302734375</ele>
        <time>2025-02-20T00:34:04.000Z</time>
        <extensions>
          <ns3:TrackPointExtension>
            <ns3:atemp>21.0</ns3:atemp>
            <ns3:hr>144</ns3:hr>
          </ns3:TrackPointExtension>
        </extensions>
      </trkpt>
      <trkpt lat="22.589350752532482147216796875" lon="114.28047155030071735382080078125">
        <ele>10.6000003814697265625</ele>
        <time>2025-02-20T00:34:05.000Z</time>
        <extensions>
          <ns3:TrackPointExtension>
            <ns3:atemp>21.0</ns3:atemp>
            <ns3:hr>143</ns3:hr>
          </ns3:TrackPointExtension>
        </extensions>
      </trkpt>
      <trkpt lat="22.5893509201705455780029296875" lon="114.28054464049637317657470703125">
        <ele>10.6000003814697265625</ele>
        <time>2025-02-20T00:34:06.000Z</time>
        <extensions>
          <ns3:TrackPointExtension>
            <ns3:atemp>21.0</ns3:atemp>
            <ns3:hr>143</ns3:hr>
          </ns3:TrackPointExtension>
        </extensions>
      </trkpt>
      <trkpt lat="22.5893465615808963775634765625" lon="114.2806131206452846527099609375">
        <ele>10.80000019073486328125</ele>
        <time>2025-02-20T00:34:07.000Z</time>
        <extensions>
          <ns3:TrackPointExtension>
            <ns3:atemp>21.0</ns3:atemp>
            <ns3:hr>143</ns3:hr>
          </ns3:TrackPointExtension>
        </extensions>
      </trkpt>
      <trkpt lat="22.58934094570577144622802734375" lon="114.28067757748067378997802734375">
        <ele>10.80000019073486328125</ele>
        <time>2025-02-20T00:34:08.000Z</time>
        <extensions>
          <ns3:TrackPointExtension>
            <ns3:atemp>21.0</ns3:atemp>
            <ns3:hr>142</ns3:hr>
          </ns3:TrackPointExtension>
        </extensions>
      </trkpt>
      <trkpt lat="22.5893391855061054229736328125" lon="114.28074228577315807342529296875">
        <ele>11</ele>
        <time>2025-02-20T00:34:09.000Z</time>
        <extensions>
          <ns3:TrackPointExtension>
            <ns3:atemp>21.0</ns3:atemp>
            <ns3:hr>142</ns3:hr>
          </ns3:TrackPointExtension>
        </extensions>
      </trkpt>
      <trkpt lat="22.58934463374316692352294921875" lon="114.280804730951786041259765625">
        <ele>11</ele>
        <time>2025-02-20T00:34:10.000Z</time>
        <extensions>
          <ns3:TrackPointExtension>
            <ns3:atemp>21.0</ns3:atemp>
            <ns3:hr>142</ns3:hr>
          </ns3:TrackPointExtension>
        </extensions>
      </trkpt>
      <trkpt lat="22.58935536257922649383544921875" lon="114.28086700849235057830810546875">
        <ele>11</ele>
        <time>2025-02-20T00:34:11.000Z</time>
        <extensions>
          <ns3:TrackPointExtension>
            <ns3:atemp>21.0</ns3:atemp>
            <ns3:hr>142</ns3:hr>
          </ns3:TrackPointExtension>
        </extensions>
      </trkpt>
      <trkpt lat="22.589368857443332672119140625" lon="114.280923418700695037841796875">
        <ele>11.19999980926513671875</ele>
        <time>2025-02-20T00:34:12.000Z</time>
        <extensions>
          <ns3:TrackPointExtension>
            <ns3:atemp>21.0</ns3:atemp>
            <ns3:hr>141</ns3:hr>
          </ns3:TrackPointExtension>
        </extensions>
      </trkpt>
      <trkpt lat="22.58938553743064403533935546875" lon="114.28098083473742008209228515625">
        <ele>11.19999980926513671875</ele>
        <time>2025-02-20T00:34:13.000Z</time>
        <extensions>
          <ns3:TrackPointExtension>
            <ns3:atemp>21.0</ns3:atemp>
            <ns3:hr>141</ns3:hr>
          </ns3:TrackPointExtension>
        </extensions>
      </trkpt>
      <trkpt lat="22.58940481580793857574462890625" lon="114.281035400927066802978515625">
        <ele>11.19999980926513671875</ele>
        <time>2025-02-20T00:34:14.000Z</time>
        <extensions>
          <ns3:TrackPointExtension>
            <ns3:atemp>21.0</ns3:atemp>
            <ns3:hr>141</ns3:hr>
          </ns3:TrackPointExtension>
        </extensions>
      </trkpt>
      <trkpt lat="22.5894236750900745391845703125" lon="114.2810868658125400543212890625">
        <ele>11.19999980926513671875</ele>
        <time>2025-02-20T00:34:15.000Z</time>
        <extensions>
          <ns3:TrackPointExtension>
            <ns3:atemp>21.0</ns3:atemp>
            <ns3:hr>142</ns3:hr>
          </ns3:TrackPointExtension>
        </extensions>
      </trkpt>
      <trkpt lat="22.589443624019622802734375" lon="114.2811448685824871063232421875">
        <ele>11.3999996185302734375</ele>
        <time>2025-02-20T00:34:16.000Z</time>
        <extensions>
          <ns3:TrackPointExtension>
            <ns3:atemp>21.0</ns3:atemp>
            <ns3:hr>141</ns3:hr>
          </ns3:TrackPointExtension>
        </extensions>
      </trkpt>
      <trkpt lat="22.5894652493298053741455078125" lon="114.28120245225727558135986328125">
        <ele>11.6000003814697265625</ele>
        <time>2025-02-20T00:34:17.000Z</time>
        <extensions>
          <ns3:TrackPointExtension>
            <ns3:atemp>21.0</ns3:atemp>
            <ns3:hr>142</ns3:hr>
          </ns3:TrackPointExtension>
        </extensions>
      </trkpt>
      <trkpt lat="22.58948511444032192230224609375" lon="114.28126213140785694122314453125">
        <ele>12</ele>
        <time>2025-02-20T00:34:18.000Z</time>
        <extensions>
          <ns3:TrackPointExtension>
            <ns3:atemp>21.0</ns3:atemp>
            <ns3:hr>143</ns3:hr>
          </ns3:TrackPointExtension>
        </extensions>
      </trkpt>
      <trkpt lat="22.58950154297053813934326171875" lon="114.28132432512938976287841796875">
        <ele>12</ele>
        <time>2025-02-20T00:34:19.000Z</time>
        <extensions>
          <ns3:TrackPointExtension>
            <ns3:atemp>21.0</ns3:atemp>
            <ns3:hr>143</ns3:hr>
          </ns3:TrackPointExtension>
        </extensions>
      </trkpt>
      <trkpt lat="22.58951864205300807952880859375" lon="114.28138869814574718475341796875">
        <ele>12.19999980926513671875</ele>
        <time>2025-02-20T00:34:20.000Z</time>
        <extensions>
          <ns3:TrackPointExtension>
            <ns3:atemp>21.0</ns3:atemp>
            <ns3:hr>143</ns3:hr>
          </ns3:TrackPointExtension>
        </extensions>
      </trkpt>
      <trkpt lat="22.58953750133514404296875" lon="114.28145374171435832977294921875">
        <ele>12.3999996185302734375</ele>
        <time>2025-02-20T00:34:21.000Z</time>
        <extensions>
          <ns3:TrackPointExtension>
            <ns3:atemp>21.0</ns3:atemp>
            <ns3:hr>143</ns3:hr>
          </ns3:TrackPointExtension>
        </extensions>
      </trkpt>
      <trkpt lat="22.58955820463597774505615234375" lon="114.28152314387261867523193359375">
        <ele>12.3999996185302734375</ele>
        <time>2025-02-20T00:34:22.000Z</time>
        <extensions>
          <ns3:TrackPointExtension>
            <ns3:atemp>21.0</ns3:atemp>
            <ns3:hr>142</ns3:hr>
          </ns3:TrackPointExtension>
        </extensions>
      </trkpt>
      <trkpt lat="22.58957513608038425445556640625" lon="114.28158919326961040496826171875">
        <ele>12.3999996185302734375</ele>
        <time>2025-02-20T00:34:23.000Z</time>
        <extensions>
          <ns3:TrackPointExtension>
            <ns3:atemp>21.0</ns3:atemp>
            <ns3:hr>143</ns3:hr>
          </ns3:TrackPointExtension>
        </extensions>
      </trkpt>
      <trkpt lat="22.589588128030300140380859375" lon="114.2816548235714435577392578125">
        <ele>12.6000003814697265625</ele>
        <time>2025-02-20T00:34:24.000Z</time>
        <extensions>
          <ns3:TrackPointExtension>
            <ns3:atemp>21.0</ns3:atemp>
            <ns3:hr>143</ns3:hr>
          </ns3:TrackPointExtension>
        </extensions>
      </trkpt>
      <trkpt lat="22.58959894068539142608642578125" lon="114.2817242257297039031982421875">
        <ele>12.80000019073486328125</ele>
        <time>2025-02-20T00:34:25.000Z</time>
        <extensions>
          <ns3:TrackPointExtension>
            <ns3:atemp>21.0</ns3:atemp>
            <ns3:hr>143</ns3:hr>
          </ns3:TrackPointExtension>
        </extensions>
      </trkpt>
      <trkpt lat="22.589602880179882049560546875" lon="114.281792454421520233154296875">
        <ele>13</ele>
        <time>2025-02-20T00:34:26.000Z</time>
        <extensions>
          <ns3:TrackPointExtension>
            <ns3:atemp>21.0</ns3:atemp>
            <ns3:hr>140</ns3:hr>
          </ns3:TrackPointExtension>
        </extensions>
      </trkpt>
      <trkpt lat="22.58961101062595844268798828125" lon="114.28186587989330291748046875">
        <ele>13.19999980926513671875</ele>
        <time>2025-02-20T00:34:27.000Z</time>
        <extensions>
          <ns3:TrackPointExtension>
            <ns3:atemp>21.0</ns3:atemp>
            <ns3:hr>133</ns3:hr>
          </ns3:TrackPointExtension>
        </extensions>
      </trkpt>
      <trkpt lat="22.589615620672702789306640625" lon="114.2819367907941341400146484375">
        <ele>13.19999980926513671875</ele>
        <time>2025-02-20T00:34:28.000Z</time>
        <extensions>
          <ns3:TrackPointExtension>
            <ns3:atemp>21.0</ns3:atemp>
            <ns3:hr>130</ns3:hr>
          </ns3:TrackPointExtension>
        </extensions>
      </trkpt>
      <trkpt lat="22.589621655642986297607421875" lon="114.28200460039079189300537109375">
        <ele>13.3999996185302734375</ele>
        <time>2025-02-20T00:34:29.000Z</time>
        <extensions>
          <ns3:TrackPointExtension>
            <ns3:atemp>21.0</ns3:atemp>
            <ns3:hr>130</ns3:hr>
          </ns3:TrackPointExtension>
        </extensions>
      </trkpt>
      <trkpt lat="22.58962995372712612152099609375" lon="114.28207517601549625396728515625">
        <ele>13.3999996185302734375</ele>
        <time>2025-02-20T00:34:30.000Z</time>
        <extensions>
          <ns3:TrackPointExtension>
            <ns3:atemp>21.0</ns3:atemp>
            <ns3:hr>130</ns3:hr>
          </ns3:TrackPointExtension>
        </extensions>
      </trkpt>
      <trkpt lat="22.58964001201093196868896484375" lon="114.28214860148727893829345703125">
        <ele>13.6000003814697265625</ele>
        <time>2025-02-20T00:34:31.000Z</time>
        <extensions>
          <ns3:TrackPointExtension>
            <ns3:atemp>21.0</ns3:atemp>
            <ns3:hr>131</ns3:hr>
          </ns3:TrackPointExtension>
        </extensions>
      </trkpt>
      <trkpt lat="22.5896461308002471923828125" lon="114.28222420625388622283935546875">
        <ele>13.6000003814697265625</ele>
        <time>2025-02-20T00:34:32.000Z</time>
        <extensions>
          <ns3:TrackPointExtension>
            <ns3:atemp>21.0</ns3:atemp>
            <ns3:hr>131</ns3:hr>
          </ns3:TrackPointExtension>
        </extensions>
      </trkpt>
      <trkpt lat="22.58964990265667438507080078125" lon="114.2822998948395252227783203125">
        <ele>13.80000019073486328125</ele>
        <time>2025-02-20T00:34:33.000Z</time>
        <extensions>
          <ns3:TrackPointExtension>
            <ns3:atemp>21.0</ns3:atemp>
            <ns3:hr>131</ns3:hr>
          </ns3:TrackPointExtension>
        </extensions>
      </trkpt>
      <trkpt lat="22.5896526686847209930419921875" lon="114.282371141016483306884765625">
        <ele>13.6000003814697265625</ele>
        <time>2025-02-20T00:34:34.000Z</time>
        <extensions>
          <ns3:TrackPointExtension>
            <ns3:atemp>21.0</ns3:atemp>
            <ns3:hr>131</ns3:hr>
          </ns3:TrackPointExtension>
        </extensions>
      </trkpt>
      <trkpt lat="22.5896540097892284393310546875" lon="114.282445572316646575927734375">
        <ele>13.80000019073486328125</ele>
        <time>2025-02-20T00:34:35.000Z</time>
        <extensions>
          <ns3:TrackPointExtension>
            <ns3:atemp>21.0</ns3:atemp>
            <ns3:hr>131</ns3:hr>
          </ns3:TrackPointExtension>
        </extensions>
      </trkpt>
      <trkpt lat="22.589657865464687347412109375" lon="114.28251765668392181396484375">
        <ele>13.6000003814697265625</ele>
        <time>2025-02-20T00:34:36.000Z</time>
        <extensions>
          <ns3:TrackPointExtension>
            <ns3:atemp>21.0</ns3:atemp>
            <ns3:hr>131</ns3:hr>
          </ns3:TrackPointExtension>
        </extensions>
      </trkpt>
      <trkpt lat="22.5896568596363067626953125" lon="114.2825865559279918670654296875">
        <ele>13.6000003814697265625</ele>
        <time>2025-02-20T00:34:37.000Z</time>
        <extensions>
          <ns3:TrackPointExtension>
            <ns3:atemp>21.0</ns3:atemp>
            <ns3:hr>132</ns3:hr>
          </ns3:TrackPointExtension>
        </extensions>
      </trkpt>
      <trkpt lat="22.5896516628563404083251953125" lon="114.2826546169817447662353515625">
        <ele>13.6000003814697265625</ele>
        <time>2025-02-20T00:34:38.000Z</time>
        <extensions>
          <ns3:TrackPointExtension>
            <ns3:atemp>21.0</ns3:atemp>
            <ns3:hr>132</ns3:hr>
          </ns3:TrackPointExtension>
        </extensions>
      </trkpt>
      <trkpt lat="22.5896442867815494537353515625" lon="114.28272242657840251922607421875">
        <ele>13.6000003814697265625</ele>
        <time>2025-02-20T00:34:39.000Z</time>
        <extensions>
          <ns3:TrackPointExtension>
            <ns3:atemp>21.0</ns3:atemp>
            <ns3:hr>132</ns3:hr>
          </ns3:TrackPointExtension>
        </extensions>
      </trkpt>
      <trkpt lat="22.589641101658344268798828125" lon="114.282791912555694580078125">
        <ele>13.3999996185302734375</ele>
        <time>2025-02-20T00:34:40.000Z</time>
        <extensions>
          <ns3:TrackPointExtension>
            <ns3:atemp>21.0</ns3:atemp>
            <ns3:hr>133</ns3:hr>
          </ns3:TrackPointExtension>
        </extensions>
      </trkpt>
      <trkpt lat="22.5896332226693630218505859375" lon="114.282866679131984710693359375">
        <ele>13.19999980926513671875</ele>
        <time>2025-02-20T00:34:41.000Z</time>
        <extensions>
          <ns3:TrackPointExtension>
            <ns3:atemp>21.0</ns3:atemp>
            <ns3:hr>133</ns3:hr>
          </ns3:TrackPointExtension>
        </extensions>
      </trkpt>
      <trkpt lat="22.589618302881717681884765625" lon="114.28294337354600429534912109375">
        <ele>13.19999980926513671875</ele>
        <time>2025-02-20T00:34:42.000Z</time>
        <extensions>
          <ns3:TrackPointExtension>
            <ns3:atemp>21.0</ns3:atemp>
            <ns3:hr>134</ns3:hr>
          </ns3:TrackPointExtension>
        </extensions>
      </trkpt>
      <trkpt lat="22.58959843777120113372802734375" lon="114.28301797248423099517822265625">
        <ele>13.19999980926513671875</ele>
        <time>2025-02-20T00:34:43.000Z</time>
        <extensions>
          <ns3:TrackPointExtension>
            <ns3:atemp>21.0</ns3:atemp>
            <ns3:hr>134</ns3:hr>
          </ns3:TrackPointExtension>
        </extensions>
      </trkpt>
      <trkpt lat="22.589567340910434722900390625" lon="114.28309089504182338714599609375">
        <ele>13</ele>
        <time>2025-02-20T00:34:44.000Z</time>
        <extensions>
          <ns3:TrackPointExtension>
            <ns3:atemp>21.0</ns3:atemp>
            <ns3:hr>134</ns3:hr>
          </ns3:TrackPointExtension>
        </extensions>
      </trkpt>
      <trkpt lat="22.58953926153481006622314453125" lon="114.28316465578973293304443359375">
        <ele>12.80000019073486328125</ele>
        <time>2025-02-20T00:34:45.000Z</time>
        <extensions>
          <ns3:TrackPointExtension>
            <ns3:atemp>21.0</ns3:atemp>
            <ns3:hr>134</ns3:hr>
          </ns3:TrackPointExtension>
        </extensions>
      </trkpt>
      <trkpt lat="22.58950757794082164764404296875" lon="114.28323355503380298614501953125">
        <ele>12.6000003814697265625</ele>
        <time>2025-02-20T00:34:46.000Z</time>
        <extensions>
          <ns3:TrackPointExtension>
            <ns3:atemp>21.0</ns3:atemp>
            <ns3:hr>134</ns3:hr>
          </ns3:TrackPointExtension>
        </extensions>
      </trkpt>
      <trkpt lat="22.58947153575718402862548828125" lon="114.28330278955399990081787109375">
        <ele>12.6000003814697265625</ele>
        <time>2025-02-20T00:34:47.000Z</time>
        <extensions>
          <ns3:TrackPointExtension>
            <ns3:atemp>21.0</ns3:atemp>
            <ns3:hr>135</ns3:hr>
          </ns3:TrackPointExtension>
        </extensions>
      </trkpt>
      <trkpt lat="22.58943264372646808624267578125" lon="114.28337420336902141571044921875">
        <ele>12.3999996185302734375</ele>
        <time>2025-02-20T00:34:48.000Z</time>
        <extensions>
          <ns3:TrackPointExtension>
            <ns3:atemp>21.0</ns3:atemp>
            <ns3:hr>135</ns3:hr>
          </ns3:TrackPointExtension>
        </extensions>
      </trkpt>
      <trkpt lat="22.589388974010944366455078125" lon="114.28344360552728176116943359375">
        <ele>12.19999980926513671875</ele>
        <time>2025-02-20T00:34:49.000Z</time>
        <extensions>
          <ns3:TrackPointExtension>
            <ns3:atemp>21.0</ns3:atemp>
            <ns3:hr>135</ns3:hr>
          </ns3:TrackPointExtension>
        </extensions>
      </trkpt>
      <trkpt lat="22.5893428735435009002685546875" lon="114.2835132591426372528076171875">
        <ele>12</ele>
        <time>2025-02-20T00:34:50.000Z</time>
        <extensions>
          <ns3:TrackPointExtension>
            <ns3:atemp>21.0</ns3:atemp>
            <ns3:hr>136</ns3:hr>
          </ns3:TrackPointExtension>
        </extensions>
      </trkpt>
      <trkpt lat="22.58929543197154998779296875" lon="114.2835823260247707366943359375">
        <ele>11.80000019073486328125</ele>
        <time>2025-02-20T00:34:51.000Z</time>
        <extensions>
          <ns3:TrackPointExtension>
            <ns3:atemp>21.0</ns3:atemp>
            <ns3:hr>137</ns3:hr>
          </ns3:TrackPointExtension>
        </extensions>
      </trkpt>
      <trkpt lat="22.589247487485408782958984375" lon="114.28365265019237995147705078125">
        <ele>11.6000003814697265625</ele>
        <time>2025-02-20T00:34:52.000Z</time>
        <extensions>
          <ns3:TrackPointExtension>
            <ns3:atemp>21.0</ns3:atemp>
            <ns3:hr>137</ns3:hr>
          </ns3:TrackPointExtension>
        </extensions>
      </trkpt>
      <trkpt lat="22.58919962681829929351806640625" lon="114.28372289054095745086669921875">
        <ele>11.6000003814697265625</ele>
        <time>2025-02-20T00:34:53.000Z</time>
        <extensions>
          <ns3:TrackPointExtension>
            <ns3:atemp>21.0</ns3:atemp>
            <ns3:hr>137</ns3:hr>
          </ns3:TrackPointExtension>
        </extensions>
      </trkpt>
      <trkpt lat="22.58915285579860210418701171875" lon="114.28379304707050323486328125">
        <ele>11.6000003814697265625</ele>
        <time>2025-02-20T00:34:54.000Z</time>
        <extensions>
          <ns3:TrackPointExtension>
            <ns3:atemp>21.0</ns3:atemp>
            <ns3:hr>138</ns3:hr>
          </ns3:TrackPointExtension>
        </extensions>
      </trkpt>
      <trkpt lat="22.589106000959873199462890625" lon="114.28386320360004901885986328125">
        <ele>11.6000003814697265625</ele>
        <time>2025-02-20T00:34:55.000Z</time>
        <extensions>
          <ns3:TrackPointExtension>
            <ns3:atemp>21.0</ns3:atemp>
            <ns3:hr>138</ns3:hr>
          </ns3:TrackPointExtension>
        </extensions>
      </trkpt>
      <trkpt lat="22.589059062302112579345703125" lon="114.28393788635730743408203125">
        <ele>11.3999996185302734375</ele>
        <time>2025-02-20T00:34:56.000Z</time>
        <extensions>
          <ns3:TrackPointExtension>
            <ns3:atemp>21.0</ns3:atemp>
            <ns3:hr>138</ns3:hr>
          </ns3:TrackPointExtension>
        </extensions>
      </trkpt>
      <trkpt lat="22.58901488967239856719970703125" lon="114.28401567041873931884765625">
        <ele>11.6000003814697265625</ele>
        <time>2025-02-20T00:34:57.000Z</time>
        <extensions>
          <ns3:TrackPointExtension>
            <ns3:atemp>21.0</ns3:atemp>
            <ns3:hr>138</ns3:hr>
          </ns3:TrackPointExtension>
        </extensions>
      </trkpt>
      <trkpt lat="22.588976584374904632568359375" lon="114.284095801413059234619140625">
        <ele>11.6000003814697265625</ele>
        <time>2025-02-20T00:34:58.000Z</time>
        <extensions>
          <ns3:TrackPointExtension>
            <ns3:atemp>21.0</ns3:atemp>
            <ns3:hr>139</ns3:hr>
          </ns3:TrackPointExtension>
        </extensions>
      </trkpt>
      <trkpt lat="22.58894146420061588287353515625" lon="114.28418188355863094329833984375">
        <ele>11.6000003814697265625</ele>
        <time>2025-02-20T00:34:59.000Z</time>
        <extensions>
          <ns3:TrackPointExtension>
            <ns3:atemp>21.0</ns3:atemp>
            <ns3:hr>140</ns3:hr>
          </ns3:TrackPointExtension>
        </extensions>
      </trkpt>
      <trkpt lat="22.58891430683434009552001953125" lon="114.28426587022840976715087890625">
        <ele>11.6000003814697265625</ele>
        <time>2025-02-20T00:35:00.000Z</time>
        <extensions>
          <ns3:TrackPointExtension>
            <ns3:atemp>21.0</ns3:atemp>
            <ns3:hr>140</ns3:hr>
          </ns3:TrackPointExtension>
        </extensions>
      </trkpt>
      <trkpt lat="22.58888882584869861602783203125" lon="114.284352958202362060546875">
        <ele>11.6000003814697265625</ele>
        <time>2025-02-20T00:35:01.000Z</time>
        <extensions>
          <ns3:TrackPointExtension>
            <ns3:atemp>21.0</ns3:atemp>
            <ns3:hr>140</ns3:hr>
          </ns3:TrackPointExtension>
        </extensions>
      </trkpt>
      <trkpt lat="22.58886971510946750640869140625" lon="114.2844332568347454071044921875">
        <ele>11.6000003814697265625</ele>
        <time>2025-02-20T00:35:02.000Z</time>
        <extensions>
          <ns3:TrackPointExtension>
            <ns3:atemp>21.0</ns3:atemp>
            <ns3:hr>140</ns3:hr>
          </ns3:TrackPointExtension>
        </extensions>
      </trkpt>
      <trkpt lat="22.5888537056744098663330078125" lon="114.28451296873390674591064453125">
        <ele>11.6000003814697265625</ele>
        <time>2025-02-20T00:35:03.000Z</time>
        <extensions>
          <ns3:TrackPointExtension>
            <ns3:atemp>21.0</ns3:atemp>
            <ns3:hr>141</ns3:hr>
          </ns3:TrackPointExtension>
        </extensions>
      </trkpt>
      <trkpt lat="22.5888414680957794189453125" lon="114.284591339528560638427734375">
        <ele>11.80000019073486328125</ele>
        <time>2025-02-20T00:35:04.000Z</time>
        <extensions>
          <ns3:TrackPointExtension>
            <ns3:atemp>21.0</ns3:atemp>
            <ns3:hr>141</ns3:hr>
          </ns3:TrackPointExtension>
        </extensions>
      </trkpt>
      <trkpt lat="22.58882939815521240234375" lon="114.284671135246753692626953125">
        <ele>11.80000019073486328125</ele>
        <time>2025-02-20T00:35:05.000Z</time>
        <extensions>
          <ns3:TrackPointExtension>
            <ns3:atemp>21.0</ns3:atemp>
            <ns3:hr>142</ns3:hr>
          </ns3:TrackPointExtension>
        </extensions>
      </trkpt>
      <trkpt lat="22.58881841786205768585205078125" lon="114.28475084714591503143310546875">
        <ele>12</ele>
        <time>2025-02-20T00:35:06.000Z</time>
        <extensions>
          <ns3:TrackPointExtension>
            <ns3:atemp>21.0</ns3:atemp>
            <ns3:hr>143</ns3:hr>
          </ns3:TrackPointExtension>
        </extensions>
      </trkpt>
      <trkpt lat="22.5888119637966156005859375" lon="114.28483013994991779327392578125">
        <ele>12.3999996185302734375</ele>
        <time>2025-02-20T00:35:07.000Z</time>
        <extensions>
          <ns3:TrackPointExtension>
            <ns3:atemp>21.0</ns3:atemp>
            <ns3:hr>144</ns3:hr>
          </ns3:TrackPointExtension>
        </extensions>
      </trkpt>
      <trkpt lat="22.5888111256062984466552734375" lon="114.284909181296825408935546875">
        <ele>12.6000003814697265625</ele>
        <time>2025-02-20T00:35:08.000Z</time>
        <extensions>
          <ns3:TrackPointExtension>
            <ns3:atemp>21.0</ns3:atemp>
            <ns3:hr>144</ns3:hr>
          </ns3:TrackPointExtension>
        </extensions>
      </trkpt>
      <trkpt lat="22.58880886249244213104248046875" lon="114.2849874682724475860595703125">
        <ele>12.6000003814697265625</ele>
        <time>2025-02-20T00:35:09.000Z</time>
        <extensions>
          <ns3:TrackPointExtension>
            <ns3:atemp>21.0</ns3:atemp>
            <ns3:hr>144</ns3:hr>
          </ns3:TrackPointExtension>
        </extensions>
      </trkpt>
      <trkpt lat="22.58880618028342723846435546875" lon="114.2850659228861331939697265625">
        <ele>12.80000019073486328125</ele>
        <time>2025-02-20T00:35:10.000Z</time>
        <extensions>
          <ns3:TrackPointExtension>
            <ns3:atemp>21.0</ns3:atemp>
            <ns3:hr>145</ns3:hr>
          </ns3:TrackPointExtension>
        </extensions>
      </trkpt>
      <trkpt lat="22.5888064317405223846435546875" lon="114.28514429368078708648681640625">
        <ele>13</ele>
        <time>2025-02-20T00:35:11.000Z</time>
        <extensions>
          <ns3:TrackPointExtension>
            <ns3:atemp>21.0</ns3:atemp>
            <ns3:hr>145</ns3:hr>
          </ns3:TrackPointExtension>
        </extensions>
      </trkpt>
      <trkpt lat="22.5888057611882686614990234375" lon="114.2852245084941387176513671875">
        <ele>13.19999980926513671875</ele>
        <time>2025-02-20T00:35:12.000Z</time>
        <extensions>
          <ns3:TrackPointExtension>
            <ns3:atemp>21.0</ns3:atemp>
            <ns3:hr>145</ns3:hr>
          </ns3:TrackPointExtension>
        </extensions>
      </trkpt>
      <trkpt lat="22.58880433626472949981689453125" lon="114.28530304692685604095458984375">
        <ele>13.19999980926513671875</ele>
        <time>2025-02-20T00:35:13.000Z</time>
        <extensions>
          <ns3:TrackPointExtension>
            <ns3:atemp>21.0</ns3:atemp>
            <ns3:hr>145</ns3:hr>
          </ns3:TrackPointExtension>
        </extensions>
      </trkpt>
      <trkpt lat="22.5887993909418582916259765625" lon="114.28537689149379730224609375">
        <ele>13.19999980926513671875</ele>
        <time>2025-02-20T00:35:14.000Z</time>
        <extensions>
          <ns3:TrackPointExtension>
            <ns3:atemp>21.0</ns3:atemp>
            <ns3:hr>145</ns3:hr>
          </ns3:TrackPointExtension>
        </extensions>
      </trkpt>
      <trkpt lat="22.58879343979060649871826171875" lon="114.28545065224170684814453125">
        <ele>13.3999996185302734375</ele>
        <time>2025-02-20T00:35:15.000Z</time>
        <extensions>
          <ns3:TrackPointExtension>
            <ns3:atemp>21.0</ns3:atemp>
            <ns3:hr>146</ns3:hr>
          </ns3:TrackPointExtension>
        </extensions>
      </trkpt>
      <trkpt lat="22.58878388442099094390869140625" lon="114.285524748265743255615234375">
        <ele>14</ele>
        <time>2025-02-20T00:35:16.000Z</time>
        <extensions>
          <ns3:TrackPointExtension>
            <ns3:atemp>21.0</ns3:atemp>
            <ns3:hr>146</ns3:hr>
          </ns3:TrackPointExtension>
        </extensions>
      </trkpt>
      <trkpt lat="22.58877315558493137359619140625" lon="114.2855970002710819244384765625">
        <ele>14</ele>
        <time>2025-02-20T00:35:17.000Z</time>
        <extensions>
          <ns3:TrackPointExtension>
            <ns3:atemp>21.0</ns3:atemp>
            <ns3:hr>146</ns3:hr>
          </ns3:TrackPointExtension>
        </extensions>
      </trkpt>
      <trkpt lat="22.5887625105679035186767578125" lon="114.28566849790513515472412109375">
        <ele>14.19999980926513671875</ele>
        <time>2025-02-20T00:35:18.000Z</time>
        <extensions>
          <ns3:TrackPointExtension>
            <ns3:atemp>21.0</ns3:atemp>
            <ns3:hr>146</ns3:hr>
          </ns3:TrackPointExtension>
        </extensions>
      </trkpt>
      <trkpt lat="22.58875094354152679443359375" lon="114.2857391573488712310791015625">
        <ele>14.3999996185302734375</ele>
        <time>2025-02-20T00:35:19.000Z</time>
        <extensions>
          <ns3:TrackPointExtension>
            <ns3:atemp>21.0</ns3:atemp>
            <ns3:hr>147</ns3:hr>
          </ns3:TrackPointExtension>
        </extensions>
      </trkpt>
      <trkpt lat="22.588738538324832916259765625" lon="114.28580663166940212249755859375">
        <ele>14.6000003814697265625</ele>
        <time>2025-02-20T00:35:20.000Z</time>
        <extensions>
          <ns3:TrackPointExtension>
            <ns3:atemp>21.0</ns3:atemp>
            <ns3:hr>147</ns3:hr>
          </ns3:TrackPointExtension>
        </extensions>
      </trkpt>
      <trkpt lat="22.5887232832610607147216796875" lon="114.2858705855906009674072265625">
        <ele>14.80000019073486328125</ele>
        <time>2025-02-20T00:35:21.000Z</time>
        <extensions>
          <ns3:TrackPointExtension>
            <ns3:atemp>21.0</ns3:atemp>
            <ns3:hr>147</ns3:hr>
          </ns3:TrackPointExtension>
        </extensions>
      </trkpt>
      <trkpt lat="22.58870710618793964385986328125" lon="114.28593118675053119659423828125">
        <ele>15</ele>
        <time>2025-02-20T00:35:22.000Z</time>
        <extensions>
          <ns3:TrackPointExtension>
            <ns3:atemp>21.0</ns3:atemp>
            <ns3:hr>147</ns3:hr>
          </ns3:TrackPointExtension>
        </extensions>
      </trkpt>
      <trkpt lat="22.5886954553425312042236328125" lon="114.28599254228174686431884765625">
        <ele>15.19999980926513671875</ele>
        <time>2025-02-20T00:35:23.000Z</time>
        <extensions>
          <ns3:TrackPointExtension>
            <ns3:atemp>21.0</ns3:atemp>
            <ns3:hr>148</ns3:hr>
          </ns3:TrackPointExtension>
        </extensions>
      </trkpt>
      <trkpt lat="22.58868246339261531829833984375" lon="114.28605373017489910125732421875">
        <ele>15.6000003814697265625</ele>
        <time>2025-02-20T00:35:24.000Z</time>
        <extensions>
          <ns3:TrackPointExtension>
            <ns3:atemp>21.0</ns3:atemp>
            <ns3:hr>148</ns3:hr>
          </ns3:TrackPointExtension>
        </extensions>
      </trkpt>
      <trkpt lat="22.58866846561431884765625" lon="114.28611491806805133819580078125">
        <ele>15.80000019073486328125</ele>
        <time>2025-02-20T00:35:25.000Z</time>
        <extensions>
          <ns3:TrackPointExtension>
            <ns3:atemp>21.0</ns3:atemp>
            <ns3:hr>148</ns3:hr>
          </ns3:TrackPointExtension>
        </extensions>
      </trkpt>
      <trkpt lat="22.5886555574834346771240234375" lon="114.2861787043511867523193359375">
        <ele>16</ele>
        <time>2025-02-20T00:35:26.000Z</time>
        <extensions>
          <ns3:TrackPointExtension>
            <ns3:atemp>21.0</ns3:atemp>
            <ns3:hr>148</ns3:hr>
          </ns3:TrackPointExtension>
        </extensions>
      </trkpt>
      <trkpt lat="22.5886428169906139373779296875" lon="114.28624215535819530487060546875">
        <ele>16.200000762939453125</ele>
        <time>2025-02-20T00:35:27.000Z</time>
        <extensions>
          <ns3:TrackPointExtension>
            <ns3:atemp>21.0</ns3:atemp>
            <ns3:hr>148</ns3:hr>
          </ns3:TrackPointExtension>
        </extensions>
      </trkpt>
      <trkpt lat="22.58863116614520549774169921875" lon="114.28630082868039608001708984375">
        <ele>16.3999996185302734375</ele>
        <time>2025-02-20T00:35:28.000Z</time>
        <extensions>
          <ns3:TrackPointExtension>
            <ns3:atemp>21.0</ns3:atemp>
            <ns3:hr>148</ns3:hr>
          </ns3:TrackPointExtension>
        </extensions>
      </trkpt>
      <trkpt lat="22.5886200182139873504638671875" lon="114.286358915269374847412109375">
        <ele>16.3999996185302734375</ele>
        <time>2025-02-20T00:35:29.000Z</time>
        <extensions>
          <ns3:TrackPointExtension>
            <ns3:atemp>21.0</ns3:atemp>
            <ns3:hr>149</ns3:hr>
          </ns3:TrackPointExtension>
        </extensions>
      </trkpt>
      <trkpt lat="22.58860216476023197174072265625" lon="114.28641649894416332244873046875">
        <ele>16.6000003814697265625</ele>
        <time>2025-02-20T00:35:30.000Z</time>
        <extensions>
          <ns3:TrackPointExtension>
            <ns3:atemp>21.0</ns3:atemp>
            <ns3:hr>149</ns3:hr>
          </ns3:TrackPointExtension>
        </extensions>
      </trkpt>
      <trkpt lat="22.5885838083922863006591796875" lon="114.28647181950509548187255859375">
        <ele>16.799999237060546875</ele>
        <time>2025-02-20T00:35:31.000Z</time>
        <extensions>
          <ns3:TrackPointExtension>
            <ns3:atemp>21.0</ns3:atemp>
            <ns3:hr>149</ns3:hr>
          </ns3:TrackPointExtension>
        </extensions>
      </trkpt>
      <trkpt lat="22.5885620154440402984619140625" lon="114.2865287326276302337646484375">
        <ele>17</ele>
        <time>2025-02-20T00:35:32.000Z</time>
        <extensions>
          <ns3:TrackPointExtension>
            <ns3:atemp>21.0</ns3:atemp>
            <ns3:hr>149</ns3:hr>
          </ns3:TrackPointExtension>
        </extensions>
      </trkpt>
      <trkpt lat="22.58853544481098651885986328125" lon="114.28658346645534038543701171875">
        <ele>17</ele>
        <time>2025-02-20T00:35:33.000Z</time>
        <extensions>
          <ns3:TrackPointExtension>
            <ns3:atemp>21.0</ns3:atemp>
            <ns3:hr>149</ns3:hr>
          </ns3:TrackPointExtension>
        </extensions>
      </trkpt>
      <trkpt lat="22.58850761689245700836181640625" lon="114.28663660772144794464111328125">
        <ele>17</ele>
        <time>2025-02-20T00:35:34.000Z</time>
        <extensions>
          <ns3:TrackPointExtension>
            <ns3:atemp>21.0</ns3:atemp>
            <ns3:hr>150</ns3:hr>
          </ns3:TrackPointExtension>
        </extensions>
      </trkpt>
      <trkpt lat="22.58847945369780063629150390625" lon="114.28668756969273090362548828125">
        <ele>17.200000762939453125</ele>
        <time>2025-02-20T00:35:35.000Z</time>
        <extensions>
          <ns3:TrackPointExtension>
            <ns3:atemp>21.0</ns3:atemp>
            <ns3:hr>150</ns3:hr>
          </ns3:TrackPointExtension>
        </extensions>
      </trkpt>
      <trkpt lat="22.5884513743221759796142578125" lon="114.28673719055950641632080078125">
        <ele>17.3999996185302734375</ele>
        <time>2025-02-20T00:35:36.000Z</time>
        <extensions>
          <ns3:TrackPointExtension>
            <ns3:atemp>21.0</ns3:atemp>
            <ns3:hr>150</ns3:hr>
          </ns3:TrackPointExtension>
        </extensions>
      </trkpt>
      <trkpt lat="22.58842346258461475372314453125" lon="114.28678329102694988250732421875">
        <ele>17.6000003814697265625</ele>
        <time>2025-02-20T00:35:37.000Z</time>
        <extensions>
          <ns3:TrackPointExtension>
            <ns3:atemp>21.0</ns3:atemp>
            <ns3:hr>150</ns3:hr>
          </ns3:TrackPointExtension>
        </extensions>
      </trkpt>
      <trkpt lat="22.58839211426675319671630859375" lon="114.28682385943830013275146484375">
        <ele>17.799999237060546875</ele>
        <time>2025-02-20T00:35:38.000Z</time>
        <extensions>
          <ns3:TrackPointExtension>
            <ns3:atemp>21.0</ns3:atemp>
            <ns3:hr>150</ns3:hr>
          </ns3:TrackPointExtension>
        </extensions>
      </trkpt>
      <trkpt lat="22.58835665881633758544921875" lon="114.28685638122260570526123046875">
        <ele>18</ele>
        <time>2025-02-20T00:35:39.000Z</time>
        <extensions>
          <ns3:TrackPointExtension>
            <ns3:atemp>21.0</ns3:atemp>
            <ns3:hr>150</ns3:hr>
          </ns3:TrackPointExtension>
        </extensions>
      </trkpt>
      <trkpt lat="22.5883211195468902587890625" lon="114.28688823245465755462646484375">
        <ele>18.3999996185302734375</ele>
        <time>2025-02-20T00:35:40.000Z</time>
        <extensions>
          <ns3:TrackPointExtension>
            <ns3:atemp>21.0</ns3:atemp>
            <ns3:hr>150</ns3:hr>
          </ns3:TrackPointExtension>
        </extensions>
      </trkpt>
      <trkpt lat="22.5882877595722675323486328125" lon="114.28691974841058254241943359375">
        <ele>19</ele>
        <time>2025-02-20T00:35:41.000Z</time>
        <extensions>
          <ns3:TrackPointExtension>
            <ns3:atemp>21.0</ns3:atemp>
            <ns3:hr>151</ns3:hr>
          </ns3:TrackPointExtension>
        </extensions>
      </trkpt>
      <trkpt lat="22.58825900964438915252685546875" lon="114.2869525216519832611083984375">
        <ele>19</ele>
        <time>2025-02-20T00:35:42.000Z</time>
        <extensions>
          <ns3:TrackPointExtension>
            <ns3:atemp>21.0</ns3:atemp>
            <ns3:hr>151</ns3:hr>
          </ns3:TrackPointExtension>
        </extensions>
      </trkpt>
      <trkpt lat="22.588232941925525665283203125" lon="114.2869826965034008026123046875">
        <ele>19.6000003814697265625</ele>
        <time>2025-02-20T00:35:43.000Z</time>
        <extensions>
          <ns3:TrackPointExtension>
            <ns3:atemp>21.0</ns3:atemp>
            <ns3:hr>152</ns3:hr>
          </ns3:TrackPointExtension>
        </extensions>
      </trkpt>
      <trkpt lat="22.58820419199764728546142578125" lon="114.287014715373516082763671875">
        <ele>19.799999237060546875</ele>
        <time>2025-02-20T00:35:44.000Z</time>
        <extensions>
          <ns3:TrackPointExtension>
            <ns3:atemp>21.0</ns3:atemp>
            <ns3:hr>152</ns3:hr>
          </ns3:TrackPointExtension>
        </extensions>
      </trkpt>
      <trkpt lat="22.5881767831742763519287109375" lon="114.2870443873107433319091796875">
        <ele>20</ele>
        <time>2025-02-20T00:35:45.000Z</time>
        <extensions>
          <ns3:TrackPointExtension>
            <ns3:atemp>21.0</ns3:atemp>
            <ns3:hr>153</ns3:hr>
          </ns3:TrackPointExtension>
        </extensions>
      </trkpt>
      <trkpt lat="22.5881481170654296875" lon="114.28707313723862171173095703125">
        <ele>20.3999996185302734375</ele>
        <time>2025-02-20T00:35:46.000Z</time>
        <extensions>
          <ns3:TrackPointExtension>
            <ns3:atemp>21.0</ns3:atemp>
            <ns3:hr>153</ns3:hr>
          </ns3:TrackPointExtension>
        </extensions>
      </trkpt>
      <trkpt lat="22.5881211273372173309326171875" lon="114.2870990373194217681884765625">
        <ele>20.6000003814697265625</ele>
        <time>2025-02-20T00:35:47.000Z</time>
        <extensions>
          <ns3:TrackPointExtension>
            <ns3:atemp>21.0</ns3:atemp>
            <ns3:hr>153</ns3:hr>
          </ns3:TrackPointExtension>
        </extensions>
      </trkpt>
      <trkpt lat="22.5880959816277027130126953125" lon="114.2871238477528095245361328125">
        <ele>20.799999237060546875</ele>
        <time>2025-02-20T00:35:48.000Z</time>
        <extensions>
          <ns3:TrackPointExtension>
            <ns3:atemp>21.0</ns3:atemp>
            <ns3:hr>153</ns3:hr>
          </ns3:TrackPointExtension>
        </extensions>
      </trkpt>
      <trkpt lat="22.58807343430817127227783203125" lon="114.2871503345668315887451171875">
        <ele>21</ele>
        <time>2025-02-20T00:35:49.000Z</time>
        <extensions>
          <ns3:TrackPointExtension>
            <ns3:atemp>21.0</ns3:atemp>
            <ns3:hr>153</ns3:hr>
          </ns3:TrackPointExtension>
        </extensions>
      </trkpt>
      <trkpt lat="22.5880473665893077850341796875" lon="114.2871741391718387603759765625">
        <ele>21.3999996185302734375</ele>
        <time>2025-02-20T00:35:50.000Z</time>
        <extensions>
          <ns3:TrackPointExtension>
            <ns3:atemp>21.0</ns3:atemp>
            <ns3:hr>153</ns3:hr>
          </ns3:TrackPointExtension>
        </extensions>
      </trkpt>
      <trkpt lat="22.58802263997495174407958984375" lon="114.2871992848813533782958984375">
        <ele>21.6000003814697265625</ele>
        <time>2025-02-20T00:35:51.000Z</time>
        <extensions>
          <ns3:TrackPointExtension>
            <ns3:atemp>21.0</ns3:atemp>
            <ns3:hr>153</ns3:hr>
          </ns3:TrackPointExtension>
        </extensions>
      </trkpt>
      <trkpt lat="22.58799615316092967987060546875" lon="114.28722132928669452667236328125">
        <ele>21.799999237060546875</ele>
        <time>2025-02-20T00:35:52.000Z</time>
        <extensions>
          <ns3:TrackPointExtension>
            <ns3:atemp>21.0</ns3:atemp>
            <ns3:hr>153</ns3:hr>
          </ns3:TrackPointExtension>
        </extensions>
      </trkpt>
      <trkpt lat="22.587968409061431884765625" lon="114.28724597208201885223388671875">
        <ele>22</ele>
        <time>2025-02-20T00:35:53.000Z</time>
        <extensions>
          <ns3:TrackPointExtension>
            <ns3:atemp>21.0</ns3:atemp>
            <ns3:hr>154</ns3:hr>
          </ns3:TrackPointExtension>
        </extensions>
      </trkpt>
      <trkpt lat="22.58794116787612438201904296875" lon="114.2872720398008823394775390625">
        <ele>22.200000762939453125</ele>
        <time>2025-02-20T00:35:54.000Z</time>
        <extensions>
          <ns3:TrackPointExtension>
            <ns3:atemp>21.0</ns3:atemp>
            <ns3:hr>154</ns3:hr>
          </ns3:TrackPointExtension>
        </extensions>
      </trkpt>
      <trkpt lat="22.58791233412921428680419921875" lon="114.287298358976840972900390625">
        <ele>22.3999996185302734375</ele>
        <time>2025-02-20T00:35:55.000Z</time>
        <extensions>
          <ns3:TrackPointExtension>
            <ns3:atemp>21.0</ns3:atemp>
            <ns3:hr>154</ns3:hr>
          </ns3:TrackPointExtension>
        </extensions>
      </trkpt>
      <trkpt lat="22.58788752369582653045654296875" lon="114.28732425905764102935791015625">
        <ele>22.3999996185302734375</ele>
        <time>2025-02-20T00:35:56.000Z</time>
        <extensions>
          <ns3:TrackPointExtension>
            <ns3:atemp>21.0</ns3:atemp>
            <ns3:hr>155</ns3:hr>
          </ns3:TrackPointExtension>
        </extensions>
      </trkpt>
      <trkpt lat="22.58786237798631191253662109375" lon="114.28735074587166309356689453125">
        <ele>23</ele>
        <time>2025-02-20T00:35:57.000Z</time>
        <extensions>
          <ns3:TrackPointExtension>
            <ns3:atemp>21.0</ns3:atemp>
            <ns3:hr>155</ns3:hr>
          </ns3:TrackPointExtension>
        </extensions>
      </trkpt>
      <trkpt lat="22.5878391601145267486572265625" lon="114.28737538866698741912841796875">
        <ele>23.200000762939453125</ele>
        <time>2025-02-20T00:35:58.000Z</time>
        <extensions>
          <ns3:TrackPointExtension>
            <ns3:atemp>21.0</ns3:atemp>
            <ns3:hr>156</ns3:hr>
          </ns3:TrackPointExtension>
        </extensions>
      </trkpt>
      <trkpt lat="22.5878160260617733001708984375" lon="114.28739952854812145233154296875">
        <ele>23.3999996185302734375</ele>
        <time>2025-02-20T00:35:59.000Z</time>
        <extensions>
          <ns3:TrackPointExtension>
            <ns3:atemp>21.0</ns3:atemp>
            <ns3:hr>156</ns3:hr>
          </ns3:TrackPointExtension>
        </extensions>
      </trkpt>
      <trkpt lat="22.587792389094829559326171875" lon="114.287426434457302093505859375">
        <ele>23.6000003814697265625</ele>
        <time>2025-02-20T00:36:00.000Z</time>
        <extensions>
          <ns3:TrackPointExtension>
            <ns3:atemp>21.0</ns3:atemp>
            <ns3:hr>156</ns3:hr>
          </ns3:TrackPointExtension>
        </extensions>
      </trkpt>
      <trkpt lat="22.587770931422710418701171875" lon="114.28745149634778499603271484375">
        <ele>23.6000003814697265625</ele>
        <time>2025-02-20T00:36:01.000Z</time>
        <extensions>
          <ns3:TrackPointExtension>
            <ns3:atemp>21.0</ns3:atemp>
            <ns3:hr>156</ns3:hr>
          </ns3:TrackPointExtension>
        </extensions>
      </trkpt>
      <trkpt lat="22.58775274269282817840576171875" lon="114.28748183883726596832275390625">
        <ele>24</ele>
        <time>2025-02-20T00:36:02.000Z</time>
        <extensions>
          <ns3:TrackPointExtension>
            <ns3:atemp>21.0</ns3:atemp>
            <ns3:hr>157</ns3:hr>
          </ns3:TrackPointExtension>
        </extensions>
      </trkpt>
      <trkpt lat="22.587732374668121337890625" lon="114.28751369006931781768798828125">
        <ele>24.200000762939453125</ele>
        <time>2025-02-20T00:36:03.000Z</time>
        <extensions>
          <ns3:TrackPointExtension>
            <ns3:atemp>21.0</ns3:atemp>
            <ns3:hr>156</ns3:hr>
          </ns3:TrackPointExtension>
        </extensions>
      </trkpt>
      <trkpt lat="22.58771318010985851287841796875" lon="114.28754738532006740570068359375">
        <ele>24.3999996185302734375</ele>
        <time>2025-02-20T00:36:04.000Z</time>
        <extensions>
          <ns3:TrackPointExtension>
            <ns3:atemp>21.0</ns3:atemp>
            <ns3:hr>156</ns3:hr>
          </ns3:TrackPointExtension>
        </extensions>
      </trkpt>
      <trkpt lat="22.58769214153289794921875" lon="114.2875818349421024322509765625">
        <ele>24.6000003814697265625</ele>
        <time>2025-02-20T00:36:05.000Z</time>
        <extensions>
          <ns3:TrackPointExtension>
            <ns3:atemp>21.0</ns3:atemp>
            <ns3:hr>155</ns3:hr>
          </ns3:TrackPointExtension>
        </extensions>
      </trkpt>
      <trkpt lat="22.58767227642238140106201171875" lon="114.28761863149702548980712890625">
        <ele>24.799999237060546875</ele>
        <time>2025-02-20T00:36:06.000Z</time>
        <extensions>
          <ns3:TrackPointExtension>
            <ns3:atemp>21.0</ns3:atemp>
            <ns3:hr>155</ns3:hr>
          </ns3:TrackPointExtension>
        </extensions>
      </trkpt>
      <trkpt lat="22.5876530818641185760498046875" lon="114.2876562662422657012939453125">
        <ele>25</ele>
        <time>2025-02-20T00:36:07.000Z</time>
        <extensions>
          <ns3:TrackPointExtension>
            <ns3:atemp>21.0</ns3:atemp>
            <ns3:hr>155</ns3:hr>
          </ns3:TrackPointExtension>
        </extensions>
      </trkpt>
      <trkpt lat="22.58763489313423633575439453125" lon="114.287698678672313690185546875">
        <ele>25</ele>
        <time>2025-02-20T00:36:08.000Z</time>
        <extensions>
          <ns3:TrackPointExtension>
            <ns3:atemp>21.0</ns3:atemp>
            <ns3:hr>156</ns3:hr>
          </ns3:TrackPointExtension>
        </extensions>
      </trkpt>
      <trkpt lat="22.58761762641370296478271484375" lon="114.28774519823491573333740234375">
        <ele>25</ele>
        <time>2025-02-20T00:36:09.000Z</time>
        <extensions>
          <ns3:TrackPointExtension>
            <ns3:atemp>21.0</ns3:atemp>
            <ns3:hr>156</ns3:hr>
          </ns3:TrackPointExtension>
        </extensions>
      </trkpt>
      <trkpt lat="22.58760304190218448638916015625" lon="114.28779297508299350738525390625">
        <ele>25</ele>
        <time>2025-02-20T00:36:10.000Z</time>
        <extensions>
          <ns3:TrackPointExtension>
            <ns3:atemp>21.0</ns3:atemp>
            <ns3:hr>156</ns3:hr>
          </ns3:TrackPointExtension>
        </extensions>
      </trkpt>
      <trkpt lat="22.5875888764858245849609375" lon="114.28784050047397613525390625">
        <ele>25</ele>
        <time>2025-02-20T00:36:11.000Z</time>
        <extensions>
          <ns3:TrackPointExtension>
            <ns3:atemp>21.0</ns3:atemp>
            <ns3:hr>156</ns3:hr>
          </ns3:TrackPointExtension>
        </extensions>
      </trkpt>
      <trkpt lat="22.587578482925891876220703125" lon="114.28789171390235424041748046875">
        <ele>25.200000762939453125</ele>
        <time>2025-02-20T00:36:12.000Z</time>
        <extensions>
          <ns3:TrackPointExtension>
            <ns3:atemp>21.0</ns3:atemp>
            <ns3:hr>156</ns3:hr>
          </ns3:TrackPointExtension>
        </extensions>
      </trkpt>
      <trkpt lat="22.58756666444242000579833984375" lon="114.287946112453937530517578125">
        <ele>25.200000762939453125</ele>
        <time>2025-02-20T00:36:13.000Z</time>
        <extensions>
          <ns3:TrackPointExtension>
            <ns3:atemp>21.0</ns3:atemp>
            <ns3:hr>157</ns3:hr>
          </ns3:TrackPointExtension>
        </extensions>
      </trkpt>
      <trkpt lat="22.58755845017731189727783203125" lon="114.28800218738615512847900390625">
        <ele>25.200000762939453125</ele>
        <time>2025-02-20T00:36:14.000Z</time>
        <extensions>
          <ns3:TrackPointExtension>
            <ns3:atemp>21.0</ns3:atemp>
            <ns3:hr>158</ns3:hr>
          </ns3:TrackPointExtension>
        </extensions>
      </trkpt>
      <trkpt lat="22.5875498168170452117919921875" lon="114.2880612798035144805908203125">
        <ele>25.200000762939453125</ele>
        <time>2025-02-20T00:36:15.000Z</time>
        <extensions>
          <ns3:TrackPointExtension>
            <ns3:atemp>21.0</ns3:atemp>
            <ns3:hr>158</ns3:hr>
          </ns3:TrackPointExtension>
        </extensions>
      </trkpt>
      <trkpt lat="22.58753984235227108001708984375" lon="114.28811752237379550933837890625">
        <ele>25.200000762939453125</ele>
        <time>2025-02-20T00:36:16.000Z</time>
        <extensions>
          <ns3:TrackPointExtension>
            <ns3:atemp>21.0</ns3:atemp>
            <ns3:hr>158</ns3:hr>
          </ns3:TrackPointExtension>
        </extensions>
      </trkpt>
      <trkpt lat="22.58753179572522640228271484375" lon="114.288172759115695953369140625">
        <ele>25.200000762939453125</ele>
        <time>2025-02-20T00:36:17.000Z</time>
        <extensions>
          <ns3:TrackPointExtension>
            <ns3:atemp>21.0</ns3:atemp>
            <ns3:hr>158</ns3:hr>
          </ns3:TrackPointExtension>
        </extensions>
      </trkpt>
      <trkpt lat="22.58752358146011829376220703125" lon="114.28822673857212066650390625">
        <ele>25.3999996185302734375</ele>
        <time>2025-02-20T00:36:18.000Z</time>
        <extensions>
          <ns3:TrackPointExtension>
            <ns3:atemp>21.0</ns3:atemp>
            <ns3:hr>159</ns3:hr>
          </ns3:TrackPointExtension>
        </extensions>
      </trkpt>
      <trkpt lat="22.58751352317631244659423828125" lon="114.28827904164791107177734375">
        <ele>25.6000003814697265625</ele>
        <time>2025-02-20T00:36:19.000Z</time>
        <extensions>
          <ns3:TrackPointExtension>
            <ns3:atemp>21.0</ns3:atemp>
            <ns3:hr>159</ns3:hr>
          </ns3:TrackPointExtension>
        </extensions>
      </trkpt>
      <trkpt lat="22.58750497363507747650146484375" lon="114.2883301712572574615478515625">
        <ele>25.6000003814697265625</ele>
        <time>2025-02-20T00:36:20.000Z</time>
        <extensions>
          <ns3:TrackPointExtension>
            <ns3:atemp>21.0</ns3:atemp>
            <ns3:hr>160</ns3:hr>
          </ns3:TrackPointExtension>
        </extensions>
      </trkpt>
      <trkpt lat="22.58749675936996936798095703125" lon="114.2883818037807941436767578125">
        <ele>25.799999237060546875</ele>
        <time>2025-02-20T00:36:21.000Z</time>
        <extensions>
          <ns3:TrackPointExtension>
            <ns3:atemp>21.0</ns3:atemp>
            <ns3:hr>160</ns3:hr>
          </ns3:TrackPointExtension>
        </extensions>
      </trkpt>
      <trkpt lat="22.58748888038098812103271484375" lon="114.28843435831367969512939453125">
        <ele>26</ele>
        <time>2025-02-20T00:36:22.000Z</time>
        <extensions>
          <ns3:TrackPointExtension>
            <ns3:atemp>21.0</ns3:atemp>
            <ns3:hr>160</ns3:hr>
          </ns3:TrackPointExtension>
        </extensions>
      </trkpt>
      <trkpt lat="22.58748049847781658172607421875" lon="114.2884860746562480926513671875">
        <ele>26.200000762939453125</ele>
        <time>2025-02-20T00:36:23.000Z</time>
        <extensions>
          <ns3:TrackPointExtension>
            <ns3:atemp>21.0</ns3:atemp>
            <ns3:hr>160</ns3:hr>
          </ns3:TrackPointExtension>
        </extensions>
      </trkpt>
      <trkpt lat="22.587473206222057342529296875" lon="114.2885363660752773284912109375">
        <ele>26.200000762939453125</ele>
        <time>2025-02-20T00:36:24.000Z</time>
        <extensions>
          <ns3:TrackPointExtension>
            <ns3:atemp>21.0</ns3:atemp>
            <ns3:hr>160</ns3:hr>
          </ns3:TrackPointExtension>
        </extensions>
      </trkpt>
      <trkpt lat="22.5874628126621246337890625" lon="114.28858573548495769500732421875">
        <ele>26.200000762939453125</ele>
        <time>2025-02-20T00:36:25.000Z</time>
        <extensions>
          <ns3:TrackPointExtension>
            <ns3:atemp>21.0</ns3:atemp>
            <ns3:hr>160</ns3:hr>
          </ns3:TrackPointExtension>
        </extensions>
      </trkpt>
      <trkpt lat="22.58745183236896991729736328125" lon="114.28863535635173320770263671875">
        <ele>26.200000762939453125</ele>
        <time>2025-02-20T00:36:26.000Z</time>
        <extensions>
          <ns3:TrackPointExtension>
            <ns3:atemp>21.0</ns3:atemp>
            <ns3:hr>160</ns3:hr>
          </ns3:TrackPointExtension>
        </extensions>
      </trkpt>
      <trkpt lat="22.587437666952610015869140625" lon="114.28868531249463558197021484375">
        <ele>26.200000762939453125</ele>
        <time>2025-02-20T00:36:27.000Z</time>
        <extensions>
          <ns3:TrackPointExtension>
            <ns3:atemp>21.0</ns3:atemp>
            <ns3:hr>161</ns3:hr>
          </ns3:TrackPointExtension>
        </extensions>
      </trkpt>
      <trkpt lat="22.58742450736463069915771484375" lon="114.2887361906468868255615234375">
        <ele>26.200000762939453125</ele>
        <time>2025-02-20T00:36:28.000Z</time>
        <extensions>
          <ns3:TrackPointExtension>
            <ns3:atemp>21.0</ns3:atemp>
            <ns3:hr>161</ns3:hr>
          </ns3:TrackPointExtension>
        </extensions>
      </trkpt>
      <trkpt lat="22.58740983903408050537109375" lon="114.28878790698945522308349609375">
        <ele>26.200000762939453125</ele>
        <time>2025-02-20T00:36:29.000Z</time>
        <extensions>
          <ns3:TrackPointExtension>
            <ns3:atemp>21.0</ns3:atemp>
            <ns3:hr>161</ns3:hr>
          </ns3:TrackPointExtension>
        </extensions>
      </trkpt>
      <trkpt lat="22.58739584125578403472900390625" lon="114.2888394556939601898193359375">
        <ele>26.200000762939453125</ele>
        <time>2025-02-20T00:36:30.000Z</time>
        <extensions>
          <ns3:TrackPointExtension>
            <ns3:atemp>21.0</ns3:atemp>
            <ns3:hr>161</ns3:hr>
          </ns3:TrackPointExtension>
        </extensions>
      </trkpt>
      <trkpt lat="22.58737991563975811004638671875" lon="114.28889326751232147216796875">
        <ele>26</ele>
        <time>2025-02-20T00:36:31.000Z</time>
        <extensions>
          <ns3:TrackPointExtension>
            <ns3:atemp>21.0</ns3:atemp>
            <ns3:hr>161</ns3:hr>
          </ns3:TrackPointExtension>
        </extensions>
      </trkpt>
      <trkpt lat="22.58736466057598590850830078125" lon="114.2889490909874439239501953125">
        <ele>25.799999237060546875</ele>
        <time>2025-02-20T00:36:32.000Z</time>
        <extensions>
          <ns3:TrackPointExtension>
            <ns3:atemp>21.0</ns3:atemp>
            <ns3:hr>160</ns3:hr>
          </ns3:TrackPointExtension>
        </extensions>
      </trkpt>
      <trkpt lat="22.58734789676964282989501953125" lon="114.28900734521448612213134765625">
        <ele>25.6000003814697265625</ele>
        <time>2025-02-20T00:36:33.000Z</time>
        <extensions>
          <ns3:TrackPointExtension>
            <ns3:atemp>21.0</ns3:atemp>
            <ns3:hr>160</ns3:hr>
          </ns3:TrackPointExtension>
        </extensions>
      </trkpt>
      <trkpt lat="22.58732845075428485870361328125" lon="114.289062581956386566162109375">
        <ele>25.3999996185302734375</ele>
        <time>2025-02-20T00:36:34.000Z</time>
        <extensions>
          <ns3:TrackPointExtension>
            <ns3:atemp>21.0</ns3:atemp>
            <ns3:hr>161</ns3:hr>
          </ns3:TrackPointExtension>
        </extensions>
      </trkpt>
      <trkpt lat="22.5873114354908466339111328125" lon="114.2891197465360164642333984375">
        <ele>25.200000762939453125</ele>
        <time>2025-02-20T00:36:35.000Z</time>
        <extensions>
          <ns3:TrackPointExtension>
            <ns3:atemp>21.0</ns3:atemp>
            <ns3:hr>160</ns3:hr>
          </ns3:TrackPointExtension>
        </extensions>
      </trkpt>
      <trkpt lat="22.5872923247516155242919921875" lon="114.28917850367724895477294921875">
        <ele>25.200000762939453125</ele>
        <time>2025-02-20T00:36:36.000Z</time>
        <extensions>
          <ns3:TrackPointExtension>
            <ns3:atemp>21.0</ns3:atemp>
            <ns3:hr>160</ns3:hr>
          </ns3:TrackPointExtension>
        </extensions>
      </trkpt>
      <trkpt lat="22.58727371692657470703125" lon="114.28923659026622772216796875">
        <ele>24.799999237060546875</ele>
        <time>2025-02-20T00:36:37.000Z</time>
        <extensions>
          <ns3:TrackPointExtension>
            <ns3:atemp>21.0</ns3:atemp>
            <ns3:hr>160</ns3:hr>
          </ns3:TrackPointExtension>
        </extensions>
      </trkpt>
      <trkpt lat="22.58725561201572418212890625" lon="114.2892961017787456512451171875">
        <ele>24.6000003814697265625</ele>
        <time>2025-02-20T00:36:38.000Z</time>
        <extensions>
          <ns3:TrackPointExtension>
            <ns3:atemp>21.0</ns3:atemp>
            <ns3:hr>159</ns3:hr>
          </ns3:TrackPointExtension>
        </extensions>
      </trkpt>
      <trkpt lat="22.5872373394668102264404296875" lon="114.28935787640511989593505859375">
        <ele>24.6000003814697265625</ele>
        <time>2025-02-20T00:36:39.000Z</time>
        <extensions>
          <ns3:TrackPointExtension>
            <ns3:atemp>21.0</ns3:atemp>
            <ns3:hr>157</ns3:hr>
          </ns3:TrackPointExtension>
        </extensions>
      </trkpt>
      <trkpt lat="22.58721697144210338592529296875" lon="114.28942241705954074859619140625">
        <ele>24.3999996185302734375</ele>
        <time>2025-02-20T00:36:40.000Z</time>
        <extensions>
          <ns3:TrackPointExtension>
            <ns3:atemp>21.0</ns3:atemp>
            <ns3:hr>158</ns3:hr>
          </ns3:TrackPointExtension>
        </extensions>
      </trkpt>
      <trkpt lat="22.58719182573258876800537109375" lon="114.2894878797233104705810546875">
        <ele>24</ele>
        <time>2025-02-20T00:36:41.000Z</time>
        <extensions>
          <ns3:TrackPointExtension>
            <ns3:atemp>21.0</ns3:atemp>
            <ns3:hr>158</ns3:hr>
          </ns3:TrackPointExtension>
        </extensions>
      </trkpt>
      <trkpt lat="22.58715846575796604156494140625" lon="114.28955066017806529998779296875">
        <ele>23.799999237060546875</ele>
        <time>2025-02-20T00:36:42.000Z</time>
        <extensions>
          <ns3:TrackPointExtension>
            <ns3:atemp>21.0</ns3:atemp>
            <ns3:hr>158</ns3:hr>
          </ns3:TrackPointExtension>
        </extensions>
      </trkpt>
      <trkpt lat="22.58712795563042163848876953125" lon="114.28961553610861301422119140625">
        <ele>23.6000003814697265625</ele>
        <time>2025-02-20T00:36:43.000Z</time>
        <extensions>
          <ns3:TrackPointExtension>
            <ns3:atemp>21.0</ns3:atemp>
            <ns3:hr>159</ns3:hr>
          </ns3:TrackPointExtension>
        </extensions>
      </trkpt>
      <trkpt lat="22.58710633032023906707763671875" lon="114.28968192078173160552978515625">
        <ele>23.3999996185302734375</ele>
        <time>2025-02-20T00:36:44.000Z</time>
        <extensions>
          <ns3:TrackPointExtension>
            <ns3:atemp>21.0</ns3:atemp>
            <ns3:hr>159</ns3:hr>
          </ns3:TrackPointExtension>
        </extensions>
      </trkpt>
      <trkpt lat="22.58708604611456394195556640625" lon="114.2897500656545162200927734375">
        <ele>23.3999996185302734375</ele>
        <time>2025-02-20T00:36:45.000Z</time>
        <extensions>
          <ns3:TrackPointExtension>
            <ns3:atemp>21.0</ns3:atemp>
            <ns3:hr>159</ns3:hr>
          </ns3:TrackPointExtension>
        </extensions>
      </trkpt>
      <trkpt lat="22.587067186832427978515625" lon="114.2898194678127765655517578125">
        <ele>23.200000762939453125</ele>
        <time>2025-02-20T00:36:46.000Z</time>
        <extensions>
          <ns3:TrackPointExtension>
            <ns3:atemp>21.0</ns3:atemp>
            <ns3:hr>158</ns3:hr>
          </ns3:TrackPointExtension>
        </extensions>
      </trkpt>
      <trkpt lat="22.5870515964925289154052734375" lon="114.289888702332973480224609375">
        <ele>23.200000762939453125</ele>
        <time>2025-02-20T00:36:47.000Z</time>
        <extensions>
          <ns3:TrackPointExtension>
            <ns3:atemp>21.0</ns3:atemp>
            <ns3:hr>155</ns3:hr>
          </ns3:TrackPointExtension>
        </extensions>
      </trkpt>
      <trkpt lat="22.58703835308551788330078125" lon="114.28995986469089984893798828125">
        <ele>23.200000762939453125</ele>
        <time>2025-02-20T00:36:48.000Z</time>
        <extensions>
          <ns3:TrackPointExtension>
            <ns3:atemp>21.0</ns3:atemp>
            <ns3:hr>154</ns3:hr>
          </ns3:TrackPointExtension>
        </extensions>
      </trkpt>
      <trkpt lat="22.58701865561306476593017578125" lon="114.290029518306255340576171875">
        <ele>23.200000762939453125</ele>
        <time>2025-02-20T00:36:49.000Z</time>
        <extensions>
          <ns3:TrackPointExtension>
            <ns3:atemp>21.0</ns3:atemp>
            <ns3:hr>155</ns3:hr>
          </ns3:TrackPointExtension>
        </extensions>
      </trkpt>
      <trkpt lat="22.58699543774127960205078125" lon="114.290097244083881378173828125">
        <ele>23.200000762939453125</ele>
        <time>2025-02-20T00:36:50.000Z</time>
        <extensions>
          <ns3:TrackPointExtension>
            <ns3:atemp>21.0</ns3:atemp>
            <ns3:hr>155</ns3:hr>
          </ns3:TrackPointExtension>
        </extensions>
      </trkpt>
      <trkpt lat="22.5869744829833507537841796875" lon="114.290162287652492523193359375">
        <ele>23.200000762939453125</ele>
        <time>2025-02-20T00:36:51.000Z</time>
        <extensions>
          <ns3:TrackPointExtension>
            <ns3:atemp>21.0</ns3:atemp>
            <ns3:hr>155</ns3:hr>
          </ns3:TrackPointExtension>
        </extensions>
      </trkpt>
      <trkpt lat="22.58695377968251705169677734375" lon="114.29022909142076969146728515625">
        <ele>23.200000762939453125</ele>
        <time>2025-02-20T00:36:52.000Z</time>
        <extensions>
          <ns3:TrackPointExtension>
            <ns3:atemp>21.0</ns3:atemp>
            <ns3:hr>154</ns3:hr>
          </ns3:TrackPointExtension>
        </extensions>
      </trkpt>
      <trkpt lat="22.58693366311490535736083984375" lon="114.2902962304651737213134765625">
        <ele>23.200000762939453125</ele>
        <time>2025-02-20T00:36:53.000Z</time>
        <extensions>
          <ns3:TrackPointExtension>
            <ns3:atemp>21.0</ns3:atemp>
            <ns3:hr>154</ns3:hr>
          </ns3:TrackPointExtension>
        </extensions>
      </trkpt>
      <trkpt lat="22.5869158096611499786376953125" lon="114.2903636209666728973388671875">
        <ele>23.3999996185302734375</ele>
        <time>2025-02-20T00:36:54.000Z</time>
        <extensions>
          <ns3:TrackPointExtension>
            <ns3:atemp>21.0</ns3:atemp>
            <ns3:hr>152</ns3:hr>
          </ns3:TrackPointExtension>
        </extensions>
      </trkpt>
      <trkpt lat="22.58689778856933116912841796875" lon="114.29043059237301349639892578125">
        <ele>23.3999996185302734375</ele>
        <time>2025-02-20T00:36:55.000Z</time>
        <extensions>
          <ns3:TrackPointExtension>
            <ns3:atemp>21.0</ns3:atemp>
            <ns3:hr>151</ns3:hr>
          </ns3:TrackPointExtension>
        </extensions>
      </trkpt>
      <trkpt lat="22.586882114410400390625" lon="114.290498904883861541748046875">
        <ele>23.3999996185302734375</ele>
        <time>2025-02-20T00:36:56.000Z</time>
        <extensions>
          <ns3:TrackPointExtension>
            <ns3:atemp>21.0</ns3:atemp>
            <ns3:hr>150</ns3:hr>
          </ns3:TrackPointExtension>
        </extensions>
      </trkpt>
      <trkpt lat="22.5868673622608184814453125" lon="114.29056822322309017181396484375">
        <ele>23.3999996185302734375</ele>
        <time>2025-02-20T00:36:57.000Z</time>
        <extensions>
          <ns3:TrackPointExtension>
            <ns3:atemp>21.0</ns3:atemp>
            <ns3:hr>149</ns3:hr>
          </ns3:TrackPointExtension>
        </extensions>
      </trkpt>
      <trkpt lat="22.5868507660925388336181640625" lon="114.29063544608652591705322265625">
        <ele>23.6000003814697265625</ele>
        <time>2025-02-20T00:36:58.000Z</time>
        <extensions>
          <ns3:TrackPointExtension>
            <ns3:atemp>21.0</ns3:atemp>
            <ns3:hr>147</ns3:hr>
          </ns3:TrackPointExtension>
        </extensions>
      </trkpt>
      <trkpt lat="22.58683509193360805511474609375" lon="114.29070417769253253936767578125">
        <ele>23.6000003814697265625</ele>
        <time>2025-02-20T00:36:59.000Z</time>
        <extensions>
          <ns3:TrackPointExtension>
            <ns3:atemp>21.0</ns3:atemp>
            <ns3:hr>145</ns3:hr>
          </ns3:TrackPointExtension>
        </extensions>
      </trkpt>
      <trkpt lat="22.5868209265172481536865234375" lon="114.29077081382274627685546875">
        <ele>23.799999237060546875</ele>
        <time>2025-02-20T00:37:00.000Z</time>
        <extensions>
          <ns3:TrackPointExtension>
            <ns3:atemp>21.0</ns3:atemp>
            <ns3:hr>144</ns3:hr>
          </ns3:TrackPointExtension>
        </extensions>
      </trkpt>
      <trkpt lat="22.586808018386363983154296875" lon="114.29083518683910369873046875">
        <ele>24</ele>
        <time>2025-02-20T00:37:01.000Z</time>
        <extensions>
          <ns3:TrackPointExtension>
            <ns3:atemp>21.0</ns3:atemp>
            <ns3:hr>144</ns3:hr>
          </ns3:TrackPointExtension>
        </extensions>
      </trkpt>
      <trkpt lat="22.58679284714162349700927734375" lon="114.29089955985546112060546875">
        <ele>24.3999996185302734375</ele>
        <time>2025-02-20T00:37:02.000Z</time>
        <extensions>
          <ns3:TrackPointExtension>
            <ns3:atemp>21.0</ns3:atemp>
            <ns3:hr>144</ns3:hr>
          </ns3:TrackPointExtension>
        </extensions>
      </trkpt>
      <trkpt lat="22.58677977137267589569091796875" lon="114.29096368141472339630126953125">
        <ele>24.6000003814697265625</ele>
        <time>2025-02-20T00:37:03.000Z</time>
        <extensions>
          <ns3:TrackPointExtension>
            <ns3:atemp>21.0</ns3:atemp>
            <ns3:hr>143</ns3:hr>
          </ns3:TrackPointExtension>
        </extensions>
      </trkpt>
      <trkpt lat="22.5867656059563159942626953125" lon="114.29102989844977855682373046875">
        <ele>24.6000003814697265625</ele>
        <time>2025-02-20T00:37:04.000Z</time>
        <extensions>
          <ns3:TrackPointExtension>
            <ns3:atemp>21.0</ns3:atemp>
            <ns3:hr>143</ns3:hr>
          </ns3:TrackPointExtension>
        </extensions>
      </trkpt>
      <trkpt lat="22.5867525301873683929443359375" lon="114.291094355285167694091796875">
        <ele>24.6000003814697265625</ele>
        <time>2025-02-20T00:37:05.000Z</time>
        <extensions>
          <ns3:TrackPointExtension>
            <ns3:atemp>21.0</ns3:atemp>
            <ns3:hr>143</ns3:hr>
          </ns3:TrackPointExtension>
        </extensions>
      </trkpt>
      <trkpt lat="22.58674062788486480712890625" lon="114.29115897975862026214599609375">
        <ele>24.799999237060546875</ele>
        <time>2025-02-20T00:37:06.000Z</time>
        <extensions>
          <ns3:TrackPointExtension>
            <ns3:atemp>21.0</ns3:atemp>
            <ns3:hr>143</ns3:hr>
          </ns3:TrackPointExtension>
        </extensions>
      </trkpt>
      <trkpt lat="22.586730234324932098388671875" lon="114.2912236042320728302001953125">
        <ele>24.799999237060546875</ele>
        <time>2025-02-20T00:37:07.000Z</time>
        <extensions>
          <ns3:TrackPointExtension>
            <ns3:atemp>21.0</ns3:atemp>
            <ns3:hr>143</ns3:hr>
          </ns3:TrackPointExtension>
        </extensions>
      </trkpt>
      <trkpt lat="22.58672210387885570526123046875" lon="114.29128571413457393646240234375">
        <ele>24.799999237060546875</ele>
        <time>2025-02-20T00:37:08.000Z</time>
        <extensions>
          <ns3:TrackPointExtension>
            <ns3:atemp>21.0</ns3:atemp>
            <ns3:hr>143</ns3:hr>
          </ns3:TrackPointExtension>
        </extensions>
      </trkpt>
      <trkpt lat="22.5867143087089061737060546875" lon="114.2913510091602802276611328125">
        <ele>24.799999237060546875</ele>
        <time>2025-02-20T00:37:09.000Z</time>
        <extensions>
          <ns3:TrackPointExtension>
            <ns3:atemp>21.0</ns3:atemp>
            <ns3:hr>143</ns3:hr>
          </ns3:TrackPointExtension>
        </extensions>
      </trkpt>
      <trkpt lat="22.586708106100559234619140625" lon="114.29141697473824024200439453125">
        <ele>24.799999237060546875</ele>
        <time>2025-02-20T00:37:10.000Z</time>
        <extensions>
          <ns3:TrackPointExtension>
            <ns3:atemp>21.0</ns3:atemp>
            <ns3:hr>143</ns3:hr>
          </ns3:TrackPointExtension>
        </extensions>
      </trkpt>
      <trkpt lat="22.58670148439705371856689453125" lon="114.29148218594491481781005859375">
        <ele>24.799999237060546875</ele>
        <time>2025-02-20T00:37:11.000Z</time>
        <extensions>
          <ns3:TrackPointExtension>
            <ns3:atemp>21.0</ns3:atemp>
            <ns3:hr>142</ns3:hr>
          </ns3:TrackPointExtension>
        </extensions>
      </trkpt>
      <trkpt lat="22.5866975449025630950927734375" lon="114.291546978056430816650390625">
        <ele>24.799999237060546875</ele>
        <time>2025-02-20T00:37:12.000Z</time>
        <extensions>
          <ns3:TrackPointExtension>
            <ns3:atemp>21.0</ns3:atemp>
            <ns3:hr>142</ns3:hr>
          </ns3:TrackPointExtension>
        </extensions>
      </trkpt>
      <trkpt lat="22.58669528178870677947998046875" lon="114.29161369800567626953125">
        <ele>24.799999237060546875</ele>
        <time>2025-02-20T00:37:13.000Z</time>
        <extensions>
          <ns3:TrackPointExtension>
            <ns3:atemp>21.0</ns3:atemp>
            <ns3:hr>142</ns3:hr>
          </ns3:TrackPointExtension>
        </extensions>
      </trkpt>
      <trkpt lat="22.5866908393800258636474609375" lon="114.29168351925909519195556640625">
        <ele>24.799999237060546875</ele>
        <time>2025-02-20T00:37:14.000Z</time>
        <extensions>
          <ns3:TrackPointExtension>
            <ns3:atemp>21.0</ns3:atemp>
            <ns3:hr>141</ns3:hr>
          </ns3:TrackPointExtension>
        </extensions>
      </trkpt>
      <trkpt lat="22.5866881571710109710693359375" lon="114.2917518317699432373046875">
        <ele>24.6000003814697265625</ele>
        <time>2025-02-20T00:37:15.000Z</time>
        <extensions>
          <ns3:TrackPointExtension>
            <ns3:atemp>21.0</ns3:atemp>
            <ns3:hr>141</ns3:hr>
          </ns3:TrackPointExtension>
        </extensions>
      </trkpt>
      <trkpt lat="22.586686648428440093994140625" lon="114.291822910308837890625">
        <ele>24.6000003814697265625</ele>
        <time>2025-02-20T00:37:16.000Z</time>
        <extensions>
          <ns3:TrackPointExtension>
            <ns3:atemp>21.0</ns3:atemp>
            <ns3:hr>141</ns3:hr>
          </ns3:TrackPointExtension>
        </extensions>
      </trkpt>
      <trkpt lat="22.586684636771678924560546875" lon="114.2918954975903034210205078125">
        <ele>24.6000003814697265625</ele>
        <time>2025-02-20T00:37:17.000Z</time>
        <extensions>
          <ns3:TrackPointExtension>
            <ns3:atemp>21.0</ns3:atemp>
            <ns3:hr>140</ns3:hr>
          </ns3:TrackPointExtension>
        </extensions>
      </trkpt>
      <trkpt lat="22.58667759597301483154296875" lon="114.29196917451918125152587890625">
        <ele>24.6000003814697265625</ele>
        <time>2025-02-20T00:37:18.000Z</time>
        <extensions>
          <ns3:TrackPointExtension>
            <ns3:atemp>21.0</ns3:atemp>
            <ns3:hr>140</ns3:hr>
          </ns3:TrackPointExtension>
        </extensions>
      </trkpt>
      <trkpt lat="22.5866677053272724151611328125" lon="114.29203991778194904327392578125">
        <ele>24.799999237060546875</ele>
        <time>2025-02-20T00:37:19.000Z</time>
        <extensions>
          <ns3:TrackPointExtension>
            <ns3:atemp>21.0</ns3:atemp>
            <ns3:hr>140</ns3:hr>
          </ns3:TrackPointExtension>
        </extensions>
      </trkpt>
      <trkpt lat="22.586651779711246490478515625" lon="114.292107559740543365478515625">
        <ele>24.799999237060546875</ele>
        <time>2025-02-20T00:37:20.000Z</time>
        <extensions>
          <ns3:TrackPointExtension>
            <ns3:atemp>21.0</ns3:atemp>
            <ns3:hr>141</ns3:hr>
          </ns3:TrackPointExtension>
        </extensions>
      </trkpt>
      <trkpt lat="22.5866291485726833343505859375" lon="114.29216866381466388702392578125">
        <ele>24.799999237060546875</ele>
        <time>2025-02-20T00:37:21.000Z</time>
        <extensions>
          <ns3:TrackPointExtension>
            <ns3:atemp>21.0</ns3:atemp>
            <ns3:hr>141</ns3:hr>
          </ns3:TrackPointExtension>
        </extensions>
      </trkpt>
      <trkpt lat="22.5866066850721836090087890625" lon="114.29222482256591320037841796875">
        <ele>25.6000003814697265625</ele>
        <time>2025-02-20T00:37:22.000Z</time>
        <extensions>
          <ns3:TrackPointExtension>
            <ns3:atemp>21.0</ns3:atemp>
            <ns3:hr>141</ns3:hr>
          </ns3:TrackPointExtension>
        </extensions>
      </trkpt>
      <trkpt lat="22.586582712829113006591796875" lon="114.29227662272751331329345703125">
        <ele>26</ele>
        <time>2025-02-20T00:37:23.000Z</time>
        <extensions>
          <ns3:TrackPointExtension>
            <ns3:atemp>21.0</ns3:atemp>
            <ns3:hr>141</ns3:hr>
          </ns3:TrackPointExtension>
        </extensions>
      </trkpt>
      <trkpt lat="22.58655421435832977294921875" lon="114.29232339374721050262451171875">
        <ele>26.6000003814697265625</ele>
        <time>2025-02-20T00:37:24.000Z</time>
        <extensions>
          <ns3:TrackPointExtension>
            <ns3:atemp>21.0</ns3:atemp>
            <ns3:hr>141</ns3:hr>
          </ns3:TrackPointExtension>
        </extensions>
      </trkpt>
      <trkpt lat="22.58652579970657825469970703125" lon="114.2923638783395290374755859375">
        <ele>26.799999237060546875</ele>
        <time>2025-02-20T00:37:25.000Z</time>
        <extensions>
          <ns3:TrackPointExtension>
            <ns3:atemp>21.0</ns3:atemp>
            <ns3:hr>141</ns3:hr>
          </ns3:TrackPointExtension>
        </extensions>
      </trkpt>
      <trkpt lat="22.5864983908832073211669921875" lon="114.2924014292657375335693359375">
        <ele>27.200000762939453125</ele>
        <time>2025-02-20T00:37:26.000Z</time>
        <extensions>
          <ns3:TrackPointExtension>
            <ns3:atemp>21.0</ns3:atemp>
            <ns3:hr>142</ns3:hr>
          </ns3:TrackPointExtension>
        </extensions>
      </trkpt>
      <trkpt lat="22.58647114969789981842041015625" lon="114.29243738763034343719482421875">
        <ele>27.3999996185302734375</ele>
        <time>2025-02-20T00:37:27.000Z</time>
        <extensions>
          <ns3:TrackPointExtension>
            <ns3:atemp>21.0</ns3:atemp>
            <ns3:hr>143</ns3:hr>
          </ns3:TrackPointExtension>
        </extensions>
      </trkpt>
      <trkpt lat="22.58644499816000461578369140625" lon="114.29246890358626842498779296875">
        <ele>27.799999237060546875</ele>
        <time>2025-02-20T00:37:28.000Z</time>
        <extensions>
          <ns3:TrackPointExtension>
            <ns3:atemp>21.0</ns3:atemp>
            <ns3:hr>143</ns3:hr>
          </ns3:TrackPointExtension>
        </extensions>
      </trkpt>
      <trkpt lat="22.58641851134598255157470703125" lon="114.292500503361225128173828125">
        <ele>28.3999996185302734375</ele>
        <time>2025-02-20T00:37:29.000Z</time>
        <extensions>
          <ns3:TrackPointExtension>
            <ns3:atemp>21.0</ns3:atemp>
            <ns3:hr>143</ns3:hr>
          </ns3:TrackPointExtension>
        </extensions>
      </trkpt>
      <trkpt lat="22.5863907672464847564697265625" lon="114.2925301752984523773193359375">
        <ele>28.6000003814697265625</ele>
        <time>2025-02-20T00:37:30.000Z</time>
        <extensions>
          <ns3:TrackPointExtension>
            <ns3:atemp>21.0</ns3:atemp>
            <ns3:hr>144</ns3:hr>
          </ns3:TrackPointExtension>
        </extensions>
      </trkpt>
      <trkpt lat="22.5863632746040821075439453125" lon="114.2925591766834259033203125">
        <ele>29.200000762939453125</ele>
        <time>2025-02-20T00:37:31.000Z</time>
        <extensions>
          <ns3:TrackPointExtension>
            <ns3:atemp>21.0</ns3:atemp>
            <ns3:hr>144</ns3:hr>
          </ns3:TrackPointExtension>
        </extensions>
      </trkpt>
      <trkpt lat="22.58633921854197978973388671875" lon="114.29258826188743114471435546875">
        <ele>29.3999996185302734375</ele>
        <time>2025-02-20T00:37:32.000Z</time>
        <extensions>
          <ns3:TrackPointExtension>
            <ns3:atemp>21.0</ns3:atemp>
            <ns3:hr>144</ns3:hr>
          </ns3:TrackPointExtension>
        </extensions>
      </trkpt>
      <trkpt lat="22.58631725795567035675048828125" lon="114.29261558689177036285400390625">
        <ele>29.6000003814697265625</ele>
        <time>2025-02-20T00:37:33.000Z</time>
        <extensions>
          <ns3:TrackPointExtension>
            <ns3:atemp>21.0</ns3:atemp>
            <ns3:hr>145</ns3:hr>
          </ns3:TrackPointExtension>
        </extensions>
      </trkpt>
      <trkpt lat="22.58629580028355121612548828125" lon="114.29263972677290439605712890625">
        <ele>30.200000762939453125</ele>
        <time>2025-02-20T00:37:34.000Z</time>
        <extensions>
          <ns3:TrackPointExtension>
            <ns3:atemp>21.0</ns3:atemp>
            <ns3:hr>145</ns3:hr>
          </ns3:TrackPointExtension>
        </extensions>
      </trkpt>
      <trkpt lat="22.58627484552562236785888671875" lon="114.2926629446446895599365234375">
        <ele>30.3999996185302734375</ele>
        <time>2025-02-20T00:37:35.000Z</time>
        <extensions>
          <ns3:TrackPointExtension>
            <ns3:atemp>21.0</ns3:atemp>
            <ns3:hr>145</ns3:hr>
          </ns3:TrackPointExtension>
        </extensions>
      </trkpt>
      <trkpt lat="22.58625623770058155059814453125" lon="114.2926850728690624237060546875">
        <ele>31</ele>
        <time>2025-02-20T00:37:36.000Z</time>
        <extensions>
          <ns3:TrackPointExtension>
            <ns3:atemp>21.0</ns3:atemp>
            <ns3:hr>145</ns3:hr>
          </ns3:TrackPointExtension>
        </extensions>
      </trkpt>
      <trkpt lat="22.5862358696758747100830078125" lon="114.292707704007625579833984375">
        <ele>31.200000762939453125</ele>
        <time>2025-02-20T00:37:37.000Z</time>
        <extensions>
          <ns3:TrackPointExtension>
            <ns3:atemp>21.0</ns3:atemp>
            <ns3:hr>146</ns3:hr>
          </ns3:TrackPointExtension>
        </extensions>
      </trkpt>
      <trkpt lat="22.5862160883843898773193359375" lon="114.2927313409745693206787109375">
        <ele>31.200000762939453125</ele>
        <time>2025-02-20T00:37:38.000Z</time>
        <extensions>
          <ns3:TrackPointExtension>
            <ns3:atemp>21.0</ns3:atemp>
            <ns3:hr>146</ns3:hr>
          </ns3:TrackPointExtension>
        </extensions>
      </trkpt>
      <trkpt lat="22.58619655855000019073486328125" lon="114.292755983769893646240234375">
        <ele>31.6000003814697265625</ele>
        <time>2025-02-20T00:37:39.000Z</time>
        <extensions>
          <ns3:TrackPointExtension>
            <ns3:atemp>21.0</ns3:atemp>
            <ns3:hr>147</ns3:hr>
          </ns3:TrackPointExtension>
        </extensions>
      </trkpt>
      <trkpt lat="22.58617602288722991943359375" lon="114.29278112947940826416015625">
        <ele>31.799999237060546875</ele>
        <time>2025-02-20T00:37:40.000Z</time>
        <extensions>
          <ns3:TrackPointExtension>
            <ns3:atemp>21.0</ns3:atemp>
            <ns3:hr>147</ns3:hr>
          </ns3:TrackPointExtension>
        </extensions>
      </trkpt>
      <trkpt lat="22.58615548722445964813232421875" lon="114.29280535317957401275634765625">
        <ele>32</ele>
        <time>2025-02-20T00:37:41.000Z</time>
        <extensions>
          <ns3:TrackPointExtension>
            <ns3:atemp>21.0</ns3:atemp>
            <ns3:hr>148</ns3:hr>
          </ns3:TrackPointExtension>
        </extensions>
      </trkpt>
      <trkpt lat="22.5861376337707042694091796875" lon="114.2928279004991054534912109375">
        <ele>32.200000762939453125</ele>
        <time>2025-02-20T00:37:42.000Z</time>
        <extensions>
          <ns3:TrackPointExtension>
            <ns3:atemp>21.0</ns3:atemp>
            <ns3:hr>149</ns3:hr>
          </ns3:TrackPointExtension>
        </extensions>
      </trkpt>
      <trkpt lat="22.586117684841156005859375" lon="114.292849861085414886474609375">
        <ele>32.59999847412109375</ele>
        <time>2025-02-20T00:37:43.000Z</time>
        <extensions>
          <ns3:TrackPointExtension>
            <ns3:atemp>21.0</ns3:atemp>
            <ns3:hr>149</ns3:hr>
          </ns3:TrackPointExtension>
        </extensions>
      </trkpt>
      <trkpt lat="22.5860984064638614654541015625" lon="114.29287324659526348114013671875">
        <ele>32.59999847412109375</ele>
        <time>2025-02-20T00:37:44.000Z</time>
        <extensions>
          <ns3:TrackPointExtension>
            <ns3:atemp>21.0</ns3:atemp>
            <ns3:hr>150</ns3:hr>
          </ns3:TrackPointExtension>
        </extensions>
      </trkpt>
      <trkpt lat="22.58607937954366207122802734375" lon="114.29289721883833408355712890625">
        <ele>32.799999237060546875</ele>
        <time>2025-02-20T00:37:45.000Z</time>
        <extensions>
          <ns3:TrackPointExtension>
            <ns3:atemp>21.0</ns3:atemp>
            <ns3:hr>150</ns3:hr>
          </ns3:TrackPointExtension>
        </extensions>
      </trkpt>
      <trkpt lat="22.586058340966701507568359375" lon="114.29291917942464351654052734375">
        <ele>33</ele>
        <time>2025-02-20T00:37:46.000Z</time>
        <extensions>
          <ns3:TrackPointExtension>
            <ns3:atemp>21.0</ns3:atemp>
            <ns3:hr>150</ns3:hr>
          </ns3:TrackPointExtension>
        </extensions>
      </trkpt>
      <trkpt lat="22.5860387273132801055908203125" lon="114.2929415591061115264892578125">
        <ele>33.40000152587890625</ele>
        <time>2025-02-20T00:37:47.000Z</time>
        <extensions>
          <ns3:TrackPointExtension>
            <ns3:atemp>21.0</ns3:atemp>
            <ns3:hr>150</ns3:hr>
          </ns3:TrackPointExtension>
        </extensions>
      </trkpt>
      <trkpt lat="22.58601852692663669586181640625" lon="114.2929643578827381134033203125">
        <ele>33.40000152587890625</ele>
        <time>2025-02-20T00:37:48.000Z</time>
        <extensions>
          <ns3:TrackPointExtension>
            <ns3:atemp>21.0</ns3:atemp>
            <ns3:hr>150</ns3:hr>
          </ns3:TrackPointExtension>
        </extensions>
      </trkpt>
      <trkpt lat="22.58599891327321529388427734375" lon="114.29298941977322101593017578125">
        <ele>33.799999237060546875</ele>
        <time>2025-02-20T00:37:49.000Z</time>
        <extensions>
          <ns3:TrackPointExtension>
            <ns3:atemp>21.0</ns3:atemp>
            <ns3:hr>150</ns3:hr>
          </ns3:TrackPointExtension>
        </extensions>
      </trkpt>
      <trkpt lat="22.58597896434366703033447265625" lon="114.29301272146403789520263671875">
        <ele>34</ele>
        <time>2025-02-20T00:37:50.000Z</time>
        <extensions>
          <ns3:TrackPointExtension>
            <ns3:atemp>21.0</ns3:atemp>
            <ns3:hr>151</ns3:hr>
          </ns3:TrackPointExtension>
        </extensions>
      </trkpt>
      <trkpt lat="22.5859599374234676361083984375" lon="114.29303686134517192840576171875">
        <ele>34.200000762939453125</ele>
        <time>2025-02-20T00:37:51.000Z</time>
        <extensions>
          <ns3:TrackPointExtension>
            <ns3:atemp>21.0</ns3:atemp>
            <ns3:hr>152</ns3:hr>
          </ns3:TrackPointExtension>
        </extensions>
      </trkpt>
      <trkpt lat="22.58593873120844364166259765625" lon="114.29306150414049625396728515625">
        <ele>34.59999847412109375</ele>
        <time>2025-02-20T00:37:52.000Z</time>
        <extensions>
          <ns3:TrackPointExtension>
            <ns3:atemp>21.0</ns3:atemp>
            <ns3:hr>153</ns3:hr>
          </ns3:TrackPointExtension>
        </extensions>
      </trkpt>
      <trkpt lat="22.58591878227889537811279296875" lon="114.293087236583232879638671875">
        <ele>34.799999237060546875</ele>
        <time>2025-02-20T00:37:53.000Z</time>
        <extensions>
          <ns3:TrackPointExtension>
            <ns3:atemp>21.0</ns3:atemp>
            <ns3:hr>154</ns3:hr>
          </ns3:TrackPointExtension>
        </extensions>
      </trkpt>
      <trkpt lat="22.58589749224483966827392578125" lon="114.29311095736920833587646484375">
        <ele>34.799999237060546875</ele>
        <time>2025-02-20T00:37:54.000Z</time>
        <extensions>
          <ns3:TrackPointExtension>
            <ns3:atemp>21.0</ns3:atemp>
            <ns3:hr>155</ns3:hr>
          </ns3:TrackPointExtension>
        </extensions>
      </trkpt>
      <trkpt lat="22.585876621305942535400390625" lon="114.29313610307872295379638671875">
        <ele>35</ele>
        <time>2025-02-20T00:37:55.000Z</time>
        <extensions>
          <ns3:TrackPointExtension>
            <ns3:atemp>21.0</ns3:atemp>
            <ns3:hr>155</ns3:hr>
          </ns3:TrackPointExtension>
        </extensions>
      </trkpt>
      <trkpt lat="22.585854493081569671630859375" lon="114.29316141642630100250244140625">
        <ele>35.40000152587890625</ele>
        <time>2025-02-20T00:37:56.000Z</time>
        <extensions>
          <ns3:TrackPointExtension>
            <ns3:atemp>21.0</ns3:atemp>
            <ns3:hr>155</ns3:hr>
          </ns3:TrackPointExtension>
        </extensions>
      </trkpt>
      <trkpt lat="22.5858315266668796539306640625" lon="114.29318538866937160491943359375">
        <ele>35.59999847412109375</ele>
        <time>2025-02-20T00:37:57.000Z</time>
        <extensions>
          <ns3:TrackPointExtension>
            <ns3:atemp>21.0</ns3:atemp>
            <ns3:hr>156</ns3:hr>
          </ns3:TrackPointExtension>
        </extensions>
      </trkpt>
      <trkpt lat="22.585810907185077667236328125" lon="114.29320986382663249969482421875">
        <ele>35.799999237060546875</ele>
        <time>2025-02-20T00:37:58.000Z</time>
        <extensions>
          <ns3:TrackPointExtension>
            <ns3:atemp>21.0</ns3:atemp>
            <ns3:hr>156</ns3:hr>
          </ns3:TrackPointExtension>
        </extensions>
      </trkpt>
      <trkpt lat="22.585788778960704803466796875" lon="114.2932359315454959869384765625">
        <ele>36</ele>
        <time>2025-02-20T00:37:59.000Z</time>
        <extensions>
          <ns3:TrackPointExtension>
            <ns3:atemp>21.0</ns3:atemp>
            <ns3:hr>157</ns3:hr>
          </ns3:TrackPointExtension>
        </extensions>
      </trkpt>
      <trkpt lat="22.58576673455536365509033203125" lon="114.2932619154453277587890625">
        <ele>36.200000762939453125</ele>
        <time>2025-02-20T00:38:00.000Z</time>
        <extensions>
          <ns3:TrackPointExtension>
            <ns3:atemp>21.0</ns3:atemp>
            <ns3:hr>157</ns3:hr>
          </ns3:TrackPointExtension>
        </extensions>
      </trkpt>
      <trkpt lat="22.58574527688324451446533203125" lon="114.29328815080225467681884765625">
        <ele>36.40000152587890625</ele>
        <time>2025-02-20T00:38:01.000Z</time>
        <extensions>
          <ns3:TrackPointExtension>
            <ns3:atemp>21.0</ns3:atemp>
            <ns3:hr>157</ns3:hr>
          </ns3:TrackPointExtension>
        </extensions>
      </trkpt>
      <trkpt lat="22.58572298102080821990966796875" lon="114.29331463761627674102783203125">
        <ele>36.59999847412109375</ele>
        <time>2025-02-20T00:38:02.000Z</time>
        <extensions>
          <ns3:TrackPointExtension>
            <ns3:atemp>21.0</ns3:atemp>
            <ns3:hr>158</ns3:hr>
          </ns3:TrackPointExtension>
        </extensions>
      </trkpt>
      <trkpt lat="22.585699595510959625244140625" lon="114.29334129206836223602294921875">
        <ele>36.799999237060546875</ele>
        <time>2025-02-20T00:38:03.000Z</time>
        <extensions>
          <ns3:TrackPointExtension>
            <ns3:atemp>21.0</ns3:atemp>
            <ns3:hr>158</ns3:hr>
          </ns3:TrackPointExtension>
        </extensions>
      </trkpt>
      <trkpt lat="22.58567579090595245361328125" lon="114.29336710833013057708740234375">
        <ele>37</ele>
        <time>2025-02-20T00:38:04.000Z</time>
        <extensions>
          <ns3:TrackPointExtension>
            <ns3:atemp>21.0</ns3:atemp>
            <ns3:hr>159</ns3:hr>
          </ns3:TrackPointExtension>
        </extensions>
      </trkpt>
      <trkpt lat="22.58565290831029415130615234375" lon="114.2933928407728672027587890625">
        <ele>37.200000762939453125</ele>
        <time>2025-02-20T00:38:05.000Z</time>
        <extensions>
          <ns3:TrackPointExtension>
            <ns3:atemp>21.0</ns3:atemp>
            <ns3:hr>159</ns3:hr>
          </ns3:TrackPointExtension>
        </extensions>
      </trkpt>
      <trkpt lat="22.58563153445720672607421875" lon="114.2934199981391429901123046875">
        <ele>37.40000152587890625</ele>
        <time>2025-02-20T00:38:06.000Z</time>
        <extensions>
          <ns3:TrackPointExtension>
            <ns3:atemp>21.0</ns3:atemp>
            <ns3:hr>159</ns3:hr>
          </ns3:TrackPointExtension>
        </extensions>
      </trkpt>
      <trkpt lat="22.5856125913560390472412109375" lon="114.29344774223864078521728515625">
        <ele>37.59999847412109375</ele>
        <time>2025-02-20T00:38:07.000Z</time>
        <extensions>
          <ns3:TrackPointExtension>
            <ns3:atemp>21.0</ns3:atemp>
            <ns3:hr>160</ns3:hr>
          </ns3:TrackPointExtension>
        </extensions>
      </trkpt>
      <trkpt lat="22.58559473790228366851806640625" lon="114.2934800125658512115478515625">
        <ele>37.59999847412109375</ele>
        <time>2025-02-20T00:38:08.000Z</time>
        <extensions>
          <ns3:TrackPointExtension>
            <ns3:atemp>21.0</ns3:atemp>
            <ns3:hr>159</ns3:hr>
          </ns3:TrackPointExtension>
        </extensions>
      </trkpt>
      <trkpt lat="22.5855763815343379974365234375" lon="114.29351563565433025360107421875">
        <ele>37.799999237060546875</ele>
        <time>2025-02-20T00:38:09.000Z</time>
        <extensions>
          <ns3:TrackPointExtension>
            <ns3:atemp>21.0</ns3:atemp>
            <ns3:hr>159</ns3:hr>
          </ns3:TrackPointExtension>
        </extensions>
      </trkpt>
      <trkpt lat="22.58556372486054897308349609375" lon="114.29355226457118988037109375">
        <ele>38</ele>
        <time>2025-02-20T00:38:10.000Z</time>
        <extensions>
          <ns3:TrackPointExtension>
            <ns3:atemp>21.0</ns3:atemp>
            <ns3:hr>158</ns3:hr>
          </ns3:TrackPointExtension>
        </extensions>
      </trkpt>
      <trkpt lat="22.58554972708225250244140625" lon="114.2935886420309543609619140625">
        <ele>38</ele>
        <time>2025-02-20T00:38:11.000Z</time>
        <extensions>
          <ns3:TrackPointExtension>
            <ns3:atemp>21.0</ns3:atemp>
            <ns3:hr>158</ns3:hr>
          </ns3:TrackPointExtension>
        </extensions>
      </trkpt>
      <trkpt lat="22.5855421833693981170654296875" lon="114.29362392984330654144287109375">
        <ele>38</ele>
        <time>2025-02-20T00:38:12.000Z</time>
        <extensions>
          <ns3:TrackPointExtension>
            <ns3:atemp>21.0</ns3:atemp>
            <ns3:hr>158</ns3:hr>
          </ns3:TrackPointExtension>
        </extensions>
      </trkpt>
      <trkpt lat="22.58553363382816314697265625" lon="114.29366081021726131439208984375">
        <ele>38.200000762939453125</ele>
        <time>2025-02-20T00:38:13.000Z</time>
        <extensions>
          <ns3:TrackPointExtension>
            <ns3:atemp>21.0</ns3:atemp>
            <ns3:hr>158</ns3:hr>
          </ns3:TrackPointExtension>
        </extensions>
      </trkpt>
      <trkpt lat="22.5855281017720699310302734375" lon="114.29370238445699214935302734375">
        <ele>38.200000762939453125</ele>
        <time>2025-02-20T00:38:14.000Z</time>
        <extensions>
          <ns3:TrackPointExtension>
            <ns3:atemp>21.0</ns3:atemp>
            <ns3:hr>159</ns3:hr>
          </ns3:TrackPointExtension>
        </extensions>
      </trkpt>
      <trkpt lat="22.58552432991564273834228515625" lon="114.2937492392957210540771484375">
        <ele>38.200000762939453125</ele>
        <time>2025-02-20T00:38:15.000Z</time>
        <extensions>
          <ns3:TrackPointExtension>
            <ns3:atemp>21.0</ns3:atemp>
            <ns3:hr>159</ns3:hr>
          </ns3:TrackPointExtension>
        </extensions>
      </trkpt>
      <trkpt lat="22.58552491664886474609375" lon="114.29379978217184543609619140625">
        <ele>38.200000762939453125</ele>
        <time>2025-02-20T00:38:16.000Z</time>
        <extensions>
          <ns3:TrackPointExtension>
            <ns3:atemp>21.0</ns3:atemp>
            <ns3:hr>160</ns3:hr>
          </ns3:TrackPointExtension>
        </extensions>
      </trkpt>
      <trkpt lat="22.58553170599043369293212890625" lon="114.29385208524763584136962890625">
        <ele>38</ele>
        <time>2025-02-20T00:38:17.000Z</time>
        <extensions>
          <ns3:TrackPointExtension>
            <ns3:atemp>21.0</ns3:atemp>
            <ns3:hr>163</ns3:hr>
          </ns3:TrackPointExtension>
        </extensions>
      </trkpt>
      <trkpt lat="22.58554260246455669403076171875" lon="114.2939051426947116851806640625">
        <ele>38</ele>
        <time>2025-02-20T00:38:18.000Z</time>
        <extensions>
          <ns3:TrackPointExtension>
            <ns3:atemp>21.0</ns3:atemp>
            <ns3:hr>164</ns3:hr>
          </ns3:TrackPointExtension>
        </extensions>
      </trkpt>
      <trkpt lat="22.58555970154702663421630859375" lon="114.293959625065326690673828125">
        <ele>37.799999237060546875</ele>
        <time>2025-02-20T00:38:19.000Z</time>
        <extensions>
          <ns3:TrackPointExtension>
            <ns3:atemp>21.0</ns3:atemp>
            <ns3:hr>164</ns3:hr>
          </ns3:TrackPointExtension>
        </extensions>
      </trkpt>
      <trkpt lat="22.58558593690395355224609375" lon="114.29401720874011516571044921875">
        <ele>37.40000152587890625</ele>
        <time>2025-02-20T00:38:20.000Z</time>
        <extensions>
          <ns3:TrackPointExtension>
            <ns3:atemp>21.0</ns3:atemp>
            <ns3:hr>165</ns3:hr>
          </ns3:TrackPointExtension>
        </extensions>
      </trkpt>
      <trkpt lat="22.58561820723116397857666015625" lon="114.29407303221523761749267578125">
        <ele>37</ele>
        <time>2025-02-20T00:38:21.000Z</time>
        <extensions>
          <ns3:TrackPointExtension>
            <ns3:atemp>21.0</ns3:atemp>
            <ns3:hr>165</ns3:hr>
          </ns3:TrackPointExtension>
        </extensions>
      </trkpt>
      <trkpt lat="22.585656344890594482421875" lon="114.2941257543861865997314453125">
        <ele>36.59999847412109375</ele>
        <time>2025-02-20T00:38:22.000Z</time>
        <extensions>
          <ns3:TrackPointExtension>
            <ns3:atemp>21.0</ns3:atemp>
            <ns3:hr>166</ns3:hr>
          </ns3:TrackPointExtension>
        </extensions>
      </trkpt>
      <trkpt lat="22.58569993078708648681640625" lon="114.29417780600488185882568359375">
        <ele>36</ele>
        <time>2025-02-20T00:38:23.000Z</time>
        <extensions>
          <ns3:TrackPointExtension>
            <ns3:atemp>21.0</ns3:atemp>
            <ns3:hr>166</ns3:hr>
          </ns3:TrackPointExtension>
        </extensions>
      </trkpt>
      <trkpt lat="22.58574930019676685333251953125" lon="114.294227845966815948486328125">
        <ele>35.799999237060546875</ele>
        <time>2025-02-20T00:38:24.000Z</time>
        <extensions>
          <ns3:TrackPointExtension>
            <ns3:atemp>21.0</ns3:atemp>
            <ns3:hr>166</ns3:hr>
          </ns3:TrackPointExtension>
        </extensions>
      </trkpt>
      <trkpt lat="22.585803531110286712646484375" lon="114.2942786403000354766845703125">
        <ele>35.200000762939453125</ele>
        <time>2025-02-20T00:38:25.000Z</time>
        <extensions>
          <ns3:TrackPointExtension>
            <ns3:atemp>21.0</ns3:atemp>
            <ns3:hr>166</ns3:hr>
          </ns3:TrackPointExtension>
        </extensions>
      </trkpt>
      <trkpt lat="22.58585658855736255645751953125" lon="114.29433437995612621307373046875">
        <ele>35.200000762939453125</ele>
        <time>2025-02-20T00:38:26.000Z</time>
        <extensions>
          <ns3:TrackPointExtension>
            <ns3:atemp>21.0</ns3:atemp>
            <ns3:hr>166</ns3:hr>
          </ns3:TrackPointExtension>
        </extensions>
      </trkpt>
      <trkpt lat="22.5859071314334869384765625" lon="114.29439405910670757293701171875">
        <ele>34.799999237060546875</ele>
        <time>2025-02-20T00:38:27.000Z</time>
        <extensions>
          <ns3:TrackPointExtension>
            <ns3:atemp>21.0</ns3:atemp>
            <ns3:hr>165</ns3:hr>
          </ns3:TrackPointExtension>
        </extensions>
      </trkpt>
      <trkpt lat="22.585955075919628143310546875" lon="114.2944566719233989715576171875">
        <ele>34.40000152587890625</ele>
        <time>2025-02-20T00:38:28.000Z</time>
        <extensions>
          <ns3:TrackPointExtension>
            <ns3:atemp>21.0</ns3:atemp>
            <ns3:hr>165</ns3:hr>
          </ns3:TrackPointExtension>
        </extensions>
      </trkpt>
      <trkpt lat="22.58599773980677127838134765625" lon="114.29452590644359588623046875">
        <ele>34.200000762939453125</ele>
        <time>2025-02-20T00:38:29.000Z</time>
        <extensions>
          <ns3:TrackPointExtension>
            <ns3:atemp>21.0</ns3:atemp>
            <ns3:hr>164</ns3:hr>
          </ns3:TrackPointExtension>
        </extensions>
      </trkpt>
      <trkpt lat="22.586032189428806304931640625" lon="114.294596649706363677978515625">
        <ele>34</ele>
        <time>2025-02-20T00:38:30.000Z</time>
        <extensions>
          <ns3:TrackPointExtension>
            <ns3:atemp>21.0</ns3:atemp>
            <ns3:hr>163</ns3:hr>
          </ns3:TrackPointExtension>
        </extensions>
      </trkpt>
      <trkpt lat="22.58605775423347949981689453125" lon="114.2946648783981800079345703125">
        <ele>34</ele>
        <time>2025-02-20T00:38:31.000Z</time>
        <extensions>
          <ns3:TrackPointExtension>
            <ns3:atemp>21.0</ns3:atemp>
            <ns3:hr>162</ns3:hr>
          </ns3:TrackPointExtension>
        </extensions>
      </trkpt>
      <trkpt lat="22.58607954718172550201416015625" lon="114.29473117925226688385009765625">
        <ele>34</ele>
        <time>2025-02-20T00:38:32.000Z</time>
        <extensions>
          <ns3:TrackPointExtension>
            <ns3:atemp>21.0</ns3:atemp>
            <ns3:hr>161</ns3:hr>
          </ns3:TrackPointExtension>
        </extensions>
      </trkpt>
      <trkpt lat="22.586096227169036865234375" lon="114.2947946302592754364013671875">
        <ele>34</ele>
        <time>2025-02-20T00:38:33.000Z</time>
        <extensions>
          <ns3:TrackPointExtension>
            <ns3:atemp>21.0</ns3:atemp>
            <ns3:hr>160</ns3:hr>
          </ns3:TrackPointExtension>
        </extensions>
      </trkpt>
      <trkpt lat="22.58611072786152362823486328125" lon="114.29485456086695194244384765625">
        <ele>34.200000762939453125</ele>
        <time>2025-02-20T00:38:34.000Z</time>
        <extensions>
          <ns3:TrackPointExtension>
            <ns3:atemp>21.0</ns3:atemp>
            <ns3:hr>160</ns3:hr>
          </ns3:TrackPointExtension>
        </extensions>
      </trkpt>
      <trkpt lat="22.58612279780209064483642578125" lon="114.294912815093994140625">
        <ele>34.799999237060546875</ele>
        <time>2025-02-20T00:38:35.000Z</time>
        <extensions>
          <ns3:TrackPointExtension>
            <ns3:atemp>21.0</ns3:atemp>
            <ns3:hr>160</ns3:hr>
          </ns3:TrackPointExtension>
        </extensions>
      </trkpt>
      <trkpt lat="22.58613335900008678436279296875" lon="114.29497106932103633880615234375">
        <ele>35</ele>
        <time>2025-02-20T00:38:36.000Z</time>
        <extensions>
          <ns3:TrackPointExtension>
            <ns3:atemp>21.0</ns3:atemp>
            <ns3:hr>160</ns3:hr>
          </ns3:TrackPointExtension>
        </extensions>
      </trkpt>
      <trkpt lat="22.5861436687409877777099609375" lon="114.2950306646525859832763671875">
        <ele>35.200000762939453125</ele>
        <time>2025-02-20T00:38:37.000Z</time>
        <extensions>
          <ns3:TrackPointExtension>
            <ns3:atemp>21.0</ns3:atemp>
            <ns3:hr>160</ns3:hr>
          </ns3:TrackPointExtension>
        </extensions>
      </trkpt>
      <trkpt lat="22.58615347556769847869873046875" lon="114.29508824832737445831298828125">
        <ele>35.59999847412109375</ele>
        <time>2025-02-20T00:38:38.000Z</time>
        <extensions>
          <ns3:TrackPointExtension>
            <ns3:atemp>21.0</ns3:atemp>
            <ns3:hr>161</ns3:hr>
          </ns3:TrackPointExtension>
        </extensions>
      </trkpt>
      <trkpt lat="22.586163617670536041259765625" lon="114.29514725692570209503173828125">
        <ele>35.799999237060546875</ele>
        <time>2025-02-20T00:38:39.000Z</time>
        <extensions>
          <ns3:TrackPointExtension>
            <ns3:atemp>21.0</ns3:atemp>
            <ns3:hr>161</ns3:hr>
          </ns3:TrackPointExtension>
        </extensions>
      </trkpt>
      <trkpt lat="22.58617510087788105010986328125" lon="114.29520760662853717803955078125">
        <ele>36</ele>
        <time>2025-02-20T00:38:40.000Z</time>
        <extensions>
          <ns3:TrackPointExtension>
            <ns3:atemp>21.0</ns3:atemp>
            <ns3:hr>162</ns3:hr>
          </ns3:TrackPointExtension>
        </extensions>
      </trkpt>
      <trkpt lat="22.58618272840976715087890625" lon="114.29526711814105510711669921875">
        <ele>36</ele>
        <time>2025-02-20T00:38:41.000Z</time>
        <extensions>
          <ns3:TrackPointExtension>
            <ns3:atemp>21.0</ns3:atemp>
            <ns3:hr>162</ns3:hr>
          </ns3:TrackPointExtension>
        </extensions>
      </trkpt>
      <trkpt lat="22.5861847400665283203125" lon="114.2953253723680973052978515625">
        <ele>36.200000762939453125</ele>
        <time>2025-02-20T00:38:42.000Z</time>
        <extensions>
          <ns3:TrackPointExtension>
            <ns3:atemp>21.0</ns3:atemp>
            <ns3:hr>161</ns3:hr>
          </ns3:TrackPointExtension>
        </extensions>
      </trkpt>
      <trkpt lat="22.58618130348622798919677734375" lon="114.29538144730031490325927734375">
        <ele>36.59999847412109375</ele>
        <time>2025-02-20T00:38:43.000Z</time>
        <extensions>
          <ns3:TrackPointExtension>
            <ns3:atemp>21.0</ns3:atemp>
            <ns3:hr>161</ns3:hr>
          </ns3:TrackPointExtension>
        </extensions>
      </trkpt>
      <trkpt lat="22.58617057465016841888427734375" lon="114.29543760605156421661376953125">
        <ele>36.59999847412109375</ele>
        <time>2025-02-20T00:38:44.000Z</time>
        <extensions>
          <ns3:TrackPointExtension>
            <ns3:atemp>21.0</ns3:atemp>
            <ns3:hr>160</ns3:hr>
          </ns3:TrackPointExtension>
        </extensions>
      </trkpt>
      <trkpt lat="22.58615448139607906341552734375" lon="114.2954913340508937835693359375">
        <ele>36.799999237060546875</ele>
        <time>2025-02-20T00:38:45.000Z</time>
        <extensions>
          <ns3:TrackPointExtension>
            <ns3:atemp>21.0</ns3:atemp>
            <ns3:hr>159</ns3:hr>
          </ns3:TrackPointExtension>
        </extensions>
      </trkpt>
      <trkpt lat="22.58613822050392627716064453125" lon="114.29554237984120845794677734375">
        <ele>37</ele>
        <time>2025-02-20T00:38:46.000Z</time>
        <extensions>
          <ns3:TrackPointExtension>
            <ns3:atemp>21.0</ns3:atemp>
            <ns3:hr>159</ns3:hr>
          </ns3:TrackPointExtension>
        </extensions>
      </trkpt>
      <trkpt lat="22.58612296544015407562255859375" lon="114.29559384472668170928955078125">
        <ele>37.200000762939453125</ele>
        <time>2025-02-20T00:38:47.000Z</time>
        <extensions>
          <ns3:TrackPointExtension>
            <ns3:atemp>21.0</ns3:atemp>
            <ns3:hr>156</ns3:hr>
          </ns3:TrackPointExtension>
        </extensions>
      </trkpt>
      <trkpt lat="22.58610737510025501251220703125" lon="114.2956465668976306915283203125">
        <ele>37.40000152587890625</ele>
        <time>2025-02-20T00:38:48.000Z</time>
        <extensions>
          <ns3:TrackPointExtension>
            <ns3:atemp>21.0</ns3:atemp>
            <ns3:hr>154</ns3:hr>
          </ns3:TrackPointExtension>
        </extensions>
      </trkpt>
      <trkpt lat="22.58608910255134105682373046875" lon="114.2957018874585628509521484375">
        <ele>37.40000152587890625</ele>
        <time>2025-02-20T00:38:49.000Z</time>
        <extensions>
          <ns3:TrackPointExtension>
            <ns3:atemp>21.0</ns3:atemp>
            <ns3:hr>153</ns3:hr>
          </ns3:TrackPointExtension>
        </extensions>
      </trkpt>
      <trkpt lat="22.58607116527855396270751953125" lon="114.29575611837208271026611328125">
        <ele>37.59999847412109375</ele>
        <time>2025-02-20T00:38:50.000Z</time>
        <extensions>
          <ns3:TrackPointExtension>
            <ns3:atemp>21.0</ns3:atemp>
            <ns3:hr>152</ns3:hr>
          </ns3:TrackPointExtension>
        </extensions>
      </trkpt>
      <trkpt lat="22.58605373091995716094970703125" lon="114.29580842144787311553955078125">
        <ele>38</ele>
        <time>2025-02-20T00:38:51.000Z</time>
        <extensions>
          <ns3:TrackPointExtension>
            <ns3:atemp>21.0</ns3:atemp>
            <ns3:hr>152</ns3:hr>
          </ns3:TrackPointExtension>
        </extensions>
      </trkpt>
      <trkpt lat="22.5860350392758846282958984375" lon="114.29585971869528293609619140625">
        <ele>38</ele>
        <time>2025-02-20T00:38:52.000Z</time>
        <extensions>
          <ns3:TrackPointExtension>
            <ns3:atemp>21.0</ns3:atemp>
            <ns3:hr>152</ns3:hr>
          </ns3:TrackPointExtension>
        </extensions>
      </trkpt>
      <trkpt lat="22.586015760898590087890625" lon="114.2959092557430267333984375">
        <ele>38.200000762939453125</ele>
        <time>2025-02-20T00:38:53.000Z</time>
        <extensions>
          <ns3:TrackPointExtension>
            <ns3:atemp>21.0</ns3:atemp>
            <ns3:hr>152</ns3:hr>
          </ns3:TrackPointExtension>
        </extensions>
      </trkpt>
      <trkpt lat="22.58599807508289813995361328125" lon="114.29596046917140483856201171875">
        <ele>38.40000152587890625</ele>
        <time>2025-02-20T00:38:54.000Z</time>
        <extensions>
          <ns3:TrackPointExtension>
            <ns3:atemp>21.0</ns3:atemp>
            <ns3:hr>152</ns3:hr>
          </ns3:TrackPointExtension>
        </extensions>
      </trkpt>
      <trkpt lat="22.58598290383815765380859375" lon="114.29601377807557582855224609375">
        <ele>38.40000152587890625</ele>
        <time>2025-02-20T00:38:55.000Z</time>
        <extensions>
          <ns3:TrackPointExtension>
            <ns3:atemp>21.0</ns3:atemp>
            <ns3:hr>152</ns3:hr>
          </ns3:TrackPointExtension>
        </extensions>
      </trkpt>
      <trkpt lat="22.58596546947956085205078125" lon="114.2960670031607151031494140625">
        <ele>38.59999847412109375</ele>
        <time>2025-02-20T00:38:56.000Z</time>
        <extensions>
          <ns3:TrackPointExtension>
            <ns3:atemp>21.0</ns3:atemp>
            <ns3:hr>153</ns3:hr>
          </ns3:TrackPointExtension>
        </extensions>
      </trkpt>
      <trkpt lat="22.585946023464202880859375" lon="114.29612207226455211639404296875">
        <ele>38.59999847412109375</ele>
        <time>2025-02-20T00:38:57.000Z</time>
        <extensions>
          <ns3:TrackPointExtension>
            <ns3:atemp>21.0</ns3:atemp>
            <ns3:hr>153</ns3:hr>
          </ns3:TrackPointExtension>
        </extensions>
      </trkpt>
      <trkpt lat="22.58592833764851093292236328125" lon="114.2961801588535308837890625">
        <ele>38.799999237060546875</ele>
        <time>2025-02-20T00:38:58.000Z</time>
        <extensions>
          <ns3:TrackPointExtension>
            <ns3:atemp>21.0</ns3:atemp>
            <ns3:hr>153</ns3:hr>
          </ns3:TrackPointExtension>
        </extensions>
      </trkpt>
      <trkpt lat="22.5859089754521846771240234375" lon="114.29624008946120738983154296875">
        <ele>38.799999237060546875</ele>
        <time>2025-02-20T00:38:59.000Z</time>
        <extensions>
          <ns3:TrackPointExtension>
            <ns3:atemp>21.0</ns3:atemp>
            <ns3:hr>153</ns3:hr>
          </ns3:TrackPointExtension>
        </extensions>
      </trkpt>
      <trkpt lat="22.58588961325585842132568359375" lon="114.29629809223115444183349609375">
        <ele>38.799999237060546875</ele>
        <time>2025-02-20T00:39:00.000Z</time>
        <extensions>
          <ns3:TrackPointExtension>
            <ns3:atemp>21.0</ns3:atemp>
            <ns3:hr>153</ns3:hr>
          </ns3:TrackPointExtension>
        </extensions>
      </trkpt>
      <trkpt lat="22.5858697481453418731689453125" lon="114.2963580228388309478759765625">
        <ele>38.799999237060546875</ele>
        <time>2025-02-20T00:39:01.000Z</time>
        <extensions>
          <ns3:TrackPointExtension>
            <ns3:atemp>21.0</ns3:atemp>
            <ns3:hr>153</ns3:hr>
          </ns3:TrackPointExtension>
        </extensions>
      </trkpt>
      <trkpt lat="22.58585055358707904815673828125" lon="114.29641895927488803863525390625">
        <ele>38.799999237060546875</ele>
        <time>2025-02-20T00:39:02.000Z</time>
        <extensions>
          <ns3:TrackPointExtension>
            <ns3:atemp>21.0</ns3:atemp>
            <ns3:hr>153</ns3:hr>
          </ns3:TrackPointExtension>
        </extensions>
      </trkpt>
      <trkpt lat="22.5858315266668796539306640625" lon="114.29647712968289852142333984375">
        <ele>38.799999237060546875</ele>
        <time>2025-02-20T00:39:03.000Z</time>
        <extensions>
          <ns3:TrackPointExtension>
            <ns3:atemp>21.0</ns3:atemp>
            <ns3:hr>152</ns3:hr>
          </ns3:TrackPointExtension>
        </extensions>
      </trkpt>
      <trkpt lat="22.58581249974668025970458984375" lon="114.2965333722531795501708984375">
        <ele>38.799999237060546875</ele>
        <time>2025-02-20T00:39:04.000Z</time>
        <extensions>
          <ns3:TrackPointExtension>
            <ns3:atemp>21.0</ns3:atemp>
            <ns3:hr>149</ns3:hr>
          </ns3:TrackPointExtension>
        </extensions>
      </trkpt>
      <trkpt lat="22.5857939757406711578369140625" lon="114.2965937219560146331787109375">
        <ele>38.799999237060546875</ele>
        <time>2025-02-20T00:39:05.000Z</time>
        <extensions>
          <ns3:TrackPointExtension>
            <ns3:atemp>21.0</ns3:atemp>
            <ns3:hr>148</ns3:hr>
          </ns3:TrackPointExtension>
        </extensions>
      </trkpt>
      <trkpt lat="22.58577235043048858642578125" lon="114.296653233468532562255859375">
        <ele>38.799999237060546875</ele>
        <time>2025-02-20T00:39:06.000Z</time>
        <extensions>
          <ns3:TrackPointExtension>
            <ns3:atemp>21.0</ns3:atemp>
            <ns3:hr>147</ns3:hr>
          </ns3:TrackPointExtension>
        </extensions>
      </trkpt>
      <trkpt lat="22.5857488811016082763671875" lon="114.2967144213616847991943359375">
        <ele>38.799999237060546875</ele>
        <time>2025-02-20T00:39:07.000Z</time>
        <extensions>
          <ns3:TrackPointExtension>
            <ns3:atemp>21.0</ns3:atemp>
            <ns3:hr>146</ns3:hr>
          </ns3:TrackPointExtension>
        </extensions>
      </trkpt>
      <trkpt lat="22.58572633378207683563232421875" lon="114.29677753709256649017333984375">
        <ele>38.799999237060546875</ele>
        <time>2025-02-20T00:39:08.000Z</time>
        <extensions>
          <ns3:TrackPointExtension>
            <ns3:atemp>21.0</ns3:atemp>
            <ns3:hr>145</ns3:hr>
          </ns3:TrackPointExtension>
        </extensions>
      </trkpt>
      <trkpt lat="22.5857064686715602874755859375" lon="114.29684224538505077362060546875">
        <ele>38.799999237060546875</ele>
        <time>2025-02-20T00:39:09.000Z</time>
        <extensions>
          <ns3:TrackPointExtension>
            <ns3:atemp>21.0</ns3:atemp>
            <ns3:hr>145</ns3:hr>
          </ns3:TrackPointExtension>
        </extensions>
      </trkpt>
      <trkpt lat="22.58569414727389812469482421875" lon="114.29691147990524768829345703125">
        <ele>38.799999237060546875</ele>
        <time>2025-02-20T00:39:10.000Z</time>
        <extensions>
          <ns3:TrackPointExtension>
            <ns3:atemp>21.0</ns3:atemp>
            <ns3:hr>144</ns3:hr>
          </ns3:TrackPointExtension>
        </extensions>
      </trkpt>
      <trkpt lat="22.58568827994167804718017578125" lon="114.2969826422631740570068359375">
        <ele>38.799999237060546875</ele>
        <time>2025-02-20T00:39:11.000Z</time>
        <extensions>
          <ns3:TrackPointExtension>
            <ns3:atemp>21.0</ns3:atemp>
            <ns3:hr>143</ns3:hr>
          </ns3:TrackPointExtension>
        </extensions>
      </trkpt>
      <trkpt lat="22.58568693883717060089111328125" lon="114.297055900096893310546875">
        <ele>38.59999847412109375</ele>
        <time>2025-02-20T00:39:12.000Z</time>
        <extensions>
          <ns3:TrackPointExtension>
            <ns3:atemp>21.0</ns3:atemp>
            <ns3:hr>143</ns3:hr>
          </ns3:TrackPointExtension>
        </extensions>
      </trkpt>
      <trkpt lat="22.58569079451262950897216796875" lon="114.29713125340640544891357421875">
        <ele>38.59999847412109375</ele>
        <time>2025-02-20T00:39:13.000Z</time>
        <extensions>
          <ns3:TrackPointExtension>
            <ns3:atemp>21.0</ns3:atemp>
            <ns3:hr>143</ns3:hr>
          </ns3:TrackPointExtension>
        </extensions>
      </trkpt>
      <trkpt lat="22.58569951169192790985107421875" lon="114.2972087860107421875">
        <ele>38.59999847412109375</ele>
        <time>2025-02-20T00:39:14.000Z</time>
        <extensions>
          <ns3:TrackPointExtension>
            <ns3:atemp>21.0</ns3:atemp>
            <ns3:hr>144</ns3:hr>
          </ns3:TrackPointExtension>
        </extensions>
      </trkpt>
      <trkpt lat="22.58571065962314605712890625" lon="114.29728480987250804901123046875">
        <ele>38.40000152587890625</ele>
        <time>2025-02-20T00:39:15.000Z</time>
        <extensions>
          <ns3:TrackPointExtension>
            <ns3:atemp>21.0</ns3:atemp>
            <ns3:hr>146</ns3:hr>
          </ns3:TrackPointExtension>
        </extensions>
      </trkpt>
      <trkpt lat="22.58572029881179332733154296875" lon="114.2973598279058933258056640625">
        <ele>38.40000152587890625</ele>
        <time>2025-02-20T00:39:16.000Z</time>
        <extensions>
          <ns3:TrackPointExtension>
            <ns3:atemp>21.0</ns3:atemp>
            <ns3:hr>149</ns3:hr>
          </ns3:TrackPointExtension>
        </extensions>
      </trkpt>
      <trkpt lat="22.58572951890528202056884765625" lon="114.2974354326725006103515625">
        <ele>38.40000152587890625</ele>
        <time>2025-02-20T00:39:17.000Z</time>
        <extensions>
          <ns3:TrackPointExtension>
            <ns3:atemp>21.0</ns3:atemp>
            <ns3:hr>150</ns3:hr>
          </ns3:TrackPointExtension>
        </extensions>
      </trkpt>
      <trkpt lat="22.5857386551797389984130859375" lon="114.29751296527683734893798828125">
        <ele>38.40000152587890625</ele>
        <time>2025-02-20T00:39:18.000Z</time>
        <extensions>
          <ns3:TrackPointExtension>
            <ns3:atemp>21.0</ns3:atemp>
            <ns3:hr>151</ns3:hr>
          </ns3:TrackPointExtension>
        </extensions>
      </trkpt>
      <trkpt lat="22.58574393577873706817626953125" lon="114.29759058170020580291748046875">
        <ele>38.40000152587890625</ele>
        <time>2025-02-20T00:39:19.000Z</time>
        <extensions>
          <ns3:TrackPointExtension>
            <ns3:atemp>21.0</ns3:atemp>
            <ns3:hr>151</ns3:hr>
          </ns3:TrackPointExtension>
        </extensions>
      </trkpt>
      <trkpt lat="22.5857356376945972442626953125" lon="114.297670461237430572509765625">
        <ele>38.40000152587890625</ele>
        <time>2025-02-20T00:39:20.000Z</time>
        <extensions>
          <ns3:TrackPointExtension>
            <ns3:atemp>21.0</ns3:atemp>
            <ns3:hr>151</ns3:hr>
          </ns3:TrackPointExtension>
        </extensions>
      </trkpt>
      <trkpt lat="22.58571728132665157318115234375" lon="114.29774732328951358795166015625">
        <ele>38.200000762939453125</ele>
        <time>2025-02-20T00:39:21.000Z</time>
        <extensions>
          <ns3:TrackPointExtension>
            <ns3:atemp>21.0</ns3:atemp>
            <ns3:hr>151</ns3:hr>
          </ns3:TrackPointExtension>
        </extensions>
      </trkpt>
      <trkpt lat="22.58569364435970783233642578125" lon="114.29782611317932605743408203125">
        <ele>38</ele>
        <time>2025-02-20T00:39:22.000Z</time>
        <extensions>
          <ns3:TrackPointExtension>
            <ns3:atemp>21.0</ns3:atemp>
            <ns3:hr>152</ns3:hr>
          </ns3:TrackPointExtension>
        </extensions>
      </trkpt>
      <trkpt lat="22.585667073726654052734375" lon="114.2979046516120433807373046875">
        <ele>38</ele>
        <time>2025-02-20T00:39:23.000Z</time>
        <extensions>
          <ns3:TrackPointExtension>
            <ns3:atemp>21.0</ns3:atemp>
            <ns3:hr>152</ns3:hr>
          </ns3:TrackPointExtension>
        </extensions>
      </trkpt>
      <trkpt lat="22.58563916198909282684326171875" lon="114.2979854531586170196533203125">
        <ele>37.59999847412109375</ele>
        <time>2025-02-20T00:39:24.000Z</time>
        <extensions>
          <ns3:TrackPointExtension>
            <ns3:atemp>21.0</ns3:atemp>
            <ns3:hr>152</ns3:hr>
          </ns3:TrackPointExtension>
        </extensions>
      </trkpt>
      <trkpt lat="22.58561233989894390106201171875" lon="114.29806499741971492767333984375">
        <ele>37.40000152587890625</ele>
        <time>2025-02-20T00:39:25.000Z</time>
        <extensions>
          <ns3:TrackPointExtension>
            <ns3:atemp>21.0</ns3:atemp>
            <ns3:hr>152</ns3:hr>
          </ns3:TrackPointExtension>
        </extensions>
      </trkpt>
      <trkpt lat="22.5855854339897632598876953125" lon="114.29814512841403484344482421875">
        <ele>37.40000152587890625</ele>
        <time>2025-02-20T00:39:26.000Z</time>
        <extensions>
          <ns3:TrackPointExtension>
            <ns3:atemp>21.0</ns3:atemp>
            <ns3:hr>152</ns3:hr>
          </ns3:TrackPointExtension>
        </extensions>
      </trkpt>
      <trkpt lat="22.58555685169994831085205078125" lon="114.2982251755893230438232421875">
        <ele>37</ele>
        <time>2025-02-20T00:39:27.000Z</time>
        <extensions>
          <ns3:TrackPointExtension>
            <ns3:atemp>21.0</ns3:atemp>
            <ns3:hr>151</ns3:hr>
          </ns3:TrackPointExtension>
        </extensions>
      </trkpt>
      <trkpt lat="22.58552483282983303070068359375" lon="114.29830245673656463623046875">
        <ele>37</ele>
        <time>2025-02-20T00:39:28.000Z</time>
        <extensions>
          <ns3:TrackPointExtension>
            <ns3:atemp>21.0</ns3:atemp>
            <ns3:hr>151</ns3:hr>
          </ns3:TrackPointExtension>
        </extensions>
      </trkpt>
      <trkpt lat="22.58548937737941741943359375" lon="114.29838032461702823638916015625">
        <ele>37</ele>
        <time>2025-02-20T00:39:29.000Z</time>
        <extensions>
          <ns3:TrackPointExtension>
            <ns3:atemp>21.0</ns3:atemp>
            <ns3:hr>151</ns3:hr>
          </ns3:TrackPointExtension>
        </extensions>
      </trkpt>
      <trkpt lat="22.58544570766389369964599609375" lon="114.298452325165271759033203125">
        <ele>36.799999237060546875</ele>
        <time>2025-02-20T00:39:30.000Z</time>
        <extensions>
          <ns3:TrackPointExtension>
            <ns3:atemp>21.0</ns3:atemp>
            <ns3:hr>151</ns3:hr>
          </ns3:TrackPointExtension>
        </extensions>
      </trkpt>
      <trkpt lat="22.58539692498743534088134765625" lon="114.29851694963872432708740234375">
        <ele>36.799999237060546875</ele>
        <time>2025-02-20T00:39:31.000Z</time>
        <extensions>
          <ns3:TrackPointExtension>
            <ns3:atemp>21.0</ns3:atemp>
            <ns3:hr>151</ns3:hr>
          </ns3:TrackPointExtension>
        </extensions>
      </trkpt>
      <trkpt lat="22.58534319698810577392578125" lon="114.298572354018688201904296875">
        <ele>36.799999237060546875</ele>
        <time>2025-02-20T00:39:32.000Z</time>
        <extensions>
          <ns3:TrackPointExtension>
            <ns3:atemp>21.0</ns3:atemp>
            <ns3:hr>151</ns3:hr>
          </ns3:TrackPointExtension>
        </extensions>
      </trkpt>
      <trkpt lat="22.585287876427173614501953125" lon="114.2986209690570831298828125">
        <ele>36.799999237060546875</ele>
        <time>2025-02-20T00:39:33.000Z</time>
        <extensions>
          <ns3:TrackPointExtension>
            <ns3:atemp>21.0</ns3:atemp>
            <ns3:hr>151</ns3:hr>
          </ns3:TrackPointExtension>
        </extensions>
      </trkpt>
      <trkpt lat="22.5852377526462078094482421875" lon="114.298664219677448272705078125">
        <ele>37</ele>
        <time>2025-02-20T00:39:34.000Z</time>
        <extensions>
          <ns3:TrackPointExtension>
            <ns3:atemp>21.0</ns3:atemp>
            <ns3:hr>152</ns3:hr>
          </ns3:TrackPointExtension>
        </extensions>
      </trkpt>
      <trkpt lat="22.58519156835973262786865234375" lon="114.298705793917179107666015625">
        <ele>37.799999237060546875</ele>
        <time>2025-02-20T00:39:35.000Z</time>
        <extensions>
          <ns3:TrackPointExtension>
            <ns3:atemp>21.0</ns3:atemp>
            <ns3:hr>152</ns3:hr>
          </ns3:TrackPointExtension>
        </extensions>
      </trkpt>
      <trkpt lat="22.5851482339203357696533203125" lon="114.298745356500148773193359375">
        <ele>38.799999237060546875</ele>
        <time>2025-02-20T00:39:36.000Z</time>
        <extensions>
          <ns3:TrackPointExtension>
            <ns3:atemp>21.0</ns3:atemp>
            <ns3:hr>153</ns3:hr>
          </ns3:TrackPointExtension>
        </extensions>
      </trkpt>
      <trkpt lat="22.58511428721249103546142578125" lon="114.29879087023437023162841796875">
        <ele>39.40000152587890625</ele>
        <time>2025-02-20T00:39:37.000Z</time>
        <extensions>
          <ns3:TrackPointExtension>
            <ns3:atemp>21.0</ns3:atemp>
            <ns3:hr>153</ns3:hr>
          </ns3:TrackPointExtension>
        </extensions>
      </trkpt>
      <trkpt lat="22.58508947677910327911376953125" lon="114.2988390661776065826416015625">
        <ele>39.799999237060546875</ele>
        <time>2025-02-20T00:39:38.000Z</time>
        <extensions>
          <ns3:TrackPointExtension>
            <ns3:atemp>21.0</ns3:atemp>
            <ns3:hr>153</ns3:hr>
          </ns3:TrackPointExtension>
        </extensions>
      </trkpt>
      <trkpt lat="22.58506718091666698455810546875" lon="114.298890195786952972412109375">
        <ele>40.40000152587890625</ele>
        <time>2025-02-20T00:39:39.000Z</time>
        <extensions>
          <ns3:TrackPointExtension>
            <ns3:atemp>21.0</ns3:atemp>
            <ns3:hr>152</ns3:hr>
          </ns3:TrackPointExtension>
        </extensions>
      </trkpt>
      <trkpt lat="22.5850483216345310211181640625" lon="114.298941828310489654541015625">
        <ele>40.799999237060546875</ele>
        <time>2025-02-20T00:39:40.000Z</time>
        <extensions>
          <ns3:TrackPointExtension>
            <ns3:atemp>21.0</ns3:atemp>
            <ns3:hr>154</ns3:hr>
          </ns3:TrackPointExtension>
        </extensions>
      </trkpt>
      <trkpt lat="22.5850328989326953887939453125" lon="114.298992790281772613525390625">
        <ele>40.799999237060546875</ele>
        <time>2025-02-20T00:39:41.000Z</time>
        <extensions>
          <ns3:TrackPointExtension>
            <ns3:atemp>21.0</ns3:atemp>
            <ns3:hr>154</ns3:hr>
          </ns3:TrackPointExtension>
        </extensions>
      </trkpt>
      <trkpt lat="22.58502208627760410308837890625" lon="114.29904350079596042633056640625">
        <ele>41.40000152587890625</ele>
        <time>2025-02-20T00:39:42.000Z</time>
        <extensions>
          <ns3:TrackPointExtension>
            <ns3:atemp>21.0</ns3:atemp>
            <ns3:hr>155</ns3:hr>
          </ns3:TrackPointExtension>
        </extensions>
      </trkpt>
      <trkpt lat="22.585015632212162017822265625" lon="114.29909178055822849273681640625">
        <ele>41.59999847412109375</ele>
        <time>2025-02-20T00:39:43.000Z</time>
        <extensions>
          <ns3:TrackPointExtension>
            <ns3:atemp>21.0</ns3:atemp>
            <ns3:hr>154</ns3:hr>
          </ns3:TrackPointExtension>
        </extensions>
      </trkpt>
      <trkpt lat="22.58500867523252964019775390625" lon="114.29913922213017940521240234375">
        <ele>41.799999237060546875</ele>
        <time>2025-02-20T00:39:44.000Z</time>
        <extensions>
          <ns3:TrackPointExtension>
            <ns3:atemp>21.0</ns3:atemp>
            <ns3:hr>154</ns3:hr>
          </ns3:TrackPointExtension>
        </extensions>
      </trkpt>
      <trkpt lat="22.5850033946335315704345703125" lon="114.29918632842600345611572265625">
        <ele>42.40000152587890625</ele>
        <time>2025-02-20T00:39:45.000Z</time>
        <extensions>
          <ns3:TrackPointExtension>
            <ns3:atemp>21.0</ns3:atemp>
            <ns3:hr>155</ns3:hr>
          </ns3:TrackPointExtension>
        </extensions>
      </trkpt>
      <trkpt lat="22.58499492891132831573486328125" lon="114.299233853816986083984375">
        <ele>42.799999237060546875</ele>
        <time>2025-02-20T00:39:46.000Z</time>
        <extensions>
          <ns3:TrackPointExtension>
            <ns3:atemp>21.0</ns3:atemp>
            <ns3:hr>157</ns3:hr>
          </ns3:TrackPointExtension>
        </extensions>
      </trkpt>
      <trkpt lat="22.58499308489263057708740234375" lon="114.29928372614085674285888671875">
        <ele>43.200000762939453125</ele>
        <time>2025-02-20T00:39:47.000Z</time>
        <extensions>
          <ns3:TrackPointExtension>
            <ns3:atemp>21.0</ns3:atemp>
            <ns3:hr>157</ns3:hr>
          </ns3:TrackPointExtension>
        </extensions>
      </trkpt>
      <trkpt lat="22.584993839263916015625" lon="114.29933049716055393218994140625">
        <ele>43.40000152587890625</ele>
        <time>2025-02-20T00:39:48.000Z</time>
        <extensions>
          <ns3:TrackPointExtension>
            <ns3:atemp>21.0</ns3:atemp>
            <ns3:hr>157</ns3:hr>
          </ns3:TrackPointExtension>
        </extensions>
      </trkpt>
      <trkpt lat="22.584997527301311492919921875" lon="114.29937726818025112152099609375">
        <ele>43.59999847412109375</ele>
        <time>2025-02-20T00:39:49.000Z</time>
        <extensions>
          <ns3:TrackPointExtension>
            <ns3:atemp>21.0</ns3:atemp>
            <ns3:hr>157</ns3:hr>
          </ns3:TrackPointExtension>
        </extensions>
      </trkpt>
      <trkpt lat="22.58500121533870697021484375" lon="114.299425296485424041748046875">
        <ele>43.799999237060546875</ele>
        <time>2025-02-20T00:39:50.000Z</time>
        <extensions>
          <ns3:TrackPointExtension>
            <ns3:atemp>21.0</ns3:atemp>
            <ns3:hr>158</ns3:hr>
          </ns3:TrackPointExtension>
        </extensions>
      </trkpt>
      <trkpt lat="22.585002891719341278076171875" lon="114.29947064258158206939697265625">
        <ele>44.200000762939453125</ele>
        <time>2025-02-20T00:39:51.000Z</time>
        <extensions>
          <ns3:TrackPointExtension>
            <ns3:atemp>21.0</ns3:atemp>
            <ns3:hr>158</ns3:hr>
          </ns3:TrackPointExtension>
        </extensions>
      </trkpt>
      <trkpt lat="22.58500381372869014739990234375" lon="114.29951355792582035064697265625">
        <ele>44.40000152587890625</ele>
        <time>2025-02-20T00:39:52.000Z</time>
        <extensions>
          <ns3:TrackPointExtension>
            <ns3:atemp>21.0</ns3:atemp>
            <ns3:hr>157</ns3:hr>
          </ns3:TrackPointExtension>
        </extensions>
      </trkpt>
      <trkpt lat="22.58500264026224613189697265625" lon="114.2995552159845829010009765625">
        <ele>44.799999237060546875</ele>
        <time>2025-02-20T00:39:53.000Z</time>
        <extensions>
          <ns3:TrackPointExtension>
            <ns3:atemp>21.0</ns3:atemp>
            <ns3:hr>157</ns3:hr>
          </ns3:TrackPointExtension>
        </extensions>
      </trkpt>
      <trkpt lat="22.5850000418722629547119140625" lon="114.2995951138436794281005859375">
        <ele>45</ele>
        <time>2025-02-20T00:39:54.000Z</time>
        <extensions>
          <ns3:TrackPointExtension>
            <ns3:atemp>21.0</ns3:atemp>
            <ns3:hr>157</ns3:hr>
          </ns3:TrackPointExtension>
        </extensions>
      </trkpt>
      <trkpt lat="22.58499593473970890045166015625" lon="114.2996343411505222320556640625">
        <ele>45.59999847412109375</ele>
        <time>2025-02-20T00:39:55.000Z</time>
        <extensions>
          <ns3:TrackPointExtension>
            <ns3:atemp>21.0</ns3:atemp>
            <ns3:hr>156</ns3:hr>
          </ns3:TrackPointExtension>
        </extensions>
      </trkpt>
      <trkpt lat="22.584994174540042877197265625" lon="114.299672059714794158935546875">
        <ele>45.799999237060546875</ele>
        <time>2025-02-20T00:39:56.000Z</time>
        <extensions>
          <ns3:TrackPointExtension>
            <ns3:atemp>21.0</ns3:atemp>
            <ns3:hr>156</ns3:hr>
          </ns3:TrackPointExtension>
        </extensions>
      </trkpt>
      <trkpt lat="22.5849936716258525848388671875" lon="114.299709610641002655029296875">
        <ele>46</ele>
        <time>2025-02-20T00:39:57.000Z</time>
        <extensions>
          <ns3:TrackPointExtension>
            <ns3:atemp>21.0</ns3:atemp>
            <ns3:hr>157</ns3:hr>
          </ns3:TrackPointExtension>
        </extensions>
      </trkpt>
      <trkpt lat="22.58499124087393283843994140625" lon="114.2997473292052745819091796875">
        <ele>46.200000762939453125</ele>
        <time>2025-02-20T00:39:58.000Z</time>
        <extensions>
          <ns3:TrackPointExtension>
            <ns3:atemp>21.0</ns3:atemp>
            <ns3:hr>157</ns3:hr>
          </ns3:TrackPointExtension>
        </extensions>
      </trkpt>
      <trkpt lat="22.58498738519847393035888671875" lon="114.29978546686470508575439453125">
        <ele>46.40000152587890625</ele>
        <time>2025-02-20T00:39:59.000Z</time>
        <extensions>
          <ns3:TrackPointExtension>
            <ns3:atemp>21.0</ns3:atemp>
            <ns3:hr>158</ns3:hr>
          </ns3:TrackPointExtension>
        </extensions>
      </trkpt>
      <trkpt lat="22.584982775151729583740234375" lon="114.2998247779905796051025390625">
        <ele>46.799999237060546875</ele>
        <time>2025-02-20T00:40:00.000Z</time>
        <extensions>
          <ns3:TrackPointExtension>
            <ns3:atemp>21.0</ns3:atemp>
            <ns3:hr>159</ns3:hr>
          </ns3:TrackPointExtension>
        </extensions>
      </trkpt>
      <trkpt lat="22.58497766219079494476318359375" lon="114.29986475966870784759521484375">
        <ele>47</ele>
        <time>2025-02-20T00:40:01.000Z</time>
        <extensions>
          <ns3:TrackPointExtension>
            <ns3:atemp>21.0</ns3:atemp>
            <ns3:hr>160</ns3:hr>
          </ns3:TrackPointExtension>
        </extensions>
      </trkpt>
      <trkpt lat="22.584970705211162567138671875" lon="114.2999052442610263824462890625">
        <ele>47</ele>
        <time>2025-02-20T00:40:02.000Z</time>
        <extensions>
          <ns3:TrackPointExtension>
            <ns3:atemp>21.0</ns3:atemp>
            <ns3:hr>161</ns3:hr>
          </ns3:TrackPointExtension>
        </extensions>
      </trkpt>
      <trkpt lat="22.5849628262221813201904296875" lon="114.29994706995785236358642578125">
        <ele>47.200000762939453125</ele>
        <time>2025-02-20T00:40:03.000Z</time>
        <extensions>
          <ns3:TrackPointExtension>
            <ns3:atemp>21.0</ns3:atemp>
            <ns3:hr>162</ns3:hr>
          </ns3:TrackPointExtension>
        </extensions>
      </trkpt>
      <trkpt lat="22.584955953061580657958984375" lon="114.29999166168272495269775390625">
        <ele>47.40000152587890625</ele>
        <time>2025-02-20T00:40:04.000Z</time>
        <extensions>
          <ns3:TrackPointExtension>
            <ns3:atemp>21.0</ns3:atemp>
            <ns3:hr>163</ns3:hr>
          </ns3:TrackPointExtension>
        </extensions>
      </trkpt>
      <trkpt lat="22.58494698442518711090087890625" lon="114.3000386841595172882080078125">
        <ele>47.40000152587890625</ele>
        <time>2025-02-20T00:40:05.000Z</time>
        <extensions>
          <ns3:TrackPointExtension>
            <ns3:atemp>21.0</ns3:atemp>
            <ns3:hr>163</ns3:hr>
          </ns3:TrackPointExtension>
        </extensions>
      </trkpt>
      <trkpt lat="22.5849401950836181640625" lon="114.30008688010275363922119140625">
        <ele>47.40000152587890625</ele>
        <time>2025-02-20T00:40:06.000Z</time>
        <extensions>
          <ns3:TrackPointExtension>
            <ns3:atemp>21.0</ns3:atemp>
            <ns3:hr>163</ns3:hr>
          </ns3:TrackPointExtension>
        </extensions>
      </trkpt>
      <trkpt lat="22.58493239991366863250732421875" lon="114.30013465695083141326904296875">
        <ele>47.59999847412109375</ele>
        <time>2025-02-20T00:40:07.000Z</time>
        <extensions>
          <ns3:TrackPointExtension>
            <ns3:atemp>21.0</ns3:atemp>
            <ns3:hr>164</ns3:hr>
          </ns3:TrackPointExtension>
        </extensions>
      </trkpt>
      <trkpt lat="22.584922425448894500732421875" lon="114.30018109269440174102783203125">
        <ele>48.200000762939453125</ele>
        <time>2025-02-20T00:40:08.000Z</time>
        <extensions>
          <ns3:TrackPointExtension>
            <ns3:atemp>21.0</ns3:atemp>
            <ns3:hr>164</ns3:hr>
          </ns3:TrackPointExtension>
        </extensions>
      </trkpt>
      <trkpt lat="22.58491270244121551513671875" lon="114.30022719316184520721435546875">
        <ele>48.200000762939453125</ele>
        <time>2025-02-20T00:40:09.000Z</time>
        <extensions>
          <ns3:TrackPointExtension>
            <ns3:atemp>21.0</ns3:atemp>
            <ns3:hr>164</ns3:hr>
          </ns3:TrackPointExtension>
        </extensions>
      </trkpt>
      <trkpt lat="22.58490465581417083740234375" lon="114.30027228780090808868408203125">
        <ele>48.200000762939453125</ele>
        <time>2025-02-20T00:40:10.000Z</time>
        <extensions>
          <ns3:TrackPointExtension>
            <ns3:atemp>21.0</ns3:atemp>
            <ns3:hr>163</ns3:hr>
          </ns3:TrackPointExtension>
        </extensions>
      </trkpt>
      <trkpt lat="22.5848964415490627288818359375" lon="114.30031947791576385498046875">
        <ele>48.200000762939453125</ele>
        <time>2025-02-20T00:40:11.000Z</time>
        <extensions>
          <ns3:TrackPointExtension>
            <ns3:atemp>21.0</ns3:atemp>
            <ns3:hr>163</ns3:hr>
          </ns3:TrackPointExtension>
        </extensions>
      </trkpt>
      <trkpt lat="22.58488764055073261260986328125" lon="114.3003645725548267364501953125">
        <ele>48.40000152587890625</ele>
        <time>2025-02-20T00:40:12.000Z</time>
        <extensions>
          <ns3:TrackPointExtension>
            <ns3:atemp>21.0</ns3:atemp>
            <ns3:hr>163</ns3:hr>
          </ns3:TrackPointExtension>
        </extensions>
      </trkpt>
      <trkpt lat="22.5848769955337047576904296875" lon="114.30040941573679447174072265625">
        <ele>48.40000152587890625</ele>
        <time>2025-02-20T00:40:13.000Z</time>
        <extensions>
          <ns3:TrackPointExtension>
            <ns3:atemp>21.0</ns3:atemp>
            <ns3:hr>163</ns3:hr>
          </ns3:TrackPointExtension>
        </extensions>
      </trkpt>
      <trkpt lat="22.58486534468829631805419921875" lon="114.300459288060665130615234375">
        <ele>48.40000152587890625</ele>
        <time>2025-02-20T00:40:14.000Z</time>
        <extensions>
          <ns3:TrackPointExtension>
            <ns3:atemp>21.0</ns3:atemp>
            <ns3:hr>163</ns3:hr>
          </ns3:TrackPointExtension>
        </extensions>
      </trkpt>
      <trkpt lat="22.58485461585223674774169921875" lon="114.3005130998790264129638671875">
        <ele>48.40000152587890625</ele>
        <time>2025-02-20T00:40:15.000Z</time>
        <extensions>
          <ns3:TrackPointExtension>
            <ns3:atemp>21.0</ns3:atemp>
            <ns3:hr>163</ns3:hr>
          </ns3:TrackPointExtension>
        </extensions>
      </trkpt>
      <trkpt lat="22.58484296500682830810546875" lon="114.3005664087831974029541015625">
        <ele>48.40000152587890625</ele>
        <time>2025-02-20T00:40:16.000Z</time>
        <extensions>
          <ns3:TrackPointExtension>
            <ns3:atemp>21.0</ns3:atemp>
            <ns3:hr>162</ns3:hr>
          </ns3:TrackPointExtension>
        </extensions>
      </trkpt>
      <trkpt lat="22.584830224514007568359375" lon="114.3006183765828609466552734375">
        <ele>48.40000152587890625</ele>
        <time>2025-02-20T00:40:17.000Z</time>
        <extensions>
          <ns3:TrackPointExtension>
            <ns3:atemp>21.0</ns3:atemp>
            <ns3:hr>162</ns3:hr>
          </ns3:TrackPointExtension>
        </extensions>
      </trkpt>
      <trkpt lat="22.58482058532536029815673828125" lon="114.30066925473511219024658203125">
        <ele>48.40000152587890625</ele>
        <time>2025-02-20T00:40:18.000Z</time>
        <extensions>
          <ns3:TrackPointExtension>
            <ns3:atemp>21.0</ns3:atemp>
            <ns3:hr>163</ns3:hr>
          </ns3:TrackPointExtension>
        </extensions>
      </trkpt>
      <trkpt lat="22.58481522090733051300048828125" lon="114.3007239885628223419189453125">
        <ele>48.40000152587890625</ele>
        <time>2025-02-20T00:40:19.000Z</time>
        <extensions>
          <ns3:TrackPointExtension>
            <ns3:atemp>21.0</ns3:atemp>
            <ns3:hr>163</ns3:hr>
          </ns3:TrackPointExtension>
        </extensions>
      </trkpt>
      <trkpt lat="22.5848153047263622283935546875" lon="114.300779812037944793701171875">
        <ele>48.40000152587890625</ele>
        <time>2025-02-20T00:40:20.000Z</time>
        <extensions>
          <ns3:TrackPointExtension>
            <ns3:atemp>21.0</ns3:atemp>
            <ns3:hr>164</ns3:hr>
          </ns3:TrackPointExtension>
        </extensions>
      </trkpt>
      <trkpt lat="22.58482092060148715972900390625" lon="114.300837814807891845703125">
        <ele>48.40000152587890625</ele>
        <time>2025-02-20T00:40:21.000Z</time>
        <extensions>
          <ns3:TrackPointExtension>
            <ns3:atemp>21.0</ns3:atemp>
            <ns3:hr>164</ns3:hr>
          </ns3:TrackPointExtension>
        </extensions>
      </trkpt>
      <trkpt lat="22.58483299054205417633056640625" lon="114.30089640431106090545654296875">
        <ele>48.40000152587890625</ele>
        <time>2025-02-20T00:40:22.000Z</time>
        <extensions>
          <ns3:TrackPointExtension>
            <ns3:atemp>21.0</ns3:atemp>
            <ns3:hr>164</ns3:hr>
          </ns3:TrackPointExtension>
        </extensions>
      </trkpt>
      <trkpt lat="22.584855370223522186279296875" lon="114.30095373652875423431396484375">
        <ele>48.40000152587890625</ele>
        <time>2025-02-20T00:40:23.000Z</time>
        <extensions>
          <ns3:TrackPointExtension>
            <ns3:atemp>21.0</ns3:atemp>
            <ns3:hr>164</ns3:hr>
          </ns3:TrackPointExtension>
        </extensions>
      </trkpt>
      <trkpt lat="22.58488529361784458160400390625" lon="114.30100838653743267059326171875">
        <ele>48.200000762939453125</ele>
        <time>2025-02-20T00:40:24.000Z</time>
        <extensions>
          <ns3:TrackPointExtension>
            <ns3:atemp>21.0</ns3:atemp>
            <ns3:hr>164</ns3:hr>
          </ns3:TrackPointExtension>
        </extensions>
      </trkpt>
      <trkpt lat="22.58492083288729190826416015625" lon="114.3010636232793331146240234375">
        <ele>48</ele>
        <time>2025-02-20T00:40:25.000Z</time>
        <extensions>
          <ns3:TrackPointExtension>
            <ns3:atemp>21.0</ns3:atemp>
            <ns3:hr>163</ns3:hr>
          </ns3:TrackPointExtension>
        </extensions>
      </trkpt>
      <trkpt lat="22.584964670240879058837890625" lon="114.30111466906964778900146484375">
        <ele>47.59999847412109375</ele>
        <time>2025-02-20T00:40:26.000Z</time>
        <extensions>
          <ns3:TrackPointExtension>
            <ns3:atemp>21.0</ns3:atemp>
            <ns3:hr>164</ns3:hr>
          </ns3:TrackPointExtension>
        </extensions>
      </trkpt>
      <trkpt lat="22.585016973316669464111328125" lon="114.30115942843258380889892578125">
        <ele>47.40000152587890625</ele>
        <time>2025-02-20T00:40:27.000Z</time>
        <extensions>
          <ns3:TrackPointExtension>
            <ns3:atemp>21.0</ns3:atemp>
            <ns3:hr>164</ns3:hr>
          </ns3:TrackPointExtension>
        </extensions>
      </trkpt>
      <trkpt lat="22.5850758142769336700439453125" lon="114.30119295604526996612548828125">
        <ele>47</ele>
        <time>2025-02-20T00:40:28.000Z</time>
        <extensions>
          <ns3:TrackPointExtension>
            <ns3:atemp>21.0</ns3:atemp>
            <ns3:hr>164</ns3:hr>
          </ns3:TrackPointExtension>
        </extensions>
      </trkpt>
      <trkpt lat="22.58514471352100372314453125" lon="114.301213659346103668212890625">
        <ele>46.40000152587890625</ele>
        <time>2025-02-20T00:40:29.000Z</time>
        <extensions>
          <ns3:TrackPointExtension>
            <ns3:atemp>21.0</ns3:atemp>
            <ns3:hr>164</ns3:hr>
          </ns3:TrackPointExtension>
        </extensions>
      </trkpt>
      <trkpt lat="22.58521872572600841522216796875" lon="114.30122396908700466156005859375">
        <ele>45.799999237060546875</ele>
        <time>2025-02-20T00:40:30.000Z</time>
        <extensions>
          <ns3:TrackPointExtension>
            <ns3:atemp>21.0</ns3:atemp>
            <ns3:hr>164</ns3:hr>
          </ns3:TrackPointExtension>
        </extensions>
      </trkpt>
      <trkpt lat="22.58530086837708950042724609375" lon="114.30122748948633670806884765625">
        <ele>45.40000152587890625</ele>
        <time>2025-02-20T00:40:31.000Z</time>
        <extensions>
          <ns3:TrackPointExtension>
            <ns3:atemp>21.0</ns3:atemp>
            <ns3:hr>164</ns3:hr>
          </ns3:TrackPointExtension>
        </extensions>
      </trkpt>
      <trkpt lat="22.585379071533679962158203125" lon="114.3012235499918460845947265625">
        <ele>45</ele>
        <time>2025-02-20T00:40:32.000Z</time>
        <extensions>
          <ns3:TrackPointExtension>
            <ns3:atemp>21.0</ns3:atemp>
            <ns3:hr>164</ns3:hr>
          </ns3:TrackPointExtension>
        </extensions>
      </trkpt>
      <trkpt lat="22.58546381257474422454833984375" lon="114.30121407844126224517822265625">
        <ele>44.200000762939453125</ele>
        <time>2025-02-20T00:40:33.000Z</time>
        <extensions>
          <ns3:TrackPointExtension>
            <ns3:atemp>21.0</ns3:atemp>
            <ns3:hr>164</ns3:hr>
          </ns3:TrackPointExtension>
        </extensions>
      </trkpt>
      <trkpt lat="22.58554712869226932525634765625" lon="114.3012064509093761444091796875">
        <ele>43.59999847412109375</ele>
        <time>2025-02-20T00:40:34.000Z</time>
        <extensions>
          <ns3:TrackPointExtension>
            <ns3:atemp>21.0</ns3:atemp>
            <ns3:hr>164</ns3:hr>
          </ns3:TrackPointExtension>
        </extensions>
      </trkpt>
      <trkpt lat="22.58563128300011157989501953125" lon="114.30119932629168033599853515625">
        <ele>43.40000152587890625</ele>
        <time>2025-02-20T00:40:35.000Z</time>
        <extensions>
          <ns3:TrackPointExtension>
            <ns3:atemp>21.0</ns3:atemp>
            <ns3:hr>163</ns3:hr>
          </ns3:TrackPointExtension>
        </extensions>
      </trkpt>
      <trkpt lat="22.5857193768024444580078125" lon="114.30119161494076251983642578125">
        <ele>42.59999847412109375</ele>
        <time>2025-02-20T00:40:36.000Z</time>
        <extensions>
          <ns3:TrackPointExtension>
            <ns3:atemp>21.0</ns3:atemp>
            <ns3:hr>163</ns3:hr>
          </ns3:TrackPointExtension>
        </extensions>
      </trkpt>
      <trkpt lat="22.58580319583415985107421875" lon="114.30117736570537090301513671875">
        <ele>42</ele>
        <time>2025-02-20T00:40:37.000Z</time>
        <extensions>
          <ns3:TrackPointExtension>
            <ns3:atemp>21.0</ns3:atemp>
            <ns3:hr>162</ns3:hr>
          </ns3:TrackPointExtension>
        </extensions>
      </trkpt>
      <trkpt lat="22.58588877506554126739501953125" lon="114.3011682294309139251708984375">
        <ele>41.59999847412109375</ele>
        <time>2025-02-20T00:40:38.000Z</time>
        <extensions>
          <ns3:TrackPointExtension>
            <ns3:atemp>21.0</ns3:atemp>
            <ns3:hr>162</ns3:hr>
          </ns3:TrackPointExtension>
        </extensions>
      </trkpt>
      <trkpt lat="22.5859730131924152374267578125" lon="114.3011598475277423858642578125">
        <ele>41.200000762939453125</ele>
        <time>2025-02-20T00:40:39.000Z</time>
        <extensions>
          <ns3:TrackPointExtension>
            <ns3:atemp>21.0</ns3:atemp>
            <ns3:hr>161</ns3:hr>
          </ns3:TrackPointExtension>
        </extensions>
      </trkpt>
      <trkpt lat="22.58605071343481540679931640625" lon="114.3011502921581268310546875">
        <ele>40.799999237060546875</ele>
        <time>2025-02-20T00:40:40.000Z</time>
        <extensions>
          <ns3:TrackPointExtension>
            <ns3:atemp>21.0</ns3:atemp>
            <ns3:hr>160</ns3:hr>
          </ns3:TrackPointExtension>
        </extensions>
      </trkpt>
      <trkpt lat="22.5861305929720401763916015625" lon="114.30115389637649059295654296875">
        <ele>40.59999847412109375</ele>
        <time>2025-02-20T00:40:41.000Z</time>
        <extensions>
          <ns3:TrackPointExtension>
            <ns3:atemp>21.0</ns3:atemp>
            <ns3:hr>160</ns3:hr>
          </ns3:TrackPointExtension>
        </extensions>
      </trkpt>
      <trkpt lat="22.5862129032611846923828125" lon="114.3011749349534511566162109375">
        <ele>40.40000152587890625</ele>
        <time>2025-02-20T00:40:42.000Z</time>
        <extensions>
          <ns3:TrackPointExtension>
            <ns3:atemp>21.0</ns3:atemp>
            <ns3:hr>159</ns3:hr>
          </ns3:TrackPointExtension>
        </extensions>
      </trkpt>
      <trkpt lat="22.58628825657069683074951171875" lon="114.3012057803571224212646484375">
        <ele>40</ele>
        <time>2025-02-20T00:40:43.000Z</time>
        <extensions>
          <ns3:TrackPointExtension>
            <ns3:atemp>21.0</ns3:atemp>
            <ns3:hr>159</ns3:hr>
          </ns3:TrackPointExtension>
        </extensions>
      </trkpt>
      <trkpt lat="22.5863599218428134918212890625" lon="114.30124324746429920196533203125">
        <ele>39.40000152587890625</ele>
        <time>2025-02-20T00:40:44.000Z</time>
        <extensions>
          <ns3:TrackPointExtension>
            <ns3:atemp>21.0</ns3:atemp>
            <ns3:hr>158</ns3:hr>
          </ns3:TrackPointExtension>
        </extensions>
      </trkpt>
      <trkpt lat="22.58643619716167449951171875" lon="114.3012822233140468597412109375">
        <ele>38.799999237060546875</ele>
        <time>2025-02-20T00:40:45.000Z</time>
        <extensions>
          <ns3:TrackPointExtension>
            <ns3:atemp>21.0</ns3:atemp>
            <ns3:hr>157</ns3:hr>
          </ns3:TrackPointExtension>
        </extensions>
      </trkpt>
      <trkpt lat="22.58651322685182094573974609375" lon="114.301316253840923309326171875">
        <ele>38.40000152587890625</ele>
        <time>2025-02-20T00:40:46.000Z</time>
        <extensions>
          <ns3:TrackPointExtension>
            <ns3:atemp>21.0</ns3:atemp>
            <ns3:hr>157</ns3:hr>
          </ns3:TrackPointExtension>
        </extensions>
      </trkpt>
      <trkpt lat="22.5865884125232696533203125" lon="114.30134131573140621185302734375">
        <ele>38.200000762939453125</ele>
        <time>2025-02-20T00:40:47.000Z</time>
        <extensions>
          <ns3:TrackPointExtension>
            <ns3:atemp>21.0</ns3:atemp>
            <ns3:hr>157</ns3:hr>
          </ns3:TrackPointExtension>
        </extensions>
      </trkpt>
      <trkpt lat="22.58666510693728923797607421875" lon="114.30134869180619716644287109375">
        <ele>37.59999847412109375</ele>
        <time>2025-02-20T00:40:48.000Z</time>
        <extensions>
          <ns3:TrackPointExtension>
            <ns3:atemp>21.0</ns3:atemp>
            <ns3:hr>156</ns3:hr>
          </ns3:TrackPointExtension>
        </extensions>
      </trkpt>
      <trkpt lat="22.58673920296132564544677734375" lon="114.3013439141213893890380859375">
        <ele>37.200000762939453125</ele>
        <time>2025-02-20T00:40:49.000Z</time>
        <extensions>
          <ns3:TrackPointExtension>
            <ns3:atemp>21.0</ns3:atemp>
            <ns3:hr>155</ns3:hr>
          </ns3:TrackPointExtension>
        </extensions>
      </trkpt>
      <trkpt lat="22.5868075154721736907958984375" lon="114.30132673121988773345947265625">
        <ele>37</ele>
        <time>2025-02-20T00:40:50.000Z</time>
        <extensions>
          <ns3:TrackPointExtension>
            <ns3:atemp>21.0</ns3:atemp>
            <ns3:hr>152</ns3:hr>
          </ns3:TrackPointExtension>
        </extensions>
      </trkpt>
      <trkpt lat="22.58686845190823078155517578125" lon="114.3012966401875019073486328125">
        <ele>36.799999237060546875</ele>
        <time>2025-02-20T00:40:51.000Z</time>
        <extensions>
          <ns3:TrackPointExtension>
            <ns3:atemp>21.0</ns3:atemp>
            <ns3:hr>151</ns3:hr>
          </ns3:TrackPointExtension>
        </extensions>
      </trkpt>
      <trkpt lat="22.586924694478511810302734375" lon="114.3012537248432636260986328125">
        <ele>36.40000152587890625</ele>
        <time>2025-02-20T00:40:52.000Z</time>
        <extensions>
          <ns3:TrackPointExtension>
            <ns3:atemp>21.0</ns3:atemp>
            <ns3:hr>150</ns3:hr>
          </ns3:TrackPointExtension>
        </extensions>
      </trkpt>
      <trkpt lat="22.5869815237820148468017578125" lon="114.30120150558650493621826171875">
        <ele>36</ele>
        <time>2025-02-20T00:40:53.000Z</time>
        <extensions>
          <ns3:TrackPointExtension>
            <ns3:atemp>21.0</ns3:atemp>
            <ns3:hr>149</ns3:hr>
          </ns3:TrackPointExtension>
        </extensions>
      </trkpt>
      <trkpt lat="22.58702854625880718231201171875" lon="114.3011350370943546295166015625">
        <ele>35.40000152587890625</ele>
        <time>2025-02-20T00:40:54.000Z</time>
        <extensions>
          <ns3:TrackPointExtension>
            <ns3:atemp>21.0</ns3:atemp>
            <ns3:hr>148</ns3:hr>
          </ns3:TrackPointExtension>
        </extensions>
      </trkpt>
      <trkpt lat="22.5870685279369354248046875" lon="114.30105465464293956756591796875">
        <ele>35.200000762939453125</ele>
        <time>2025-02-20T00:40:55.000Z</time>
        <extensions>
          <ns3:TrackPointExtension>
            <ns3:atemp>21.0</ns3:atemp>
            <ns3:hr>148</ns3:hr>
          </ns3:TrackPointExtension>
        </extensions>
      </trkpt>
      <trkpt lat="22.587103731930255889892578125" lon="114.30097527801990509033203125">
        <ele>34.200000762939453125</ele>
        <time>2025-02-20T00:40:56.000Z</time>
        <extensions>
          <ns3:TrackPointExtension>
            <ns3:atemp>21.0</ns3:atemp>
            <ns3:hr>147</ns3:hr>
          </ns3:TrackPointExtension>
        </extensions>
      </trkpt>
      <trkpt lat="22.5871394388377666473388671875" lon="114.30089414119720458984375">
        <ele>33.40000152587890625</ele>
        <time>2025-02-20T00:40:57.000Z</time>
        <extensions>
          <ns3:TrackPointExtension>
            <ns3:atemp>21.0</ns3:atemp>
            <ns3:hr>146</ns3:hr>
          </ns3:TrackPointExtension>
        </extensions>
      </trkpt>
      <trkpt lat="22.58717489428818225860595703125" lon="114.30081325583159923553466796875">
        <ele>33.200000762939453125</ele>
        <time>2025-02-20T00:40:58.000Z</time>
        <extensions>
          <ns3:TrackPointExtension>
            <ns3:atemp>21.0</ns3:atemp>
            <ns3:hr>145</ns3:hr>
          </ns3:TrackPointExtension>
        </extensions>
      </trkpt>
      <trkpt lat="22.5872158817946910858154296875" lon="114.300735890865325927734375">
        <ele>32.59999847412109375</ele>
        <time>2025-02-20T00:40:59.000Z</time>
        <extensions>
          <ns3:TrackPointExtension>
            <ns3:atemp>21.0</ns3:atemp>
            <ns3:hr>144</ns3:hr>
          </ns3:TrackPointExtension>
        </extensions>
      </trkpt>
      <trkpt lat="22.5872715376317501068115234375" lon="114.30066875182092189788818359375">
        <ele>31.799999237060546875</ele>
        <time>2025-02-20T00:41:00.000Z</time>
        <extensions>
          <ns3:TrackPointExtension>
            <ns3:atemp>21.0</ns3:atemp>
            <ns3:hr>144</ns3:hr>
          </ns3:TrackPointExtension>
        </extensions>
      </trkpt>
      <trkpt lat="22.58733431808650493621826171875" lon="114.30061175487935543060302734375">
        <ele>30.6000003814697265625</ele>
        <time>2025-02-20T00:41:01.000Z</time>
        <extensions>
          <ns3:TrackPointExtension>
            <ns3:atemp>21.0</ns3:atemp>
            <ns3:hr>143</ns3:hr>
          </ns3:TrackPointExtension>
        </extensions>
      </trkpt>
      <trkpt lat="22.58740707300603389739990234375" lon="114.30055241100490093231201171875">
        <ele>29.799999237060546875</ele>
        <time>2025-02-20T00:41:02.000Z</time>
        <extensions>
          <ns3:TrackPointExtension>
            <ns3:atemp>21.0</ns3:atemp>
            <ns3:hr>142</ns3:hr>
          </ns3:TrackPointExtension>
        </extensions>
      </trkpt>
      <trkpt lat="22.5874747149646282196044921875" lon="114.3004983477294445037841796875">
        <ele>28.799999237060546875</ele>
        <time>2025-02-20T00:41:03.000Z</time>
        <extensions>
          <ns3:TrackPointExtension>
            <ns3:atemp>21.0</ns3:atemp>
            <ns3:hr>141</ns3:hr>
          </ns3:TrackPointExtension>
        </extensions>
      </trkpt>
      <trkpt lat="22.58754420094192028045654296875" lon="114.30044713430106639862060546875">
        <ele>27.3999996185302734375</ele>
        <time>2025-02-20T00:41:04.000Z</time>
        <extensions>
          <ns3:TrackPointExtension>
            <ns3:atemp>21.0</ns3:atemp>
            <ns3:hr>140</ns3:hr>
          </ns3:TrackPointExtension>
        </extensions>
      </trkpt>
      <trkpt lat="22.58761678822338581085205078125" lon="114.300397597253322601318359375">
        <ele>27.200000762939453125</ele>
        <time>2025-02-20T00:41:05.000Z</time>
        <extensions>
          <ns3:TrackPointExtension>
            <ns3:atemp>21.0</ns3:atemp>
            <ns3:hr>138</ns3:hr>
          </ns3:TrackPointExtension>
        </extensions>
      </trkpt>
      <trkpt lat="22.58769222535192966461181640625" lon="114.3003504909574985504150390625">
        <ele>26.799999237060546875</ele>
        <time>2025-02-20T00:41:06.000Z</time>
        <extensions>
          <ns3:TrackPointExtension>
            <ns3:atemp>21.0</ns3:atemp>
            <ns3:hr>137</ns3:hr>
          </ns3:TrackPointExtension>
        </extensions>
      </trkpt>
      <trkpt lat="22.587766908109188079833984375" lon="114.30030581541359424591064453125">
        <ele>26.200000762939453125</ele>
        <time>2025-02-20T00:41:07.000Z</time>
        <extensions>
          <ns3:TrackPointExtension>
            <ns3:atemp>21.0</ns3:atemp>
            <ns3:hr>137</ns3:hr>
          </ns3:TrackPointExtension>
        </extensions>
      </trkpt>
      <trkpt lat="22.5878356397151947021484375" lon="114.30027329362928867340087890625">
        <ele>25.6000003814697265625</ele>
        <time>2025-02-20T00:41:08.000Z</time>
        <extensions>
          <ns3:TrackPointExtension>
            <ns3:atemp>21.0</ns3:atemp>
            <ns3:hr>136</ns3:hr>
          </ns3:TrackPointExtension>
        </extensions>
      </trkpt>
      <trkpt lat="22.5878938101232051849365234375" lon="114.3002525903284549713134765625">
        <ele>25.3999996185302734375</ele>
        <time>2025-02-20T00:41:09.000Z</time>
        <extensions>
          <ns3:TrackPointExtension>
            <ns3:atemp>21.0</ns3:atemp>
            <ns3:hr>135</ns3:hr>
          </ns3:TrackPointExtension>
        </extensions>
      </trkpt>
      <trkpt lat="22.58793530054390430450439453125" lon="114.30024848319590091705322265625">
        <ele>25.3999996185302734375</ele>
        <time>2025-02-20T00:41:10.000Z</time>
        <extensions>
          <ns3:TrackPointExtension>
            <ns3:atemp>21.0</ns3:atemp>
            <ns3:hr>135</ns3:hr>
          </ns3:TrackPointExtension>
        </extensions>
      </trkpt>
      <trkpt lat="22.5879642181098461151123046875" lon="114.30026709102094173431396484375">
        <ele>25.3999996185302734375</ele>
        <time>2025-02-20T00:41:11.000Z</time>
        <extensions>
          <ns3:TrackPointExtension>
            <ns3:atemp>21.0</ns3:atemp>
            <ns3:hr>135</ns3:hr>
          </ns3:TrackPointExtension>
        </extensions>
      </trkpt>
      <trkpt lat="22.5879789702594280242919921875" lon="114.3002919852733612060546875">
        <ele>25.3999996185302734375</ele>
        <time>2025-02-20T00:41:12.000Z</time>
        <extensions>
          <ns3:TrackPointExtension>
            <ns3:atemp>21.0</ns3:atemp>
            <ns3:hr>135</ns3:hr>
          </ns3:TrackPointExtension>
        </extensions>
      </trkpt>
      <trkpt lat="22.587990202009677886962890625" lon="114.30031545460224151611328125">
        <ele>25.6000003814697265625</ele>
        <time>2025-02-20T00:41:13.000Z</time>
        <extensions>
          <ns3:TrackPointExtension>
            <ns3:atemp>21.0</ns3:atemp>
            <ns3:hr>134</ns3:hr>
          </ns3:TrackPointExtension>
        </extensions>
      </trkpt>
      <trkpt lat="22.58800839073956012725830078125" lon="114.3003330565989017486572265625">
        <ele>25.799999237060546875</ele>
        <time>2025-02-20T00:41:14.000Z</time>
        <extensions>
          <ns3:TrackPointExtension>
            <ns3:atemp>21.0</ns3:atemp>
            <ns3:hr>134</ns3:hr>
          </ns3:TrackPointExtension>
        </extensions>
      </trkpt>
      <trkpt lat="22.58803253062069416046142578125" lon="114.30033783428370952606201171875">
        <ele>26</ele>
        <time>2025-02-20T00:41:15.000Z</time>
        <extensions>
          <ns3:TrackPointExtension>
            <ns3:atemp>21.0</ns3:atemp>
            <ns3:hr>134</ns3:hr>
          </ns3:TrackPointExtension>
        </extensions>
      </trkpt>
      <trkpt lat="22.58806404657661914825439453125" lon="114.30033280514180660247802734375">
        <ele>25.799999237060546875</ele>
        <time>2025-02-20T00:41:16.000Z</time>
        <extensions>
          <ns3:TrackPointExtension>
            <ns3:atemp>21.0</ns3:atemp>
            <ns3:hr>134</ns3:hr>
          </ns3:TrackPointExtension>
        </extensions>
      </trkpt>
      <trkpt lat="22.58810461498796939849853515625" lon="114.30032559670507907867431640625">
        <ele>25.799999237060546875</ele>
        <time>2025-02-20T00:41:17.000Z</time>
        <extensions>
          <ns3:TrackPointExtension>
            <ns3:atemp>21.0</ns3:atemp>
            <ns3:hr>134</ns3:hr>
          </ns3:TrackPointExtension>
        </extensions>
      </trkpt>
      <trkpt lat="22.58814803324639797210693359375" lon="114.30031738243997097015380859375">
        <ele>25.799999237060546875</ele>
        <time>2025-02-20T00:41:18.000Z</time>
        <extensions>
          <ns3:TrackPointExtension>
            <ns3:atemp>21.0</ns3:atemp>
            <ns3:hr>133</ns3:hr>
          </ns3:TrackPointExtension>
        </extensions>
      </trkpt>
      <trkpt lat="22.588192038238048553466796875" lon="114.30030279792845249176025390625">
        <ele>25.6000003814697265625</ele>
        <time>2025-02-20T00:41:19.000Z</time>
        <extensions>
          <ns3:TrackPointExtension>
            <ns3:atemp>21.0</ns3:atemp>
            <ns3:hr>132</ns3:hr>
          </ns3:TrackPointExtension>
        </extensions>
      </trkpt>
      <trkpt lat="22.5882433354854583740234375" lon="114.30028687231242656707763671875">
        <ele>25.200000762939453125</ele>
        <time>2025-02-20T00:41:20.000Z</time>
        <extensions>
          <ns3:TrackPointExtension>
            <ns3:atemp>21.0</ns3:atemp>
            <ns3:hr>131</ns3:hr>
          </ns3:TrackPointExtension>
        </extensions>
      </trkpt>
      <trkpt lat="22.588299997150897979736328125" lon="114.30026541464030742645263671875">
        <ele>25</ele>
        <time>2025-02-20T00:41:21.000Z</time>
        <extensions>
          <ns3:TrackPointExtension>
            <ns3:atemp>21.0</ns3:atemp>
            <ns3:hr>130</ns3:hr>
          </ns3:TrackPointExtension>
        </extensions>
      </trkpt>
      <trkpt lat="22.5883521325886249542236328125" lon="114.30024303495883941650390625">
        <ele>24.6000003814697265625</ele>
        <time>2025-02-20T00:41:22.000Z</time>
        <extensions>
          <ns3:TrackPointExtension>
            <ns3:atemp>21.0</ns3:atemp>
            <ns3:hr>130</ns3:hr>
          </ns3:TrackPointExtension>
        </extensions>
      </trkpt>
      <trkpt lat="22.58840301074087619781494140625" lon="114.300212860107421875">
        <ele>24.200000762939453125</ele>
        <time>2025-02-20T00:41:23.000Z</time>
        <extensions>
          <ns3:TrackPointExtension>
            <ns3:atemp>21.0</ns3:atemp>
            <ns3:hr>131</ns3:hr>
          </ns3:TrackPointExtension>
        </extensions>
      </trkpt>
      <trkpt lat="22.58845263160765171051025390625" lon="114.3001701124012470245361328125">
        <ele>23.6000003814697265625</ele>
        <time>2025-02-20T00:41:24.000Z</time>
        <extensions>
          <ns3:TrackPointExtension>
            <ns3:atemp>21.0</ns3:atemp>
            <ns3:hr>131</ns3:hr>
          </ns3:TrackPointExtension>
        </extensions>
      </trkpt>
      <trkpt lat="22.588495127856731414794921875" lon="114.300122000277042388916015625">
        <ele>23.200000762939453125</ele>
        <time>2025-02-20T00:41:25.000Z</time>
        <extensions>
          <ns3:TrackPointExtension>
            <ns3:atemp>21.0</ns3:atemp>
            <ns3:hr>132</ns3:hr>
          </ns3:TrackPointExtension>
        </extensions>
      </trkpt>
      <trkpt lat="22.5885372050106525421142578125" lon="114.30006827227771282196044921875">
        <ele>22.6000003814697265625</ele>
        <time>2025-02-20T00:41:26.000Z</time>
        <extensions>
          <ns3:TrackPointExtension>
            <ns3:atemp>21.0</ns3:atemp>
            <ns3:hr>133</ns3:hr>
          </ns3:TrackPointExtension>
        </extensions>
      </trkpt>
      <trkpt lat="22.58857903070747852325439453125" lon="114.30001236498355865478515625">
        <ele>22.200000762939453125</ele>
        <time>2025-02-20T00:41:27.000Z</time>
        <extensions>
          <ns3:TrackPointExtension>
            <ns3:atemp>21.0</ns3:atemp>
            <ns3:hr>133</ns3:hr>
          </ns3:TrackPointExtension>
        </extensions>
      </trkpt>
      <trkpt lat="22.588617503643035888671875" lon="114.29995226673781871795654296875">
        <ele>22</ele>
        <time>2025-02-20T00:41:28.000Z</time>
        <extensions>
          <ns3:TrackPointExtension>
            <ns3:atemp>21.0</ns3:atemp>
            <ns3:hr>132</ns3:hr>
          </ns3:TrackPointExtension>
        </extensions>
      </trkpt>
      <trkpt lat="22.588657401502132415771484375" lon="114.2998814396560192108154296875">
        <ele>21.3999996185302734375</ele>
        <time>2025-02-20T00:41:29.000Z</time>
        <extensions>
          <ns3:TrackPointExtension>
            <ns3:atemp>21.0</ns3:atemp>
            <ns3:hr>130</ns3:hr>
          </ns3:TrackPointExtension>
        </extensions>
      </trkpt>
      <trkpt lat="22.58870132267475128173828125" lon="114.29981094785034656524658203125">
        <ele>20.6000003814697265625</ele>
        <time>2025-02-20T00:41:30.000Z</time>
        <extensions>
          <ns3:TrackPointExtension>
            <ns3:atemp>21.0</ns3:atemp>
            <ns3:hr>130</ns3:hr>
          </ns3:TrackPointExtension>
        </extensions>
      </trkpt>
      <trkpt lat="22.5887511111795902252197265625" lon="114.299740456044673919677734375">
        <ele>20</ele>
        <time>2025-02-20T00:41:31.000Z</time>
        <extensions>
          <ns3:TrackPointExtension>
            <ns3:atemp>21.0</ns3:atemp>
            <ns3:hr>129</ns3:hr>
          </ns3:TrackPointExtension>
        </extensions>
      </trkpt>
      <trkpt lat="22.5888067670166492462158203125" lon="114.29967013187706470489501953125">
        <ele>18.799999237060546875</ele>
        <time>2025-02-20T00:41:32.000Z</time>
        <extensions>
          <ns3:TrackPointExtension>
            <ns3:atemp>21.0</ns3:atemp>
            <ns3:hr>129</ns3:hr>
          </ns3:TrackPointExtension>
        </extensions>
      </trkpt>
      <trkpt lat="22.588863931596279144287109375" lon="114.299593269824981689453125">
        <ele>17.3999996185302734375</ele>
        <time>2025-02-20T00:41:33.000Z</time>
        <extensions>
          <ns3:TrackPointExtension>
            <ns3:atemp>21.0</ns3:atemp>
            <ns3:hr>128</ns3:hr>
          </ns3:TrackPointExtension>
        </extensions>
      </trkpt>
      <trkpt lat="22.5889138877391815185546875" lon="114.2995133064687252044677734375">
        <ele>15.80000019073486328125</ele>
        <time>2025-02-20T00:41:34.000Z</time>
        <extensions>
          <ns3:TrackPointExtension>
            <ns3:atemp>21.0</ns3:atemp>
            <ns3:hr>128</ns3:hr>
          </ns3:TrackPointExtension>
        </extensions>
      </trkpt>
      <trkpt lat="22.58895873092114925384521484375" lon="114.2994304932653903961181640625">
        <ele>14.3999996185302734375</ele>
        <time>2025-02-20T00:41:35.000Z</time>
        <extensions>
          <ns3:TrackPointExtension>
            <ns3:atemp>21.0</ns3:atemp>
            <ns3:hr>127</ns3:hr>
          </ns3:TrackPointExtension>
        </extensions>
      </trkpt>
      <trkpt lat="22.589012794196605682373046875" lon="114.2993510328233242034912109375">
        <ele>13</ele>
        <time>2025-02-20T00:41:36.000Z</time>
        <extensions>
          <ns3:TrackPointExtension>
            <ns3:atemp>21.0</ns3:atemp>
            <ns3:hr>127</ns3:hr>
          </ns3:TrackPointExtension>
        </extensions>
      </trkpt>
      <trkpt lat="22.58907406590878963470458984375" lon="114.2992759309709072113037109375">
        <ele>11.80000019073486328125</ele>
        <time>2025-02-20T00:41:37.000Z</time>
        <extensions>
          <ns3:TrackPointExtension>
            <ns3:atemp>21.0</ns3:atemp>
            <ns3:hr>127</ns3:hr>
          </ns3:TrackPointExtension>
        </extensions>
      </trkpt>
      <trkpt lat="22.58913793601095676422119140625" lon="114.29921281524002552032470703125">
        <ele>11.3999996185302734375</ele>
        <time>2025-02-20T00:41:38.000Z</time>
        <extensions>
          <ns3:TrackPointExtension>
            <ns3:atemp>21.0</ns3:atemp>
            <ns3:hr>127</ns3:hr>
          </ns3:TrackPointExtension>
        </extensions>
      </trkpt>
      <trkpt lat="22.58921018801629543304443359375" lon="114.29915866814553737640380859375">
        <ele>10.19999980926513671875</ele>
        <time>2025-02-20T00:41:39.000Z</time>
        <extensions>
          <ns3:TrackPointExtension>
            <ns3:atemp>21.0</ns3:atemp>
            <ns3:hr>127</ns3:hr>
          </ns3:TrackPointExtension>
        </extensions>
      </trkpt>
      <trkpt lat="22.589289061725139617919921875" lon="114.29912413470447063446044921875">
        <ele>9.80000019073486328125</ele>
        <time>2025-02-20T00:41:40.000Z</time>
        <extensions>
          <ns3:TrackPointExtension>
            <ns3:atemp>21.0</ns3:atemp>
            <ns3:hr>126</ns3:hr>
          </ns3:TrackPointExtension>
        </extensions>
      </trkpt>
      <trkpt lat="22.589373551309108734130859375" lon="114.29910737089812755584716796875">
        <ele>9.6000003814697265625</ele>
        <time>2025-02-20T00:41:41.000Z</time>
        <extensions>
          <ns3:TrackPointExtension>
            <ns3:atemp>21.0</ns3:atemp>
            <ns3:hr>127</ns3:hr>
          </ns3:TrackPointExtension>
        </extensions>
      </trkpt>
      <trkpt lat="22.58945745415985584259033203125" lon="114.29909245111048221588134765625">
        <ele>9.3999996185302734375</ele>
        <time>2025-02-20T00:41:42.000Z</time>
        <extensions>
          <ns3:TrackPointExtension>
            <ns3:atemp>21.0</ns3:atemp>
            <ns3:hr>127</ns3:hr>
          </ns3:TrackPointExtension>
        </extensions>
      </trkpt>
      <trkpt lat="22.58953255601227283477783203125" lon="114.29908792488276958465576171875">
        <ele>9.19999980926513671875</ele>
        <time>2025-02-20T00:41:43.000Z</time>
        <extensions>
          <ns3:TrackPointExtension>
            <ns3:atemp>21.0</ns3:atemp>
            <ns3:hr>128</ns3:hr>
          </ns3:TrackPointExtension>
        </extensions>
      </trkpt>
      <trkpt lat="22.5896064005792140960693359375" lon="114.29909245111048221588134765625">
        <ele>9</ele>
        <time>2025-02-20T00:41:44.000Z</time>
        <extensions>
          <ns3:TrackPointExtension>
            <ns3:atemp>21.0</ns3:atemp>
            <ns3:hr>128</ns3:hr>
          </ns3:TrackPointExtension>
        </extensions>
      </trkpt>
      <trkpt lat="22.5896851904690265655517578125" lon="114.29910569451749324798583984375">
        <ele>9</ele>
        <time>2025-02-20T00:41:45.000Z</time>
        <extensions>
          <ns3:TrackPointExtension>
            <ns3:atemp>21.0</ns3:atemp>
            <ns3:hr>127</ns3:hr>
          </ns3:TrackPointExtension>
        </extensions>
      </trkpt>
      <trkpt lat="22.58976004086434841156005859375" lon="114.29912178777158260345458984375">
        <ele>8.80000019073486328125</ele>
        <time>2025-02-20T00:41:46.000Z</time>
        <extensions>
          <ns3:TrackPointExtension>
            <ns3:atemp>21.0</ns3:atemp>
            <ns3:hr>127</ns3:hr>
          </ns3:TrackPointExtension>
        </extensions>
      </trkpt>
      <trkpt lat="22.5898343883454799652099609375" lon="114.29914726875722408294677734375">
        <ele>8.6000003814697265625</ele>
        <time>2025-02-20T00:41:47.000Z</time>
        <extensions>
          <ns3:TrackPointExtension>
            <ns3:atemp>21.0</ns3:atemp>
            <ns3:hr>126</ns3:hr>
          </ns3:TrackPointExtension>
        </extensions>
      </trkpt>
      <trkpt lat="22.58990722708404064178466796875" lon="114.2991773597896099090576171875">
        <ele>8.6000003814697265625</ele>
        <time>2025-02-20T00:41:48.000Z</time>
        <extensions>
          <ns3:TrackPointExtension>
            <ns3:atemp>21.0</ns3:atemp>
            <ns3:hr>126</ns3:hr>
          </ns3:TrackPointExtension>
        </extensions>
      </trkpt>
      <trkpt lat="22.58997193537652492523193359375" lon="114.2991857416927814483642578125">
        <ele>8.3999996185302734375</ele>
        <time>2025-02-20T00:41:49.000Z</time>
        <extensions>
          <ns3:TrackPointExtension>
            <ns3:atemp>21.0</ns3:atemp>
            <ns3:hr>127</ns3:hr>
          </ns3:TrackPointExtension>
        </extensions>
      </trkpt>
      <trkpt lat="22.59002591483294963836669921875" lon="114.2991649545729160308837890625">
        <ele>8.19999980926513671875</ele>
        <time>2025-02-20T00:41:50.000Z</time>
        <extensions>
          <ns3:TrackPointExtension>
            <ns3:atemp>21.0</ns3:atemp>
            <ns3:hr>127</ns3:hr>
          </ns3:TrackPointExtension>
        </extensions>
      </trkpt>
      <trkpt lat="22.59007872082293033599853515625" lon="114.299138300120830535888671875">
        <ele>8.3999996185302734375</ele>
        <time>2025-02-20T00:41:51.000Z</time>
        <extensions>
          <ns3:TrackPointExtension>
            <ns3:atemp>21.0</ns3:atemp>
            <ns3:hr>125</ns3:hr>
          </ns3:TrackPointExtension>
        </extensions>
      </trkpt>
      <trkpt lat="22.59013923816382884979248046875" lon="114.29911776445806026458740234375">
        <ele>8.3999996185302734375</ele>
        <time>2025-02-20T00:41:52.000Z</time>
        <extensions>
          <ns3:TrackPointExtension>
            <ns3:atemp>21.0</ns3:atemp>
            <ns3:hr>123</ns3:hr>
          </ns3:TrackPointExtension>
        </extensions>
      </trkpt>
      <trkpt lat="22.5902001745998859405517578125" lon="114.2991156689822673797607421875">
        <ele>8</ele>
        <time>2025-02-20T00:41:53.000Z</time>
        <extensions>
          <ns3:TrackPointExtension>
            <ns3:atemp>21.0</ns3:atemp>
            <ns3:hr>122</ns3:hr>
          </ns3:TrackPointExtension>
        </extensions>
      </trkpt>
      <trkpt lat="22.5902648828923702239990234375" lon="114.29911114275455474853515625">
        <ele>8</ele>
        <time>2025-02-20T00:41:54.000Z</time>
        <extensions>
          <ns3:TrackPointExtension>
            <ns3:atemp>21.0</ns3:atemp>
            <ns3:hr>121</ns3:hr>
          </ns3:TrackPointExtension>
        </extensions>
      </trkpt>
      <trkpt lat="22.5903248973190784454345703125" lon="114.29910385049879550933837890625">
        <ele>8</ele>
        <time>2025-02-20T00:41:55.000Z</time>
        <extensions>
          <ns3:TrackPointExtension>
            <ns3:atemp>21.0</ns3:atemp>
            <ns3:hr>120</ns3:hr>
          </ns3:TrackPointExtension>
        </extensions>
      </trkpt>
      <trkpt lat="22.59038667194545269012451171875" lon="114.2990915291011333465576171875">
        <ele>8</ele>
        <time>2025-02-20T00:41:56.000Z</time>
        <extensions>
          <ns3:TrackPointExtension>
            <ns3:atemp>21.0</ns3:atemp>
            <ns3:hr>120</ns3:hr>
          </ns3:TrackPointExtension>
        </extensions>
      </trkpt>
      <trkpt lat="22.590445093810558319091796875" lon="114.2990761063992977142333984375">
        <ele>7.80000019073486328125</ele>
        <time>2025-02-20T00:41:57.000Z</time>
        <extensions>
          <ns3:TrackPointExtension>
            <ns3:atemp>21.0</ns3:atemp>
            <ns3:hr>121</ns3:hr>
          </ns3:TrackPointExtension>
        </extensions>
      </trkpt>
      <trkpt lat="22.590506114065647125244140625" lon="114.29906160570681095123291015625">
        <ele>7.599999904632568359375</ele>
        <time>2025-02-20T00:41:58.000Z</time>
        <extensions>
          <ns3:TrackPointExtension>
            <ns3:atemp>21.0</ns3:atemp>
            <ns3:hr>121</ns3:hr>
          </ns3:TrackPointExtension>
        </extensions>
      </trkpt>
      <trkpt lat="22.590565793216228485107421875" lon="114.2990466021001338958740234375">
        <ele>7.599999904632568359375</ele>
        <time>2025-02-20T00:41:59.000Z</time>
        <extensions>
          <ns3:TrackPointExtension>
            <ns3:atemp>21.0</ns3:atemp>
            <ns3:hr>121</ns3:hr>
          </ns3:TrackPointExtension>
        </extensions>
      </trkpt>
      <trkpt lat="22.590628825128078460693359375" lon="114.29903729818761348724365234375">
        <ele>7.599999904632568359375</ele>
        <time>2025-02-20T00:42:00.000Z</time>
        <extensions>
          <ns3:TrackPointExtension>
            <ns3:atemp>21.0</ns3:atemp>
            <ns3:hr>122</ns3:hr>
          </ns3:TrackPointExtension>
        </extensions>
      </trkpt>
      <trkpt lat="22.590687833726406097412109375" lon="114.2990335263311862945556640625">
        <ele>7.599999904632568359375</ele>
        <time>2025-02-20T00:42:01.000Z</time>
        <extensions>
          <ns3:TrackPointExtension>
            <ns3:atemp>21.0</ns3:atemp>
            <ns3:hr>122</ns3:hr>
          </ns3:TrackPointExtension>
        </extensions>
      </trkpt>
      <trkpt lat="22.59074759669601917266845703125" lon="114.29903830401599407196044921875">
        <ele>7.599999904632568359375</ele>
        <time>2025-02-20T00:42:02.000Z</time>
        <extensions>
          <ns3:TrackPointExtension>
            <ns3:atemp>21.0</ns3:atemp>
            <ns3:hr>122</ns3:hr>
          </ns3:TrackPointExtension>
        </extensions>
      </trkpt>
      <trkpt lat="22.59081196971237659454345703125" lon="114.2990415729582309722900390625">
        <ele>7.599999904632568359375</ele>
        <time>2025-02-20T00:42:03.000Z</time>
        <extensions>
          <ns3:TrackPointExtension>
            <ns3:atemp>21.0</ns3:atemp>
            <ns3:hr>122</ns3:hr>
          </ns3:TrackPointExtension>
        </extensions>
      </trkpt>
      <trkpt lat="22.59087785147130489349365234375" lon="114.2990439198911190032958984375">
        <ele>7.599999904632568359375</ele>
        <time>2025-02-20T00:42:04.000Z</time>
        <extensions>
          <ns3:TrackPointExtension>
            <ns3:atemp>21.0</ns3:atemp>
            <ns3:hr>122</ns3:hr>
          </ns3:TrackPointExtension>
        </extensions>
      </trkpt>
      <trkpt lat="22.5909416377544403076171875" lon="114.29904936812818050384521484375">
        <ele>7.599999904632568359375</ele>
        <time>2025-02-20T00:42:05.000Z</time>
        <extensions>
          <ns3:TrackPointExtension>
            <ns3:atemp>21.0</ns3:atemp>
            <ns3:hr>123</ns3:hr>
          </ns3:TrackPointExtension>
        </extensions>
      </trkpt>
      <trkpt lat="22.59100710041821002960205078125" lon="114.299055151641368865966796875">
        <ele>7.599999904632568359375</ele>
        <time>2025-02-20T00:42:06.000Z</time>
        <extensions>
          <ns3:TrackPointExtension>
            <ns3:atemp>21.0</ns3:atemp>
            <ns3:hr>122</ns3:hr>
          </ns3:TrackPointExtension>
        </extensions>
      </trkpt>
      <trkpt lat="22.5910715572535991668701171875" lon="114.29906152188777923583984375">
        <ele>7.599999904632568359375</ele>
        <time>2025-02-20T00:42:07.000Z</time>
        <extensions>
          <ns3:TrackPointExtension>
            <ns3:atemp>21.0</ns3:atemp>
            <ns3:hr>122</ns3:hr>
          </ns3:TrackPointExtension>
        </extensions>
      </trkpt>
      <trkpt lat="22.5911335833370685577392578125" lon="114.29906680248677730560302734375">
        <ele>7.599999904632568359375</ele>
        <time>2025-02-20T00:42:08.000Z</time>
        <extensions>
          <ns3:TrackPointExtension>
            <ns3:atemp>21.0</ns3:atemp>
            <ns3:hr>122</ns3:hr>
          </ns3:TrackPointExtension>
        </extensions>
      </trkpt>
      <trkpt lat="22.59119653142988681793212890625" lon="114.29907132871448993682861328125">
        <ele>7.599999904632568359375</ele>
        <time>2025-02-20T00:42:09.000Z</time>
        <extensions>
          <ns3:TrackPointExtension>
            <ns3:atemp>21.0</ns3:atemp>
            <ns3:hr>122</ns3:hr>
          </ns3:TrackPointExtension>
        </extensions>
      </trkpt>
      <trkpt lat="22.5912569649517536163330078125" lon="114.29907702840864658355712890625">
        <ele>7.599999904632568359375</ele>
        <time>2025-02-20T00:42:10.000Z</time>
        <extensions>
          <ns3:TrackPointExtension>
            <ns3:atemp>21.0</ns3:atemp>
            <ns3:hr>122</ns3:hr>
          </ns3:TrackPointExtension>
        </extensions>
      </trkpt>
      <trkpt lat="22.5913153029978275299072265625" lon="114.29908239282667636871337890625">
        <ele>7.80000019073486328125</ele>
        <time>2025-02-20T00:42:11.000Z</time>
        <extensions>
          <ns3:TrackPointExtension>
            <ns3:atemp>21.0</ns3:atemp>
            <ns3:hr>122</ns3:hr>
          </ns3:TrackPointExtension>
        </extensions>
      </trkpt>
      <trkpt lat="22.59137338958680629730224609375" lon="114.29908909834921360015869140625">
        <ele>8</ele>
        <time>2025-02-20T00:42:12.000Z</time>
        <extensions>
          <ns3:TrackPointExtension>
            <ns3:atemp>21.0</ns3:atemp>
            <ns3:hr>122</ns3:hr>
          </ns3:TrackPointExtension>
        </extensions>
      </trkpt>
      <trkpt lat="22.591429464519023895263671875" lon="114.29909697733819484710693359375">
        <ele>8.19999980926513671875</ele>
        <time>2025-02-20T00:42:13.000Z</time>
        <extensions>
          <ns3:TrackPointExtension>
            <ns3:atemp>21.0</ns3:atemp>
            <ns3:hr>123</ns3:hr>
          </ns3:TrackPointExtension>
        </extensions>
      </trkpt>
      <trkpt lat="22.59148587472736835479736328125" lon="114.29910418577492237091064453125">
        <ele>8.3999996185302734375</ele>
        <time>2025-02-20T00:42:14.000Z</time>
        <extensions>
          <ns3:TrackPointExtension>
            <ns3:atemp>21.0</ns3:atemp>
            <ns3:hr>123</ns3:hr>
          </ns3:TrackPointExtension>
        </extensions>
      </trkpt>
      <trkpt lat="22.591545470058917999267578125" lon="114.29911256767809391021728515625">
        <ele>8.3999996185302734375</ele>
        <time>2025-02-20T00:42:15.000Z</time>
        <extensions>
          <ns3:TrackPointExtension>
            <ns3:atemp>21.0</ns3:atemp>
            <ns3:hr>123</ns3:hr>
          </ns3:TrackPointExtension>
        </extensions>
      </trkpt>
      <trkpt lat="22.591604478657245635986328125" lon="114.29912430234253406524658203125">
        <ele>8.3999996185302734375</ele>
        <time>2025-02-20T00:42:16.000Z</time>
        <extensions>
          <ns3:TrackPointExtension>
            <ns3:atemp>21.0</ns3:atemp>
            <ns3:hr>122</ns3:hr>
          </ns3:TrackPointExtension>
        </extensions>
      </trkpt>
      <trkpt lat="22.59166038595139980316162109375" lon="114.29914710111916065216064453125">
        <ele>8.3999996185302734375</ele>
        <time>2025-02-20T00:42:17.000Z</time>
        <extensions>
          <ns3:TrackPointExtension>
            <ns3:atemp>21.0</ns3:atemp>
            <ns3:hr>122</ns3:hr>
          </ns3:TrackPointExtension>
        </extensions>
      </trkpt>
      <trkpt lat="22.59171545505523681640625" lon="114.2991760186851024627685546875">
        <ele>8.3999996185302734375</ele>
        <time>2025-02-20T00:42:18.000Z</time>
        <extensions>
          <ns3:TrackPointExtension>
            <ns3:atemp>21.0</ns3:atemp>
            <ns3:hr>122</ns3:hr>
          </ns3:TrackPointExtension>
        </extensions>
      </trkpt>
      <trkpt lat="22.59176767431199550628662109375" lon="114.29920678026974201202392578125">
        <ele>8.3999996185302734375</ele>
        <time>2025-02-20T00:42:19.000Z</time>
        <extensions>
          <ns3:TrackPointExtension>
            <ns3:atemp>21.0</ns3:atemp>
            <ns3:hr>122</ns3:hr>
          </ns3:TrackPointExtension>
        </extensions>
      </trkpt>
      <trkpt lat="22.5918160378932952880859375" lon="114.29923586547374725341796875">
        <ele>8.3999996185302734375</ele>
        <time>2025-02-20T00:42:20.000Z</time>
        <extensions>
          <ns3:TrackPointExtension>
            <ns3:atemp>21.0</ns3:atemp>
            <ns3:hr>122</ns3:hr>
          </ns3:TrackPointExtension>
        </extensions>
      </trkpt>
      <trkpt lat="22.5918661616742610931396484375" lon="114.2992566525936126708984375">
        <ele>8.19999980926513671875</ele>
        <time>2025-02-20T00:42:21.000Z</time>
        <extensions>
          <ns3:TrackPointExtension>
            <ns3:atemp>21.0</ns3:atemp>
            <ns3:hr>122</ns3:hr>
          </ns3:TrackPointExtension>
        </extensions>
      </trkpt>
      <trkpt lat="22.59192072786390781402587890625" lon="114.29927936755120754241943359375">
        <ele>8</ele>
        <time>2025-02-20T00:42:22.000Z</time>
        <extensions>
          <ns3:TrackPointExtension>
            <ns3:atemp>21.0</ns3:atemp>
            <ns3:hr>122</ns3:hr>
          </ns3:TrackPointExtension>
        </extensions>
      </trkpt>
      <trkpt lat="22.5919747911393642425537109375" lon="114.2993067763745784759521484375">
        <ele>8</ele>
        <time>2025-02-20T00:42:23.000Z</time>
        <extensions>
          <ns3:TrackPointExtension>
            <ns3:atemp>21.0</ns3:atemp>
            <ns3:hr>122</ns3:hr>
          </ns3:TrackPointExtension>
        </extensions>
      </trkpt>
      <trkpt lat="22.59202650748193264007568359375" lon="114.29933284409344196319580078125">
        <ele>8</ele>
        <time>2025-02-20T00:42:24.000Z</time>
        <extensions>
          <ns3:TrackPointExtension>
            <ns3:atemp>21.0</ns3:atemp>
            <ns3:hr>123</ns3:hr>
          </ns3:TrackPointExtension>
        </extensions>
      </trkpt>
      <trkpt lat="22.59207420051097869873046875" lon="114.29936201311647891998291015625">
        <ele>8</ele>
        <time>2025-02-20T00:42:25.000Z</time>
        <extensions>
          <ns3:TrackPointExtension>
            <ns3:atemp>21.0</ns3:atemp>
            <ns3:hr>123</ns3:hr>
          </ns3:TrackPointExtension>
        </extensions>
      </trkpt>
      <trkpt lat="22.59211870841681957244873046875" lon="114.2993895895779132843017578125">
        <ele>8</ele>
        <time>2025-02-20T00:42:26.000Z</time>
        <extensions>
          <ns3:TrackPointExtension>
            <ns3:atemp>21.0</ns3:atemp>
            <ns3:hr>123</ns3:hr>
          </ns3:TrackPointExtension>
        </extensions>
      </trkpt>
      <trkpt lat="22.5921699218451976776123046875" lon="114.29942630231380462646484375">
        <ele>8.19999980926513671875</ele>
        <time>2025-02-20T00:42:27.000Z</time>
        <extensions>
          <ns3:TrackPointExtension>
            <ns3:atemp>21.0</ns3:atemp>
            <ns3:hr>123</ns3:hr>
          </ns3:TrackPointExtension>
        </extensions>
      </trkpt>
      <trkpt lat="22.592219375073909759521484375" lon="114.2994610033929347991943359375">
        <ele>8.19999980926513671875</ele>
        <time>2025-02-20T00:42:28.000Z</time>
        <extensions>
          <ns3:TrackPointExtension>
            <ns3:atemp>21.0</ns3:atemp>
            <ns3:hr>123</ns3:hr>
          </ns3:TrackPointExtension>
        </extensions>
      </trkpt>
      <trkpt lat="22.592261619865894317626953125" lon="114.29949201643466949462890625">
        <ele>8.3999996185302734375</ele>
        <time>2025-02-20T00:42:29.000Z</time>
        <extensions>
          <ns3:TrackPointExtension>
            <ns3:atemp>21.0</ns3:atemp>
            <ns3:hr>123</ns3:hr>
          </ns3:TrackPointExtension>
        </extensions>
      </trkpt>
      <trkpt lat="22.5923060439527034759521484375" lon="114.2995248734951019287109375">
        <ele>8.3999996185302734375</ele>
        <time>2025-02-20T00:42:30.000Z</time>
        <extensions>
          <ns3:TrackPointExtension>
            <ns3:atemp>21.0</ns3:atemp>
            <ns3:hr>122</ns3:hr>
          </ns3:TrackPointExtension>
        </extensions>
      </trkpt>
      <trkpt lat="22.59234786964952945709228515625" lon="114.29955504834651947021484375">
        <ele>8.3999996185302734375</ele>
        <time>2025-02-20T00:42:31.000Z</time>
        <extensions>
          <ns3:TrackPointExtension>
            <ns3:atemp>21.0</ns3:atemp>
            <ns3:hr>122</ns3:hr>
          </ns3:TrackPointExtension>
        </extensions>
      </trkpt>
      <trkpt lat="22.59239011444151401519775390625" lon="114.2995944432914257049560546875">
        <ele>8.19999980926513671875</ele>
        <time>2025-02-20T00:42:32.000Z</time>
        <extensions>
          <ns3:TrackPointExtension>
            <ns3:atemp>21.0</ns3:atemp>
            <ns3:hr>122</ns3:hr>
          </ns3:TrackPointExtension>
        </extensions>
      </trkpt>
      <trkpt lat="22.59243093430995941162109375" lon="114.2996316589415073394775390625">
        <ele>8.19999980926513671875</ele>
        <time>2025-02-20T00:42:33.000Z</time>
        <extensions>
          <ns3:TrackPointExtension>
            <ns3:atemp>21.0</ns3:atemp>
            <ns3:hr>121</ns3:hr>
          </ns3:TrackPointExtension>
        </extensions>
      </trkpt>
      <trkpt lat="22.59247493930160999298095703125" lon="114.29966828785836696624755859375">
        <ele>8.19999980926513671875</ele>
        <time>2025-02-20T00:42:34.000Z</time>
        <extensions>
          <ns3:TrackPointExtension>
            <ns3:atemp>21.0</ns3:atemp>
            <ns3:hr>122</ns3:hr>
          </ns3:TrackPointExtension>
        </extensions>
      </trkpt>
      <trkpt lat="22.59251450188457965850830078125" lon="114.2997047491371631622314453125">
        <ele>8.19999980926513671875</ele>
        <time>2025-02-20T00:42:35.000Z</time>
        <extensions>
          <ns3:TrackPointExtension>
            <ns3:atemp>21.0</ns3:atemp>
            <ns3:hr>122</ns3:hr>
          </ns3:TrackPointExtension>
        </extensions>
      </trkpt>
      <trkpt lat="22.5925528071820735931396484375" lon="114.299739114940166473388671875">
        <ele>8.19999980926513671875</ele>
        <time>2025-02-20T00:42:36.000Z</time>
        <extensions>
          <ns3:TrackPointExtension>
            <ns3:atemp>21.0</ns3:atemp>
            <ns3:hr>121</ns3:hr>
          </ns3:TrackPointExtension>
        </extensions>
      </trkpt>
      <trkpt lat="22.5925859995186328887939453125" lon="114.299775324761867523193359375">
        <ele>8.19999980926513671875</ele>
        <time>2025-02-20T00:42:37.000Z</time>
        <extensions>
          <ns3:TrackPointExtension>
            <ns3:atemp>21.0</ns3:atemp>
            <ns3:hr>121</ns3:hr>
          </ns3:TrackPointExtension>
        </extensions>
      </trkpt>
      <trkpt lat="22.59261877276003360748291015625" lon="114.29981580935418605804443359375">
        <ele>8.19999980926513671875</ele>
        <time>2025-02-20T00:42:38.000Z</time>
        <extensions>
          <ns3:TrackPointExtension>
            <ns3:atemp>21.0</ns3:atemp>
            <ns3:hr>121</ns3:hr>
          </ns3:TrackPointExtension>
        </extensions>
      </trkpt>
      <trkpt lat="22.59265129454433917999267578125" lon="114.29985704831779003143310546875">
        <ele>8.19999980926513671875</ele>
        <time>2025-02-20T00:42:39.000Z</time>
        <extensions>
          <ns3:TrackPointExtension>
            <ns3:atemp>21.0</ns3:atemp>
            <ns3:hr>122</ns3:hr>
          </ns3:TrackPointExtension>
        </extensions>
      </trkpt>
      <trkpt lat="22.5926825590431690216064453125" lon="114.29989434778690338134765625">
        <ele>8.19999980926513671875</ele>
        <time>2025-02-20T00:42:40.000Z</time>
        <extensions>
          <ns3:TrackPointExtension>
            <ns3:atemp>21.0</ns3:atemp>
            <ns3:hr>123</ns3:hr>
          </ns3:TrackPointExtension>
        </extensions>
      </trkpt>
      <trkpt lat="22.59271851740777492523193359375" lon="114.299933910369873046875">
        <ele>8.19999980926513671875</ele>
        <time>2025-02-20T00:42:41.000Z</time>
        <extensions>
          <ns3:TrackPointExtension>
            <ns3:atemp>21.0</ns3:atemp>
            <ns3:hr>124</ns3:hr>
          </ns3:TrackPointExtension>
        </extensions>
      </trkpt>
      <trkpt lat="22.59275657124817371368408203125" lon="114.2999769933521747589111328125">
        <ele>8.19999980926513671875</ele>
        <time>2025-02-20T00:42:42.000Z</time>
        <extensions>
          <ns3:TrackPointExtension>
            <ns3:atemp>21.0</ns3:atemp>
            <ns3:hr>125</ns3:hr>
          </ns3:TrackPointExtension>
        </extensions>
      </trkpt>
      <trkpt lat="22.59279378689825534820556640625" lon="114.30001496337354183197021484375">
        <ele>8.19999980926513671875</ele>
        <time>2025-02-20T00:42:43.000Z</time>
        <extensions>
          <ns3:TrackPointExtension>
            <ns3:atemp>21.0</ns3:atemp>
            <ns3:hr>125</ns3:hr>
          </ns3:TrackPointExtension>
        </extensions>
      </trkpt>
      <trkpt lat="22.59283192455768585205078125" lon="114.30005201138556003570556640625">
        <ele>8.19999980926513671875</ele>
        <time>2025-02-20T00:42:44.000Z</time>
        <extensions>
          <ns3:TrackPointExtension>
            <ns3:atemp>21.0</ns3:atemp>
            <ns3:hr>126</ns3:hr>
          </ns3:TrackPointExtension>
        </extensions>
      </trkpt>
      <trkpt lat="22.59287643246352672576904296875" lon="114.30009626783430576324462890625">
        <ele>8</ele>
        <time>2025-02-20T00:42:45.000Z</time>
        <extensions>
          <ns3:TrackPointExtension>
            <ns3:atemp>21.0</ns3:atemp>
            <ns3:hr>126</ns3:hr>
          </ns3:TrackPointExtension>
        </extensions>
      </trkpt>
      <trkpt lat="22.5929179228842258453369140625" lon="114.300150834023952484130859375">
        <ele>8</ele>
        <time>2025-02-20T00:42:46.000Z</time>
        <extensions>
          <ns3:TrackPointExtension>
            <ns3:atemp>21.0</ns3:atemp>
            <ns3:hr>126</ns3:hr>
          </ns3:TrackPointExtension>
        </extensions>
      </trkpt>
      <trkpt lat="22.5929517857730388641357421875" lon="114.3002012930810451507568359375">
        <ele>7.80000019073486328125</ele>
        <time>2025-02-20T00:42:47.000Z</time>
        <extensions>
          <ns3:TrackPointExtension>
            <ns3:atemp>21.0</ns3:atemp>
            <ns3:hr>126</ns3:hr>
          </ns3:TrackPointExtension>
        </extensions>
      </trkpt>
      <trkpt lat="22.59299126453697681427001953125" lon="114.30024730972945690155029296875">
        <ele>7.599999904632568359375</ele>
        <time>2025-02-20T00:42:48.000Z</time>
        <extensions>
          <ns3:TrackPointExtension>
            <ns3:atemp>21.0</ns3:atemp>
            <ns3:hr>126</ns3:hr>
          </ns3:TrackPointExtension>
        </extensions>
      </trkpt>
      <trkpt lat="22.59303552098572254180908203125" lon="114.30028905160725116729736328125">
        <ele>7.400000095367431640625</ele>
        <time>2025-02-20T00:42:49.000Z</time>
        <extensions>
          <ns3:TrackPointExtension>
            <ns3:atemp>21.0</ns3:atemp>
            <ns3:hr>125</ns3:hr>
          </ns3:TrackPointExtension>
        </extensions>
      </trkpt>
      <trkpt lat="22.5930815376341342926025390625" lon="114.30032928474247455596923828125">
        <ele>6.80000019073486328125</ele>
        <time>2025-02-20T00:42:50.000Z</time>
        <extensions>
          <ns3:TrackPointExtension>
            <ns3:atemp>21.0</ns3:atemp>
            <ns3:hr>126</ns3:hr>
          </ns3:TrackPointExtension>
        </extensions>
      </trkpt>
      <trkpt lat="22.5931262969970703125" lon="114.30037035606801509857177734375">
        <ele>6.599999904632568359375</ele>
        <time>2025-02-20T00:42:51.000Z</time>
        <extensions>
          <ns3:TrackPointExtension>
            <ns3:atemp>21.0</ns3:atemp>
            <ns3:hr>126</ns3:hr>
          </ns3:TrackPointExtension>
        </extensions>
      </trkpt>
      <trkpt lat="22.5931757502257823944091796875" lon="114.30040975101292133331298828125">
        <ele>6.599999904632568359375</ele>
        <time>2025-02-20T00:42:52.000Z</time>
        <extensions>
          <ns3:TrackPointExtension>
            <ns3:atemp>21.0</ns3:atemp>
            <ns3:hr>127</ns3:hr>
          </ns3:TrackPointExtension>
        </extensions>
      </trkpt>
      <trkpt lat="22.59322880767285823822021484375" lon="114.300448894500732421875">
        <ele>6.400000095367431640625</ele>
        <time>2025-02-20T00:42:53.000Z</time>
        <extensions>
          <ns3:TrackPointExtension>
            <ns3:atemp>21.0</ns3:atemp>
            <ns3:hr>127</ns3:hr>
          </ns3:TrackPointExtension>
        </extensions>
      </trkpt>
      <trkpt lat="22.59327826090157032012939453125" lon="114.30048845708370208740234375">
        <ele>6.400000095367431640625</ele>
        <time>2025-02-20T00:42:54.000Z</time>
        <extensions>
          <ns3:TrackPointExtension>
            <ns3:atemp>21.0</ns3:atemp>
            <ns3:hr>127</ns3:hr>
          </ns3:TrackPointExtension>
        </extensions>
      </trkpt>
      <trkpt lat="22.59332855232059955596923828125" lon="114.3005253374576568603515625">
        <ele>6.400000095367431640625</ele>
        <time>2025-02-20T00:42:55.000Z</time>
        <extensions>
          <ns3:TrackPointExtension>
            <ns3:atemp>21.0</ns3:atemp>
            <ns3:hr>127</ns3:hr>
          </ns3:TrackPointExtension>
        </extensions>
      </trkpt>
      <trkpt lat="22.59337641298770904541015625" lon="114.30055819451808929443359375">
        <ele>6.400000095367431640625</ele>
        <time>2025-02-20T00:42:56.000Z</time>
        <extensions>
          <ns3:TrackPointExtension>
            <ns3:atemp>21.0</ns3:atemp>
            <ns3:hr>128</ns3:hr>
          </ns3:TrackPointExtension>
        </extensions>
      </trkpt>
      <trkpt lat="22.59343014098703861236572265625" lon="114.3005925603210926055908203125">
        <ele>6.400000095367431640625</ele>
        <time>2025-02-20T00:42:57.000Z</time>
        <extensions>
          <ns3:TrackPointExtension>
            <ns3:atemp>21.0</ns3:atemp>
            <ns3:hr>128</ns3:hr>
          </ns3:TrackPointExtension>
        </extensions>
      </trkpt>
      <trkpt lat="22.59348101913928985595703125" lon="114.30062617175281047821044921875">
        <ele>6.400000095367431640625</ele>
        <time>2025-02-20T00:42:58.000Z</time>
        <extensions>
          <ns3:TrackPointExtension>
            <ns3:atemp>21.0</ns3:atemp>
            <ns3:hr>128</ns3:hr>
          </ns3:TrackPointExtension>
        </extensions>
      </trkpt>
      <trkpt lat="22.593531310558319091796875" lon="114.3006540834903717041015625">
        <ele>6.400000095367431640625</ele>
        <time>2025-02-20T00:42:59.000Z</time>
        <extensions>
          <ns3:TrackPointExtension>
            <ns3:atemp>21.0</ns3:atemp>
            <ns3:hr>129</ns3:hr>
          </ns3:TrackPointExtension>
        </extensions>
      </trkpt>
      <trkpt lat="22.59357984177768230438232421875" lon="114.30067981593310832977294921875">
        <ele>6.599999904632568359375</ele>
        <time>2025-02-20T00:43:00.000Z</time>
        <extensions>
          <ns3:TrackPointExtension>
            <ns3:atemp>21.0</ns3:atemp>
            <ns3:hr>128</ns3:hr>
          </ns3:TrackPointExtension>
        </extensions>
      </trkpt>
      <trkpt lat="22.5936320610344409942626953125" lon="114.3006996810436248779296875">
        <ele>6.599999904632568359375</ele>
        <time>2025-02-20T00:43:01.000Z</time>
        <extensions>
          <ns3:TrackPointExtension>
            <ns3:atemp>21.0</ns3:atemp>
            <ns3:hr>129</ns3:hr>
          </ns3:TrackPointExtension>
        </extensions>
      </trkpt>
      <trkpt lat="22.59368478320538997650146484375" lon="114.30071820504963397979736328125">
        <ele>6.599999904632568359375</ele>
        <time>2025-02-20T00:43:02.000Z</time>
        <extensions>
          <ns3:TrackPointExtension>
            <ns3:atemp>21.0</ns3:atemp>
            <ns3:hr>129</ns3:hr>
          </ns3:TrackPointExtension>
        </extensions>
      </trkpt>
      <trkpt lat="22.593719400465488433837890625" lon="114.30074058473110198974609375">
        <ele>6.599999904632568359375</ele>
        <time>2025-02-20T00:43:03.000Z</time>
        <extensions>
          <ns3:TrackPointExtension>
            <ns3:atemp>21.0</ns3:atemp>
            <ns3:hr>129</ns3:hr>
          </ns3:TrackPointExtension>
        </extensions>
      </trkpt>
      <trkpt lat="22.59375100024044513702392578125" lon="114.30076212622225284576416015625">
        <ele>6.80000019073486328125</ele>
        <time>2025-02-20T00:43:04.000Z</time>
        <extensions>
          <ns3:TrackPointExtension>
            <ns3:atemp>21.0</ns3:atemp>
            <ns3:hr>129</ns3:hr>
          </ns3:TrackPointExtension>
        </extensions>
      </trkpt>
      <trkpt lat="22.59378352202475070953369140625" lon="114.30078609846532344818115234375">
        <ele>6.80000019073486328125</ele>
        <time>2025-02-20T00:43:05.000Z</time>
        <extensions>
          <ns3:TrackPointExtension>
            <ns3:atemp>21.0</ns3:atemp>
            <ns3:hr>128</ns3:hr>
          </ns3:TrackPointExtension>
        </extensions>
      </trkpt>
      <trkpt lat="22.59381688199937343597412109375" lon="114.30081375874578952789306640625">
        <ele>6.80000019073486328125</ele>
        <time>2025-02-20T00:43:06.000Z</time>
        <extensions>
          <ns3:TrackPointExtension>
            <ns3:atemp>21.0</ns3:atemp>
            <ns3:hr>128</ns3:hr>
          </ns3:TrackPointExtension>
        </extensions>
      </trkpt>
      <trkpt lat="22.5938545167446136474609375" lon="114.30084192194044589996337890625">
        <ele>6.80000019073486328125</ele>
        <time>2025-02-20T00:43:07.000Z</time>
        <extensions>
          <ns3:TrackPointExtension>
            <ns3:atemp>21.0</ns3:atemp>
            <ns3:hr>127</ns3:hr>
          </ns3:TrackPointExtension>
        </extensions>
      </trkpt>
      <trkpt lat="22.5938959233462810516357421875" lon="114.30086488835513591766357421875">
        <ele>7</ele>
        <time>2025-02-20T00:43:08.000Z</time>
        <extensions>
          <ns3:TrackPointExtension>
            <ns3:atemp>21.0</ns3:atemp>
            <ns3:hr>127</ns3:hr>
          </ns3:TrackPointExtension>
        </extensions>
      </trkpt>
      <trkpt lat="22.593939341604709625244140625" lon="114.30088366381824016571044921875">
        <ele>7</ele>
        <time>2025-02-20T00:43:09.000Z</time>
        <extensions>
          <ns3:TrackPointExtension>
            <ns3:atemp>21.0</ns3:atemp>
            <ns3:hr>127</ns3:hr>
          </ns3:TrackPointExtension>
        </extensions>
      </trkpt>
      <trkpt lat="22.59398301132023334503173828125" lon="114.30089824832975864410400390625">
        <ele>7</ele>
        <time>2025-02-20T00:43:10.000Z</time>
        <extensions>
          <ns3:TrackPointExtension>
            <ns3:atemp>21.0</ns3:atemp>
            <ns3:hr>127</ns3:hr>
          </ns3:TrackPointExtension>
        </extensions>
      </trkpt>
      <trkpt lat="22.5940317101776599884033203125" lon="114.30091953836381435394287109375">
        <ele>7</ele>
        <time>2025-02-20T00:43:11.000Z</time>
        <extensions>
          <ns3:TrackPointExtension>
            <ns3:atemp>21.0</ns3:atemp>
            <ns3:hr>128</ns3:hr>
          </ns3:TrackPointExtension>
        </extensions>
      </trkpt>
      <trkpt lat="22.5940773077309131622314453125" lon="114.3009486235678195953369140625">
        <ele>7</ele>
        <time>2025-02-20T00:43:12.000Z</time>
        <extensions>
          <ns3:TrackPointExtension>
            <ns3:atemp>21.0</ns3:atemp>
            <ns3:hr>128</ns3:hr>
          </ns3:TrackPointExtension>
        </extensions>
      </trkpt>
      <trkpt lat="22.594124414026737213134765625" lon="114.3009787984192371368408203125">
        <ele>7</ele>
        <time>2025-02-20T00:43:13.000Z</time>
        <extensions>
          <ns3:TrackPointExtension>
            <ns3:atemp>21.0</ns3:atemp>
            <ns3:hr>128</ns3:hr>
          </ns3:TrackPointExtension>
        </extensions>
      </trkpt>
      <trkpt lat="22.5941758789122104644775390625" lon="114.301001094281673431396484375">
        <ele>7</ele>
        <time>2025-02-20T00:43:14.000Z</time>
        <extensions>
          <ns3:TrackPointExtension>
            <ns3:atemp>21.0</ns3:atemp>
            <ns3:hr>129</ns3:hr>
          </ns3:TrackPointExtension>
        </extensions>
      </trkpt>
      <trkpt lat="22.5942298583686351776123046875" lon="114.30101073347032070159912109375">
        <ele>7</ele>
        <time>2025-02-20T00:43:15.000Z</time>
        <extensions>
          <ns3:TrackPointExtension>
            <ns3:atemp>21.0</ns3:atemp>
            <ns3:hr>129</ns3:hr>
          </ns3:TrackPointExtension>
        </extensions>
      </trkpt>
      <trkpt lat="22.59428760968148708343505859375" lon="114.30100612342357635498046875">
        <ele>6.599999904632568359375</ele>
        <time>2025-02-20T00:43:16.000Z</time>
        <extensions>
          <ns3:TrackPointExtension>
            <ns3:atemp>21.0</ns3:atemp>
            <ns3:hr>129</ns3:hr>
          </ns3:TrackPointExtension>
        </extensions>
      </trkpt>
      <trkpt lat="22.594341672956943511962890625" lon="114.3009974062442779541015625">
        <ele>6.400000095367431640625</ele>
        <time>2025-02-20T00:43:17.000Z</time>
        <extensions>
          <ns3:TrackPointExtension>
            <ns3:atemp>21.0</ns3:atemp>
            <ns3:hr>129</ns3:hr>
          </ns3:TrackPointExtension>
        </extensions>
      </trkpt>
      <trkpt lat="22.594384588301181793212890625" lon="114.30100654251873493194580078125">
        <ele>6.19999980926513671875</ele>
        <time>2025-02-20T00:43:18.000Z</time>
        <extensions>
          <ns3:TrackPointExtension>
            <ns3:atemp>21.0</ns3:atemp>
            <ns3:hr>129</ns3:hr>
          </ns3:TrackPointExtension>
        </extensions>
      </trkpt>
      <trkpt lat="22.59441920556128025054931640625" lon="114.301021881401538848876953125">
        <ele>6.19999980926513671875</ele>
        <time>2025-02-20T00:43:19.000Z</time>
        <extensions>
          <ns3:TrackPointExtension>
            <ns3:atemp>21.0</ns3:atemp>
            <ns3:hr>129</ns3:hr>
          </ns3:TrackPointExtension>
        </extensions>
      </trkpt>
      <trkpt lat="22.5944487936794757843017578125" lon="114.30103671737015247344970703125">
        <ele>6.19999980926513671875</ele>
        <time>2025-02-20T00:43:20.000Z</time>
        <extensions>
          <ns3:TrackPointExtension>
            <ns3:atemp>21.0</ns3:atemp>
            <ns3:hr>129</ns3:hr>
          </ns3:TrackPointExtension>
        </extensions>
      </trkpt>
      <trkpt lat="22.594477124512195587158203125" lon="114.3010510504245758056640625">
        <ele>6.19999980926513671875</ele>
        <time>2025-02-20T00:43:21.000Z</time>
        <extensions>
          <ns3:TrackPointExtension>
            <ns3:atemp>21.0</ns3:atemp>
            <ns3:hr>128</ns3:hr>
          </ns3:TrackPointExtension>
        </extensions>
      </trkpt>
      <trkpt lat="22.594501934945583343505859375" lon="114.30106169544160366058349609375">
        <ele>6.19999980926513671875</ele>
        <time>2025-02-20T00:43:22.000Z</time>
        <extensions>
          <ns3:TrackPointExtension>
            <ns3:atemp>21.0</ns3:atemp>
            <ns3:hr>128</ns3:hr>
          </ns3:TrackPointExtension>
        </extensions>
      </trkpt>
      <trkpt lat="22.59452917613089084625244140625" lon="114.30107577703893184661865234375">
        <ele>6.400000095367431640625</ele>
        <time>2025-02-20T00:43:23.000Z</time>
        <extensions>
          <ns3:TrackPointExtension>
            <ns3:atemp>21.0</ns3:atemp>
            <ns3:hr>128</ns3:hr>
          </ns3:TrackPointExtension>
        </extensions>
      </trkpt>
      <trkpt lat="22.594560272991657257080078125" lon="114.301086924970149993896484375">
        <ele>6.400000095367431640625</ele>
        <time>2025-02-20T00:43:24.000Z</time>
        <extensions>
          <ns3:TrackPointExtension>
            <ns3:atemp>21.0</ns3:atemp>
            <ns3:hr>128</ns3:hr>
          </ns3:TrackPointExtension>
        </extensions>
      </trkpt>
      <trkpt lat="22.59459975175559520721435546875" lon="114.3011001683771610260009765625">
        <ele>6.400000095367431640625</ele>
        <time>2025-02-20T00:43:25.000Z</time>
        <extensions>
          <ns3:TrackPointExtension>
            <ns3:atemp>21.0</ns3:atemp>
            <ns3:hr>127</ns3:hr>
          </ns3:TrackPointExtension>
        </extensions>
      </trkpt>
      <trkpt lat="22.59464233182370662689208984375" lon="114.30112036876380443572998046875">
        <ele>6.400000095367431640625</ele>
        <time>2025-02-20T00:43:26.000Z</time>
        <extensions>
          <ns3:TrackPointExtension>
            <ns3:atemp>21.0</ns3:atemp>
            <ns3:hr>128</ns3:hr>
          </ns3:TrackPointExtension>
        </extensions>
      </trkpt>
      <trkpt lat="22.59468675591051578521728515625" lon="114.3011449277400970458984375">
        <ele>6.19999980926513671875</ele>
        <time>2025-02-20T00:43:27.000Z</time>
        <extensions>
          <ns3:TrackPointExtension>
            <ns3:atemp>21.0</ns3:atemp>
            <ns3:hr>127</ns3:hr>
          </ns3:TrackPointExtension>
        </extensions>
      </trkpt>
      <trkpt lat="22.59473218582570552825927734375" lon="114.30117099545896053314208984375">
        <ele>6.19999980926513671875</ele>
        <time>2025-02-20T00:43:28.000Z</time>
        <extensions>
          <ns3:TrackPointExtension>
            <ns3:atemp>21.0</ns3:atemp>
            <ns3:hr>128</ns3:hr>
          </ns3:TrackPointExtension>
        </extensions>
      </trkpt>
      <trkpt lat="22.5947787053883075714111328125" lon="114.3011987395584583282470703125">
        <ele>6.19999980926513671875</ele>
        <time>2025-02-20T00:43:29.000Z</time>
        <extensions>
          <ns3:TrackPointExtension>
            <ns3:atemp>21.0</ns3:atemp>
            <ns3:hr>128</ns3:hr>
          </ns3:TrackPointExtension>
        </extensions>
      </trkpt>
      <trkpt lat="22.5948266498744487762451171875" lon="114.3012255616486072540283203125">
        <ele>6.19999980926513671875</ele>
        <time>2025-02-20T00:43:30.000Z</time>
        <extensions>
          <ns3:TrackPointExtension>
            <ns3:atemp>21.0</ns3:atemp>
            <ns3:hr>128</ns3:hr>
          </ns3:TrackPointExtension>
        </extensions>
      </trkpt>
      <trkpt lat="22.59487652219831943511962890625" lon="114.301251210272312164306640625">
        <ele>6.400000095367431640625</ele>
        <time>2025-02-20T00:43:31.000Z</time>
        <extensions>
          <ns3:TrackPointExtension>
            <ns3:atemp>21.0</ns3:atemp>
            <ns3:hr>129</ns3:hr>
          </ns3:TrackPointExtension>
        </extensions>
      </trkpt>
      <trkpt lat="22.5949258916079998016357421875" lon="114.30127300322055816650390625">
        <ele>6.400000095367431640625</ele>
        <time>2025-02-20T00:43:32.000Z</time>
        <extensions>
          <ns3:TrackPointExtension>
            <ns3:atemp>21.0</ns3:atemp>
            <ns3:hr>129</ns3:hr>
          </ns3:TrackPointExtension>
        </extensions>
      </trkpt>
      <trkpt lat="22.59497526101768016815185546875" lon="114.3012976460158824920654296875">
        <ele>6.599999904632568359375</ele>
        <time>2025-02-20T00:43:33.000Z</time>
        <extensions>
          <ns3:TrackPointExtension>
            <ns3:atemp>21.0</ns3:atemp>
            <ns3:hr>128</ns3:hr>
          </ns3:TrackPointExtension>
        </extensions>
      </trkpt>
      <trkpt lat="22.595025636255741119384765625" lon="114.30132488720118999481201171875">
        <ele>6.599999904632568359375</ele>
        <time>2025-02-20T00:43:34.000Z</time>
        <extensions>
          <ns3:TrackPointExtension>
            <ns3:atemp>21.0</ns3:atemp>
            <ns3:hr>128</ns3:hr>
          </ns3:TrackPointExtension>
        </extensions>
      </trkpt>
      <trkpt lat="22.595077939331531524658203125" lon="114.30135640315711498260498046875">
        <ele>6.599999904632568359375</ele>
        <time>2025-02-20T00:43:35.000Z</time>
        <extensions>
          <ns3:TrackPointExtension>
            <ns3:atemp>21.0</ns3:atemp>
            <ns3:hr>128</ns3:hr>
          </ns3:TrackPointExtension>
        </extensions>
      </trkpt>
      <trkpt lat="22.59513325989246368408203125" lon="114.30138724856078624725341796875">
        <ele>6.599999904632568359375</ele>
        <time>2025-02-20T00:43:36.000Z</time>
        <extensions>
          <ns3:TrackPointExtension>
            <ns3:atemp>21.0</ns3:atemp>
            <ns3:hr>127</ns3:hr>
          </ns3:TrackPointExtension>
        </extensions>
      </trkpt>
      <trkpt lat="22.5951897539198398590087890625" lon="114.30142027325928211212158203125">
        <ele>6.80000019073486328125</ele>
        <time>2025-02-20T00:43:37.000Z</time>
        <extensions>
          <ns3:TrackPointExtension>
            <ns3:atemp>21.0</ns3:atemp>
            <ns3:hr>127</ns3:hr>
          </ns3:TrackPointExtension>
        </extensions>
      </trkpt>
      <trkpt lat="22.59524364955723285675048828125" lon="114.30145631544291973114013671875">
        <ele>6.80000019073486328125</ele>
        <time>2025-02-20T00:43:38.000Z</time>
        <extensions>
          <ns3:TrackPointExtension>
            <ns3:atemp>21.0</ns3:atemp>
            <ns3:hr>126</ns3:hr>
          </ns3:TrackPointExtension>
        </extensions>
      </trkpt>
      <trkpt lat="22.59529863484203815460205078125" lon="114.3014936149120330810546875">
        <ele>6.80000019073486328125</ele>
        <time>2025-02-20T00:43:39.000Z</time>
        <extensions>
          <ns3:TrackPointExtension>
            <ns3:atemp>21.0</ns3:atemp>
            <ns3:hr>126</ns3:hr>
          </ns3:TrackPointExtension>
        </extensions>
      </trkpt>
      <trkpt lat="22.5953526981174945831298828125" lon="114.30153317749500274658203125">
        <ele>6.80000019073486328125</ele>
        <time>2025-02-20T00:43:40.000Z</time>
        <extensions>
          <ns3:TrackPointExtension>
            <ns3:atemp>21.0</ns3:atemp>
            <ns3:hr>125</ns3:hr>
          </ns3:TrackPointExtension>
        </extensions>
      </trkpt>
      <trkpt lat="22.59540550410747528076171875" lon="114.30157315917313098907470703125">
        <ele>6.80000019073486328125</ele>
        <time>2025-02-20T00:43:41.000Z</time>
        <extensions>
          <ns3:TrackPointExtension>
            <ns3:atemp>21.0</ns3:atemp>
            <ns3:hr>126</ns3:hr>
          </ns3:TrackPointExtension>
        </extensions>
      </trkpt>
      <trkpt lat="22.5954589806497097015380859375" lon="114.30161355994641780853271484375">
        <ele>6.80000019073486328125</ele>
        <time>2025-02-20T00:43:42.000Z</time>
        <extensions>
          <ns3:TrackPointExtension>
            <ns3:atemp>21.0</ns3:atemp>
            <ns3:hr>126</ns3:hr>
          </ns3:TrackPointExtension>
        </extensions>
      </trkpt>
      <trkpt lat="22.59551254101097583770751953125" lon="114.301657564938068389892578125">
        <ele>6.80000019073486328125</ele>
        <time>2025-02-20T00:43:43.000Z</time>
        <extensions>
          <ns3:TrackPointExtension>
            <ns3:atemp>21.0</ns3:atemp>
            <ns3:hr>125</ns3:hr>
          </ns3:TrackPointExtension>
        </extensions>
      </trkpt>
      <trkpt lat="22.5955669395625591278076171875" lon="114.301699139177799224853515625">
        <ele>6.80000019073486328125</ele>
        <time>2025-02-20T00:43:44.000Z</time>
        <extensions>
          <ns3:TrackPointExtension>
            <ns3:atemp>21.0</ns3:atemp>
            <ns3:hr>125</ns3:hr>
          </ns3:TrackPointExtension>
        </extensions>
      </trkpt>
      <trkpt lat="22.59562150575220584869384765625" lon="114.30174247361719608306884765625">
        <ele>6.80000019073486328125</ele>
        <time>2025-02-20T00:43:45.000Z</time>
        <extensions>
          <ns3:TrackPointExtension>
            <ns3:atemp>21.0</ns3:atemp>
            <ns3:hr>125</ns3:hr>
          </ns3:TrackPointExtension>
        </extensions>
      </trkpt>
      <trkpt lat="22.5956757366657257080078125" lon="114.30178555659949779510498046875">
        <ele>7</ele>
        <time>2025-02-20T00:43:46.000Z</time>
        <extensions>
          <ns3:TrackPointExtension>
            <ns3:atemp>21.0</ns3:atemp>
            <ns3:hr>125</ns3:hr>
          </ns3:TrackPointExtension>
        </extensions>
      </trkpt>
      <trkpt lat="22.59572871029376983642578125" lon="114.30183484219014644622802734375">
        <ele>7</ele>
        <time>2025-02-20T00:43:47.000Z</time>
        <extensions>
          <ns3:TrackPointExtension>
            <ns3:atemp>21.0</ns3:atemp>
            <ns3:hr>125</ns3:hr>
          </ns3:TrackPointExtension>
        </extensions>
      </trkpt>
      <trkpt lat="22.5957835279405117034912109375" lon="114.3018853850662708282470703125">
        <ele>7</ele>
        <time>2025-02-20T00:43:48.000Z</time>
        <extensions>
          <ns3:TrackPointExtension>
            <ns3:atemp>21.0</ns3:atemp>
            <ns3:hr>126</ns3:hr>
          </ns3:TrackPointExtension>
        </extensions>
      </trkpt>
      <trkpt lat="22.59583909995853900909423828125" lon="114.30193441919982433319091796875">
        <ele>7</ele>
        <time>2025-02-20T00:43:49.000Z</time>
        <extensions>
          <ns3:TrackPointExtension>
            <ns3:atemp>21.0</ns3:atemp>
            <ns3:hr>127</ns3:hr>
          </ns3:TrackPointExtension>
        </extensions>
      </trkpt>
      <trkpt lat="22.59589341469109058380126953125" lon="114.30198521353304386138916015625">
        <ele>7</ele>
        <time>2025-02-20T00:43:50.000Z</time>
        <extensions>
          <ns3:TrackPointExtension>
            <ns3:atemp>21.0</ns3:atemp>
            <ns3:hr>128</ns3:hr>
          </ns3:TrackPointExtension>
        </extensions>
      </trkpt>
      <trkpt lat="22.5959451310336589813232421875" lon="114.30203877389430999755859375">
        <ele>7.19999980926513671875</ele>
        <time>2025-02-20T00:43:51.000Z</time>
        <extensions>
          <ns3:TrackPointExtension>
            <ns3:atemp>21.0</ns3:atemp>
            <ns3:hr>129</ns3:hr>
          </ns3:TrackPointExtension>
        </extensions>
      </trkpt>
      <trkpt lat="22.59599617682397365570068359375" lon="114.30209099315106868743896484375">
        <ele>7.19999980926513671875</ele>
        <time>2025-02-20T00:43:52.000Z</time>
        <extensions>
          <ns3:TrackPointExtension>
            <ns3:atemp>21.0</ns3:atemp>
            <ns3:hr>130</ns3:hr>
          </ns3:TrackPointExtension>
        </extensions>
      </trkpt>
      <trkpt lat="22.59604428894817829132080078125" lon="114.3021435476839542388916015625">
        <ele>7.19999980926513671875</ele>
        <time>2025-02-20T00:43:53.000Z</time>
        <extensions>
          <ns3:TrackPointExtension>
            <ns3:atemp>21.0</ns3:atemp>
            <ns3:hr>131</ns3:hr>
          </ns3:TrackPointExtension>
        </extensions>
      </trkpt>
      <trkpt lat="22.59608904831111431121826171875" lon="114.30219509638845920562744140625">
        <ele>7.19999980926513671875</ele>
        <time>2025-02-20T00:43:54.000Z</time>
        <extensions>
          <ns3:TrackPointExtension>
            <ns3:atemp>21.0</ns3:atemp>
            <ns3:hr>132</ns3:hr>
          </ns3:TrackPointExtension>
        </extensions>
      </trkpt>
      <trkpt lat="22.59613380767405033111572265625" lon="114.302243627607822418212890625">
        <ele>7.400000095367431640625</ele>
        <time>2025-02-20T00:43:55.000Z</time>
        <extensions>
          <ns3:TrackPointExtension>
            <ns3:atemp>21.0</ns3:atemp>
            <ns3:hr>132</ns3:hr>
          </ns3:TrackPointExtension>
        </extensions>
      </trkpt>
      <trkpt lat="22.59617420844733715057373046875" lon="114.30229081772267818450927734375">
        <ele>7.400000095367431640625</ele>
        <time>2025-02-20T00:43:56.000Z</time>
        <extensions>
          <ns3:TrackPointExtension>
            <ns3:atemp>21.0</ns3:atemp>
            <ns3:hr>133</ns3:hr>
          </ns3:TrackPointExtension>
        </extensions>
      </trkpt>
      <trkpt lat="22.59621016681194305419921875" lon="114.30234052240848541259765625">
        <ele>7.599999904632568359375</ele>
        <time>2025-02-20T00:43:57.000Z</time>
        <extensions>
          <ns3:TrackPointExtension>
            <ns3:atemp>21.0</ns3:atemp>
            <ns3:hr>132</ns3:hr>
          </ns3:TrackPointExtension>
        </extensions>
      </trkpt>
      <trkpt lat="22.59624713100492954254150390625" lon="114.302385784685611724853515625">
        <ele>7.80000019073486328125</ele>
        <time>2025-02-20T00:43:58.000Z</time>
        <extensions>
          <ns3:TrackPointExtension>
            <ns3:atemp>21.0</ns3:atemp>
            <ns3:hr>132</ns3:hr>
          </ns3:TrackPointExtension>
        </extensions>
      </trkpt>
      <trkpt lat="22.59628736414015293121337890625" lon="114.3024245090782642364501953125">
        <ele>7.80000019073486328125</ele>
        <time>2025-02-20T00:43:59.000Z</time>
        <extensions>
          <ns3:TrackPointExtension>
            <ns3:atemp>21.0</ns3:atemp>
            <ns3:hr>131</ns3:hr>
          </ns3:TrackPointExtension>
        </extensions>
      </trkpt>
      <trkpt lat="22.59632759727537631988525390625" lon="114.30244244635105133056640625">
        <ele>8</ele>
        <time>2025-02-20T00:44:00.000Z</time>
        <extensions>
          <ns3:TrackPointExtension>
            <ns3:atemp>21.0</ns3:atemp>
            <ns3:hr>131</ns3:hr>
          </ns3:TrackPointExtension>
        </extensions>
      </trkpt>
      <trkpt lat="22.59636305272579193115234375" lon="114.30242945440113544464111328125">
        <ele>8.19999980926513671875</ele>
        <time>2025-02-20T00:44:01.000Z</time>
        <extensions>
          <ns3:TrackPointExtension>
            <ns3:atemp>21.0</ns3:atemp>
            <ns3:hr>131</ns3:hr>
          </ns3:TrackPointExtension>
        </extensions>
      </trkpt>
      <trkpt lat="22.59638777934014797210693359375" lon="114.30239693261682987213134765625">
        <ele>8.6000003814697265625</ele>
        <time>2025-02-20T00:44:02.000Z</time>
        <extensions>
          <ns3:TrackPointExtension>
            <ns3:atemp>21.0</ns3:atemp>
            <ns3:hr>132</ns3:hr>
          </ns3:TrackPointExtension>
        </extensions>
      </trkpt>
      <trkpt lat="22.596416361629962921142578125" lon="114.30236273445188999176025390625">
        <ele>8.6000003814697265625</ele>
        <time>2025-02-20T00:44:03.000Z</time>
        <extensions>
          <ns3:TrackPointExtension>
            <ns3:atemp>21.0</ns3:atemp>
            <ns3:hr>132</ns3:hr>
          </ns3:TrackPointExtension>
        </extensions>
      </trkpt>
      <trkpt lat="22.59645768441259860992431640625" lon="114.30234563536942005157470703125">
        <ele>8.6000003814697265625</ele>
        <time>2025-02-20T00:44:04.000Z</time>
        <extensions>
          <ns3:TrackPointExtension>
            <ns3:atemp>21.0</ns3:atemp>
            <ns3:hr>134</ns3:hr>
          </ns3:TrackPointExtension>
        </extensions>
      </trkpt>
      <trkpt lat="22.59649355895817279815673828125" lon="114.3023665063083171844482421875">
        <ele>8.6000003814697265625</ele>
        <time>2025-02-20T00:44:05.000Z</time>
        <extensions>
          <ns3:TrackPointExtension>
            <ns3:atemp>21.0</ns3:atemp>
            <ns3:hr>134</ns3:hr>
          </ns3:TrackPointExtension>
        </extensions>
      </trkpt>
      <trkpt lat="22.59651686064898967742919921875" lon="114.30240757763385772705078125">
        <ele>8.6000003814697265625</ele>
        <time>2025-02-20T00:44:06.000Z</time>
        <extensions>
          <ns3:TrackPointExtension>
            <ns3:atemp>21.0</ns3:atemp>
            <ns3:hr>134</ns3:hr>
          </ns3:TrackPointExtension>
        </extensions>
      </trkpt>
      <trkpt lat="22.59653463028371334075927734375" lon="114.3024489842355251312255859375">
        <ele>8.6000003814697265625</ele>
        <time>2025-02-20T00:44:07.000Z</time>
        <extensions>
          <ns3:TrackPointExtension>
            <ns3:atemp>21.0</ns3:atemp>
            <ns3:hr>134</ns3:hr>
          </ns3:TrackPointExtension>
        </extensions>
      </trkpt>
      <trkpt lat="22.59655524976551532745361328125" lon="114.302493073046207427978515625">
        <ele>8.6000003814697265625</ele>
        <time>2025-02-20T00:44:08.000Z</time>
        <extensions>
          <ns3:TrackPointExtension>
            <ns3:atemp>21.0</ns3:atemp>
            <ns3:hr>134</ns3:hr>
          </ns3:TrackPointExtension>
        </extensions>
      </trkpt>
      <trkpt lat="22.59657628834247589111328125" lon="114.3025371618568897247314453125">
        <ele>8.6000003814697265625</ele>
        <time>2025-02-20T00:44:09.000Z</time>
        <extensions>
          <ns3:TrackPointExtension>
            <ns3:atemp>21.0</ns3:atemp>
            <ns3:hr>134</ns3:hr>
          </ns3:TrackPointExtension>
        </extensions>
      </trkpt>
      <trkpt lat="22.59659430943429470062255859375" lon="114.302581250667572021484375">
        <ele>8.6000003814697265625</ele>
        <time>2025-02-20T00:44:10.000Z</time>
        <extensions>
          <ns3:TrackPointExtension>
            <ns3:atemp>21.0</ns3:atemp>
            <ns3:hr>134</ns3:hr>
          </ns3:TrackPointExtension>
        </extensions>
      </trkpt>
      <trkpt lat="22.59661811403930187225341796875" lon="114.3026273511350154876708984375">
        <ele>8.6000003814697265625</ele>
        <time>2025-02-20T00:44:11.000Z</time>
        <extensions>
          <ns3:TrackPointExtension>
            <ns3:atemp>21.0</ns3:atemp>
            <ns3:hr>134</ns3:hr>
          </ns3:TrackPointExtension>
        </extensions>
      </trkpt>
      <trkpt lat="22.59664510376751422882080078125" lon="114.30267454124987125396728515625">
        <ele>8.6000003814697265625</ele>
        <time>2025-02-20T00:44:12.000Z</time>
        <extensions>
          <ns3:TrackPointExtension>
            <ns3:atemp>21.0</ns3:atemp>
            <ns3:hr>133</ns3:hr>
          </ns3:TrackPointExtension>
        </extensions>
      </trkpt>
      <trkpt lat="22.59667687118053436279296875" lon="114.302723743021488189697265625">
        <ele>8.6000003814697265625</ele>
        <time>2025-02-20T00:44:13.000Z</time>
        <extensions>
          <ns3:TrackPointExtension>
            <ns3:atemp>21.0</ns3:atemp>
            <ns3:hr>133</ns3:hr>
          </ns3:TrackPointExtension>
        </extensions>
      </trkpt>
      <trkpt lat="22.59671065025031566619873046875" lon="114.30277504026889801025390625">
        <ele>8.6000003814697265625</ele>
        <time>2025-02-20T00:44:14.000Z</time>
        <extensions>
          <ns3:TrackPointExtension>
            <ns3:atemp>21.0</ns3:atemp>
            <ns3:hr>132</ns3:hr>
          </ns3:TrackPointExtension>
        </extensions>
      </trkpt>
      <trkpt lat="22.59675574488937854766845703125" lon="114.3028211407363414764404296875">
        <ele>8.3999996185302734375</ele>
        <time>2025-02-20T00:44:15.000Z</time>
        <extensions>
          <ns3:TrackPointExtension>
            <ns3:atemp>21.0</ns3:atemp>
            <ns3:hr>132</ns3:hr>
          </ns3:TrackPointExtension>
        </extensions>
      </trkpt>
      <trkpt lat="22.5968091376125812530517578125" lon="114.302856512367725372314453125">
        <ele>8.3999996185302734375</ele>
        <time>2025-02-20T00:44:16.000Z</time>
        <extensions>
          <ns3:TrackPointExtension>
            <ns3:atemp>21.0</ns3:atemp>
            <ns3:hr>132</ns3:hr>
          </ns3:TrackPointExtension>
        </extensions>
      </trkpt>
      <trkpt lat="22.59686387144029140472412109375" lon="114.30288794450461864471435546875">
        <ele>8.3999996185302734375</ele>
        <time>2025-02-20T00:44:17.000Z</time>
        <extensions>
          <ns3:TrackPointExtension>
            <ns3:atemp>21.0</ns3:atemp>
            <ns3:hr>132</ns3:hr>
          </ns3:TrackPointExtension>
        </extensions>
      </trkpt>
      <trkpt lat="22.59692036546766757965087890625" lon="114.3029227294027805328369140625">
        <ele>8.3999996185302734375</ele>
        <time>2025-02-20T00:44:18.000Z</time>
        <extensions>
          <ns3:TrackPointExtension>
            <ns3:atemp>21.0</ns3:atemp>
            <ns3:hr>132</ns3:hr>
          </ns3:TrackPointExtension>
        </extensions>
      </trkpt>
      <trkpt lat="22.596971578896045684814453125" lon="114.302963800728321075439453125">
        <ele>8.19999980926513671875</ele>
        <time>2025-02-20T00:44:19.000Z</time>
        <extensions>
          <ns3:TrackPointExtension>
            <ns3:atemp>21.0</ns3:atemp>
            <ns3:hr>132</ns3:hr>
          </ns3:TrackPointExtension>
        </extensions>
      </trkpt>
      <trkpt lat="22.59701885282993316650390625" lon="114.30301099084317684173583984375">
        <ele>8.19999980926513671875</ele>
        <time>2025-02-20T00:44:20.000Z</time>
        <extensions>
          <ns3:TrackPointExtension>
            <ns3:atemp>21.0</ns3:atemp>
            <ns3:hr>131</ns3:hr>
          </ns3:TrackPointExtension>
        </extensions>
      </trkpt>
      <trkpt lat="22.59706403128802776336669921875" lon="114.30306144990026950836181640625">
        <ele>8.19999980926513671875</ele>
        <time>2025-02-20T00:44:21.000Z</time>
        <extensions>
          <ns3:TrackPointExtension>
            <ns3:atemp>21.0</ns3:atemp>
            <ns3:hr>131</ns3:hr>
          </ns3:TrackPointExtension>
        </extensions>
      </trkpt>
      <trkpt lat="22.5971071980893611907958984375" lon="114.30311433970928192138671875">
        <ele>8.19999980926513671875</ele>
        <time>2025-02-20T00:44:22.000Z</time>
        <extensions>
          <ns3:TrackPointExtension>
            <ns3:atemp>21.0</ns3:atemp>
            <ns3:hr>129</ns3:hr>
          </ns3:TrackPointExtension>
        </extensions>
      </trkpt>
      <trkpt lat="22.59714164771139621734619140625" lon="114.3031698279082775115966796875">
        <ele>8</ele>
        <time>2025-02-20T00:44:23.000Z</time>
        <extensions>
          <ns3:TrackPointExtension>
            <ns3:atemp>21.0</ns3:atemp>
            <ns3:hr>129</ns3:hr>
          </ns3:TrackPointExtension>
        </extensions>
      </trkpt>
      <trkpt lat="22.597167380154132843017578125" lon="114.30322975851595401763916015625">
        <ele>8</ele>
        <time>2025-02-20T00:44:24.000Z</time>
        <extensions>
          <ns3:TrackPointExtension>
            <ns3:atemp>21.0</ns3:atemp>
            <ns3:hr>130</ns3:hr>
          </ns3:TrackPointExtension>
        </extensions>
      </trkpt>
      <trkpt lat="22.59718917310237884521484375" lon="114.3032880127429962158203125">
        <ele>8</ele>
        <time>2025-02-20T00:44:25.000Z</time>
        <extensions>
          <ns3:TrackPointExtension>
            <ns3:atemp>21.0</ns3:atemp>
            <ns3:hr>133</ns3:hr>
          </ns3:TrackPointExtension>
        </extensions>
      </trkpt>
      <trkpt lat="22.5972153246402740478515625" lon="114.30333972908556461334228515625">
        <ele>8</ele>
        <time>2025-02-20T00:44:26.000Z</time>
        <extensions>
          <ns3:TrackPointExtension>
            <ns3:atemp>21.0</ns3:atemp>
            <ns3:hr>137</ns3:hr>
          </ns3:TrackPointExtension>
        </extensions>
      </trkpt>
      <trkpt lat="22.59724021889269351959228515625" lon="114.3033885955810546875">
        <ele>8</ele>
        <time>2025-02-20T00:44:27.000Z</time>
        <extensions>
          <ns3:TrackPointExtension>
            <ns3:atemp>21.0</ns3:atemp>
            <ns3:hr>140</ns3:hr>
          </ns3:TrackPointExtension>
        </extensions>
      </trkpt>
      <trkpt lat="22.59726972319185733795166015625" lon="114.30343695916235446929931640625">
        <ele>8.19999980926513671875</ele>
        <time>2025-02-20T00:44:28.000Z</time>
        <extensions>
          <ns3:TrackPointExtension>
            <ns3:atemp>21.0</ns3:atemp>
            <ns3:hr>141</ns3:hr>
          </ns3:TrackPointExtension>
        </extensions>
      </trkpt>
      <trkpt lat="22.59730140678584575653076171875" lon="114.30348942987620830535888671875">
        <ele>8.19999980926513671875</ele>
        <time>2025-02-20T00:44:29.000Z</time>
        <extensions>
          <ns3:TrackPointExtension>
            <ns3:atemp>21.0</ns3:atemp>
            <ns3:hr>143</ns3:hr>
          </ns3:TrackPointExtension>
        </extensions>
      </trkpt>
      <trkpt lat="22.59733744896948337554931640625" lon="114.30353988893330097198486328125">
        <ele>8.19999980926513671875</ele>
        <time>2025-02-20T00:44:30.000Z</time>
        <extensions>
          <ns3:TrackPointExtension>
            <ns3:atemp>21.0</ns3:atemp>
            <ns3:hr>143</ns3:hr>
          </ns3:TrackPointExtension>
        </extensions>
      </trkpt>
      <trkpt lat="22.597377933561801910400390625" lon="114.30358632467687129974365234375">
        <ele>8.19999980926513671875</ele>
        <time>2025-02-20T00:44:31.000Z</time>
        <extensions>
          <ns3:TrackPointExtension>
            <ns3:atemp>21.0</ns3:atemp>
            <ns3:hr>143</ns3:hr>
          </ns3:TrackPointExtension>
        </extensions>
      </trkpt>
      <trkpt lat="22.5974200107157230377197265625" lon="114.30362924002110958099365234375">
        <ele>8</ele>
        <time>2025-02-20T00:44:32.000Z</time>
        <extensions>
          <ns3:TrackPointExtension>
            <ns3:atemp>21.0</ns3:atemp>
            <ns3:hr>143</ns3:hr>
          </ns3:TrackPointExtension>
        </extensions>
      </trkpt>
      <trkpt lat="22.5974647700786590576171875" lon="114.30367148481309413909912109375">
        <ele>8</ele>
        <time>2025-02-20T00:44:33.000Z</time>
        <extensions>
          <ns3:TrackPointExtension>
            <ns3:atemp>21.0</ns3:atemp>
            <ns3:hr>143</ns3:hr>
          </ns3:TrackPointExtension>
        </extensions>
      </trkpt>
      <trkpt lat="22.5975148938596248626708984375" lon="114.3037045933306217193603515625">
        <ele>8</ele>
        <time>2025-02-20T00:44:34.000Z</time>
        <extensions>
          <ns3:TrackPointExtension>
            <ns3:atemp>21.0</ns3:atemp>
            <ns3:hr>143</ns3:hr>
          </ns3:TrackPointExtension>
        </extensions>
      </trkpt>
      <trkpt lat="22.5975692085921764373779296875" lon="114.3037317506968975067138671875">
        <ele>8</ele>
        <time>2025-02-20T00:44:35.000Z</time>
        <extensions>
          <ns3:TrackPointExtension>
            <ns3:atemp>21.0</ns3:atemp>
            <ns3:hr>142</ns3:hr>
          </ns3:TrackPointExtension>
        </extensions>
      </trkpt>
      <trkpt lat="22.5976231880486011505126953125" lon="114.30375941097736358642578125">
        <ele>8</ele>
        <time>2025-02-20T00:44:36.000Z</time>
        <extensions>
          <ns3:TrackPointExtension>
            <ns3:atemp>21.0</ns3:atemp>
            <ns3:hr>142</ns3:hr>
          </ns3:TrackPointExtension>
        </extensions>
      </trkpt>
      <trkpt lat="22.59767574258148670196533203125" lon="114.30379159748554229736328125">
        <ele>8</ele>
        <time>2025-02-20T00:44:37.000Z</time>
        <extensions>
          <ns3:TrackPointExtension>
            <ns3:atemp>21.0</ns3:atemp>
            <ns3:hr>143</ns3:hr>
          </ns3:TrackPointExtension>
        </extensions>
      </trkpt>
      <trkpt lat="22.59772620163857936859130859375" lon="114.30383191443979740142822265625">
        <ele>8</ele>
        <time>2025-02-20T00:44:38.000Z</time>
        <extensions>
          <ns3:TrackPointExtension>
            <ns3:atemp>21.0</ns3:atemp>
            <ns3:hr>143</ns3:hr>
          </ns3:TrackPointExtension>
        </extensions>
      </trkpt>
      <trkpt lat="22.59777481667697429656982421875" lon="114.303869046270847320556640625">
        <ele>8</ele>
        <time>2025-02-20T00:44:39.000Z</time>
        <extensions>
          <ns3:TrackPointExtension>
            <ns3:atemp>21.0</ns3:atemp>
            <ns3:hr>143</ns3:hr>
          </ns3:TrackPointExtension>
        </extensions>
      </trkpt>
      <trkpt lat="22.5978223420679569244384765625" lon="114.3038856424391269683837890625">
        <ele>7.80000019073486328125</ele>
        <time>2025-02-20T00:44:40.000Z</time>
        <extensions>
          <ns3:TrackPointExtension>
            <ns3:atemp>21.0</ns3:atemp>
            <ns3:hr>142</ns3:hr>
          </ns3:TrackPointExtension>
        </extensions>
      </trkpt>
      <trkpt lat="22.59786265902221202850341796875" lon="114.30388606153428554534912109375">
        <ele>7.80000019073486328125</ele>
        <time>2025-02-20T00:44:41.000Z</time>
        <extensions>
          <ns3:TrackPointExtension>
            <ns3:atemp>21.0</ns3:atemp>
            <ns3:hr>142</ns3:hr>
          </ns3:TrackPointExtension>
        </extensions>
      </trkpt>
      <trkpt lat="22.5979004614055156707763671875" lon="114.30387466214597225189208984375">
        <ele>7.80000019073486328125</ele>
        <time>2025-02-20T00:44:42.000Z</time>
        <extensions>
          <ns3:TrackPointExtension>
            <ns3:atemp>21.0</ns3:atemp>
            <ns3:hr>141</ns3:hr>
          </ns3:TrackPointExtension>
        </extensions>
      </trkpt>
      <trkpt lat="22.59794019162654876708984375" lon="114.3038655258715152740478515625">
        <ele>7.599999904632568359375</ele>
        <time>2025-02-20T00:44:43.000Z</time>
        <extensions>
          <ns3:TrackPointExtension>
            <ns3:atemp>21.0</ns3:atemp>
            <ns3:hr>140</ns3:hr>
          </ns3:TrackPointExtension>
        </extensions>
      </trkpt>
      <trkpt lat="22.597982771694660186767578125" lon="114.30387675762176513671875">
        <ele>7.599999904632568359375</ele>
        <time>2025-02-20T00:44:44.000Z</time>
        <extensions>
          <ns3:TrackPointExtension>
            <ns3:atemp>21.0</ns3:atemp>
            <ns3:hr>140</ns3:hr>
          </ns3:TrackPointExtension>
        </extensions>
      </trkpt>
      <trkpt lat="22.5980251841247081756591796875" lon="114.30390131659805774688720703125">
        <ele>7.599999904632568359375</ele>
        <time>2025-02-20T00:44:45.000Z</time>
        <extensions>
          <ns3:TrackPointExtension>
            <ns3:atemp>21.0</ns3:atemp>
            <ns3:hr>140</ns3:hr>
          </ns3:TrackPointExtension>
        </extensions>
      </trkpt>
      <trkpt lat="22.59806801564991474151611328125" lon="114.30392780341207981109619140625">
        <ele>7.400000095367431640625</ele>
        <time>2025-02-20T00:44:46.000Z</time>
        <extensions>
          <ns3:TrackPointExtension>
            <ns3:atemp>21.0</ns3:atemp>
            <ns3:hr>140</ns3:hr>
          </ns3:TrackPointExtension>
        </extensions>
      </trkpt>
      <trkpt lat="22.59811143390834331512451171875" lon="114.3039550445973873138427734375">
        <ele>7.400000095367431640625</ele>
        <time>2025-02-20T00:44:47.000Z</time>
        <extensions>
          <ns3:TrackPointExtension>
            <ns3:atemp>21.0</ns3:atemp>
            <ns3:hr>141</ns3:hr>
          </ns3:TrackPointExtension>
        </extensions>
      </trkpt>
      <trkpt lat="22.59815585799515247344970703125" lon="114.3039845488965511322021484375">
        <ele>7.400000095367431640625</ele>
        <time>2025-02-20T00:44:48.000Z</time>
        <extensions>
          <ns3:TrackPointExtension>
            <ns3:atemp>21.0</ns3:atemp>
            <ns3:hr>141</ns3:hr>
          </ns3:TrackPointExtension>
        </extensions>
      </trkpt>
      <trkpt lat="22.5981981866061687469482421875" lon="114.3040224350988864898681640625">
        <ele>7.19999980926513671875</ele>
        <time>2025-02-20T00:44:49.000Z</time>
        <extensions>
          <ns3:TrackPointExtension>
            <ns3:atemp>21.0</ns3:atemp>
            <ns3:hr>141</ns3:hr>
          </ns3:TrackPointExtension>
        </extensions>
      </trkpt>
      <trkpt lat="22.59823783300817012786865234375" lon="114.304070211946964263916015625">
        <ele>7</ele>
        <time>2025-02-20T00:44:50.000Z</time>
        <extensions>
          <ns3:TrackPointExtension>
            <ns3:atemp>21.0</ns3:atemp>
            <ns3:hr>141</ns3:hr>
          </ns3:TrackPointExtension>
        </extensions>
      </trkpt>
      <trkpt lat="22.5982739590108394622802734375" lon="114.304124526679515838623046875">
        <ele>6.400000095367431640625</ele>
        <time>2025-02-20T00:44:51.000Z</time>
        <extensions>
          <ns3:TrackPointExtension>
            <ns3:atemp>21.0</ns3:atemp>
            <ns3:hr>141</ns3:hr>
          </ns3:TrackPointExtension>
        </extensions>
      </trkpt>
      <trkpt lat="22.5983084924519062042236328125" lon="114.30416853167116641998291015625">
        <ele>5.599999904632568359375</ele>
        <time>2025-02-20T00:44:52.000Z</time>
        <extensions>
          <ns3:TrackPointExtension>
            <ns3:atemp>21.0</ns3:atemp>
            <ns3:hr>141</ns3:hr>
          </ns3:TrackPointExtension>
        </extensions>
      </trkpt>
      <trkpt lat="22.5983470492064952850341796875" lon="114.3041972815990447998046875">
        <ele>5.400000095367431640625</ele>
        <time>2025-02-20T00:44:53.000Z</time>
        <extensions>
          <ns3:TrackPointExtension>
            <ns3:atemp>21.0</ns3:atemp>
            <ns3:hr>140</ns3:hr>
          </ns3:TrackPointExtension>
        </extensions>
      </trkpt>
      <trkpt lat="22.59838879108428955078125" lon="114.30421345867216587066650390625">
        <ele>5.19999980926513671875</ele>
        <time>2025-02-20T00:44:54.000Z</time>
        <extensions>
          <ns3:TrackPointExtension>
            <ns3:atemp>21.0</ns3:atemp>
            <ns3:hr>140</ns3:hr>
          </ns3:TrackPointExtension>
        </extensions>
      </trkpt>
      <trkpt lat="22.59843128733336925506591796875" lon="114.30423106066882610321044921875">
        <ele>5.19999980926513671875</ele>
        <time>2025-02-20T00:44:55.000Z</time>
        <extensions>
          <ns3:TrackPointExtension>
            <ns3:atemp>21.0</ns3:atemp>
            <ns3:hr>140</ns3:hr>
          </ns3:TrackPointExtension>
        </extensions>
      </trkpt>
      <trkpt lat="22.598471604287624359130859375" lon="114.30425385944545269012451171875">
        <ele>5.19999980926513671875</ele>
        <time>2025-02-20T00:44:56.000Z</time>
        <extensions>
          <ns3:TrackPointExtension>
            <ns3:atemp>21.0</ns3:atemp>
            <ns3:hr>139</ns3:hr>
          </ns3:TrackPointExtension>
        </extensions>
      </trkpt>
      <trkpt lat="22.59851108305156230926513671875" lon="114.3042816035449504852294921875">
        <ele>5.19999980926513671875</ele>
        <time>2025-02-20T00:44:57.000Z</time>
        <extensions>
          <ns3:TrackPointExtension>
            <ns3:atemp>21.0</ns3:atemp>
            <ns3:hr>139</ns3:hr>
          </ns3:TrackPointExtension>
        </extensions>
      </trkpt>
      <trkpt lat="22.598547376692295074462890625" lon="114.304316304624080657958984375">
        <ele>5.599999904632568359375</ele>
        <time>2025-02-20T00:44:58.000Z</time>
        <extensions>
          <ns3:TrackPointExtension>
            <ns3:atemp>21.0</ns3:atemp>
            <ns3:hr>139</ns3:hr>
          </ns3:TrackPointExtension>
        </extensions>
      </trkpt>
      <trkpt lat="22.5985834188759326934814453125" lon="114.30435159243643283843994140625">
        <ele>5.80000019073486328125</ele>
        <time>2025-02-20T00:44:59.000Z</time>
        <extensions>
          <ns3:TrackPointExtension>
            <ns3:atemp>21.0</ns3:atemp>
            <ns3:hr>139</ns3:hr>
          </ns3:TrackPointExtension>
        </extensions>
      </trkpt>
      <trkpt lat="22.5986206345260143280029296875" lon="114.304387383162975311279296875">
        <ele>5.80000019073486328125</ele>
        <time>2025-02-20T00:45:00.000Z</time>
        <extensions>
          <ns3:TrackPointExtension>
            <ns3:atemp>21.0</ns3:atemp>
            <ns3:hr>138</ns3:hr>
          </ns3:TrackPointExtension>
        </extensions>
      </trkpt>
      <trkpt lat="22.5986591912806034088134765625" lon="114.30441982112824916839599609375">
        <ele>5.80000019073486328125</ele>
        <time>2025-02-20T00:45:01.000Z</time>
        <extensions>
          <ns3:TrackPointExtension>
            <ns3:atemp>21.0</ns3:atemp>
            <ns3:hr>137</ns3:hr>
          </ns3:TrackPointExtension>
        </extensions>
      </trkpt>
      <trkpt lat="22.5986997596919536590576171875" lon="114.30445007979869842529296875">
        <ele>6</ele>
        <time>2025-02-20T00:45:02.000Z</time>
        <extensions>
          <ns3:TrackPointExtension>
            <ns3:atemp>21.0</ns3:atemp>
            <ns3:hr>137</ns3:hr>
          </ns3:TrackPointExtension>
        </extensions>
      </trkpt>
      <trkpt lat="22.59874091483652591705322265625" lon="114.3044834397733211517333984375">
        <ele>6</ele>
        <time>2025-02-20T00:45:03.000Z</time>
        <extensions>
          <ns3:TrackPointExtension>
            <ns3:atemp>21.0</ns3:atemp>
            <ns3:hr>136</ns3:hr>
          </ns3:TrackPointExtension>
        </extensions>
      </trkpt>
      <trkpt lat="22.5987822376191616058349609375" lon="114.3045166321098804473876953125">
        <ele>6</ele>
        <time>2025-02-20T00:45:04.000Z</time>
        <extensions>
          <ns3:TrackPointExtension>
            <ns3:atemp>21.0</ns3:atemp>
            <ns3:hr>136</ns3:hr>
          </ns3:TrackPointExtension>
        </extensions>
      </trkpt>
      <trkpt lat="22.59882456623017787933349609375" lon="114.30454873479902744293212890625">
        <ele>6.19999980926513671875</ele>
        <time>2025-02-20T00:45:05.000Z</time>
        <extensions>
          <ns3:TrackPointExtension>
            <ns3:atemp>21.0</ns3:atemp>
            <ns3:hr>136</ns3:hr>
          </ns3:TrackPointExtension>
        </extensions>
      </trkpt>
      <trkpt lat="22.59886781685054302215576171875" lon="114.304580502212047576904296875">
        <ele>6.19999980926513671875</ele>
        <time>2025-02-20T00:45:06.000Z</time>
        <extensions>
          <ns3:TrackPointExtension>
            <ns3:atemp>21.0</ns3:atemp>
            <ns3:hr>135</ns3:hr>
          </ns3:TrackPointExtension>
        </extensions>
      </trkpt>
      <trkpt lat="22.59891425259411334991455078125" lon="114.30461327545344829559326171875">
        <ele>6.19999980926513671875</ele>
        <time>2025-02-20T00:45:07.000Z</time>
        <extensions>
          <ns3:TrackPointExtension>
            <ns3:atemp>21.0</ns3:atemp>
            <ns3:hr>135</ns3:hr>
          </ns3:TrackPointExtension>
        </extensions>
      </trkpt>
      <trkpt lat="22.59896077215671539306640625" lon="114.30464529432356357574462890625">
        <ele>6.19999980926513671875</ele>
        <time>2025-02-20T00:45:08.000Z</time>
        <extensions>
          <ns3:TrackPointExtension>
            <ns3:atemp>21.0</ns3:atemp>
            <ns3:hr>135</ns3:hr>
          </ns3:TrackPointExtension>
        </extensions>
      </trkpt>
      <trkpt lat="22.5990041904151439666748046875" lon="114.30467949248850345611572265625">
        <ele>6.19999980926513671875</ele>
        <time>2025-02-20T00:45:09.000Z</time>
        <extensions>
          <ns3:TrackPointExtension>
            <ns3:atemp>21.0</ns3:atemp>
            <ns3:hr>135</ns3:hr>
          </ns3:TrackPointExtension>
        </extensions>
      </trkpt>
      <trkpt lat="22.59904551319777965545654296875" lon="114.30471570231020450592041015625">
        <ele>6.400000095367431640625</ele>
        <time>2025-02-20T00:45:10.000Z</time>
        <extensions>
          <ns3:TrackPointExtension>
            <ns3:atemp>21.0</ns3:atemp>
            <ns3:hr>136</ns3:hr>
          </ns3:TrackPointExtension>
        </extensions>
      </trkpt>
      <trkpt lat="22.59908725507557392120361328125" lon="114.30475140921771526336669921875">
        <ele>6.400000095367431640625</ele>
        <time>2025-02-20T00:45:11.000Z</time>
        <extensions>
          <ns3:TrackPointExtension>
            <ns3:atemp>21.0</ns3:atemp>
            <ns3:hr>136</ns3:hr>
          </ns3:TrackPointExtension>
        </extensions>
      </trkpt>
      <trkpt lat="22.59913117624819278717041015625" lon="114.30478401482105255126953125">
        <ele>6.599999904632568359375</ele>
        <time>2025-02-20T00:45:12.000Z</time>
        <extensions>
          <ns3:TrackPointExtension>
            <ns3:atemp>21.0</ns3:atemp>
            <ns3:hr>136</ns3:hr>
          </ns3:TrackPointExtension>
        </extensions>
      </trkpt>
      <trkpt lat="22.59917132556438446044921875" lon="114.304819889366626739501953125">
        <ele>6.599999904632568359375</ele>
        <time>2025-02-20T00:45:13.000Z</time>
        <extensions>
          <ns3:TrackPointExtension>
            <ns3:atemp>21.0</ns3:atemp>
            <ns3:hr>136</ns3:hr>
          </ns3:TrackPointExtension>
        </extensions>
      </trkpt>
      <trkpt lat="22.59921214543282985687255859375" lon="114.30485584773123264312744140625">
        <ele>6.80000019073486328125</ele>
        <time>2025-02-20T00:45:14.000Z</time>
        <extensions>
          <ns3:TrackPointExtension>
            <ns3:atemp>21.0</ns3:atemp>
            <ns3:hr>136</ns3:hr>
          </ns3:TrackPointExtension>
        </extensions>
      </trkpt>
      <trkpt lat="22.59925422258675098419189453125" lon="114.30488971062004566192626953125">
        <ele>6.80000019073486328125</ele>
        <time>2025-02-20T00:45:15.000Z</time>
        <extensions>
          <ns3:TrackPointExtension>
            <ns3:atemp>21.0</ns3:atemp>
            <ns3:hr>136</ns3:hr>
          </ns3:TrackPointExtension>
        </extensions>
      </trkpt>
      <trkpt lat="22.5992992334067821502685546875" lon="114.30492374114692211151123046875">
        <ele>6.80000019073486328125</ele>
        <time>2025-02-20T00:45:16.000Z</time>
        <extensions>
          <ns3:TrackPointExtension>
            <ns3:atemp>21.0</ns3:atemp>
            <ns3:hr>137</ns3:hr>
          </ns3:TrackPointExtension>
        </extensions>
      </trkpt>
      <trkpt lat="22.5993465073406696319580078125" lon="114.3049578554928302764892578125">
        <ele>7</ele>
        <time>2025-02-20T00:45:17.000Z</time>
        <extensions>
          <ns3:TrackPointExtension>
            <ns3:atemp>21.0</ns3:atemp>
            <ns3:hr>136</ns3:hr>
          </ns3:TrackPointExtension>
        </extensions>
      </trkpt>
      <trkpt lat="22.599395625293254852294921875" lon="114.30498811416327953338623046875">
        <ele>7</ele>
        <time>2025-02-20T00:45:18.000Z</time>
        <extensions>
          <ns3:TrackPointExtension>
            <ns3:atemp>21.0</ns3:atemp>
            <ns3:hr>136</ns3:hr>
          </ns3:TrackPointExtension>
        </extensions>
      </trkpt>
      <trkpt lat="22.5994470901787281036376953125" lon="114.30501828901469707489013671875">
        <ele>7</ele>
        <time>2025-02-20T00:45:19.000Z</time>
        <extensions>
          <ns3:TrackPointExtension>
            <ns3:atemp>21.0</ns3:atemp>
            <ns3:hr>137</ns3:hr>
          </ns3:TrackPointExtension>
        </extensions>
      </trkpt>
      <trkpt lat="22.59949863888323307037353515625" lon="114.30504879914224147796630859375">
        <ele>6.80000019073486328125</ele>
        <time>2025-02-20T00:45:20.000Z</time>
        <extensions>
          <ns3:TrackPointExtension>
            <ns3:atemp>21.0</ns3:atemp>
            <ns3:hr>136</ns3:hr>
          </ns3:TrackPointExtension>
        </extensions>
      </trkpt>
      <trkpt lat="22.5995490141212940216064453125" lon="114.30507830344140529632568359375">
        <ele>6.80000019073486328125</ele>
        <time>2025-02-20T00:45:21.000Z</time>
        <extensions>
          <ns3:TrackPointExtension>
            <ns3:atemp>21.0</ns3:atemp>
            <ns3:hr>134</ns3:hr>
          </ns3:TrackPointExtension>
        </extensions>
      </trkpt>
      <trkpt lat="22.59959989227354526519775390625" lon="114.3051065504550933837890625">
        <ele>6.599999904632568359375</ele>
        <time>2025-02-20T00:45:22.000Z</time>
        <extensions>
          <ns3:TrackPointExtension>
            <ns3:atemp>21.0</ns3:atemp>
            <ns3:hr>134</ns3:hr>
          </ns3:TrackPointExtension>
        </extensions>
      </trkpt>
      <trkpt lat="22.599651105701923370361328125" lon="114.305135719478130340576171875">
        <ele>6.400000095367431640625</ele>
        <time>2025-02-20T00:45:23.000Z</time>
        <extensions>
          <ns3:TrackPointExtension>
            <ns3:atemp>21.0</ns3:atemp>
            <ns3:hr>133</ns3:hr>
          </ns3:TrackPointExtension>
        </extensions>
      </trkpt>
      <trkpt lat="22.59969997219741344451904296875" lon="114.30516949854791164398193359375">
        <ele>6.400000095367431640625</ele>
        <time>2025-02-20T00:45:24.000Z</time>
        <extensions>
          <ns3:TrackPointExtension>
            <ns3:atemp>21.0</ns3:atemp>
            <ns3:hr>133</ns3:hr>
          </ns3:TrackPointExtension>
        </extensions>
      </trkpt>
      <trkpt lat="22.5997461564838886260986328125" lon="114.3052076362073421478271484375">
        <ele>6.400000095367431640625</ele>
        <time>2025-02-20T00:45:25.000Z</time>
        <extensions>
          <ns3:TrackPointExtension>
            <ns3:atemp>21.0</ns3:atemp>
            <ns3:hr>133</ns3:hr>
          </ns3:TrackPointExtension>
        </extensions>
      </trkpt>
      <trkpt lat="22.59979091584682464599609375" lon="114.30524644441902637481689453125">
        <ele>6.400000095367431640625</ele>
        <time>2025-02-20T00:45:26.000Z</time>
        <extensions>
          <ns3:TrackPointExtension>
            <ns3:atemp>21.0</ns3:atemp>
            <ns3:hr>133</ns3:hr>
          </ns3:TrackPointExtension>
        </extensions>
      </trkpt>
      <trkpt lat="22.5998403690755367279052734375" lon="114.3052857555449008941650390625">
        <ele>6.19999980926513671875</ele>
        <time>2025-02-20T00:45:27.000Z</time>
        <extensions>
          <ns3:TrackPointExtension>
            <ns3:atemp>21.0</ns3:atemp>
            <ns3:hr>132</ns3:hr>
          </ns3:TrackPointExtension>
        </extensions>
      </trkpt>
      <trkpt lat="22.5998923368752002716064453125" lon="114.30532489903271198272705078125">
        <ele>6.19999980926513671875</ele>
        <time>2025-02-20T00:45:28.000Z</time>
        <extensions>
          <ns3:TrackPointExtension>
            <ns3:atemp>21.0</ns3:atemp>
            <ns3:hr>132</ns3:hr>
          </ns3:TrackPointExtension>
        </extensions>
      </trkpt>
      <trkpt lat="22.59994656778872013092041015625" lon="114.3053635396063327789306640625">
        <ele>6</ele>
        <time>2025-02-20T00:45:29.000Z</time>
        <extensions>
          <ns3:TrackPointExtension>
            <ns3:atemp>21.0</ns3:atemp>
            <ns3:hr>131</ns3:hr>
          </ns3:TrackPointExtension>
        </extensions>
      </trkpt>
      <trkpt lat="22.599999792873859405517578125" lon="114.3054020963609218597412109375">
        <ele>6</ele>
        <time>2025-02-20T00:45:30.000Z</time>
        <extensions>
          <ns3:TrackPointExtension>
            <ns3:atemp>21.0</ns3:atemp>
            <ns3:hr>131</ns3:hr>
          </ns3:TrackPointExtension>
        </extensions>
      </trkpt>
      <trkpt lat="22.6000522635877132415771484375" lon="114.30543889291584491729736328125">
        <ele>6</ele>
        <time>2025-02-20T00:45:31.000Z</time>
        <extensions>
          <ns3:TrackPointExtension>
            <ns3:atemp>21.0</ns3:atemp>
            <ns3:hr>131</ns3:hr>
          </ns3:TrackPointExtension>
        </extensions>
      </trkpt>
      <trkpt lat="22.60010540485382080078125" lon="114.305475689470767974853515625">
        <ele>5.599999904632568359375</ele>
        <time>2025-02-20T00:45:32.000Z</time>
        <extensions>
          <ns3:TrackPointExtension>
            <ns3:atemp>21.0</ns3:atemp>
            <ns3:hr>131</ns3:hr>
          </ns3:TrackPointExtension>
        </extensions>
      </trkpt>
      <trkpt lat="22.600156702101230621337890625" lon="114.30551826953887939453125">
        <ele>5.599999904632568359375</ele>
        <time>2025-02-20T00:45:33.000Z</time>
        <extensions>
          <ns3:TrackPointExtension>
            <ns3:atemp>21.0</ns3:atemp>
            <ns3:hr>131</ns3:hr>
          </ns3:TrackPointExtension>
        </extensions>
      </trkpt>
      <trkpt lat="22.60020573623478412628173828125" lon="114.30556177161633968353271484375">
        <ele>5.400000095367431640625</ele>
        <time>2025-02-20T00:45:34.000Z</time>
        <extensions>
          <ns3:TrackPointExtension>
            <ns3:atemp>21.0</ns3:atemp>
            <ns3:hr>131</ns3:hr>
          </ns3:TrackPointExtension>
        </extensions>
      </trkpt>
      <trkpt lat="22.60025368072092533111572265625" lon="114.3056049384176731109619140625">
        <ele>5.400000095367431640625</ele>
        <time>2025-02-20T00:45:35.000Z</time>
        <extensions>
          <ns3:TrackPointExtension>
            <ns3:atemp>21.0</ns3:atemp>
            <ns3:hr>131</ns3:hr>
          </ns3:TrackPointExtension>
        </extensions>
      </trkpt>
      <trkpt lat="22.6002945005893707275390625" lon="114.30564642883837223052978515625">
        <ele>5.400000095367431640625</ele>
        <time>2025-02-20T00:45:36.000Z</time>
        <extensions>
          <ns3:TrackPointExtension>
            <ns3:atemp>21.0</ns3:atemp>
            <ns3:hr>130</ns3:hr>
          </ns3:TrackPointExtension>
        </extensions>
      </trkpt>
      <trkpt lat="22.60033548809587955474853515625" lon="114.30567576549947261810302734375">
        <ele>5.400000095367431640625</ele>
        <time>2025-02-20T00:45:37.000Z</time>
        <extensions>
          <ns3:TrackPointExtension>
            <ns3:atemp>21.0</ns3:atemp>
            <ns3:hr>131</ns3:hr>
          </ns3:TrackPointExtension>
        </extensions>
      </trkpt>
      <trkpt lat="22.60037907399237155914306640625" lon="114.305705688893795013427734375">
        <ele>5.400000095367431640625</ele>
        <time>2025-02-20T00:45:38.000Z</time>
        <extensions>
          <ns3:TrackPointExtension>
            <ns3:atemp>21.0</ns3:atemp>
            <ns3:hr>131</ns3:hr>
          </ns3:TrackPointExtension>
        </extensions>
      </trkpt>
      <trkpt lat="22.60041276924312114715576171875" lon="114.30574835278093814849853515625">
        <ele>5.19999980926513671875</ele>
        <time>2025-02-20T00:45:39.000Z</time>
        <extensions>
          <ns3:TrackPointExtension>
            <ns3:atemp>21.0</ns3:atemp>
            <ns3:hr>131</ns3:hr>
          </ns3:TrackPointExtension>
        </extensions>
      </trkpt>
      <trkpt lat="22.60044696740806102752685546875" lon="114.30579076521098613739013671875">
        <ele>5.19999980926513671875</ele>
        <time>2025-02-20T00:45:40.000Z</time>
        <extensions>
          <ns3:TrackPointExtension>
            <ns3:atemp>21.0</ns3:atemp>
            <ns3:hr>131</ns3:hr>
          </ns3:TrackPointExtension>
        </extensions>
      </trkpt>
      <trkpt lat="22.6004827581346035003662109375" lon="114.30582739412784576416015625">
        <ele>5.19999980926513671875</ele>
        <time>2025-02-20T00:45:41.000Z</time>
        <extensions>
          <ns3:TrackPointExtension>
            <ns3:atemp>21.0</ns3:atemp>
            <ns3:hr>130</ns3:hr>
          </ns3:TrackPointExtension>
        </extensions>
      </trkpt>
      <trkpt lat="22.60052315890789031982421875" lon="114.305857904255390167236328125">
        <ele>5</ele>
        <time>2025-02-20T00:45:42.000Z</time>
        <extensions>
          <ns3:TrackPointExtension>
            <ns3:atemp>21.0</ns3:atemp>
            <ns3:hr>130</ns3:hr>
          </ns3:TrackPointExtension>
        </extensions>
      </trkpt>
      <trkpt lat="22.6005608774721622467041015625" lon="114.30589503608644008636474609375">
        <ele>4.80000019073486328125</ele>
        <time>2025-02-20T00:45:43.000Z</time>
        <extensions>
          <ns3:TrackPointExtension>
            <ns3:atemp>21.0</ns3:atemp>
            <ns3:hr>130</ns3:hr>
          </ns3:TrackPointExtension>
        </extensions>
      </trkpt>
      <trkpt lat="22.60059381835162639617919921875" lon="114.3059355206787586212158203125">
        <ele>4.599999904632568359375</ele>
        <time>2025-02-20T00:45:44.000Z</time>
        <extensions>
          <ns3:TrackPointExtension>
            <ns3:atemp>21.0</ns3:atemp>
            <ns3:hr>129</ns3:hr>
          </ns3:TrackPointExtension>
        </extensions>
      </trkpt>
      <trkpt lat="22.6006225682795047760009765625" lon="114.30598019622266292572021484375">
        <ele>4.599999904632568359375</ele>
        <time>2025-02-20T00:45:45.000Z</time>
        <extensions>
          <ns3:TrackPointExtension>
            <ns3:atemp>21.0</ns3:atemp>
            <ns3:hr>129</ns3:hr>
          </ns3:TrackPointExtension>
        </extensions>
      </trkpt>
      <trkpt lat="22.60065601207315921783447265625" lon="114.306025542318820953369140625">
        <ele>4.599999904632568359375</ele>
        <time>2025-02-20T00:45:46.000Z</time>
        <extensions>
          <ns3:TrackPointExtension>
            <ns3:atemp>21.0</ns3:atemp>
            <ns3:hr>129</ns3:hr>
          </ns3:TrackPointExtension>
        </extensions>
      </trkpt>
      <trkpt lat="22.6006902940571308135986328125" lon="114.30607038550078868865966796875">
        <ele>4.599999904632568359375</ele>
        <time>2025-02-20T00:45:47.000Z</time>
        <extensions>
          <ns3:TrackPointExtension>
            <ns3:atemp>21.0</ns3:atemp>
            <ns3:hr>129</ns3:hr>
          </ns3:TrackPointExtension>
        </extensions>
      </trkpt>
      <trkpt lat="22.6007311977446079254150390625" lon="114.30611564777791500091552734375">
        <ele>4.599999904632568359375</ele>
        <time>2025-02-20T00:45:48.000Z</time>
        <extensions>
          <ns3:TrackPointExtension>
            <ns3:atemp>21.0</ns3:atemp>
            <ns3:hr>130</ns3:hr>
          </ns3:TrackPointExtension>
        </extensions>
      </trkpt>
      <trkpt lat="22.6007744483649730682373046875" lon="114.306153617799282073974609375">
        <ele>4.599999904632568359375</ele>
        <time>2025-02-20T00:45:49.000Z</time>
        <extensions>
          <ns3:TrackPointExtension>
            <ns3:atemp>21.0</ns3:atemp>
            <ns3:hr>131</ns3:hr>
          </ns3:TrackPointExtension>
        </extensions>
      </trkpt>
      <trkpt lat="22.60081694461405277252197265625" lon="114.30618152953684329986572265625">
        <ele>4.599999904632568359375</ele>
        <time>2025-02-20T00:45:50.000Z</time>
        <extensions>
          <ns3:TrackPointExtension>
            <ns3:atemp>21.0</ns3:atemp>
            <ns3:hr>132</ns3:hr>
          </ns3:TrackPointExtension>
        </extensions>
      </trkpt>
      <trkpt lat="22.60086472146213054656982421875" lon="114.30620013736188411712646484375">
        <ele>4.599999904632568359375</ele>
        <time>2025-02-20T00:45:51.000Z</time>
        <extensions>
          <ns3:TrackPointExtension>
            <ns3:atemp>21.0</ns3:atemp>
            <ns3:hr>133</ns3:hr>
          </ns3:TrackPointExtension>
        </extensions>
      </trkpt>
      <trkpt lat="22.6009078882634639739990234375" lon="114.30619661696255207061767578125">
        <ele>4.599999904632568359375</ele>
        <time>2025-02-20T00:45:52.000Z</time>
        <extensions>
          <ns3:TrackPointExtension>
            <ns3:atemp>21.0</ns3:atemp>
            <ns3:hr>133</ns3:hr>
          </ns3:TrackPointExtension>
        </extensions>
      </trkpt>
      <trkpt lat="22.6009541563689708709716796875" lon="114.30617474019527435302734375">
        <ele>4.80000019073486328125</ele>
        <time>2025-02-20T00:45:53.000Z</time>
        <extensions>
          <ns3:TrackPointExtension>
            <ns3:atemp>21.0</ns3:atemp>
            <ns3:hr>133</ns3:hr>
          </ns3:TrackPointExtension>
        </extensions>
      </trkpt>
      <trkpt lat="22.60099229402840137481689453125" lon="114.3061400391161441802978515625">
        <ele>4.80000019073486328125</ele>
        <time>2025-02-20T00:45:54.000Z</time>
        <extensions>
          <ns3:TrackPointExtension>
            <ns3:atemp>21.0</ns3:atemp>
            <ns3:hr>133</ns3:hr>
          </ns3:TrackPointExtension>
        </extensions>
      </trkpt>
      <trkpt lat="22.601036131381988525390625" lon="114.30609184317290782928466796875">
        <ele>4.80000019073486328125</ele>
        <time>2025-02-20T00:45:55.000Z</time>
        <extensions>
          <ns3:TrackPointExtension>
            <ns3:atemp>21.0</ns3:atemp>
            <ns3:hr>132</ns3:hr>
          </ns3:TrackPointExtension>
        </extensions>
      </trkpt>
      <trkpt lat="22.6010785438120365142822265625" lon="114.30604876019060611724853515625">
        <ele>4.80000019073486328125</ele>
        <time>2025-02-20T00:45:56.000Z</time>
        <extensions>
          <ns3:TrackPointExtension>
            <ns3:atemp>21.0</ns3:atemp>
            <ns3:hr>132</ns3:hr>
          </ns3:TrackPointExtension>
        </extensions>
      </trkpt>
      <trkpt lat="22.60111768729984760284423828125" lon="114.30600802414119243621826171875">
        <ele>4.80000019073486328125</ele>
        <time>2025-02-20T00:45:57.000Z</time>
        <extensions>
          <ns3:TrackPointExtension>
            <ns3:atemp>21.0</ns3:atemp>
            <ns3:hr>132</ns3:hr>
          </ns3:TrackPointExtension>
        </extensions>
      </trkpt>
      <trkpt lat="22.6011586748063564300537109375" lon="114.3059710599482059478759765625">
        <ele>4.80000019073486328125</ele>
        <time>2025-02-20T00:45:58.000Z</time>
        <extensions>
          <ns3:TrackPointExtension>
            <ns3:atemp>21.0</ns3:atemp>
            <ns3:hr>131</ns3:hr>
          </ns3:TrackPointExtension>
        </extensions>
      </trkpt>
      <trkpt lat="22.6011975668370723724365234375" lon="114.30593124590814113616943359375">
        <ele>4.80000019073486328125</ele>
        <time>2025-02-20T00:45:59.000Z</time>
        <extensions>
          <ns3:TrackPointExtension>
            <ns3:atemp>21.0</ns3:atemp>
            <ns3:hr>131</ns3:hr>
          </ns3:TrackPointExtension>
        </extensions>
      </trkpt>
      <trkpt lat="22.6012367941439151763916015625" lon="114.3058902584016323089599609375">
        <ele>4.80000019073486328125</ele>
        <time>2025-02-20T00:46:00.000Z</time>
        <extensions>
          <ns3:TrackPointExtension>
            <ns3:atemp>21.0</ns3:atemp>
            <ns3:hr>131</ns3:hr>
          </ns3:TrackPointExtension>
        </extensions>
      </trkpt>
      <trkpt lat="22.60128113441169261932373046875" lon="114.30585019290447235107421875">
        <ele>4.80000019073486328125</ele>
        <time>2025-02-20T00:46:01.000Z</time>
        <extensions>
          <ns3:TrackPointExtension>
            <ns3:atemp>21.0</ns3:atemp>
            <ns3:hr>131</ns3:hr>
          </ns3:TrackPointExtension>
        </extensions>
      </trkpt>
      <trkpt lat="22.601325809955596923828125" lon="114.30581490509212017059326171875">
        <ele>4.599999904632568359375</ele>
        <time>2025-02-20T00:46:02.000Z</time>
        <extensions>
          <ns3:TrackPointExtension>
            <ns3:atemp>21.0</ns3:atemp>
            <ns3:hr>131</ns3:hr>
          </ns3:TrackPointExtension>
        </extensions>
      </trkpt>
      <trkpt lat="22.60136947967112064361572265625" lon="114.3057779408991336822509765625">
        <ele>4.599999904632568359375</ele>
        <time>2025-02-20T00:46:03.000Z</time>
        <extensions>
          <ns3:TrackPointExtension>
            <ns3:atemp>21.0</ns3:atemp>
            <ns3:hr>131</ns3:hr>
          </ns3:TrackPointExtension>
        </extensions>
      </trkpt>
      <trkpt lat="22.60140971280634403228759765625" lon="114.30573846213519573211669921875">
        <ele>4.599999904632568359375</ele>
        <time>2025-02-20T00:46:04.000Z</time>
        <extensions>
          <ns3:TrackPointExtension>
            <ns3:atemp>21.0</ns3:atemp>
            <ns3:hr>130</ns3:hr>
          </ns3:TrackPointExtension>
        </extensions>
      </trkpt>
      <trkpt lat="22.60144894011318683624267578125" lon="114.305700995028018951416015625">
        <ele>4.599999904632568359375</ele>
        <time>2025-02-20T00:46:05.000Z</time>
        <extensions>
          <ns3:TrackPointExtension>
            <ns3:atemp>21.0</ns3:atemp>
            <ns3:hr>129</ns3:hr>
          </ns3:TrackPointExtension>
        </extensions>
      </trkpt>
      <trkpt lat="22.6014934480190277099609375" lon="114.30566604249179363250732421875">
        <ele>4.599999904632568359375</ele>
        <time>2025-02-20T00:46:06.000Z</time>
        <extensions>
          <ns3:TrackPointExtension>
            <ns3:atemp>21.0</ns3:atemp>
            <ns3:hr>129</ns3:hr>
          </ns3:TrackPointExtension>
        </extensions>
      </trkpt>
      <trkpt lat="22.6015328429639339447021484375" lon="114.3056237138807773590087890625">
        <ele>4.400000095367431640625</ele>
        <time>2025-02-20T00:46:07.000Z</time>
        <extensions>
          <ns3:TrackPointExtension>
            <ns3:atemp>21.0</ns3:atemp>
            <ns3:hr>129</ns3:hr>
          </ns3:TrackPointExtension>
        </extensions>
      </trkpt>
      <trkpt lat="22.6015643589198589324951171875" lon="114.30557635612785816192626953125">
        <ele>4.400000095367431640625</ele>
        <time>2025-02-20T00:46:08.000Z</time>
        <extensions>
          <ns3:TrackPointExtension>
            <ns3:atemp>21.0</ns3:atemp>
            <ns3:hr>128</ns3:hr>
          </ns3:TrackPointExtension>
        </extensions>
      </trkpt>
      <trkpt lat="22.6015948690474033355712890625" lon="114.30553142912685871124267578125">
        <ele>4.400000095367431640625</ele>
        <time>2025-02-20T00:46:09.000Z</time>
        <extensions>
          <ns3:TrackPointExtension>
            <ns3:atemp>21.0</ns3:atemp>
            <ns3:hr>129</ns3:hr>
          </ns3:TrackPointExtension>
        </extensions>
      </trkpt>
      <trkpt lat="22.60162496007978916168212890625" lon="114.30549035780131816864013671875">
        <ele>4.400000095367431640625</ele>
        <time>2025-02-20T00:46:10.000Z</time>
        <extensions>
          <ns3:TrackPointExtension>
            <ns3:atemp>21.0</ns3:atemp>
            <ns3:hr>129</ns3:hr>
          </ns3:TrackPointExtension>
        </extensions>
      </trkpt>
      <trkpt lat="22.60165379382669925689697265625" lon="114.3054554052650928497314453125">
        <ele>4.400000095367431640625</ele>
        <time>2025-02-20T00:46:11.000Z</time>
        <extensions>
          <ns3:TrackPointExtension>
            <ns3:atemp>21.0</ns3:atemp>
            <ns3:hr>129</ns3:hr>
          </ns3:TrackPointExtension>
        </extensions>
      </trkpt>
      <trkpt lat="22.601688243448734283447265625" lon="114.30542171001434326171875">
        <ele>4.400000095367431640625</ele>
        <time>2025-02-20T00:46:12.000Z</time>
        <extensions>
          <ns3:TrackPointExtension>
            <ns3:atemp>21.0</ns3:atemp>
            <ns3:hr>129</ns3:hr>
          </ns3:TrackPointExtension>
        </extensions>
      </trkpt>
      <trkpt lat="22.60172235779464244842529296875" lon="114.3053849972784519195556640625">
        <ele>4.599999904632568359375</ele>
        <time>2025-02-20T00:46:13.000Z</time>
        <extensions>
          <ns3:TrackPointExtension>
            <ns3:atemp>21.0</ns3:atemp>
            <ns3:hr>129</ns3:hr>
          </ns3:TrackPointExtension>
        </extensions>
      </trkpt>
      <trkpt lat="22.60175270028412342071533203125" lon="114.3053437583148479461669921875">
        <ele>4.599999904632568359375</ele>
        <time>2025-02-20T00:46:14.000Z</time>
        <extensions>
          <ns3:TrackPointExtension>
            <ns3:atemp>21.0</ns3:atemp>
            <ns3:hr>129</ns3:hr>
          </ns3:TrackPointExtension>
        </extensions>
      </trkpt>
      <trkpt lat="22.60178823955357074737548828125" lon="114.3053018487989902496337890625">
        <ele>4.599999904632568359375</ele>
        <time>2025-02-20T00:46:15.000Z</time>
        <extensions>
          <ns3:TrackPointExtension>
            <ns3:atemp>21.0</ns3:atemp>
            <ns3:hr>130</ns3:hr>
          </ns3:TrackPointExtension>
        </extensions>
      </trkpt>
      <trkpt lat="22.60182461701333522796630859375" lon="114.3052609451115131378173828125">
        <ele>4.599999904632568359375</ele>
        <time>2025-02-20T00:46:16.000Z</time>
        <extensions>
          <ns3:TrackPointExtension>
            <ns3:atemp>21.0</ns3:atemp>
            <ns3:hr>130</ns3:hr>
          </ns3:TrackPointExtension>
        </extensions>
      </trkpt>
      <trkpt lat="22.60185982100665569305419921875" lon="114.30521911941468715667724609375">
        <ele>4.599999904632568359375</ele>
        <time>2025-02-20T00:46:17.000Z</time>
        <extensions>
          <ns3:TrackPointExtension>
            <ns3:atemp>21.0</ns3:atemp>
            <ns3:hr>130</ns3:hr>
          </ns3:TrackPointExtension>
        </extensions>
      </trkpt>
      <trkpt lat="22.6018949411809444427490234375" lon="114.305177293717861175537109375">
        <ele>4.599999904632568359375</ele>
        <time>2025-02-20T00:46:18.000Z</time>
        <extensions>
          <ns3:TrackPointExtension>
            <ns3:atemp>21.0</ns3:atemp>
            <ns3:hr>130</ns3:hr>
          </ns3:TrackPointExtension>
        </extensions>
      </trkpt>
      <trkpt lat="22.6019341684877872467041015625" lon="114.305137731134891510009765625">
        <ele>4.599999904632568359375</ele>
        <time>2025-02-20T00:46:19.000Z</time>
        <extensions>
          <ns3:TrackPointExtension>
            <ns3:atemp>21.0</ns3:atemp>
            <ns3:hr>130</ns3:hr>
          </ns3:TrackPointExtension>
        </extensions>
      </trkpt>
      <trkpt lat="22.60196928866207599639892578125" lon="114.30509590543806552886962890625">
        <ele>4.599999904632568359375</ele>
        <time>2025-02-20T00:46:20.000Z</time>
        <extensions>
          <ns3:TrackPointExtension>
            <ns3:atemp>21.0</ns3:atemp>
            <ns3:hr>130</ns3:hr>
          </ns3:TrackPointExtension>
        </extensions>
      </trkpt>
      <trkpt lat="22.60200315155088901519775390625" lon="114.30505315773189067840576171875">
        <ele>4.599999904632568359375</ele>
        <time>2025-02-20T00:46:21.000Z</time>
        <extensions>
          <ns3:TrackPointExtension>
            <ns3:atemp>21.0</ns3:atemp>
            <ns3:hr>131</ns3:hr>
          </ns3:TrackPointExtension>
        </extensions>
      </trkpt>
      <trkpt lat="22.602038942277431488037109375" lon="114.30501057766377925872802734375">
        <ele>4.599999904632568359375</ele>
        <time>2025-02-20T00:46:22.000Z</time>
        <extensions>
          <ns3:TrackPointExtension>
            <ns3:atemp>21.0</ns3:atemp>
            <ns3:hr>131</ns3:hr>
          </ns3:TrackPointExtension>
        </extensions>
      </trkpt>
      <trkpt lat="22.6020763255655765533447265625" lon="114.30497285909950733184814453125">
        <ele>4.599999904632568359375</ele>
        <time>2025-02-20T00:46:23.000Z</time>
        <extensions>
          <ns3:TrackPointExtension>
            <ns3:atemp>21.0</ns3:atemp>
            <ns3:hr>131</ns3:hr>
          </ns3:TrackPointExtension>
        </extensions>
      </trkpt>
      <trkpt lat="22.60211169719696044921875" lon="114.30493346415460109710693359375">
        <ele>4.80000019073486328125</ele>
        <time>2025-02-20T00:46:24.000Z</time>
        <extensions>
          <ns3:TrackPointExtension>
            <ns3:atemp>21.0</ns3:atemp>
            <ns3:hr>130</ns3:hr>
          </ns3:TrackPointExtension>
        </extensions>
      </trkpt>
      <trkpt lat="22.60214530862867832183837890625" lon="114.30489105172455310821533203125">
        <ele>4.80000019073486328125</ele>
        <time>2025-02-20T00:46:25.000Z</time>
        <extensions>
          <ns3:TrackPointExtension>
            <ns3:atemp>21.0</ns3:atemp>
            <ns3:hr>129</ns3:hr>
          </ns3:TrackPointExtension>
        </extensions>
      </trkpt>
      <trkpt lat="22.602182440459728240966796875" lon="114.304850064218044281005859375">
        <ele>4.80000019073486328125</ele>
        <time>2025-02-20T00:46:26.000Z</time>
        <extensions>
          <ns3:TrackPointExtension>
            <ns3:atemp>21.0</ns3:atemp>
            <ns3:hr>129</ns3:hr>
          </ns3:TrackPointExtension>
        </extensions>
      </trkpt>
      <trkpt lat="22.602221667766571044921875" lon="114.30481125600636005401611328125">
        <ele>4.80000019073486328125</ele>
        <time>2025-02-20T00:46:27.000Z</time>
        <extensions>
          <ns3:TrackPointExtension>
            <ns3:atemp>21.0</ns3:atemp>
            <ns3:hr>129</ns3:hr>
          </ns3:TrackPointExtension>
        </extensions>
      </trkpt>
      <trkpt lat="22.6022577099502086639404296875" lon="114.3047726154327392578125">
        <ele>5</ele>
        <time>2025-02-20T00:46:28.000Z</time>
        <extensions>
          <ns3:TrackPointExtension>
            <ns3:atemp>21.0</ns3:atemp>
            <ns3:hr>130</ns3:hr>
          </ns3:TrackPointExtension>
        </extensions>
      </trkpt>
      <trkpt lat="22.602291405200958251953125" lon="114.3047325499355792999267578125">
        <ele>5</ele>
        <time>2025-02-20T00:46:29.000Z</time>
        <extensions>
          <ns3:TrackPointExtension>
            <ns3:atemp>21.0</ns3:atemp>
            <ns3:hr>130</ns3:hr>
          </ns3:TrackPointExtension>
        </extensions>
      </trkpt>
      <trkpt lat="22.6023251004517078399658203125" lon="114.3046934902667999267578125">
        <ele>5</ele>
        <time>2025-02-20T00:46:30.000Z</time>
        <extensions>
          <ns3:TrackPointExtension>
            <ns3:atemp>21.0</ns3:atemp>
            <ns3:hr>130</ns3:hr>
          </ns3:TrackPointExtension>
        </extensions>
      </trkpt>
      <trkpt lat="22.60235846042633056640625" lon="114.30465283803641796112060546875">
        <ele>5.19999980926513671875</ele>
        <time>2025-02-20T00:46:31.000Z</time>
        <extensions>
          <ns3:TrackPointExtension>
            <ns3:atemp>21.0</ns3:atemp>
            <ns3:hr>130</ns3:hr>
          </ns3:TrackPointExtension>
        </extensions>
      </trkpt>
      <trkpt lat="22.6023931615054607391357421875" lon="114.304611682891845703125">
        <ele>5.19999980926513671875</ele>
        <time>2025-02-20T00:46:32.000Z</time>
        <extensions>
          <ns3:TrackPointExtension>
            <ns3:atemp>21.0</ns3:atemp>
            <ns3:hr>130</ns3:hr>
          </ns3:TrackPointExtension>
        </extensions>
      </trkpt>
      <trkpt lat="22.602427862584590911865234375" lon="114.30456784553825855255126953125">
        <ele>5.19999980926513671875</ele>
        <time>2025-02-20T00:46:33.000Z</time>
        <extensions>
          <ns3:TrackPointExtension>
            <ns3:atemp>21.0</ns3:atemp>
            <ns3:hr>129</ns3:hr>
          </ns3:TrackPointExtension>
        </extensions>
      </trkpt>
      <trkpt lat="22.60246449150145053863525390625" lon="114.30453096516430377960205078125">
        <ele>5.19999980926513671875</ele>
        <time>2025-02-20T00:46:34.000Z</time>
        <extensions>
          <ns3:TrackPointExtension>
            <ns3:atemp>21.0</ns3:atemp>
            <ns3:hr>129</ns3:hr>
          </ns3:TrackPointExtension>
        </extensions>
      </trkpt>
      <trkpt lat="22.60249818675220012664794921875" lon="114.304493330419063568115234375">
        <ele>5.19999980926513671875</ele>
        <time>2025-02-20T00:46:35.000Z</time>
        <extensions>
          <ns3:TrackPointExtension>
            <ns3:atemp>21.0</ns3:atemp>
            <ns3:hr>129</ns3:hr>
          </ns3:TrackPointExtension>
        </extensions>
      </trkpt>
      <trkpt lat="22.60252970270812511444091796875" lon="114.3044536001980304718017578125">
        <ele>5.19999980926513671875</ele>
        <time>2025-02-20T00:46:36.000Z</time>
        <extensions>
          <ns3:TrackPointExtension>
            <ns3:atemp>21.0</ns3:atemp>
            <ns3:hr>128</ns3:hr>
          </ns3:TrackPointExtension>
        </extensions>
      </trkpt>
      <trkpt lat="22.60255669243633747100830078125" lon="114.3044130317866802215576171875">
        <ele>5.19999980926513671875</ele>
        <time>2025-02-20T00:46:37.000Z</time>
        <extensions>
          <ns3:TrackPointExtension>
            <ns3:atemp>21.0</ns3:atemp>
            <ns3:hr>128</ns3:hr>
          </ns3:TrackPointExtension>
        </extensions>
      </trkpt>
      <trkpt lat="22.6025664992630481719970703125" lon="114.30438042618334293365478515625">
        <ele>5.19999980926513671875</ele>
        <time>2025-02-20T00:46:38.000Z</time>
        <extensions>
          <ns3:TrackPointExtension>
            <ns3:atemp>21.0</ns3:atemp>
            <ns3:hr>128</ns3:hr>
          </ns3:TrackPointExtension>
        </extensions>
      </trkpt>
      <trkpt lat="22.6025675050914287567138671875" lon="114.30434756912291049957275390625">
        <ele>5.19999980926513671875</ele>
        <time>2025-02-20T00:46:39.000Z</time>
        <extensions>
          <ns3:TrackPointExtension>
            <ns3:atemp>21.0</ns3:atemp>
            <ns3:hr>128</ns3:hr>
          </ns3:TrackPointExtension>
        </extensions>
      </trkpt>
      <trkpt lat="22.602579407393932342529296875" lon="114.3043168075382709503173828125">
        <ele>5.19999980926513671875</ele>
        <time>2025-02-20T00:46:40.000Z</time>
        <extensions>
          <ns3:TrackPointExtension>
            <ns3:atemp>21.0</ns3:atemp>
            <ns3:hr>127</ns3:hr>
          </ns3:TrackPointExtension>
        </extensions>
      </trkpt>
      <trkpt lat="22.60259776376187801361083984375" lon="114.30428445339202880859375">
        <ele>5.19999980926513671875</ele>
        <time>2025-02-20T00:46:41.000Z</time>
        <extensions>
          <ns3:TrackPointExtension>
            <ns3:atemp>21.0</ns3:atemp>
            <ns3:hr>127</ns3:hr>
          </ns3:TrackPointExtension>
        </extensions>
      </trkpt>
      <trkpt lat="22.60261720977723598480224609375" lon="114.3042509257793426513671875">
        <ele>5.19999980926513671875</ele>
        <time>2025-02-20T00:46:42.000Z</time>
        <extensions>
          <ns3:TrackPointExtension>
            <ns3:atemp>21.0</ns3:atemp>
            <ns3:hr>126</ns3:hr>
          </ns3:TrackPointExtension>
        </extensions>
      </trkpt>
      <trkpt lat="22.6026348955929279327392578125" lon="114.30421362631022930145263671875">
        <ele>5.19999980926513671875</ele>
        <time>2025-02-20T00:46:43.000Z</time>
        <extensions>
          <ns3:TrackPointExtension>
            <ns3:atemp>21.0</ns3:atemp>
            <ns3:hr>126</ns3:hr>
          </ns3:TrackPointExtension>
        </extensions>
      </trkpt>
      <trkpt lat="22.6026587001979351043701171875" lon="114.3041769973933696746826171875">
        <ele>5.19999980926513671875</ele>
        <time>2025-02-20T00:46:44.000Z</time>
        <extensions>
          <ns3:TrackPointExtension>
            <ns3:atemp>21.0</ns3:atemp>
            <ns3:hr>125</ns3:hr>
          </ns3:TrackPointExtension>
        </extensions>
      </trkpt>
      <trkpt lat="22.60268208570778369903564453125" lon="114.30414833128452301025390625">
        <ele>5.400000095367431640625</ele>
        <time>2025-02-20T00:46:45.000Z</time>
        <extensions>
          <ns3:TrackPointExtension>
            <ns3:atemp>21.0</ns3:atemp>
            <ns3:hr>125</ns3:hr>
          </ns3:TrackPointExtension>
        </extensions>
      </trkpt>
      <trkpt lat="22.6027006097137928009033203125" lon="114.3041149713099002838134765625">
        <ele>5.400000095367431640625</ele>
        <time>2025-02-20T00:46:46.000Z</time>
        <extensions>
          <ns3:TrackPointExtension>
            <ns3:atemp>21.0</ns3:atemp>
            <ns3:hr>124</ns3:hr>
          </ns3:TrackPointExtension>
        </extensions>
      </trkpt>
      <trkpt lat="22.602719552814960479736328125" lon="114.30407666601240634918212890625">
        <ele>5.599999904632568359375</ele>
        <time>2025-02-20T00:46:47.000Z</time>
        <extensions>
          <ns3:TrackPointExtension>
            <ns3:atemp>21.0</ns3:atemp>
            <ns3:hr>124</ns3:hr>
          </ns3:TrackPointExtension>
        </extensions>
      </trkpt>
      <trkpt lat="22.6027405075728893280029296875" lon="114.30403542704880237579345703125">
        <ele>5.599999904632568359375</ele>
        <time>2025-02-20T00:46:48.000Z</time>
        <extensions>
          <ns3:TrackPointExtension>
            <ns3:atemp>21.0</ns3:atemp>
            <ns3:hr>124</ns3:hr>
          </ns3:TrackPointExtension>
        </extensions>
      </trkpt>
      <trkpt lat="22.60276012122631072998046875" lon="114.303991086781024932861328125">
        <ele>5.599999904632568359375</ele>
        <time>2025-02-20T00:46:49.000Z</time>
        <extensions>
          <ns3:TrackPointExtension>
            <ns3:atemp>21.0</ns3:atemp>
            <ns3:hr>123</ns3:hr>
          </ns3:TrackPointExtension>
        </extensions>
      </trkpt>
      <trkpt lat="22.6027827523648738861083984375" lon="114.3039453215897083282470703125">
        <ele>5.80000019073486328125</ele>
        <time>2025-02-20T00:46:50.000Z</time>
        <extensions>
          <ns3:TrackPointExtension>
            <ns3:atemp>21.0</ns3:atemp>
            <ns3:hr>123</ns3:hr>
          </ns3:TrackPointExtension>
        </extensions>
      </trkpt>
      <trkpt lat="22.6028068922460079193115234375" lon="114.30390718393027782440185546875">
        <ele>5.80000019073486328125</ele>
        <time>2025-02-20T00:46:51.000Z</time>
        <extensions>
          <ns3:TrackPointExtension>
            <ns3:atemp>21.0</ns3:atemp>
            <ns3:hr>123</ns3:hr>
          </ns3:TrackPointExtension>
        </extensions>
      </trkpt>
      <trkpt lat="22.6028246618807315826416015625" lon="114.30386938154697418212890625">
        <ele>5.80000019073486328125</ele>
        <time>2025-02-20T00:46:52.000Z</time>
        <extensions>
          <ns3:TrackPointExtension>
            <ns3:atemp>21.0</ns3:atemp>
            <ns3:hr>122</ns3:hr>
          </ns3:TrackPointExtension>
        </extensions>
      </trkpt>
      <trkpt lat="22.602838911116123199462890625" lon="114.30382889695465564727783203125">
        <ele>5.80000019073486328125</ele>
        <time>2025-02-20T00:46:53.000Z</time>
        <extensions>
          <ns3:TrackPointExtension>
            <ns3:atemp>21.0</ns3:atemp>
            <ns3:hr>121</ns3:hr>
          </ns3:TrackPointExtension>
        </extensions>
      </trkpt>
      <trkpt lat="22.60285777039825916290283203125" lon="114.30378564633429050445556640625">
        <ele>5.80000019073486328125</ele>
        <time>2025-02-20T00:46:54.000Z</time>
        <extensions>
          <ns3:TrackPointExtension>
            <ns3:atemp>21.0</ns3:atemp>
            <ns3:hr>121</ns3:hr>
          </ns3:TrackPointExtension>
        </extensions>
      </trkpt>
      <trkpt lat="22.6028742827475070953369140625" lon="114.3037439882755279541015625">
        <ele>5.80000019073486328125</ele>
        <time>2025-02-20T00:46:55.000Z</time>
        <extensions>
          <ns3:TrackPointExtension>
            <ns3:atemp>21.0</ns3:atemp>
            <ns3:hr>120</ns3:hr>
          </ns3:TrackPointExtension>
        </extensions>
      </trkpt>
      <trkpt lat="22.60289012454450130462646484375" lon="114.3037035875022411346435546875">
        <ele>5.80000019073486328125</ele>
        <time>2025-02-20T00:46:56.000Z</time>
        <extensions>
          <ns3:TrackPointExtension>
            <ns3:atemp>21.0</ns3:atemp>
            <ns3:hr>121</ns3:hr>
          </ns3:TrackPointExtension>
        </extensions>
      </trkpt>
      <trkpt lat="22.60290504433214664459228515625" lon="114.30366243235766887664794921875">
        <ele>5.80000019073486328125</ele>
        <time>2025-02-20T00:46:57.000Z</time>
        <extensions>
          <ns3:TrackPointExtension>
            <ns3:atemp>21.0</ns3:atemp>
            <ns3:hr>122</ns3:hr>
          </ns3:TrackPointExtension>
        </extensions>
      </trkpt>
      <trkpt lat="22.6029217243194580078125" lon="114.3036197684705257415771484375">
        <ele>5.80000019073486328125</ele>
        <time>2025-02-20T00:46:58.000Z</time>
        <extensions>
          <ns3:TrackPointExtension>
            <ns3:atemp>21.0</ns3:atemp>
            <ns3:hr>122</ns3:hr>
          </ns3:TrackPointExtension>
        </extensions>
      </trkpt>
      <trkpt lat="22.6029399968683719635009765625" lon="114.30357433855533599853515625">
        <ele>5.80000019073486328125</ele>
        <time>2025-02-20T00:46:59.000Z</time>
        <extensions>
          <ns3:TrackPointExtension>
            <ns3:atemp>21.0</ns3:atemp>
            <ns3:hr>122</ns3:hr>
          </ns3:TrackPointExtension>
        </extensions>
      </trkpt>
      <trkpt lat="22.60295248590409755706787109375" lon="114.3035315908491611480712890625">
        <ele>5.80000019073486328125</ele>
        <time>2025-02-20T00:47:00.000Z</time>
        <extensions>
          <ns3:TrackPointExtension>
            <ns3:atemp>21.0</ns3:atemp>
            <ns3:hr>122</ns3:hr>
          </ns3:TrackPointExtension>
        </extensions>
      </trkpt>
      <trkpt lat="22.60296438820660114288330078125" lon="114.303487837314605712890625">
        <ele>5.80000019073486328125</ele>
        <time>2025-02-20T00:47:01.000Z</time>
        <extensions>
          <ns3:TrackPointExtension>
            <ns3:atemp>21.0</ns3:atemp>
            <ns3:hr>122</ns3:hr>
          </ns3:TrackPointExtension>
        </extensions>
      </trkpt>
      <trkpt lat="22.60297478176653385162353515625" lon="114.30344299413263797760009765625">
        <ele>5.80000019073486328125</ele>
        <time>2025-02-20T00:47:02.000Z</time>
        <extensions>
          <ns3:TrackPointExtension>
            <ns3:atemp>21.0</ns3:atemp>
            <ns3:hr>122</ns3:hr>
          </ns3:TrackPointExtension>
        </extensions>
      </trkpt>
      <trkpt lat="22.60298408567905426025390625" lon="114.30339957587420940399169921875">
        <ele>6</ele>
        <time>2025-02-20T00:47:03.000Z</time>
        <extensions>
          <ns3:TrackPointExtension>
            <ns3:atemp>21.0</ns3:atemp>
            <ns3:hr>123</ns3:hr>
          </ns3:TrackPointExtension>
        </extensions>
      </trkpt>
      <trkpt lat="22.60299288667738437652587890625" lon="114.30335397832095623016357421875">
        <ele>6</ele>
        <time>2025-02-20T00:47:04.000Z</time>
        <extensions>
          <ns3:TrackPointExtension>
            <ns3:atemp>21.0</ns3:atemp>
            <ns3:hr>123</ns3:hr>
          </ns3:TrackPointExtension>
        </extensions>
      </trkpt>
      <trkpt lat="22.6030006818473339080810546875" lon="114.3033062852919101715087890625">
        <ele>6</ele>
        <time>2025-02-20T00:47:05.000Z</time>
        <extensions>
          <ns3:TrackPointExtension>
            <ns3:atemp>21.0</ns3:atemp>
            <ns3:hr>123</ns3:hr>
          </ns3:TrackPointExtension>
        </extensions>
      </trkpt>
      <trkpt lat="22.60300847701728343963623046875" lon="114.303260855376720428466796875">
        <ele>6</ele>
        <time>2025-02-20T00:47:06.000Z</time>
        <extensions>
          <ns3:TrackPointExtension>
            <ns3:atemp>21.0</ns3:atemp>
            <ns3:hr>123</ns3:hr>
          </ns3:TrackPointExtension>
        </extensions>
      </trkpt>
      <trkpt lat="22.60301618836820125579833984375" lon="114.30322959087789058685302734375">
        <ele>6.19999980926513671875</ele>
        <time>2025-02-20T00:47:07.000Z</time>
        <extensions>
          <ns3:TrackPointExtension>
            <ns3:atemp>21.0</ns3:atemp>
            <ns3:hr>124</ns3:hr>
          </ns3:TrackPointExtension>
        </extensions>
      </trkpt>
      <trkpt lat="22.6030144281685352325439453125" lon="114.3031959794461727142333984375">
        <ele>6.19999980926513671875</ele>
        <time>2025-02-20T00:47:08.000Z</time>
        <extensions>
          <ns3:TrackPointExtension>
            <ns3:atemp>21.0</ns3:atemp>
            <ns3:hr>124</ns3:hr>
          </ns3:TrackPointExtension>
        </extensions>
      </trkpt>
      <trkpt lat="22.6030147634446620941162109375" lon="114.30316320620477199554443359375">
        <ele>6.19999980926513671875</ele>
        <time>2025-02-20T00:47:09.000Z</time>
        <extensions>
          <ns3:TrackPointExtension>
            <ns3:atemp>21.0</ns3:atemp>
            <ns3:hr>124</ns3:hr>
          </ns3:TrackPointExtension>
        </extensions>
      </trkpt>
      <trkpt lat="22.60301384143531322479248046875" lon="114.303132109344005584716796875">
        <ele>6.19999980926513671875</ele>
        <time>2025-02-20T00:47:10.000Z</time>
        <extensions>
          <ns3:TrackPointExtension>
            <ns3:atemp>21.0</ns3:atemp>
            <ns3:hr>123</ns3:hr>
          </ns3:TrackPointExtension>
        </extensions>
      </trkpt>
      <trkpt lat="22.60302607901394367218017578125" lon="114.303105957806110382080078125">
        <ele>6.19999980926513671875</ele>
        <time>2025-02-20T00:47:11.000Z</time>
        <extensions>
          <ns3:TrackPointExtension>
            <ns3:atemp>21.0</ns3:atemp>
            <ns3:hr>123</ns3:hr>
          </ns3:TrackPointExtension>
        </extensions>
      </trkpt>
      <trkpt lat="22.6030472852289676666259765625" lon="114.30308911018073558807373046875">
        <ele>6.19999980926513671875</ele>
        <time>2025-02-20T00:47:12.000Z</time>
        <extensions>
          <ns3:TrackPointExtension>
            <ns3:atemp>21.0</ns3:atemp>
            <ns3:hr>123</ns3:hr>
          </ns3:TrackPointExtension>
        </extensions>
      </trkpt>
      <trkpt lat="22.6030472852289676666259765625" lon="114.30308911018073558807373046875">
        <ele>6.19999980926513671875</ele>
        <time>2025-02-20T00:47:13.000Z</time>
        <extensions>
          <ns3:TrackPointExtension>
            <ns3:atemp>21.0</ns3:atemp>
            <ns3:hr>123</ns3:hr>
          </ns3:TrackPointExtension>
        </extensions>
      </trkpt>
      <trkpt lat="22.603057511150836944580078125" lon="114.303077794611454010009765625">
        <ele>6.19999980926513671875</ele>
        <time>2025-02-20T00:47:14.000Z</time>
        <extensions>
          <ns3:TrackPointExtension>
            <ns3:atemp>21.0</ns3:atemp>
            <ns3:hr>123</ns3:hr>
          </ns3:TrackPointExtension>
        </extensions>
      </trkpt>
      <trkpt lat="22.6030576787889003753662109375" lon="114.30307787843048572540283203125">
        <ele>6</ele>
        <time>2025-02-20T00:47:15.000Z</time>
        <extensions>
          <ns3:TrackPointExtension>
            <ns3:atemp>21.0</ns3:atemp>
            <ns3:hr>122</ns3:hr>
          </ns3:TrackPointExtension>
        </extensions>
      </trkpt>
      <trkpt lat="22.603057511150836944580078125" lon="114.303077794611454010009765625">
        <ele>6</ele>
        <time>2025-02-20T00:47:16.000Z</time>
        <extensions>
          <ns3:TrackPointExtension>
            <ns3:atemp>21.0</ns3:atemp>
            <ns3:hr>122</ns3:hr>
          </ns3:TrackPointExtension>
        </extensions>
      </trkpt>
      <trkpt lat="22.603137977421283721923828125" lon="114.30309799499809741973876953125">
        <ele>3.2000000476837158203125</ele>
        <time>2025-02-20T00:48:47.000Z</time>
        <extensions>
          <ns3:TrackPointExtension>
            <ns3:atemp>22.0</ns3:atemp>
            <ns3:hr>123</ns3:hr>
          </ns3:TrackPointExtension>
        </extensions>
      </trkpt>
      <trkpt lat="22.60317142121493816375732421875" lon="114.30310361087322235107421875">
        <ele>3.2000000476837158203125</ele>
        <time>2025-02-20T00:48:48.000Z</time>
        <extensions>
          <ns3:TrackPointExtension>
            <ns3:atemp>22.0</ns3:atemp>
            <ns3:hr>122</ns3:hr>
          </ns3:TrackPointExtension>
        </extensions>
      </trkpt>
      <trkpt lat="22.60320494882762432098388671875" lon="114.3031083047389984130859375">
        <ele>3.2000000476837158203125</ele>
        <time>2025-02-20T00:48:49.000Z</time>
        <extensions>
          <ns3:TrackPointExtension>
            <ns3:atemp>22.0</ns3:atemp>
            <ns3:hr>122</ns3:hr>
          </ns3:TrackPointExtension>
        </extensions>
      </trkpt>
      <trkpt lat="22.60323964990675449371337890625" lon="114.3031041137874126434326171875">
        <ele>3.2000000476837158203125</ele>
        <time>2025-02-20T00:48:50.000Z</time>
        <extensions>
          <ns3:TrackPointExtension>
            <ns3:atemp>22.0</ns3:atemp>
            <ns3:hr>123</ns3:hr>
          </ns3:TrackPointExtension>
        </extensions>
      </trkpt>
      <trkpt lat="22.6032796315848827362060546875" lon="114.30309346877038478851318359375">
        <ele>3.400000095367431640625</ele>
        <time>2025-02-20T00:48:51.000Z</time>
        <extensions>
          <ns3:TrackPointExtension>
            <ns3:atemp>22.0</ns3:atemp>
            <ns3:hr>122</ns3:hr>
          </ns3:TrackPointExtension>
        </extensions>
      </trkpt>
      <trkpt lat="22.603321708738803863525390625" lon="114.303080476820468902587890625">
        <ele>3.400000095367431640625</ele>
        <time>2025-02-20T00:48:52.000Z</time>
        <extensions>
          <ns3:TrackPointExtension>
            <ns3:atemp>22.0</ns3:atemp>
            <ns3:hr>122</ns3:hr>
          </ns3:TrackPointExtension>
        </extensions>
      </trkpt>
      <trkpt lat="22.6033656299114227294921875" lon="114.303067065775394439697265625">
        <ele>3.400000095367431640625</ele>
        <time>2025-02-20T00:48:53.000Z</time>
        <extensions>
          <ns3:TrackPointExtension>
            <ns3:atemp>22.0</ns3:atemp>
            <ns3:hr>122</ns3:hr>
          </ns3:TrackPointExtension>
        </extensions>
      </trkpt>
      <trkpt lat="22.6034110598266124725341796875" lon="114.30305340327322483062744140625">
        <ele>3.599999904632568359375</ele>
        <time>2025-02-20T00:48:54.000Z</time>
        <extensions>
          <ns3:TrackPointExtension>
            <ns3:atemp>22.0</ns3:atemp>
            <ns3:hr>121</ns3:hr>
          </ns3:TrackPointExtension>
        </extensions>
      </trkpt>
      <trkpt lat="22.60345908813178539276123046875" lon="114.3030412495136260986328125">
        <ele>3.599999904632568359375</ele>
        <time>2025-02-20T00:48:55.000Z</time>
        <extensions>
          <ns3:TrackPointExtension>
            <ns3:atemp>22.0</ns3:atemp>
            <ns3:hr>121</ns3:hr>
          </ns3:TrackPointExtension>
        </extensions>
      </trkpt>
      <trkpt lat="22.6035052724182605743408203125" lon="114.30304326117038726806640625">
        <ele>3.7999999523162841796875</ele>
        <time>2025-02-20T00:48:56.000Z</time>
        <extensions>
          <ns3:TrackPointExtension>
            <ns3:atemp>22.0</ns3:atemp>
            <ns3:hr>121</ns3:hr>
          </ns3:TrackPointExtension>
        </extensions>
      </trkpt>
      <trkpt lat="22.6035532169044017791748046875" lon="114.30304284207522869110107421875">
        <ele>3.7999999523162841796875</ele>
        <time>2025-02-20T00:48:57.000Z</time>
        <extensions>
          <ns3:TrackPointExtension>
            <ns3:atemp>22.0</ns3:atemp>
            <ns3:hr>123</ns3:hr>
          </ns3:TrackPointExtension>
        </extensions>
      </trkpt>
      <trkpt lat="22.6036035083234310150146484375" lon="114.30304485373198986053466796875">
        <ele>4</ele>
        <time>2025-02-20T00:48:58.000Z</time>
        <extensions>
          <ns3:TrackPointExtension>
            <ns3:atemp>22.0</ns3:atemp>
            <ns3:hr>127</ns3:hr>
          </ns3:TrackPointExtension>
        </extensions>
      </trkpt>
      <trkpt lat="22.6036594994366168975830078125" lon="114.3030466139316558837890625">
        <ele>4</ele>
        <time>2025-02-20T00:48:59.000Z</time>
        <extensions>
          <ns3:TrackPointExtension>
            <ns3:atemp>22.0</ns3:atemp>
            <ns3:hr>128</ns3:hr>
          </ns3:TrackPointExtension>
        </extensions>
      </trkpt>
      <trkpt lat="22.60371691547334194183349609375" lon="114.30304602719843387603759765625">
        <ele>4.19999980926513671875</ele>
        <time>2025-02-20T00:49:00.000Z</time>
        <extensions>
          <ns3:TrackPointExtension>
            <ns3:atemp>22.0</ns3:atemp>
            <ns3:hr>134</ns3:hr>
          </ns3:TrackPointExtension>
        </extensions>
      </trkpt>
      <trkpt lat="22.6037760078907012939453125" lon="114.303044937551021575927734375">
        <ele>4.400000095367431640625</ele>
        <time>2025-02-20T00:49:01.000Z</time>
        <extensions>
          <ns3:TrackPointExtension>
            <ns3:atemp>22.0</ns3:atemp>
            <ns3:hr>141</ns3:hr>
          </ns3:TrackPointExtension>
        </extensions>
      </trkpt>
      <trkpt lat="22.60383426211774349212646484375" lon="114.30304351262748241424560546875">
        <ele>4.400000095367431640625</ele>
        <time>2025-02-20T00:49:02.000Z</time>
        <extensions>
          <ns3:TrackPointExtension>
            <ns3:atemp>22.0</ns3:atemp>
            <ns3:hr>142</ns3:hr>
          </ns3:TrackPointExtension>
        </extensions>
      </trkpt>
      <trkpt lat="22.6038911752402782440185546875" lon="114.30304057896137237548828125">
        <ele>4.400000095367431640625</ele>
        <time>2025-02-20T00:49:03.000Z</time>
        <extensions>
          <ns3:TrackPointExtension>
            <ns3:atemp>22.0</ns3:atemp>
            <ns3:hr>143</ns3:hr>
          </ns3:TrackPointExtension>
        </extensions>
      </trkpt>
      <trkpt lat="22.60394825600087642669677734375" lon="114.30303596891462802886962890625">
        <ele>4.599999904632568359375</ele>
        <time>2025-02-20T00:49:04.000Z</time>
        <extensions>
          <ns3:TrackPointExtension>
            <ns3:atemp>22.0</ns3:atemp>
            <ns3:hr>143</ns3:hr>
          </ns3:TrackPointExtension>
        </extensions>
      </trkpt>
      <trkpt lat="22.604005672037601470947265625" lon="114.303032867610454559326171875">
        <ele>4.599999904632568359375</ele>
        <time>2025-02-20T00:49:05.000Z</time>
        <extensions>
          <ns3:TrackPointExtension>
            <ns3:atemp>22.0</ns3:atemp>
            <ns3:hr>143</ns3:hr>
          </ns3:TrackPointExtension>
        </extensions>
      </trkpt>
      <trkpt lat="22.60405755601823329925537109375" lon="114.303029514849185943603515625">
        <ele>4.599999904632568359375</ele>
        <time>2025-02-20T00:49:06.000Z</time>
        <extensions>
          <ns3:TrackPointExtension>
            <ns3:atemp>22.0</ns3:atemp>
            <ns3:hr>143</ns3:hr>
          </ns3:TrackPointExtension>
        </extensions>
      </trkpt>
      <trkpt lat="22.60409896261990070343017578125" lon="114.303028173744678497314453125">
        <ele>4.80000019073486328125</ele>
        <time>2025-02-20T00:49:07.000Z</time>
        <extensions>
          <ns3:TrackPointExtension>
            <ns3:atemp>22.0</ns3:atemp>
            <ns3:hr>142</ns3:hr>
          </ns3:TrackPointExtension>
        </extensions>
      </trkpt>
      <trkpt lat="22.604131400585174560546875" lon="114.3030313588678836822509765625">
        <ele>5.19999980926513671875</ele>
        <time>2025-02-20T00:49:08.000Z</time>
        <extensions>
          <ns3:TrackPointExtension>
            <ns3:atemp>22.0</ns3:atemp>
            <ns3:hr>143</ns3:hr>
          </ns3:TrackPointExtension>
        </extensions>
      </trkpt>
      <trkpt lat="22.60416132397949695587158203125" lon="114.3030290119349956512451171875">
        <ele>5.599999904632568359375</ele>
        <time>2025-02-20T00:49:09.000Z</time>
        <extensions>
          <ns3:TrackPointExtension>
            <ns3:atemp>22.0</ns3:atemp>
            <ns3:hr>144</ns3:hr>
          </ns3:TrackPointExtension>
        </extensions>
      </trkpt>
      <trkpt lat="22.60419317521154880523681640625" lon="114.30302188731729984283447265625">
        <ele>5.599999904632568359375</ele>
        <time>2025-02-20T00:49:10.000Z</time>
        <extensions>
          <ns3:TrackPointExtension>
            <ns3:atemp>22.0</ns3:atemp>
            <ns3:hr>145</ns3:hr>
          </ns3:TrackPointExtension>
        </extensions>
      </trkpt>
      <trkpt lat="22.60423072613775730133056640625" lon="114.30301912128925323486328125">
        <ele>5.80000019073486328125</ele>
        <time>2025-02-20T00:49:11.000Z</time>
        <extensions>
          <ns3:TrackPointExtension>
            <ns3:atemp>22.0</ns3:atemp>
            <ns3:hr>145</ns3:hr>
          </ns3:TrackPointExtension>
        </extensions>
      </trkpt>
      <trkpt lat="22.6042733900249004364013671875" lon="114.30301702581346035003662109375">
        <ele>5.80000019073486328125</ele>
        <time>2025-02-20T00:49:12.000Z</time>
        <extensions>
          <ns3:TrackPointExtension>
            <ns3:atemp>22.0</ns3:atemp>
            <ns3:hr>144</ns3:hr>
          </ns3:TrackPointExtension>
        </extensions>
      </trkpt>
      <trkpt lat="22.60432024486362934112548828125" lon="114.30301484651863574981689453125">
        <ele>5.80000019073486328125</ele>
        <time>2025-02-20T00:49:13.000Z</time>
        <extensions>
          <ns3:TrackPointExtension>
            <ns3:atemp>22.0</ns3:atemp>
            <ns3:hr>143</ns3:hr>
          </ns3:TrackPointExtension>
        </extensions>
      </trkpt>
      <trkpt lat="22.6043696142733097076416015625" lon="114.30301166139543056488037109375">
        <ele>5.80000019073486328125</ele>
        <time>2025-02-20T00:49:14.000Z</time>
        <extensions>
          <ns3:TrackPointExtension>
            <ns3:atemp>22.0</ns3:atemp>
            <ns3:hr>143</ns3:hr>
          </ns3:TrackPointExtension>
        </extensions>
      </trkpt>
      <trkpt lat="22.60441906750202178955078125" lon="114.30300730280578136444091796875">
        <ele>5.80000019073486328125</ele>
        <time>2025-02-20T00:49:15.000Z</time>
        <extensions>
          <ns3:TrackPointExtension>
            <ns3:atemp>22.0</ns3:atemp>
            <ns3:hr>143</ns3:hr>
          </ns3:TrackPointExtension>
        </extensions>
      </trkpt>
      <trkpt lat="22.6044698618352413177490234375" lon="114.30300277657806873321533203125">
        <ele>5.80000019073486328125</ele>
        <time>2025-02-20T00:49:16.000Z</time>
        <extensions>
          <ns3:TrackPointExtension>
            <ns3:atemp>22.0</ns3:atemp>
            <ns3:hr>144</ns3:hr>
          </ns3:TrackPointExtension>
        </extensions>
      </trkpt>
      <trkpt lat="22.604519315063953399658203125" lon="114.302999675273895263671875">
        <ele>6</ele>
        <time>2025-02-20T00:49:17.000Z</time>
        <extensions>
          <ns3:TrackPointExtension>
            <ns3:atemp>22.0</ns3:atemp>
            <ns3:hr>144</ns3:hr>
          </ns3:TrackPointExtension>
        </extensions>
      </trkpt>
      <trkpt lat="22.60456901974976062774658203125" lon="114.3029978312551975250244140625">
        <ele>6.19999980926513671875</ele>
        <time>2025-02-20T00:49:18.000Z</time>
        <extensions>
          <ns3:TrackPointExtension>
            <ns3:atemp>22.0</ns3:atemp>
            <ns3:hr>145</ns3:hr>
          </ns3:TrackPointExtension>
        </extensions>
      </trkpt>
      <trkpt lat="22.60461964644491672515869140625" lon="114.30299607105553150177001953125">
        <ele>6.19999980926513671875</ele>
        <time>2025-02-20T00:49:19.000Z</time>
        <extensions>
          <ns3:TrackPointExtension>
            <ns3:atemp>22.0</ns3:atemp>
            <ns3:hr>145</ns3:hr>
          </ns3:TrackPointExtension>
        </extensions>
      </trkpt>
      <trkpt lat="22.60467245243489742279052734375" lon="114.30299188010394573211669921875">
        <ele>6.400000095367431640625</ele>
        <time>2025-02-20T00:49:20.000Z</time>
        <extensions>
          <ns3:TrackPointExtension>
            <ns3:atemp>22.0</ns3:atemp>
            <ns3:hr>145</ns3:hr>
          </ns3:TrackPointExtension>
        </extensions>
      </trkpt>
      <trkpt lat="22.60472592897713184356689453125" lon="114.30298852734267711639404296875">
        <ele>6.400000095367431640625</ele>
        <time>2025-02-20T00:49:21.000Z</time>
        <extensions>
          <ns3:TrackPointExtension>
            <ns3:atemp>22.0</ns3:atemp>
            <ns3:hr>146</ns3:hr>
          </ns3:TrackPointExtension>
        </extensions>
      </trkpt>
      <trkpt lat="22.60478024370968341827392578125" lon="114.30298550985753536224365234375">
        <ele>6.599999904632568359375</ele>
        <time>2025-02-20T00:49:22.000Z</time>
        <extensions>
          <ns3:TrackPointExtension>
            <ns3:atemp>22.0</ns3:atemp>
            <ns3:hr>147</ns3:hr>
          </ns3:TrackPointExtension>
        </extensions>
      </trkpt>
      <trkpt lat="22.60483321733772754669189453125" lon="114.30298131890594959259033203125">
        <ele>6.599999904632568359375</ele>
        <time>2025-02-20T00:49:23.000Z</time>
        <extensions>
          <ns3:TrackPointExtension>
            <ns3:atemp>22.0</ns3:atemp>
            <ns3:hr>148</ns3:hr>
          </ns3:TrackPointExtension>
        </extensions>
      </trkpt>
      <trkpt lat="22.604884766042232513427734375" lon="114.3029780499637126922607421875">
        <ele>6.80000019073486328125</ele>
        <time>2025-02-20T00:49:24.000Z</time>
        <extensions>
          <ns3:TrackPointExtension>
            <ns3:atemp>22.0</ns3:atemp>
            <ns3:hr>149</ns3:hr>
          </ns3:TrackPointExtension>
        </extensions>
      </trkpt>
      <trkpt lat="22.60493631474673748016357421875" lon="114.30297494865953922271728515625">
        <ele>6.80000019073486328125</ele>
        <time>2025-02-20T00:49:25.000Z</time>
        <extensions>
          <ns3:TrackPointExtension>
            <ns3:atemp>22.0</ns3:atemp>
            <ns3:hr>149</ns3:hr>
          </ns3:TrackPointExtension>
        </extensions>
      </trkpt>
      <trkpt lat="22.60498761199414730072021484375" lon="114.3029726855456829071044921875">
        <ele>7.19999980926513671875</ele>
        <time>2025-02-20T00:49:26.000Z</time>
        <extensions>
          <ns3:TrackPointExtension>
            <ns3:atemp>22.0</ns3:atemp>
            <ns3:hr>150</ns3:hr>
          </ns3:TrackPointExtension>
        </extensions>
      </trkpt>
      <trkpt lat="22.60503924451768398284912109375" lon="114.302968494594097137451171875">
        <ele>7.19999980926513671875</ele>
        <time>2025-02-20T00:49:27.000Z</time>
        <extensions>
          <ns3:TrackPointExtension>
            <ns3:atemp>22.0</ns3:atemp>
            <ns3:hr>151</ns3:hr>
          </ns3:TrackPointExtension>
        </extensions>
      </trkpt>
      <trkpt lat="22.60509221814572811126708984375" lon="114.3029659800231456756591796875">
        <ele>7.599999904632568359375</ele>
        <time>2025-02-20T00:49:28.000Z</time>
        <extensions>
          <ns3:TrackPointExtension>
            <ns3:atemp>22.0</ns3:atemp>
            <ns3:hr>152</ns3:hr>
          </ns3:TrackPointExtension>
        </extensions>
      </trkpt>
      <trkpt lat="22.6051451079547405242919921875" lon="114.30296304635703563690185546875">
        <ele>7.80000019073486328125</ele>
        <time>2025-02-20T00:49:29.000Z</time>
        <extensions>
          <ns3:TrackPointExtension>
            <ns3:atemp>22.0</ns3:atemp>
            <ns3:hr>152</ns3:hr>
          </ns3:TrackPointExtension>
        </extensions>
      </trkpt>
      <trkpt lat="22.605195231735706329345703125" lon="114.302958436310291290283203125">
        <ele>7.80000019073486328125</ele>
        <time>2025-02-20T00:49:30.000Z</time>
        <extensions>
          <ns3:TrackPointExtension>
            <ns3:atemp>22.0</ns3:atemp>
            <ns3:hr>152</ns3:hr>
          </ns3:TrackPointExtension>
        </extensions>
      </trkpt>
      <trkpt lat="22.60524694807827472686767578125" lon="114.30295340716838836669921875">
        <ele>8</ele>
        <time>2025-02-20T00:49:31.000Z</time>
        <extensions>
          <ns3:TrackPointExtension>
            <ns3:atemp>22.0</ns3:atemp>
            <ns3:hr>152</ns3:hr>
          </ns3:TrackPointExtension>
        </extensions>
      </trkpt>
      <trkpt lat="22.60529690422117710113525390625" lon="114.3029488809406757354736328125">
        <ele>8</ele>
        <time>2025-02-20T00:49:32.000Z</time>
        <extensions>
          <ns3:TrackPointExtension>
            <ns3:atemp>22.0</ns3:atemp>
            <ns3:hr>153</ns3:hr>
          </ns3:TrackPointExtension>
        </extensions>
      </trkpt>
      <trkpt lat="22.60534711182117462158203125" lon="114.302943684160709381103515625">
        <ele>8.19999980926513671875</ele>
        <time>2025-02-20T00:49:33.000Z</time>
        <extensions>
          <ns3:TrackPointExtension>
            <ns3:atemp>22.0</ns3:atemp>
            <ns3:hr>153</ns3:hr>
          </ns3:TrackPointExtension>
        </extensions>
      </trkpt>
      <trkpt lat="22.605397738516330718994140625" lon="114.30294041521847248077392578125">
        <ele>8.3999996185302734375</ele>
        <time>2025-02-20T00:49:34.000Z</time>
        <extensions>
          <ns3:TrackPointExtension>
            <ns3:atemp>22.0</ns3:atemp>
            <ns3:hr>153</ns3:hr>
          </ns3:TrackPointExtension>
        </extensions>
      </trkpt>
      <trkpt lat="22.60544694028794765472412109375" lon="114.3029393255710601806640625">
        <ele>8.6000003814697265625</ele>
        <time>2025-02-20T00:49:35.000Z</time>
        <extensions>
          <ns3:TrackPointExtension>
            <ns3:atemp>22.0</ns3:atemp>
            <ns3:hr>154</ns3:hr>
          </ns3:TrackPointExtension>
        </extensions>
      </trkpt>
      <trkpt lat="22.605491615831851959228515625" lon="114.30293731391429901123046875">
        <ele>8.6000003814697265625</ele>
        <time>2025-02-20T00:49:36.000Z</time>
        <extensions>
          <ns3:TrackPointExtension>
            <ns3:atemp>22.0</ns3:atemp>
            <ns3:hr>154</ns3:hr>
          </ns3:TrackPointExtension>
        </extensions>
      </trkpt>
      <trkpt lat="22.6055316813290119171142578125" lon="114.30293404497206211090087890625">
        <ele>8.6000003814697265625</ele>
        <time>2025-02-20T00:49:37.000Z</time>
        <extensions>
          <ns3:TrackPointExtension>
            <ns3:atemp>22.0</ns3:atemp>
            <ns3:hr>154</ns3:hr>
          </ns3:TrackPointExtension>
        </extensions>
      </trkpt>
      <trkpt lat="22.60557099245488643646240234375" lon="114.30292884819209575653076171875">
        <ele>8.80000019073486328125</ele>
        <time>2025-02-20T00:49:38.000Z</time>
        <extensions>
          <ns3:TrackPointExtension>
            <ns3:atemp>22.0</ns3:atemp>
            <ns3:hr>154</ns3:hr>
          </ns3:TrackPointExtension>
        </extensions>
      </trkpt>
      <trkpt lat="22.6056128181517124176025390625" lon="114.3029240705072879791259765625">
        <ele>9.19999980926513671875</ele>
        <time>2025-02-20T00:49:39.000Z</time>
        <extensions>
          <ns3:TrackPointExtension>
            <ns3:atemp>22.0</ns3:atemp>
            <ns3:hr>154</ns3:hr>
          </ns3:TrackPointExtension>
        </extensions>
      </trkpt>
      <trkpt lat="22.60565816424787044525146484375" lon="114.3029200471937656402587890625">
        <ele>9.19999980926513671875</ele>
        <time>2025-02-20T00:49:40.000Z</time>
        <extensions>
          <ns3:TrackPointExtension>
            <ns3:atemp>22.0</ns3:atemp>
            <ns3:hr>155</ns3:hr>
          </ns3:TrackPointExtension>
        </extensions>
      </trkpt>
      <trkpt lat="22.60570694692432880401611328125" lon="114.3029187060892581939697265625">
        <ele>9.19999980926513671875</ele>
        <time>2025-02-20T00:49:41.000Z</time>
        <extensions>
          <ns3:TrackPointExtension>
            <ns3:atemp>22.0</ns3:atemp>
            <ns3:hr>155</ns3:hr>
          </ns3:TrackPointExtension>
        </extensions>
      </trkpt>
      <trkpt lat="22.60576092638075351715087890625" lon="114.302917532622814178466796875">
        <ele>9.19999980926513671875</ele>
        <time>2025-02-20T00:49:42.000Z</time>
        <extensions>
          <ns3:TrackPointExtension>
            <ns3:atemp>22.0</ns3:atemp>
            <ns3:hr>154</ns3:hr>
          </ns3:TrackPointExtension>
        </extensions>
      </trkpt>
      <trkpt lat="22.60581457056105136871337890625" lon="114.30292331613600254058837890625">
        <ele>9.19999980926513671875</ele>
        <time>2025-02-20T00:49:43.000Z</time>
        <extensions>
          <ns3:TrackPointExtension>
            <ns3:atemp>22.0</ns3:atemp>
            <ns3:hr>154</ns3:hr>
          </ns3:TrackPointExtension>
        </extensions>
      </trkpt>
      <trkpt lat="22.60586720891296863555908203125" lon="114.30293689481914043426513671875">
        <ele>9.19999980926513671875</ele>
        <time>2025-02-20T00:49:44.000Z</time>
        <extensions>
          <ns3:TrackPointExtension>
            <ns3:atemp>22.0</ns3:atemp>
            <ns3:hr>154</ns3:hr>
          </ns3:TrackPointExtension>
        </extensions>
      </trkpt>
      <trkpt lat="22.605923116207122802734375" lon="114.302945025265216827392578125">
        <ele>9.19999980926513671875</ele>
        <time>2025-02-20T00:49:45.000Z</time>
        <extensions>
          <ns3:TrackPointExtension>
            <ns3:atemp>22.0</ns3:atemp>
            <ns3:hr>155</ns3:hr>
          </ns3:TrackPointExtension>
        </extensions>
      </trkpt>
      <trkpt lat="22.60598053224384784698486328125" lon="114.302952401340007781982421875">
        <ele>9.3999996185302734375</ele>
        <time>2025-02-20T00:49:46.000Z</time>
        <extensions>
          <ns3:TrackPointExtension>
            <ns3:atemp>22.0</ns3:atemp>
            <ns3:hr>155</ns3:hr>
          </ns3:TrackPointExtension>
        </extensions>
      </trkpt>
      <trkpt lat="22.6060325838625431060791015625" lon="114.3029565922915935516357421875">
        <ele>9.6000003814697265625</ele>
        <time>2025-02-20T00:49:47.000Z</time>
        <extensions>
          <ns3:TrackPointExtension>
            <ns3:atemp>22.0</ns3:atemp>
            <ns3:hr>155</ns3:hr>
          </ns3:TrackPointExtension>
        </extensions>
      </trkpt>
      <trkpt lat="22.60609083808958530426025390625" lon="114.30295567028224468231201171875">
        <ele>9.6000003814697265625</ele>
        <time>2025-02-20T00:49:48.000Z</time>
        <extensions>
          <ns3:TrackPointExtension>
            <ns3:atemp>22.0</ns3:atemp>
            <ns3:hr>155</ns3:hr>
          </ns3:TrackPointExtension>
        </extensions>
      </trkpt>
      <trkpt lat="22.60615336708724498748779296875" lon="114.30294795893132686614990234375">
        <ele>9.6000003814697265625</ele>
        <time>2025-02-20T00:49:49.000Z</time>
        <extensions>
          <ns3:TrackPointExtension>
            <ns3:atemp>22.0</ns3:atemp>
            <ns3:hr>155</ns3:hr>
          </ns3:TrackPointExtension>
        </extensions>
      </trkpt>
      <trkpt lat="22.60621405206620693206787109375" lon="114.3029472045600414276123046875">
        <ele>9.6000003814697265625</ele>
        <time>2025-02-20T00:49:50.000Z</time>
        <extensions>
          <ns3:TrackPointExtension>
            <ns3:atemp>22.0</ns3:atemp>
            <ns3:hr>156</ns3:hr>
          </ns3:TrackPointExtension>
        </extensions>
      </trkpt>
      <trkpt lat="22.6062699593603610992431640625" lon="114.30294510908424854278564453125">
        <ele>9.6000003814697265625</ele>
        <time>2025-02-20T00:49:51.000Z</time>
        <extensions>
          <ns3:TrackPointExtension>
            <ns3:atemp>22.0</ns3:atemp>
            <ns3:hr>157</ns3:hr>
          </ns3:TrackPointExtension>
        </extensions>
      </trkpt>
      <trkpt lat="22.606328465044498443603515625" lon="114.3029408343136310577392578125">
        <ele>9.6000003814697265625</ele>
        <time>2025-02-20T00:49:52.000Z</time>
        <extensions>
          <ns3:TrackPointExtension>
            <ns3:atemp>22.0</ns3:atemp>
            <ns3:hr>157</ns3:hr>
          </ns3:TrackPointExtension>
        </extensions>
      </trkpt>
      <trkpt lat="22.606383450329303741455078125" lon="114.30293974466621875762939453125">
        <ele>9.6000003814697265625</ele>
        <time>2025-02-20T00:49:53.000Z</time>
        <extensions>
          <ns3:TrackPointExtension>
            <ns3:atemp>22.0</ns3:atemp>
            <ns3:hr>158</ns3:hr>
          </ns3:TrackPointExtension>
        </extensions>
      </trkpt>
      <trkpt lat="22.60644539259374141693115234375" lon="114.30293454788625240325927734375">
        <ele>9.6000003814697265625</ele>
        <time>2025-02-20T00:49:54.000Z</time>
        <extensions>
          <ns3:TrackPointExtension>
            <ns3:atemp>22.0</ns3:atemp>
            <ns3:hr>158</ns3:hr>
          </ns3:TrackPointExtension>
        </extensions>
      </trkpt>
      <trkpt lat="22.60650406591594219207763671875" lon="114.302929602563381195068359375">
        <ele>9.80000019073486328125</ele>
        <time>2025-02-20T00:49:55.000Z</time>
        <extensions>
          <ns3:TrackPointExtension>
            <ns3:atemp>22.0</ns3:atemp>
            <ns3:hr>157</ns3:hr>
          </ns3:TrackPointExtension>
        </extensions>
      </trkpt>
      <trkpt lat="22.6065646670758724212646484375" lon="114.30292448960244655609130859375">
        <ele>9.80000019073486328125</ele>
        <time>2025-02-20T00:49:56.000Z</time>
        <extensions>
          <ns3:TrackPointExtension>
            <ns3:atemp>22.0</ns3:atemp>
            <ns3:hr>157</ns3:hr>
          </ns3:TrackPointExtension>
        </extensions>
      </trkpt>
      <trkpt lat="22.60662493295967578887939453125" lon="114.302919209003448486328125">
        <ele>9.80000019073486328125</ele>
        <time>2025-02-20T00:49:57.000Z</time>
        <extensions>
          <ns3:TrackPointExtension>
            <ns3:atemp>22.0</ns3:atemp>
            <ns3:hr>156</ns3:hr>
          </ns3:TrackPointExtension>
        </extensions>
      </trkpt>
      <trkpt lat="22.60668394155800342559814453125" lon="114.3029143474996089935302734375">
        <ele>9.80000019073486328125</ele>
        <time>2025-02-20T00:49:58.000Z</time>
        <extensions>
          <ns3:TrackPointExtension>
            <ns3:atemp>22.0</ns3:atemp>
            <ns3:hr>156</ns3:hr>
          </ns3:TrackPointExtension>
        </extensions>
      </trkpt>
      <trkpt lat="22.60674328543245792388916015625" lon="114.30291174910962581634521484375">
        <ele>9.80000019073486328125</ele>
        <time>2025-02-20T00:49:59.000Z</time>
        <extensions>
          <ns3:TrackPointExtension>
            <ns3:atemp>22.0</ns3:atemp>
            <ns3:hr>155</ns3:hr>
          </ns3:TrackPointExtension>
        </extensions>
      </trkpt>
      <trkpt lat="22.60679818689823150634765625" lon="114.3029103241860866546630859375">
        <ele>10</ele>
        <time>2025-02-20T00:50:00.000Z</time>
        <extensions>
          <ns3:TrackPointExtension>
            <ns3:atemp>22.0</ns3:atemp>
            <ns3:hr>155</ns3:hr>
          </ns3:TrackPointExtension>
        </extensions>
      </trkpt>
      <trkpt lat="22.60685141198337078094482421875" lon="114.30290688760578632354736328125">
        <ele>10</ele>
        <time>2025-02-20T00:50:01.000Z</time>
        <extensions>
          <ns3:TrackPointExtension>
            <ns3:atemp>22.0</ns3:atemp>
            <ns3:hr>155</ns3:hr>
          </ns3:TrackPointExtension>
        </extensions>
      </trkpt>
      <trkpt lat="22.6069012843072414398193359375" lon="114.30290822871029376983642578125">
        <ele>10.19999980926513671875</ele>
        <time>2025-02-20T00:50:02.000Z</time>
        <extensions>
          <ns3:TrackPointExtension>
            <ns3:atemp>22.0</ns3:atemp>
            <ns3:hr>155</ns3:hr>
          </ns3:TrackPointExtension>
        </extensions>
      </trkpt>
      <trkpt lat="22.6069495640695095062255859375" lon="114.3029123358428478240966796875">
        <ele>10.80000019073486328125</ele>
        <time>2025-02-20T00:50:03.000Z</time>
        <extensions>
          <ns3:TrackPointExtension>
            <ns3:atemp>22.0</ns3:atemp>
            <ns3:hr>155</ns3:hr>
          </ns3:TrackPointExtension>
        </extensions>
      </trkpt>
      <trkpt lat="22.60699407197535037994384765625" lon="114.30291677825152873992919921875">
        <ele>11.3999996185302734375</ele>
        <time>2025-02-20T00:50:04.000Z</time>
        <extensions>
          <ns3:TrackPointExtension>
            <ns3:atemp>22.0</ns3:atemp>
            <ns3:hr>156</ns3:hr>
          </ns3:TrackPointExtension>
        </extensions>
      </trkpt>
      <trkpt lat="22.60703480802476406097412109375" lon="114.30292784236371517181396484375">
        <ele>11.3999996185302734375</ele>
        <time>2025-02-20T00:50:05.000Z</time>
        <extensions>
          <ns3:TrackPointExtension>
            <ns3:atemp>22.0</ns3:atemp>
            <ns3:hr>158</ns3:hr>
          </ns3:TrackPointExtension>
        </extensions>
      </trkpt>
      <trkpt lat="22.60706984438002109527587890625" lon="114.30294611491262912750244140625">
        <ele>12.19999980926513671875</ele>
        <time>2025-02-20T00:50:06.000Z</time>
        <extensions>
          <ns3:TrackPointExtension>
            <ns3:atemp>22.0</ns3:atemp>
            <ns3:hr>159</ns3:hr>
          </ns3:TrackPointExtension>
        </extensions>
      </trkpt>
      <trkpt lat="22.60710303671658039093017578125" lon="114.3029656447470188140869140625">
        <ele>12.6000003814697265625</ele>
        <time>2025-02-20T00:50:07.000Z</time>
        <extensions>
          <ns3:TrackPointExtension>
            <ns3:atemp>22.0</ns3:atemp>
            <ns3:hr>160</ns3:hr>
          </ns3:TrackPointExtension>
        </extensions>
      </trkpt>
      <trkpt lat="22.60713304392993450164794921875" lon="114.30298685096204280853271484375">
        <ele>13</ele>
        <time>2025-02-20T00:50:08.000Z</time>
        <extensions>
          <ns3:TrackPointExtension>
            <ns3:atemp>22.0</ns3:atemp>
            <ns3:hr>161</ns3:hr>
          </ns3:TrackPointExtension>
        </extensions>
      </trkpt>
      <trkpt lat="22.6071607880294322967529296875" lon="114.3030152656137943267822265625">
        <ele>13.3999996185302734375</ele>
        <time>2025-02-20T00:50:09.000Z</time>
        <extensions>
          <ns3:TrackPointExtension>
            <ns3:atemp>22.0</ns3:atemp>
            <ns3:hr>162</ns3:hr>
          </ns3:TrackPointExtension>
        </extensions>
      </trkpt>
      <trkpt lat="22.60718517936766147613525390625" lon="114.3030424229800701141357421875">
        <ele>13.6000003814697265625</ele>
        <time>2025-02-20T00:50:10.000Z</time>
        <extensions>
          <ns3:TrackPointExtension>
            <ns3:atemp>22.0</ns3:atemp>
            <ns3:hr>163</ns3:hr>
          </ns3:TrackPointExtension>
        </extensions>
      </trkpt>
      <trkpt lat="22.60720898397266864776611328125" lon="114.30306832306087017059326171875">
        <ele>14</ele>
        <time>2025-02-20T00:50:11.000Z</time>
        <extensions>
          <ns3:TrackPointExtension>
            <ns3:atemp>22.0</ns3:atemp>
            <ns3:hr>163</ns3:hr>
          </ns3:TrackPointExtension>
        </extensions>
      </trkpt>
      <trkpt lat="22.60722792707383632659912109375" lon="114.30309866555035114288330078125">
        <ele>14.3999996185302734375</ele>
        <time>2025-02-20T00:50:12.000Z</time>
        <extensions>
          <ns3:TrackPointExtension>
            <ns3:atemp>22.0</ns3:atemp>
            <ns3:hr>163</ns3:hr>
          </ns3:TrackPointExtension>
        </extensions>
      </trkpt>
      <trkpt lat="22.6072402484714984893798828125" lon="114.30313311517238616943359375">
        <ele>14.6000003814697265625</ele>
        <time>2025-02-20T00:50:13.000Z</time>
        <extensions>
          <ns3:TrackPointExtension>
            <ns3:atemp>22.0</ns3:atemp>
            <ns3:hr>163</ns3:hr>
          </ns3:TrackPointExtension>
        </extensions>
      </trkpt>
      <trkpt lat="22.6072526536881923675537109375" lon="114.30316722951829433441162109375">
        <ele>14.80000019073486328125</ele>
        <time>2025-02-20T00:50:14.000Z</time>
        <extensions>
          <ns3:TrackPointExtension>
            <ns3:atemp>22.0</ns3:atemp>
            <ns3:hr>164</ns3:hr>
          </ns3:TrackPointExtension>
        </extensions>
      </trkpt>
      <trkpt lat="22.60726262815296649932861328125" lon="114.30320109240710735321044921875">
        <ele>15.3999996185302734375</ele>
        <time>2025-02-20T00:50:15.000Z</time>
        <extensions>
          <ns3:TrackPointExtension>
            <ns3:atemp>22.0</ns3:atemp>
            <ns3:hr>164</ns3:hr>
          </ns3:TrackPointExtension>
        </extensions>
      </trkpt>
      <trkpt lat="22.60726748965680599212646484375" lon="114.303235709667205810546875">
        <ele>15.6000003814697265625</ele>
        <time>2025-02-20T00:50:16.000Z</time>
        <extensions>
          <ns3:TrackPointExtension>
            <ns3:atemp>22.0</ns3:atemp>
            <ns3:hr>164</ns3:hr>
          </ns3:TrackPointExtension>
        </extensions>
      </trkpt>
      <trkpt lat="22.60726933367550373077392578125" lon="114.3032692372798919677734375">
        <ele>15.80000019073486328125</ele>
        <time>2025-02-20T00:50:17.000Z</time>
        <extensions>
          <ns3:TrackPointExtension>
            <ns3:atemp>22.0</ns3:atemp>
            <ns3:hr>164</ns3:hr>
          </ns3:TrackPointExtension>
        </extensions>
      </trkpt>
      <trkpt lat="22.6072670705616474151611328125" lon="114.30330335162580013275146484375">
        <ele>16.3999996185302734375</ele>
        <time>2025-02-20T00:50:18.000Z</time>
        <extensions>
          <ns3:TrackPointExtension>
            <ns3:atemp>22.0</ns3:atemp>
            <ns3:hr>165</ns3:hr>
          </ns3:TrackPointExtension>
        </extensions>
      </trkpt>
      <trkpt lat="22.60726313106715679168701171875" lon="114.30333922617137432098388671875">
        <ele>16.6000003814697265625</ele>
        <time>2025-02-20T00:50:19.000Z</time>
        <extensions>
          <ns3:TrackPointExtension>
            <ns3:atemp>22.0</ns3:atemp>
            <ns3:hr>165</ns3:hr>
          </ns3:TrackPointExtension>
        </extensions>
      </trkpt>
      <trkpt lat="22.6072563417255878448486328125" lon="114.30337191559374332427978515625">
        <ele>16.799999237060546875</ele>
        <time>2025-02-20T00:50:20.000Z</time>
        <extensions>
          <ns3:TrackPointExtension>
            <ns3:atemp>22.0</ns3:atemp>
            <ns3:hr>165</ns3:hr>
          </ns3:TrackPointExtension>
        </extensions>
      </trkpt>
      <trkpt lat="22.6072476245462894439697265625" lon="114.3034061975777149200439453125">
        <ele>17</ele>
        <time>2025-02-20T00:50:21.000Z</time>
        <extensions>
          <ns3:TrackPointExtension>
            <ns3:atemp>22.0</ns3:atemp>
            <ns3:hr>166</ns3:hr>
          </ns3:TrackPointExtension>
        </extensions>
      </trkpt>
      <trkpt lat="22.6072355546057224273681640625" lon="114.30343830026686191558837890625">
        <ele>17.3999996185302734375</ele>
        <time>2025-02-20T00:50:22.000Z</time>
        <extensions>
          <ns3:TrackPointExtension>
            <ns3:atemp>22.0</ns3:atemp>
            <ns3:hr>166</ns3:hr>
          </ns3:TrackPointExtension>
        </extensions>
      </trkpt>
      <trkpt lat="22.60722289793193340301513671875" lon="114.30347015149891376495361328125">
        <ele>17.799999237060546875</ele>
        <time>2025-02-20T00:50:23.000Z</time>
        <extensions>
          <ns3:TrackPointExtension>
            <ns3:atemp>22.0</ns3:atemp>
            <ns3:hr>166</ns3:hr>
          </ns3:TrackPointExtension>
        </extensions>
      </trkpt>
      <trkpt lat="22.607207559049129486083984375" lon="114.3035004101693630218505859375">
        <ele>18</ele>
        <time>2025-02-20T00:50:24.000Z</time>
        <extensions>
          <ns3:TrackPointExtension>
            <ns3:atemp>22.0</ns3:atemp>
            <ns3:hr>166</ns3:hr>
          </ns3:TrackPointExtension>
        </extensions>
      </trkpt>
      <trkpt lat="22.607192136347293853759765625" lon="114.30352949537336826324462890625">
        <ele>18.200000762939453125</ele>
        <time>2025-02-20T00:50:25.000Z</time>
        <extensions>
          <ns3:TrackPointExtension>
            <ns3:atemp>22.0</ns3:atemp>
            <ns3:hr>166</ns3:hr>
          </ns3:TrackPointExtension>
        </extensions>
      </trkpt>
      <trkpt lat="22.607174701988697052001953125" lon="114.30355648510158061981201171875">
        <ele>18.6000003814697265625</ele>
        <time>2025-02-20T00:50:26.000Z</time>
        <extensions>
          <ns3:TrackPointExtension>
            <ns3:atemp>22.0</ns3:atemp>
            <ns3:hr>167</ns3:hr>
          </ns3:TrackPointExtension>
        </extensions>
      </trkpt>
      <trkpt lat="22.6071550883352756500244140625" lon="114.30358246900141239166259765625">
        <ele>18.799999237060546875</ele>
        <time>2025-02-20T00:50:27.000Z</time>
        <extensions>
          <ns3:TrackPointExtension>
            <ns3:atemp>22.0</ns3:atemp>
            <ns3:hr>167</ns3:hr>
          </ns3:TrackPointExtension>
        </extensions>
      </trkpt>
      <trkpt lat="22.60713757015764713287353515625" lon="114.303607530891895294189453125">
        <ele>19</ele>
        <time>2025-02-20T00:50:28.000Z</time>
        <extensions>
          <ns3:TrackPointExtension>
            <ns3:atemp>22.0</ns3:atemp>
            <ns3:hr>167</ns3:hr>
          </ns3:TrackPointExtension>
        </extensions>
      </trkpt>
      <trkpt lat="22.6071182079613208770751953125" lon="114.30363259278237819671630859375">
        <ele>19.6000003814697265625</ele>
        <time>2025-02-20T00:50:29.000Z</time>
        <extensions>
          <ns3:TrackPointExtension>
            <ns3:atemp>22.0</ns3:atemp>
            <ns3:hr>167</ns3:hr>
          </ns3:TrackPointExtension>
        </extensions>
      </trkpt>
      <trkpt lat="22.60709951631724834442138671875" lon="114.303658492863178253173828125">
        <ele>19.799999237060546875</ele>
        <time>2025-02-20T00:50:30.000Z</time>
        <extensions>
          <ns3:TrackPointExtension>
            <ns3:atemp>22.0</ns3:atemp>
            <ns3:hr>167</ns3:hr>
          </ns3:TrackPointExtension>
        </extensions>
      </trkpt>
      <trkpt lat="22.60708191432058811187744140625" lon="114.3036841414868831634521484375">
        <ele>20</ele>
        <time>2025-02-20T00:50:31.000Z</time>
        <extensions>
          <ns3:TrackPointExtension>
            <ns3:atemp>22.0</ns3:atemp>
            <ns3:hr>167</ns3:hr>
          </ns3:TrackPointExtension>
        </extensions>
      </trkpt>
      <trkpt lat="22.60706481523811817169189453125" lon="114.30370853282511234283447265625">
        <ele>20.200000762939453125</ele>
        <time>2025-02-20T00:50:32.000Z</time>
        <extensions>
          <ns3:TrackPointExtension>
            <ns3:atemp>22.0</ns3:atemp>
            <ns3:hr>167</ns3:hr>
          </ns3:TrackPointExtension>
        </extensions>
      </trkpt>
      <trkpt lat="22.60704453103244304656982421875" lon="114.30373434908688068389892578125">
        <ele>20.6000003814697265625</ele>
        <time>2025-02-20T00:50:33.000Z</time>
        <extensions>
          <ns3:TrackPointExtension>
            <ns3:atemp>22.0</ns3:atemp>
            <ns3:hr>167</ns3:hr>
          </ns3:TrackPointExtension>
        </extensions>
      </trkpt>
      <trkpt lat="22.60702357627451419830322265625" lon="114.30376217700541019439697265625">
        <ele>20.799999237060546875</ele>
        <time>2025-02-20T00:50:34.000Z</time>
        <extensions>
          <ns3:TrackPointExtension>
            <ns3:atemp>22.0</ns3:atemp>
            <ns3:hr>168</ns3:hr>
          </ns3:TrackPointExtension>
        </extensions>
      </trkpt>
      <trkpt lat="22.60700211860239505767822265625" lon="114.30379025638103485107421875">
        <ele>21.3999996185302734375</ele>
        <time>2025-02-20T00:50:35.000Z</time>
        <extensions>
          <ns3:TrackPointExtension>
            <ns3:atemp>22.0</ns3:atemp>
            <ns3:hr>167</ns3:hr>
          </ns3:TrackPointExtension>
        </extensions>
      </trkpt>
      <trkpt lat="22.6069787330925464630126953125" lon="114.30382068268954753875732421875">
        <ele>21.6000003814697265625</ele>
        <time>2025-02-20T00:50:36.000Z</time>
        <extensions>
          <ns3:TrackPointExtension>
            <ns3:atemp>22.0</ns3:atemp>
            <ns3:hr>168</ns3:hr>
          </ns3:TrackPointExtension>
        </extensions>
      </trkpt>
      <trkpt lat="22.6069542579352855682373046875" lon="114.3038531206548213958740234375">
        <ele>21.799999237060546875</ele>
        <time>2025-02-20T00:50:37.000Z</time>
        <extensions>
          <ns3:TrackPointExtension>
            <ns3:atemp>22.0</ns3:atemp>
            <ns3:hr>168</ns3:hr>
          </ns3:TrackPointExtension>
        </extensions>
      </trkpt>
      <trkpt lat="22.606929279863834381103515625" lon="114.30388681590557098388671875">
        <ele>22</ele>
        <time>2025-02-20T00:50:38.000Z</time>
        <extensions>
          <ns3:TrackPointExtension>
            <ns3:atemp>22.0</ns3:atemp>
            <ns3:hr>168</ns3:hr>
          </ns3:TrackPointExtension>
        </extensions>
      </trkpt>
      <trkpt lat="22.60690622963011264801025390625" lon="114.3039201758801937103271484375">
        <ele>22.3999996185302734375</ele>
        <time>2025-02-20T00:50:39.000Z</time>
        <extensions>
          <ns3:TrackPointExtension>
            <ns3:atemp>22.0</ns3:atemp>
            <ns3:hr>168</ns3:hr>
          </ns3:TrackPointExtension>
        </extensions>
      </trkpt>
      <trkpt lat="22.60688561014831066131591796875" lon="114.30394984781742095947265625">
        <ele>22.6000003814697265625</ele>
        <time>2025-02-20T00:50:40.000Z</time>
        <extensions>
          <ns3:TrackPointExtension>
            <ns3:atemp>22.0</ns3:atemp>
            <ns3:hr>167</ns3:hr>
          </ns3:TrackPointExtension>
        </extensions>
      </trkpt>
      <trkpt lat="22.60686230845749378204345703125" lon="114.3039798550307750701904296875">
        <ele>23</ele>
        <time>2025-02-20T00:50:41.000Z</time>
        <extensions>
          <ns3:TrackPointExtension>
            <ns3:atemp>22.0</ns3:atemp>
            <ns3:hr>168</ns3:hr>
          </ns3:TrackPointExtension>
        </extensions>
      </trkpt>
      <trkpt lat="22.60683934204280376434326171875" lon="114.30400843732059001922607421875">
        <ele>23.3999996185302734375</ele>
        <time>2025-02-20T00:50:42.000Z</time>
        <extensions>
          <ns3:TrackPointExtension>
            <ns3:atemp>22.0</ns3:atemp>
            <ns3:hr>168</ns3:hr>
          </ns3:TrackPointExtension>
        </extensions>
      </trkpt>
      <trkpt lat="22.6068164594471454620361328125" lon="114.3040385283529758453369140625">
        <ele>23.3999996185302734375</ele>
        <time>2025-02-20T00:50:43.000Z</time>
        <extensions>
          <ns3:TrackPointExtension>
            <ns3:atemp>22.0</ns3:atemp>
            <ns3:hr>169</ns3:hr>
          </ns3:TrackPointExtension>
        </extensions>
      </trkpt>
      <trkpt lat="22.60679240338504314422607421875" lon="114.30406912229955196380615234375">
        <ele>23.799999237060546875</ele>
        <time>2025-02-20T00:50:44.000Z</time>
        <extensions>
          <ns3:TrackPointExtension>
            <ns3:atemp>22.0</ns3:atemp>
            <ns3:hr>169</ns3:hr>
          </ns3:TrackPointExtension>
        </extensions>
      </trkpt>
      <trkpt lat="22.60676709003746509552001953125" lon="114.30410231463611125946044921875">
        <ele>24</ele>
        <time>2025-02-20T00:50:45.000Z</time>
        <extensions>
          <ns3:TrackPointExtension>
            <ns3:atemp>22.0</ns3:atemp>
            <ns3:hr>170</ns3:hr>
          </ns3:TrackPointExtension>
        </extensions>
      </trkpt>
      <trkpt lat="22.6067426986992359161376953125" lon="114.3041344173252582550048828125">
        <ele>24.3999996185302734375</ele>
        <time>2025-02-20T00:50:46.000Z</time>
        <extensions>
          <ns3:TrackPointExtension>
            <ns3:atemp>22.0</ns3:atemp>
            <ns3:hr>170</ns3:hr>
          </ns3:TrackPointExtension>
        </extensions>
      </trkpt>
      <trkpt lat="22.60672082193195819854736328125" lon="114.3041642569005489349365234375">
        <ele>24.3999996185302734375</ele>
        <time>2025-02-20T00:50:47.000Z</time>
        <extensions>
          <ns3:TrackPointExtension>
            <ns3:atemp>22.0</ns3:atemp>
            <ns3:hr>170</ns3:hr>
          </ns3:TrackPointExtension>
        </extensions>
      </trkpt>
      <trkpt lat="22.6066984422504901885986328125" lon="114.3041964434087276458740234375">
        <ele>24.799999237060546875</ele>
        <time>2025-02-20T00:50:48.000Z</time>
        <extensions>
          <ns3:TrackPointExtension>
            <ns3:atemp>22.0</ns3:atemp>
            <ns3:hr>171</ns3:hr>
          </ns3:TrackPointExtension>
        </extensions>
      </trkpt>
      <trkpt lat="22.60667723603546619415283203125" lon="114.30422636680305004119873046875">
        <ele>25.3999996185302734375</ele>
        <time>2025-02-20T00:50:49.000Z</time>
        <extensions>
          <ns3:TrackPointExtension>
            <ns3:atemp>22.0</ns3:atemp>
            <ns3:hr>171</ns3:hr>
          </ns3:TrackPointExtension>
        </extensions>
      </trkpt>
      <trkpt lat="22.60665795765817165374755859375" lon="114.30425385944545269012451171875">
        <ele>25.799999237060546875</ele>
        <time>2025-02-20T00:50:50.000Z</time>
        <extensions>
          <ns3:TrackPointExtension>
            <ns3:atemp>22.0</ns3:atemp>
            <ns3:hr>171</ns3:hr>
          </ns3:TrackPointExtension>
        </extensions>
      </trkpt>
      <trkpt lat="22.60664203204214572906494140625" lon="114.3042812682688236236572265625">
        <ele>26</ele>
        <time>2025-02-20T00:50:51.000Z</time>
        <extensions>
          <ns3:TrackPointExtension>
            <ns3:atemp>22.0</ns3:atemp>
            <ns3:hr>172</ns3:hr>
          </ns3:TrackPointExtension>
        </extensions>
      </trkpt>
      <trkpt lat="22.6066276989877223968505859375" lon="114.3043074198067188262939453125">
        <ele>26.200000762939453125</ele>
        <time>2025-02-20T00:50:52.000Z</time>
        <extensions>
          <ns3:TrackPointExtension>
            <ns3:atemp>22.0</ns3:atemp>
            <ns3:hr>172</ns3:hr>
          </ns3:TrackPointExtension>
        </extensions>
      </trkpt>
      <trkpt lat="22.60661470703780651092529296875" lon="114.304335415363311767578125">
        <ele>26.6000003814697265625</ele>
        <time>2025-02-20T00:50:53.000Z</time>
        <extensions>
          <ns3:TrackPointExtension>
            <ns3:atemp>22.0</ns3:atemp>
            <ns3:hr>172</ns3:hr>
          </ns3:TrackPointExtension>
        </extensions>
      </trkpt>
      <trkpt lat="22.6066025532782077789306640625" lon="114.30436399765312671661376953125">
        <ele>26.799999237060546875</ele>
        <time>2025-02-20T00:50:54.000Z</time>
        <extensions>
          <ns3:TrackPointExtension>
            <ns3:atemp>22.0</ns3:atemp>
            <ns3:hr>172</ns3:hr>
          </ns3:TrackPointExtension>
        </extensions>
      </trkpt>
      <trkpt lat="22.6065904833376407623291015625" lon="114.30439350195229053497314453125">
        <ele>26.799999237060546875</ele>
        <time>2025-02-20T00:50:55.000Z</time>
        <extensions>
          <ns3:TrackPointExtension>
            <ns3:atemp>22.0</ns3:atemp>
            <ns3:hr>171</ns3:hr>
          </ns3:TrackPointExtension>
        </extensions>
      </trkpt>
      <trkpt lat="22.60657967068254947662353515625" lon="114.30442367680370807647705078125">
        <ele>27.3999996185302734375</ele>
        <time>2025-02-20T00:50:56.000Z</time>
        <extensions>
          <ns3:TrackPointExtension>
            <ns3:atemp>22.0</ns3:atemp>
            <ns3:hr>171</ns3:hr>
          </ns3:TrackPointExtension>
        </extensions>
      </trkpt>
      <trkpt lat="22.6065693609416484832763671875" lon="114.3044546060264110565185546875">
        <ele>27.6000003814697265625</ele>
        <time>2025-02-20T00:50:57.000Z</time>
        <extensions>
          <ns3:TrackPointExtension>
            <ns3:atemp>22.0</ns3:atemp>
            <ns3:hr>171</ns3:hr>
          </ns3:TrackPointExtension>
        </extensions>
      </trkpt>
      <trkpt lat="22.60655988939106464385986328125" lon="114.304486624896526336669921875">
        <ele>27.799999237060546875</ele>
        <time>2025-02-20T00:50:58.000Z</time>
        <extensions>
          <ns3:TrackPointExtension>
            <ns3:atemp>22.0</ns3:atemp>
            <ns3:hr>171</ns3:hr>
          </ns3:TrackPointExtension>
        </extensions>
      </trkpt>
      <trkpt lat="22.60655033402144908905029296875" lon="114.30451738648116588592529296875">
        <ele>28</ele>
        <time>2025-02-20T00:50:59.000Z</time>
        <extensions>
          <ns3:TrackPointExtension>
            <ns3:atemp>22.0</ns3:atemp>
            <ns3:hr>172</ns3:hr>
          </ns3:TrackPointExtension>
        </extensions>
      </trkpt>
      <trkpt lat="22.606542371213436126708984375" lon="114.3045501597225666046142578125">
        <ele>28.3999996185302734375</ele>
        <time>2025-02-20T00:51:00.000Z</time>
        <extensions>
          <ns3:TrackPointExtension>
            <ns3:atemp>22.0</ns3:atemp>
            <ns3:hr>171</ns3:hr>
          </ns3:TrackPointExtension>
        </extensions>
      </trkpt>
      <trkpt lat="22.60653692297637462615966796875" lon="114.3045799992978572845458984375">
        <ele>28.6000003814697265625</ele>
        <time>2025-02-20T00:51:01.000Z</time>
        <extensions>
          <ns3:TrackPointExtension>
            <ns3:atemp>22.0</ns3:atemp>
            <ns3:hr>171</ns3:hr>
          </ns3:TrackPointExtension>
        </extensions>
      </trkpt>
      <trkpt lat="22.60653306730091571807861328125" lon="114.30460925213992595672607421875">
        <ele>28.799999237060546875</ele>
        <time>2025-02-20T00:51:02.000Z</time>
        <extensions>
          <ns3:TrackPointExtension>
            <ns3:atemp>22.0</ns3:atemp>
            <ns3:hr>171</ns3:hr>
          </ns3:TrackPointExtension>
        </extensions>
      </trkpt>
      <trkpt lat="22.60653055272996425628662109375" lon="114.30463557131588459014892578125">
        <ele>29.200000762939453125</ele>
        <time>2025-02-20T00:51:03.000Z</time>
        <extensions>
          <ns3:TrackPointExtension>
            <ns3:atemp>22.0</ns3:atemp>
            <ns3:hr>172</ns3:hr>
          </ns3:TrackPointExtension>
        </extensions>
      </trkpt>
      <trkpt lat="22.60652787052094936370849609375" lon="114.30466222576797008514404296875">
        <ele>29.3999996185302734375</ele>
        <time>2025-02-20T00:51:04.000Z</time>
        <extensions>
          <ns3:TrackPointExtension>
            <ns3:atemp>22.0</ns3:atemp>
            <ns3:hr>171</ns3:hr>
          </ns3:TrackPointExtension>
        </extensions>
      </trkpt>
      <trkpt lat="22.60652460157871246337890625" lon="114.30468636564910411834716796875">
        <ele>29.6000003814697265625</ele>
        <time>2025-02-20T00:51:05.000Z</time>
        <extensions>
          <ns3:TrackPointExtension>
            <ns3:atemp>22.0</ns3:atemp>
            <ns3:hr>171</ns3:hr>
          </ns3:TrackPointExtension>
        </extensions>
      </trkpt>
      <trkpt lat="22.60652099736034870147705078125" lon="114.30471318773925304412841796875">
        <ele>30</ele>
        <time>2025-02-20T00:51:06.000Z</time>
        <extensions>
          <ns3:TrackPointExtension>
            <ns3:atemp>22.0</ns3:atemp>
            <ns3:hr>171</ns3:hr>
          </ns3:TrackPointExtension>
        </extensions>
      </trkpt>
      <trkpt lat="22.60651680640876293182373046875" lon="114.30474218912422657012939453125">
        <ele>30</ele>
        <time>2025-02-20T00:51:07.000Z</time>
        <extensions>
          <ns3:TrackPointExtension>
            <ns3:atemp>22.0</ns3:atemp>
            <ns3:hr>171</ns3:hr>
          </ns3:TrackPointExtension>
        </extensions>
      </trkpt>
      <trkpt lat="22.60651395656168460845947265625" lon="114.304770268499851226806640625">
        <ele>30.200000762939453125</ele>
        <time>2025-02-20T00:51:08.000Z</time>
        <extensions>
          <ns3:TrackPointExtension>
            <ns3:atemp>22.0</ns3:atemp>
            <ns3:hr>171</ns3:hr>
          </ns3:TrackPointExtension>
        </extensions>
      </trkpt>
      <trkpt lat="22.6065106876194477081298828125" lon="114.304798431694507598876953125">
        <ele>30.200000762939453125</ele>
        <time>2025-02-20T00:51:09.000Z</time>
        <extensions>
          <ns3:TrackPointExtension>
            <ns3:atemp>22.0</ns3:atemp>
            <ns3:hr>171</ns3:hr>
          </ns3:TrackPointExtension>
        </extensions>
      </trkpt>
      <trkpt lat="22.60650624521076679229736328125" lon="114.30482768453657627105712890625">
        <ele>30.6000003814697265625</ele>
        <time>2025-02-20T00:51:10.000Z</time>
        <extensions>
          <ns3:TrackPointExtension>
            <ns3:atemp>22.0</ns3:atemp>
            <ns3:hr>171</ns3:hr>
          </ns3:TrackPointExtension>
        </extensions>
      </trkpt>
      <trkpt lat="22.6065016351640224456787109375" lon="114.30485467426478862762451171875">
        <ele>30.6000003814697265625</ele>
        <time>2025-02-20T00:51:11.000Z</time>
        <extensions>
          <ns3:TrackPointExtension>
            <ns3:atemp>22.0</ns3:atemp>
            <ns3:hr>170</ns3:hr>
          </ns3:TrackPointExtension>
        </extensions>
      </trkpt>
      <trkpt lat="22.6064986176788806915283203125" lon="114.3048827536404132843017578125">
        <ele>30.799999237060546875</ele>
        <time>2025-02-20T00:51:12.000Z</time>
        <extensions>
          <ns3:TrackPointExtension>
            <ns3:atemp>22.0</ns3:atemp>
            <ns3:hr>170</ns3:hr>
          </ns3:TrackPointExtension>
        </extensions>
      </trkpt>
      <trkpt lat="22.606494426727294921875" lon="114.3049099110066890716552734375">
        <ele>31.3999996185302734375</ele>
        <time>2025-02-20T00:51:13.000Z</time>
        <extensions>
          <ns3:TrackPointExtension>
            <ns3:atemp>22.0</ns3:atemp>
            <ns3:hr>170</ns3:hr>
          </ns3:TrackPointExtension>
        </extensions>
      </trkpt>
      <trkpt lat="22.60649107396602630615234375" lon="114.304936565458774566650390625">
        <ele>31.3999996185302734375</ele>
        <time>2025-02-20T00:51:14.000Z</time>
        <extensions>
          <ns3:TrackPointExtension>
            <ns3:atemp>22.0</ns3:atemp>
            <ns3:hr>170</ns3:hr>
          </ns3:TrackPointExtension>
        </extensions>
      </trkpt>
      <trkpt lat="22.6064877212047576904296875" lon="114.3049632199108600616455078125">
        <ele>31.6000003814697265625</ele>
        <time>2025-02-20T00:51:15.000Z</time>
        <extensions>
          <ns3:TrackPointExtension>
            <ns3:atemp>22.0</ns3:atemp>
            <ns3:hr>170</ns3:hr>
          </ns3:TrackPointExtension>
        </extensions>
      </trkpt>
      <trkpt lat="22.6064836978912353515625" lon="114.30499163456261157989501953125">
        <ele>32</ele>
        <time>2025-02-20T00:51:16.000Z</time>
        <extensions>
          <ns3:TrackPointExtension>
            <ns3:atemp>22.0</ns3:atemp>
            <ns3:hr>170</ns3:hr>
          </ns3:TrackPointExtension>
        </extensions>
      </trkpt>
      <trkpt lat="22.60647942312061786651611328125" lon="114.30501879192888736724853515625">
        <ele>32</ele>
        <time>2025-02-20T00:51:17.000Z</time>
        <extensions>
          <ns3:TrackPointExtension>
            <ns3:atemp>22.0</ns3:atemp>
            <ns3:hr>170</ns3:hr>
          </ns3:TrackPointExtension>
        </extensions>
      </trkpt>
      <trkpt lat="22.60647456161677837371826171875" lon="114.30504729039967060089111328125">
        <ele>32.40000152587890625</ele>
        <time>2025-02-20T00:51:18.000Z</time>
        <extensions>
          <ns3:TrackPointExtension>
            <ns3:atemp>22.0</ns3:atemp>
            <ns3:hr>169</ns3:hr>
          </ns3:TrackPointExtension>
        </extensions>
      </trkpt>
      <trkpt lat="22.60647221468389034271240234375" lon="114.3050731904804706573486328125">
        <ele>32.40000152587890625</ele>
        <time>2025-02-20T00:51:19.000Z</time>
        <extensions>
          <ns3:TrackPointExtension>
            <ns3:atemp>22.0</ns3:atemp>
            <ns3:hr>169</ns3:hr>
          </ns3:TrackPointExtension>
        </extensions>
      </trkpt>
      <trkpt lat="22.606470286846160888671875" lon="114.30509783327579498291015625">
        <ele>32.40000152587890625</ele>
        <time>2025-02-20T00:51:20.000Z</time>
        <extensions>
          <ns3:TrackPointExtension>
            <ns3:atemp>22.0</ns3:atemp>
            <ns3:hr>169</ns3:hr>
          </ns3:TrackPointExtension>
        </extensions>
      </trkpt>
      <trkpt lat="22.60646718554198741912841796875" lon="114.3051234818994998931884765625">
        <ele>32.59999847412109375</ele>
        <time>2025-02-20T00:51:21.000Z</time>
        <extensions>
          <ns3:TrackPointExtension>
            <ns3:atemp>22.0</ns3:atemp>
            <ns3:hr>169</ns3:hr>
          </ns3:TrackPointExtension>
        </extensions>
      </trkpt>
      <trkpt lat="22.6064644195139408111572265625" lon="114.305149130523204803466796875">
        <ele>32.799999237060546875</ele>
        <time>2025-02-20T00:51:22.000Z</time>
        <extensions>
          <ns3:TrackPointExtension>
            <ns3:atemp>22.0</ns3:atemp>
            <ns3:hr>170</ns3:hr>
          </ns3:TrackPointExtension>
        </extensions>
      </trkpt>
      <trkpt lat="22.606460563838481903076171875" lon="114.305173940956592559814453125">
        <ele>33.200000762939453125</ele>
        <time>2025-02-20T00:51:23.000Z</time>
        <extensions>
          <ns3:TrackPointExtension>
            <ns3:atemp>22.0</ns3:atemp>
            <ns3:hr>169</ns3:hr>
          </ns3:TrackPointExtension>
        </extensions>
      </trkpt>
      <trkpt lat="22.6064570434391498565673828125" lon="114.3051992543041706085205078125">
        <ele>33.200000762939453125</ele>
        <time>2025-02-20T00:51:24.000Z</time>
        <extensions>
          <ns3:TrackPointExtension>
            <ns3:atemp>22.0</ns3:atemp>
            <ns3:hr>169</ns3:hr>
          </ns3:TrackPointExtension>
        </extensions>
      </trkpt>
      <trkpt lat="22.60645377449691295623779296875" lon="114.30522616021335124969482421875">
        <ele>33.59999847412109375</ele>
        <time>2025-02-20T00:51:25.000Z</time>
        <extensions>
          <ns3:TrackPointExtension>
            <ns3:atemp>22.0</ns3:atemp>
            <ns3:hr>169</ns3:hr>
          </ns3:TrackPointExtension>
        </extensions>
      </trkpt>
      <trkpt lat="22.60644991882145404815673828125" lon="114.30525206029415130615234375">
        <ele>33.799999237060546875</ele>
        <time>2025-02-20T00:51:26.000Z</time>
        <extensions>
          <ns3:TrackPointExtension>
            <ns3:atemp>22.0</ns3:atemp>
            <ns3:hr>169</ns3:hr>
          </ns3:TrackPointExtension>
        </extensions>
      </trkpt>
      <trkpt lat="22.60644681751728057861328125" lon="114.3052750267088413238525390625">
        <ele>34</ele>
        <time>2025-02-20T00:51:27.000Z</time>
        <extensions>
          <ns3:TrackPointExtension>
            <ns3:atemp>22.0</ns3:atemp>
            <ns3:hr>169</ns3:hr>
          </ns3:TrackPointExtension>
        </extensions>
      </trkpt>
      <trkpt lat="22.60644287802278995513916015625" lon="114.30530168116092681884765625">
        <ele>34</ele>
        <time>2025-02-20T00:51:28.000Z</time>
        <extensions>
          <ns3:TrackPointExtension>
            <ns3:atemp>22.0</ns3:atemp>
            <ns3:hr>168</ns3:hr>
          </ns3:TrackPointExtension>
        </extensions>
      </trkpt>
      <trkpt lat="22.6064369268715381622314453125" lon="114.30533009581267833709716796875">
        <ele>34.200000762939453125</ele>
        <time>2025-02-20T00:51:29.000Z</time>
        <extensions>
          <ns3:TrackPointExtension>
            <ns3:atemp>22.0</ns3:atemp>
            <ns3:hr>168</ns3:hr>
          </ns3:TrackPointExtension>
        </extensions>
      </trkpt>
      <trkpt lat="22.60643206536769866943359375" lon="114.30535842664539813995361328125">
        <ele>34.40000152587890625</ele>
        <time>2025-02-20T00:51:30.000Z</time>
        <extensions>
          <ns3:TrackPointExtension>
            <ns3:atemp>22.0</ns3:atemp>
            <ns3:hr>168</ns3:hr>
          </ns3:TrackPointExtension>
        </extensions>
      </trkpt>
      <trkpt lat="22.60642745532095432281494140625" lon="114.30538617074489593505859375">
        <ele>34.59999847412109375</ele>
        <time>2025-02-20T00:51:31.000Z</time>
        <extensions>
          <ns3:TrackPointExtension>
            <ns3:atemp>22.0</ns3:atemp>
            <ns3:hr>168</ns3:hr>
          </ns3:TrackPointExtension>
        </extensions>
      </trkpt>
      <trkpt lat="22.6064218394458293914794921875" lon="114.305411987006664276123046875">
        <ele>34.799999237060546875</ele>
        <time>2025-02-20T00:51:32.000Z</time>
        <extensions>
          <ns3:TrackPointExtension>
            <ns3:atemp>22.0</ns3:atemp>
            <ns3:hr>169</ns3:hr>
          </ns3:TrackPointExtension>
        </extensions>
      </trkpt>
      <trkpt lat="22.606415636837482452392578125" lon="114.3054399825632572174072265625">
        <ele>35</ele>
        <time>2025-02-20T00:51:33.000Z</time>
        <extensions>
          <ns3:TrackPointExtension>
            <ns3:atemp>22.0</ns3:atemp>
            <ns3:hr>168</ns3:hr>
          </ns3:TrackPointExtension>
        </extensions>
      </trkpt>
      <trkpt lat="22.6064087636768817901611328125" lon="114.3054659664630889892578125">
        <ele>35</ele>
        <time>2025-02-20T00:51:34.000Z</time>
        <extensions>
          <ns3:TrackPointExtension>
            <ns3:atemp>22.0</ns3:atemp>
            <ns3:hr>168</ns3:hr>
          </ns3:TrackPointExtension>
        </extensions>
      </trkpt>
      <trkpt lat="22.60640096850693225860595703125" lon="114.3054936267435550689697265625">
        <ele>35.200000762939453125</ele>
        <time>2025-02-20T00:51:35.000Z</time>
        <extensions>
          <ns3:TrackPointExtension>
            <ns3:atemp>22.0</ns3:atemp>
            <ns3:hr>169</ns3:hr>
          </ns3:TrackPointExtension>
        </extensions>
      </trkpt>
      <trkpt lat="22.6063930056989192962646484375" lon="114.30552204139530658721923828125">
        <ele>35.799999237060546875</ele>
        <time>2025-02-20T00:51:36.000Z</time>
        <extensions>
          <ns3:TrackPointExtension>
            <ns3:atemp>22.0</ns3:atemp>
            <ns3:hr>168</ns3:hr>
          </ns3:TrackPointExtension>
        </extensions>
      </trkpt>
      <trkpt lat="22.60638621635735034942626953125" lon="114.305549450218677520751953125">
        <ele>36</ele>
        <time>2025-02-20T00:51:37.000Z</time>
        <extensions>
          <ns3:TrackPointExtension>
            <ns3:atemp>22.0</ns3:atemp>
            <ns3:hr>168</ns3:hr>
          </ns3:TrackPointExtension>
        </extensions>
      </trkpt>
      <trkpt lat="22.60637850500643253326416015625" lon="114.3055761046707630157470703125">
        <ele>36</ele>
        <time>2025-02-20T00:51:38.000Z</time>
        <extensions>
          <ns3:TrackPointExtension>
            <ns3:atemp>22.0</ns3:atemp>
            <ns3:hr>169</ns3:hr>
          </ns3:TrackPointExtension>
        </extensions>
      </trkpt>
      <trkpt lat="22.60636911727488040924072265625" lon="114.30560569278895854949951171875">
        <ele>36.40000152587890625</ele>
        <time>2025-02-20T00:51:39.000Z</time>
        <extensions>
          <ns3:TrackPointExtension>
            <ns3:atemp>22.0</ns3:atemp>
            <ns3:hr>168</ns3:hr>
          </ns3:TrackPointExtension>
        </extensions>
      </trkpt>
      <trkpt lat="22.6063604839146137237548828125" lon="114.305634610354900360107421875">
        <ele>36.59999847412109375</ele>
        <time>2025-02-20T00:51:40.000Z</time>
        <extensions>
          <ns3:TrackPointExtension>
            <ns3:atemp>22.0</ns3:atemp>
            <ns3:hr>168</ns3:hr>
          </ns3:TrackPointExtension>
        </extensions>
      </trkpt>
      <trkpt lat="22.60635369457304477691650390625" lon="114.30566369555890560150146484375">
        <ele>36.59999847412109375</ele>
        <time>2025-02-20T00:51:41.000Z</time>
        <extensions>
          <ns3:TrackPointExtension>
            <ns3:atemp>22.0</ns3:atemp>
            <ns3:hr>168</ns3:hr>
          </ns3:TrackPointExtension>
        </extensions>
      </trkpt>
      <trkpt lat="22.60634514503180980682373046875" lon="114.30569387041032314300537109375">
        <ele>36.799999237060546875</ele>
        <time>2025-02-20T00:51:42.000Z</time>
        <extensions>
          <ns3:TrackPointExtension>
            <ns3:atemp>22.0</ns3:atemp>
            <ns3:hr>167</ns3:hr>
          </ns3:TrackPointExtension>
        </extensions>
      </trkpt>
      <trkpt lat="22.60633743368089199066162109375" lon="114.3057239614427089691162109375">
        <ele>37</ele>
        <time>2025-02-20T00:51:43.000Z</time>
        <extensions>
          <ns3:TrackPointExtension>
            <ns3:atemp>22.0</ns3:atemp>
            <ns3:hr>167</ns3:hr>
          </ns3:TrackPointExtension>
        </extensions>
      </trkpt>
      <trkpt lat="22.6063319854438304901123046875" lon="114.30575095117092132568359375">
        <ele>37</ele>
        <time>2025-02-20T00:51:44.000Z</time>
        <extensions>
          <ns3:TrackPointExtension>
            <ns3:atemp>22.0</ns3:atemp>
            <ns3:hr>166</ns3:hr>
          </ns3:TrackPointExtension>
        </extensions>
      </trkpt>
      <trkpt lat="22.6063306443393230438232421875" lon="114.30577601306140422821044921875">
        <ele>37.200000762939453125</ele>
        <time>2025-02-20T00:51:45.000Z</time>
        <extensions>
          <ns3:TrackPointExtension>
            <ns3:atemp>22.0</ns3:atemp>
            <ns3:hr>166</ns3:hr>
          </ns3:TrackPointExtension>
        </extensions>
      </trkpt>
      <trkpt lat="22.60632385499775409698486328125" lon="114.305799901485443115234375">
        <ele>37.40000152587890625</ele>
        <time>2025-02-20T00:51:46.000Z</time>
        <extensions>
          <ns3:TrackPointExtension>
            <ns3:atemp>22.0</ns3:atemp>
            <ns3:hr>166</ns3:hr>
          </ns3:TrackPointExtension>
        </extensions>
      </trkpt>
      <trkpt lat="22.60631631128489971160888671875" lon="114.305825717747211456298828125">
        <ele>37.59999847412109375</ele>
        <time>2025-02-20T00:51:47.000Z</time>
        <extensions>
          <ns3:TrackPointExtension>
            <ns3:atemp>22.0</ns3:atemp>
            <ns3:hr>167</ns3:hr>
          </ns3:TrackPointExtension>
        </extensions>
      </trkpt>
      <trkpt lat="22.60631228797137737274169921875" lon="114.3058490194380283355712890625">
        <ele>37.799999237060546875</ele>
        <time>2025-02-20T00:51:48.000Z</time>
        <extensions>
          <ns3:TrackPointExtension>
            <ns3:atemp>22.0</ns3:atemp>
            <ns3:hr>166</ns3:hr>
          </ns3:TrackPointExtension>
        </extensions>
      </trkpt>
      <trkpt lat="22.60630474425852298736572265625" lon="114.305877350270748138427734375">
        <ele>38</ele>
        <time>2025-02-20T00:51:49.000Z</time>
        <extensions>
          <ns3:TrackPointExtension>
            <ns3:atemp>22.0</ns3:atemp>
            <ns3:hr>167</ns3:hr>
          </ns3:TrackPointExtension>
        </extensions>
      </trkpt>
      <trkpt lat="22.6062930934131145477294921875" lon="114.305905513465404510498046875">
        <ele>38</ele>
        <time>2025-02-20T00:51:50.000Z</time>
        <extensions>
          <ns3:TrackPointExtension>
            <ns3:atemp>22.0</ns3:atemp>
            <ns3:hr>166</ns3:hr>
          </ns3:TrackPointExtension>
        </extensions>
      </trkpt>
      <trkpt lat="22.60628186166286468505859375" lon="114.30593526922166347503662109375">
        <ele>38.200000762939453125</ele>
        <time>2025-02-20T00:51:51.000Z</time>
        <extensions>
          <ns3:TrackPointExtension>
            <ns3:atemp>22.0</ns3:atemp>
            <ns3:hr>165</ns3:hr>
          </ns3:TrackPointExtension>
        </extensions>
      </trkpt>
      <trkpt lat="22.6062723062932491302490234375" lon="114.30596225894987583160400390625">
        <ele>38.200000762939453125</ele>
        <time>2025-02-20T00:51:52.000Z</time>
        <extensions>
          <ns3:TrackPointExtension>
            <ns3:atemp>22.0</ns3:atemp>
            <ns3:hr>165</ns3:hr>
          </ns3:TrackPointExtension>
        </extensions>
      </trkpt>
      <trkpt lat="22.60626333765685558319091796875" lon="114.30599276907742023468017578125">
        <ele>38.40000152587890625</ele>
        <time>2025-02-20T00:51:53.000Z</time>
        <extensions>
          <ns3:TrackPointExtension>
            <ns3:atemp>22.0</ns3:atemp>
            <ns3:hr>165</ns3:hr>
          </ns3:TrackPointExtension>
        </extensions>
      </trkpt>
      <trkpt lat="22.60625302791595458984375" lon="114.30602428503334522247314453125">
        <ele>38.40000152587890625</ele>
        <time>2025-02-20T00:51:54.000Z</time>
        <extensions>
          <ns3:TrackPointExtension>
            <ns3:atemp>22.0</ns3:atemp>
            <ns3:hr>165</ns3:hr>
          </ns3:TrackPointExtension>
        </extensions>
      </trkpt>
      <trkpt lat="22.6062441430985927581787109375" lon="114.3060548789799213409423828125">
        <ele>38.59999847412109375</ele>
        <time>2025-02-20T00:51:55.000Z</time>
        <extensions>
          <ns3:TrackPointExtension>
            <ns3:atemp>22.0</ns3:atemp>
            <ns3:hr>165</ns3:hr>
          </ns3:TrackPointExtension>
        </extensions>
      </trkpt>
      <trkpt lat="22.60623735375702381134033203125" lon="114.30608463473618030548095703125">
        <ele>38.59999847412109375</ele>
        <time>2025-02-20T00:51:56.000Z</time>
        <extensions>
          <ns3:TrackPointExtension>
            <ns3:atemp>22.0</ns3:atemp>
            <ns3:hr>166</ns3:hr>
          </ns3:TrackPointExtension>
        </extensions>
      </trkpt>
      <trkpt lat="22.60622947476804256439208984375" lon="114.30611765943467617034912109375">
        <ele>38.799999237060546875</ele>
        <time>2025-02-20T00:51:57.000Z</time>
        <extensions>
          <ns3:TrackPointExtension>
            <ns3:atemp>22.0</ns3:atemp>
            <ns3:hr>166</ns3:hr>
          </ns3:TrackPointExtension>
        </extensions>
      </trkpt>
      <trkpt lat="22.6062221825122833251953125" lon="114.30614666081964969635009765625">
        <ele>39</ele>
        <time>2025-02-20T00:51:58.000Z</time>
        <extensions>
          <ns3:TrackPointExtension>
            <ns3:atemp>22.0</ns3:atemp>
            <ns3:hr>166</ns3:hr>
          </ns3:TrackPointExtension>
        </extensions>
      </trkpt>
      <trkpt lat="22.6062149740755558013916015625" lon="114.30617482401430606842041015625">
        <ele>39</ele>
        <time>2025-02-20T00:51:59.000Z</time>
        <extensions>
          <ns3:TrackPointExtension>
            <ns3:atemp>22.0</ns3:atemp>
            <ns3:hr>166</ns3:hr>
          </ns3:TrackPointExtension>
        </extensions>
      </trkpt>
      <trkpt lat="22.60620868764817714691162109375" lon="114.30620315484702587127685546875">
        <ele>39</ele>
        <time>2025-02-20T00:52:00.000Z</time>
        <extensions>
          <ns3:TrackPointExtension>
            <ns3:atemp>22.0</ns3:atemp>
            <ns3:hr>166</ns3:hr>
          </ns3:TrackPointExtension>
        </extensions>
      </trkpt>
      <trkpt lat="22.60620164684951305389404296875" lon="114.30623374879360198974609375">
        <ele>39</ele>
        <time>2025-02-20T00:52:01.000Z</time>
        <extensions>
          <ns3:TrackPointExtension>
            <ns3:atemp>22.0</ns3:atemp>
            <ns3:hr>166</ns3:hr>
          </ns3:TrackPointExtension>
        </extensions>
      </trkpt>
      <trkpt lat="22.606194354593753814697265625" lon="114.3062652647495269775390625">
        <ele>39.200000762939453125</ele>
        <time>2025-02-20T00:52:02.000Z</time>
        <extensions>
          <ns3:TrackPointExtension>
            <ns3:atemp>22.0</ns3:atemp>
            <ns3:hr>166</ns3:hr>
          </ns3:TrackPointExtension>
        </extensions>
      </trkpt>
      <trkpt lat="22.60618756525218486785888671875" lon="114.30629535578191280364990234375">
        <ele>39.40000152587890625</ele>
        <time>2025-02-20T00:52:03.000Z</time>
        <extensions>
          <ns3:TrackPointExtension>
            <ns3:atemp>22.0</ns3:atemp>
            <ns3:hr>166</ns3:hr>
          </ns3:TrackPointExtension>
        </extensions>
      </trkpt>
      <trkpt lat="22.60655519552528858184814453125" lon="114.30853600613772869110107421875">
        <ele>45.200000762939453125</ele>
        <time>2025-02-20T00:52:58.000Z</time>
        <extensions>
          <ns3:TrackPointExtension>
            <ns3:atemp>22.0</ns3:atemp>
            <ns3:hr>155</ns3:hr>
          </ns3:TrackPointExtension>
        </extensions>
      </trkpt>
      <trkpt lat="22.60668863542377948760986328125" lon="114.3085862137377262115478515625">
        <ele>45.200000762939453125</ele>
        <time>2025-02-20T00:52:59.000Z</time>
        <extensions>
          <ns3:TrackPointExtension>
            <ns3:atemp>22.0</ns3:atemp>
            <ns3:hr>155</ns3:hr>
          </ns3:TrackPointExtension>
        </extensions>
      </trkpt>
      <trkpt lat="22.60675585828721523284912109375" lon="114.3086308054625988006591796875">
        <ele>45.200000762939453125</ele>
        <time>2025-02-20T00:53:00.000Z</time>
        <extensions>
          <ns3:TrackPointExtension>
            <ns3:atemp>22.0</ns3:atemp>
            <ns3:hr>155</ns3:hr>
          </ns3:TrackPointExtension>
        </extensions>
      </trkpt>
      <trkpt lat="22.60680816136300563812255859375" lon="114.30868168361485004425048828125">
        <ele>45.200000762939453125</ele>
        <time>2025-02-20T00:53:01.000Z</time>
        <extensions>
          <ns3:TrackPointExtension>
            <ns3:atemp>22.0</ns3:atemp>
            <ns3:hr>154</ns3:hr>
          </ns3:TrackPointExtension>
        </extensions>
      </trkpt>
      <trkpt lat="22.6068828441202640533447265625" lon="114.30874404497444629669189453125">
        <ele>45.40000152587890625</ele>
        <time>2025-02-20T00:53:02.000Z</time>
        <extensions>
          <ns3:TrackPointExtension>
            <ns3:atemp>22.0</ns3:atemp>
            <ns3:hr>155</ns3:hr>
          </ns3:TrackPointExtension>
        </extensions>
      </trkpt>
      <trkpt lat="22.60688896290957927703857421875" lon="114.3087919056415557861328125">
        <ele>45.40000152587890625</ele>
        <time>2025-02-20T00:53:03.000Z</time>
        <extensions>
          <ns3:TrackPointExtension>
            <ns3:atemp>23.0</ns3:atemp>
            <ns3:hr>155</ns3:hr>
          </ns3:TrackPointExtension>
        </extensions>
      </trkpt>
      <trkpt lat="22.60692148469388484954833984375" lon="114.30882937274873256683349609375">
        <ele>45.40000152587890625</ele>
        <time>2025-02-20T00:53:04.000Z</time>
        <extensions>
          <ns3:TrackPointExtension>
            <ns3:atemp>22.0</ns3:atemp>
            <ns3:hr>154</ns3:hr>
          </ns3:TrackPointExtension>
        </extensions>
      </trkpt>
      <trkpt lat="22.60691880248486995697021484375" lon="114.30887631140649318695068359375">
        <ele>45.40000152587890625</ele>
        <time>2025-02-20T00:53:05.000Z</time>
        <extensions>
          <ns3:TrackPointExtension>
            <ns3:atemp>23.0</ns3:atemp>
            <ns3:hr>154</ns3:hr>
          </ns3:TrackPointExtension>
        </extensions>
      </trkpt>
      <trkpt lat="22.60691612027585506439208984375" lon="114.30892526172101497650146484375">
        <ele>45.40000152587890625</ele>
        <time>2025-02-20T00:53:06.000Z</time>
        <extensions>
          <ns3:TrackPointExtension>
            <ns3:atemp>23.0</ns3:atemp>
            <ns3:hr>154</ns3:hr>
          </ns3:TrackPointExtension>
        </extensions>
      </trkpt>
      <trkpt lat="22.606926597654819488525390625" lon="114.30897471494972705841064453125">
        <ele>45.40000152587890625</ele>
        <time>2025-02-20T00:53:07.000Z</time>
        <extensions>
          <ns3:TrackPointExtension>
            <ns3:atemp>22.0</ns3:atemp>
            <ns3:hr>154</ns3:hr>
          </ns3:TrackPointExtension>
        </extensions>
      </trkpt>
      <trkpt lat="22.60694436728954315185546875" lon="114.309018217027187347412109375">
        <ele>45.40000152587890625</ele>
        <time>2025-02-20T00:53:08.000Z</time>
        <extensions>
          <ns3:TrackPointExtension>
            <ns3:atemp>22.0</ns3:atemp>
            <ns3:hr>153</ns3:hr>
          </ns3:TrackPointExtension>
        </extensions>
      </trkpt>
      <trkpt lat="22.6069773919880390167236328125" lon="114.3090549297630786895751953125">
        <ele>45.40000152587890625</ele>
        <time>2025-02-20T00:53:09.000Z</time>
        <extensions>
          <ns3:TrackPointExtension>
            <ns3:atemp>23.0</ns3:atemp>
            <ns3:hr>153</ns3:hr>
          </ns3:TrackPointExtension>
        </extensions>
      </trkpt>
      <trkpt lat="22.60701544582843780517578125" lon="114.3090871162712574005126953125">
        <ele>45.40000152587890625</ele>
        <time>2025-02-20T00:53:10.000Z</time>
        <extensions>
          <ns3:TrackPointExtension>
            <ns3:atemp>22.0</ns3:atemp>
            <ns3:hr>152</ns3:hr>
          </ns3:TrackPointExtension>
        </extensions>
      </trkpt>
      <trkpt lat="22.60705442167818546295166015625" lon="114.30911972187459468841552734375">
        <ele>45.40000152587890625</ele>
        <time>2025-02-20T00:53:11.000Z</time>
        <extensions>
          <ns3:TrackPointExtension>
            <ns3:atemp>22.0</ns3:atemp>
            <ns3:hr>151</ns3:hr>
          </ns3:TrackPointExtension>
        </extensions>
      </trkpt>
      <trkpt lat="22.6070937328040599822998046875" lon="114.30914972908794879913330078125">
        <ele>45.40000152587890625</ele>
        <time>2025-02-20T00:53:12.000Z</time>
        <extensions>
          <ns3:TrackPointExtension>
            <ns3:atemp>22.0</ns3:atemp>
            <ns3:hr>150</ns3:hr>
          </ns3:TrackPointExtension>
        </extensions>
      </trkpt>
      <trkpt lat="22.60713589377701282501220703125" lon="114.3091830052435398101806640625">
        <ele>45.40000152587890625</ele>
        <time>2025-02-20T00:53:13.000Z</time>
        <extensions>
          <ns3:TrackPointExtension>
            <ns3:atemp>22.0</ns3:atemp>
            <ns3:hr>150</ns3:hr>
          </ns3:TrackPointExtension>
        </extensions>
      </trkpt>
      <trkpt lat="22.60717713274061679840087890625" lon="114.309220053255558013916015625">
        <ele>45.59999847412109375</ele>
        <time>2025-02-20T00:53:14.000Z</time>
        <extensions>
          <ns3:TrackPointExtension>
            <ns3:atemp>22.0</ns3:atemp>
            <ns3:hr>149</ns3:hr>
          </ns3:TrackPointExtension>
        </extensions>
      </trkpt>
      <trkpt lat="22.60721518658101558685302734375" lon="114.3092594482004642486572265625">
        <ele>45.59999847412109375</ele>
        <time>2025-02-20T00:53:15.000Z</time>
        <extensions>
          <ns3:TrackPointExtension>
            <ns3:atemp>23.0</ns3:atemp>
            <ns3:hr>149</ns3:hr>
          </ns3:TrackPointExtension>
        </extensions>
      </trkpt>
      <trkpt lat="22.60724821127951145172119140625" lon="114.30930512957274913787841796875">
        <ele>45.59999847412109375</ele>
        <time>2025-02-20T00:53:16.000Z</time>
        <extensions>
          <ns3:TrackPointExtension>
            <ns3:atemp>22.0</ns3:atemp>
            <ns3:hr>148</ns3:hr>
          </ns3:TrackPointExtension>
        </extensions>
      </trkpt>
      <trkpt lat="22.6072776317596435546875" lon="114.30934938602149486541748046875">
        <ele>45.59999847412109375</ele>
        <time>2025-02-20T00:53:17.000Z</time>
        <extensions>
          <ns3:TrackPointExtension>
            <ns3:atemp>22.0</ns3:atemp>
            <ns3:hr>148</ns3:hr>
          </ns3:TrackPointExtension>
        </extensions>
      </trkpt>
      <trkpt lat="22.6073057949542999267578125" lon="114.30939716286957263946533203125">
        <ele>45.799999237060546875</ele>
        <time>2025-02-20T00:53:18.000Z</time>
        <extensions>
          <ns3:TrackPointExtension>
            <ns3:atemp>22.0</ns3:atemp>
            <ns3:hr>148</ns3:hr>
          </ns3:TrackPointExtension>
        </extensions>
      </trkpt>
      <trkpt lat="22.60733437724411487579345703125" lon="114.3094398267567157745361328125">
        <ele>45.799999237060546875</ele>
        <time>2025-02-20T00:53:19.000Z</time>
        <extensions>
          <ns3:TrackPointExtension>
            <ns3:atemp>22.0</ns3:atemp>
            <ns3:hr>147</ns3:hr>
          </ns3:TrackPointExtension>
        </extensions>
      </trkpt>
      <trkpt lat="22.60736840777099132537841796875" lon="114.3094757013022899627685546875">
        <ele>45.799999237060546875</ele>
        <time>2025-02-20T00:53:20.000Z</time>
        <extensions>
          <ns3:TrackPointExtension>
            <ns3:atemp>22.0</ns3:atemp>
            <ns3:hr>147</ns3:hr>
          </ns3:TrackPointExtension>
        </extensions>
      </trkpt>
      <trkpt lat="22.60740947909653186798095703125" lon="114.30950528942048549652099609375">
        <ele>45.799999237060546875</ele>
        <time>2025-02-20T00:53:21.000Z</time>
        <extensions>
          <ns3:TrackPointExtension>
            <ns3:atemp>22.0</ns3:atemp>
            <ns3:hr>147</ns3:hr>
          </ns3:TrackPointExtension>
        </extensions>
      </trkpt>
      <trkpt lat="22.60745122097432613372802734375" lon="114.30953948758542537689208984375">
        <ele>45.799999237060546875</ele>
        <time>2025-02-20T00:53:22.000Z</time>
        <extensions>
          <ns3:TrackPointExtension>
            <ns3:atemp>22.0</ns3:atemp>
            <ns3:hr>147</ns3:hr>
          </ns3:TrackPointExtension>
        </extensions>
      </trkpt>
      <trkpt lat="22.60748038999736309051513671875" lon="114.30958106182515621185302734375">
        <ele>45.59999847412109375</ele>
        <time>2025-02-20T00:53:23.000Z</time>
        <extensions>
          <ns3:TrackPointExtension>
            <ns3:atemp>22.0</ns3:atemp>
            <ns3:hr>147</ns3:hr>
          </ns3:TrackPointExtension>
        </extensions>
      </trkpt>
      <trkpt lat="22.60750318877398967742919921875" lon="114.30962582118809223175048828125">
        <ele>45.59999847412109375</ele>
        <time>2025-02-20T00:53:24.000Z</time>
        <extensions>
          <ns3:TrackPointExtension>
            <ns3:atemp>22.0</ns3:atemp>
            <ns3:hr>147</ns3:hr>
          </ns3:TrackPointExtension>
        </extensions>
      </trkpt>
      <trkpt lat="22.60751701891422271728515625" lon="114.30967259220778942108154296875">
        <ele>45.59999847412109375</ele>
        <time>2025-02-20T00:53:25.000Z</time>
        <extensions>
          <ns3:TrackPointExtension>
            <ns3:atemp>22.0</ns3:atemp>
            <ns3:hr>146</ns3:hr>
          </ns3:TrackPointExtension>
        </extensions>
      </trkpt>
      <trkpt lat="22.6075181923806667327880859375" lon="114.30972254835069179534912109375">
        <ele>45.799999237060546875</ele>
        <time>2025-02-20T00:53:26.000Z</time>
        <extensions>
          <ns3:TrackPointExtension>
            <ns3:atemp>22.0</ns3:atemp>
            <ns3:hr>146</ns3:hr>
          </ns3:TrackPointExtension>
        </extensions>
      </trkpt>
      <trkpt lat="22.6075047813355922698974609375" lon="114.30977015756070613861083984375">
        <ele>45.59999847412109375</ele>
        <time>2025-02-20T00:53:27.000Z</time>
        <extensions>
          <ns3:TrackPointExtension>
            <ns3:atemp>22.0</ns3:atemp>
            <ns3:hr>145</ns3:hr>
          </ns3:TrackPointExtension>
        </extensions>
      </trkpt>
      <trkpt lat="22.60748290456831455230712890625" lon="114.30981290526688098907470703125">
        <ele>45.59999847412109375</ele>
        <time>2025-02-20T00:53:28.000Z</time>
        <extensions>
          <ns3:TrackPointExtension>
            <ns3:atemp>22.0</ns3:atemp>
            <ns3:hr>145</ns3:hr>
          </ns3:TrackPointExtension>
        </extensions>
      </trkpt>
      <trkpt lat="22.60745801031589508056640625" lon="114.30985565297305583953857421875">
        <ele>45.59999847412109375</ele>
        <time>2025-02-20T00:53:29.000Z</time>
        <extensions>
          <ns3:TrackPointExtension>
            <ns3:atemp>22.0</ns3:atemp>
            <ns3:hr>144</ns3:hr>
          </ns3:TrackPointExtension>
        </extensions>
      </trkpt>
      <trkpt lat="22.60743252933025360107421875" lon="114.30990158580243587493896484375">
        <ele>45.59999847412109375</ele>
        <time>2025-02-20T00:53:30.000Z</time>
        <extensions>
          <ns3:TrackPointExtension>
            <ns3:atemp>22.0</ns3:atemp>
            <ns3:hr>144</ns3:hr>
          </ns3:TrackPointExtension>
        </extensions>
      </trkpt>
      <trkpt lat="22.60740847326815128326416015625" lon="114.3099517934024333953857421875">
        <ele>45.40000152587890625</ele>
        <time>2025-02-20T00:53:31.000Z</time>
        <extensions>
          <ns3:TrackPointExtension>
            <ns3:atemp>22.0</ns3:atemp>
            <ns3:hr>144</ns3:hr>
          </ns3:TrackPointExtension>
        </extensions>
      </trkpt>
      <trkpt lat="22.60738466866314411163330078125" lon="114.3100024200975894927978515625">
        <ele>45.40000152587890625</ele>
        <time>2025-02-20T00:53:32.000Z</time>
        <extensions>
          <ns3:TrackPointExtension>
            <ns3:atemp>22.0</ns3:atemp>
            <ns3:hr>143</ns3:hr>
          </ns3:TrackPointExtension>
        </extensions>
      </trkpt>
      <trkpt lat="22.60736421681940555572509765625" lon="114.31005396880209445953369140625">
        <ele>45.200000762939453125</ele>
        <time>2025-02-20T00:53:33.000Z</time>
        <extensions>
          <ns3:TrackPointExtension>
            <ns3:atemp>22.0</ns3:atemp>
            <ns3:hr>143</ns3:hr>
          </ns3:TrackPointExtension>
        </extensions>
      </trkpt>
      <trkpt lat="22.6073433458805084228515625" lon="114.31010258384048938751220703125">
        <ele>45.200000762939453125</ele>
        <time>2025-02-20T00:53:34.000Z</time>
        <extensions>
          <ns3:TrackPointExtension>
            <ns3:atemp>22.0</ns3:atemp>
            <ns3:hr>142</ns3:hr>
          </ns3:TrackPointExtension>
        </extensions>
      </trkpt>
      <trkpt lat="22.60732431896030902862548828125" lon="114.31015186943113803863525390625">
        <ele>45.200000762939453125</ele>
        <time>2025-02-20T00:53:35.000Z</time>
        <extensions>
          <ns3:TrackPointExtension>
            <ns3:atemp>22.0</ns3:atemp>
            <ns3:hr>142</ns3:hr>
          </ns3:TrackPointExtension>
        </extensions>
      </trkpt>
      <trkpt lat="22.60730721987783908843994140625" lon="114.31020216085016727447509765625">
        <ele>45.200000762939453125</ele>
        <time>2025-02-20T00:53:36.000Z</time>
        <extensions>
          <ns3:TrackPointExtension>
            <ns3:atemp>22.0</ns3:atemp>
            <ns3:hr>142</ns3:hr>
          </ns3:TrackPointExtension>
        </extensions>
      </trkpt>
      <trkpt lat="22.60729397647082805633544921875" lon="114.31025228463113307952880859375">
        <ele>45.200000762939453125</ele>
        <time>2025-02-20T00:53:37.000Z</time>
        <extensions>
          <ns3:TrackPointExtension>
            <ns3:atemp>22.0</ns3:atemp>
            <ns3:hr>142</ns3:hr>
          </ns3:TrackPointExtension>
        </extensions>
      </trkpt>
      <trkpt lat="22.607284672558307647705078125" lon="114.3103038333356380462646484375">
        <ele>45.200000762939453125</ele>
        <time>2025-02-20T00:53:38.000Z</time>
        <extensions>
          <ns3:TrackPointExtension>
            <ns3:atemp>22.0</ns3:atemp>
            <ns3:hr>142</ns3:hr>
          </ns3:TrackPointExtension>
        </extensions>
      </trkpt>
      <trkpt lat="22.60727687738835811614990234375" lon="114.310353957116603851318359375">
        <ele>45.40000152587890625</ele>
        <time>2025-02-20T00:53:39.000Z</time>
        <extensions>
          <ns3:TrackPointExtension>
            <ns3:atemp>22.0</ns3:atemp>
            <ns3:hr>142</ns3:hr>
          </ns3:TrackPointExtension>
        </extensions>
      </trkpt>
      <trkpt lat="22.607270590960979461669921875" lon="114.310404919087886810302734375">
        <ele>45.40000152587890625</ele>
        <time>2025-02-20T00:53:40.000Z</time>
        <extensions>
          <ns3:TrackPointExtension>
            <ns3:atemp>22.0</ns3:atemp>
            <ns3:hr>141</ns3:hr>
          </ns3:TrackPointExtension>
        </extensions>
      </trkpt>
      <trkpt lat="22.60726665146648883819580078125" lon="114.310453198850154876708984375">
        <ele>45.40000152587890625</ele>
        <time>2025-02-20T00:53:41.000Z</time>
        <extensions>
          <ns3:TrackPointExtension>
            <ns3:atemp>22.0</ns3:atemp>
            <ns3:hr>141</ns3:hr>
          </ns3:TrackPointExtension>
        </extensions>
      </trkpt>
      <trkpt lat="22.6072647236287593841552734375" lon="114.31049485690891742706298828125">
        <ele>45.40000152587890625</ele>
        <time>2025-02-20T00:53:42.000Z</time>
        <extensions>
          <ns3:TrackPointExtension>
            <ns3:atemp>22.0</ns3:atemp>
            <ns3:hr>141</ns3:hr>
          </ns3:TrackPointExtension>
        </extensions>
      </trkpt>
      <trkpt lat="22.60726296342909336090087890625" lon="114.31050793267786502838134765625">
        <ele>45.40000152587890625</ele>
        <time>2025-02-20T00:53:43.000Z</time>
        <extensions>
          <ns3:TrackPointExtension>
            <ns3:atemp>22.0</ns3:atemp>
            <ns3:hr>140</ns3:hr>
          </ns3:TrackPointExtension>
        </extensions>
      </trkpt>
      <trkpt lat="22.607249133288860321044921875" lon="114.3105106987059116363525390625">
        <ele>45.40000152587890625</ele>
        <time>2025-02-20T00:53:44.000Z</time>
        <extensions>
          <ns3:TrackPointExtension>
            <ns3:atemp>22.0</ns3:atemp>
            <ns3:hr>140</ns3:hr>
          </ns3:TrackPointExtension>
        </extensions>
      </trkpt>
      <trkpt lat="22.607237063348293304443359375" lon="114.310514889657497406005859375">
        <ele>45.59999847412109375</ele>
        <time>2025-02-20T00:53:45.000Z</time>
        <extensions>
          <ns3:TrackPointExtension>
            <ns3:atemp>22.0</ns3:atemp>
            <ns3:hr>139</ns3:hr>
          </ns3:TrackPointExtension>
        </extensions>
      </trkpt>
      <trkpt lat="22.6072342135012149810791015625" lon="114.31051782332360744476318359375">
        <ele>45.799999237060546875</ele>
        <time>2025-02-20T00:53:46.000Z</time>
        <extensions>
          <ns3:TrackPointExtension>
            <ns3:atemp>22.0</ns3:atemp>
            <ns3:hr>138</ns3:hr>
          </ns3:TrackPointExtension>
        </extensions>
      </trkpt>
      <trkpt lat="22.60724502615630626678466796875" lon="114.31052352301776409149169921875">
        <ele>46</ele>
        <time>2025-02-20T00:53:47.000Z</time>
        <extensions>
          <ns3:TrackPointExtension>
            <ns3:atemp>22.0</ns3:atemp>
            <ns3:hr>138</ns3:hr>
          </ns3:TrackPointExtension>
        </extensions>
      </trkpt>
      <trkpt lat="22.60725977830588817596435546875" lon="114.3105234391987323760986328125">
        <ele>46</ele>
        <time>2025-02-20T00:53:48.000Z</time>
        <extensions>
          <ns3:TrackPointExtension>
            <ns3:atemp>22.0</ns3:atemp>
            <ns3:hr>138</ns3:hr>
          </ns3:TrackPointExtension>
        </extensions>
      </trkpt>
    </trkseg>
  </trk>
</gpx>
