<gpx xmlns:ns3="http://www.garmin.com/xmlschemas/TrackPointExtension/v1" xmlns="http://www.topografix.com/GPX/1/1" xmlns:xsi="http://www.w3.org/2001/XMLSchema-instance" xmlns:ns2="http://www.garmin.com/xmlschemas/GpxExtensions/v3" creator="Garmin Connect" version="1.1" xsi:schemaLocation="http://www.topografix.com/GPX/1/1 http://www.topografix.com/GPX/11.xsd">
  <extensions>
<distance>8865.7</distance>
<average_hr>128.0</average_hr>
<average_speed>6.165999889373779</average_speed>
<start_time>2025-06-05T10:54:02+00:00</start_time>
<end_time>2025-06-05T11:17:59.724000+00:00</end_time>
<moving_time>1405.487</moving_time>
<elapsed_time>1514.723</elapsed_time>
</extensions>
<metadata>
    <link href="connect.garmin.com">
      <text>Garmin Connect</text>
    </link>
    <time>2025-06-05T10:54:02.000Z</time>
  </metadata>
  <trk>
    <name>深圳市 骑行</name>
    <type>cycling</type>
    <trkseg>
      <trkpt lat="22.6077079586684703826904296875" lon="114.31123062036931514739990234375">
        <ele>45.59999847412109375</ele>
        <time>2025-06-05T10:54:02.000Z</time>
        <extensions>
          <ns3:TrackPointExtension>
            <ns3:atemp>29.0</ns3:atemp>
            <ns3:hr>86</ns3:hr>
          </ns3:TrackPointExtension>
        </extensions>
      </trkpt>
      <trkpt lat="22.607856653630733489990234375" lon="114.31037214584648609161376953125">
        <ele>45.799999237060546875</ele>
        <time>2025-06-05T10:54:03.000Z</time>
        <extensions>
          <ns3:TrackPointExtension>
            <ns3:atemp>29.0</ns3:atemp>
            <ns3:hr>86</ns3:hr>
          </ns3:TrackPointExtension>
        </extensions>
      </trkpt>
      <trkpt lat="22.60773335583508014678955078125" lon="114.31034901179373264312744140625">
        <ele>45.59999847412109375</ele>
        <time>2025-06-05T10:54:04.000Z</time>
        <extensions>
          <ns3:TrackPointExtension>
            <ns3:atemp>29.0</ns3:atemp>
            <ns3:hr>86</ns3:hr>
          </ns3:TrackPointExtension>
        </extensions>
      </trkpt>
      <trkpt lat="22.60789697058498859405517578125" lon="114.310326464474201202392578125">
        <ele>45.59999847412109375</ele>
        <time>2025-06-05T10:54:05.000Z</time>
        <extensions>
          <ns3:TrackPointExtension>
            <ns3:atemp>29.0</ns3:atemp>
            <ns3:hr>86</ns3:hr>
          </ns3:TrackPointExtension>
        </extensions>
      </trkpt>
      <trkpt lat="22.607876770198345184326171875" lon="114.31030324660241603851318359375">
        <ele>45.40000152587890625</ele>
        <time>2025-06-05T10:54:06.000Z</time>
        <extensions>
          <ns3:TrackPointExtension>
            <ns3:atemp>29.0</ns3:atemp>
            <ns3:hr>85</ns3:hr>
          </ns3:TrackPointExtension>
        </extensions>
      </trkpt>
      <trkpt lat="22.60785757564008235931396484375" lon="114.310263432562351226806640625">
        <ele>45.40000152587890625</ele>
        <time>2025-06-05T10:54:07.000Z</time>
        <extensions>
          <ns3:TrackPointExtension>
            <ns3:atemp>29.0</ns3:atemp>
            <ns3:hr>85</ns3:hr>
            <ns3:cad>48</ns3:cad>
          </ns3:TrackPointExtension>
        </extensions>
      </trkpt>
      <trkpt lat="22.60785204358398914337158203125" lon="114.31022261269390583038330078125">
        <ele>45.200000762939453125</ele>
        <time>2025-06-05T10:54:08.000Z</time>
        <extensions>
          <ns3:TrackPointExtension>
            <ns3:atemp>29.0</ns3:atemp>
            <ns3:hr>85</ns3:hr>
            <ns3:cad>58</ns3:cad>
          </ns3:TrackPointExtension>
        </extensions>
      </trkpt>
      <trkpt lat="22.6077998243272304534912109375" lon="114.3101888336241245269775390625">
        <ele>45.200000762939453125</ele>
        <time>2025-06-05T10:54:09.000Z</time>
        <extensions>
          <ns3:TrackPointExtension>
            <ns3:atemp>29.0</ns3:atemp>
            <ns3:hr>86</ns3:hr>
            <ns3:cad>60</ns3:cad>
          </ns3:TrackPointExtension>
        </extensions>
      </trkpt>
      <trkpt lat="22.60777585208415985107421875" lon="114.3101737461984157562255859375">
        <ele>45</ele>
        <time>2025-06-05T10:54:10.000Z</time>
        <extensions>
          <ns3:TrackPointExtension>
            <ns3:atemp>29.0</ns3:atemp>
            <ns3:hr>86</ns3:hr>
            <ns3:cad>58</ns3:cad>
          </ns3:TrackPointExtension>
        </extensions>
      </trkpt>
      <trkpt lat="22.6077502034604549407958984375" lon="114.310147427022457122802734375">
        <ele>45</ele>
        <time>2025-06-05T10:54:11.000Z</time>
        <extensions>
          <ns3:TrackPointExtension>
            <ns3:atemp>29.0</ns3:atemp>
            <ns3:hr>87</ns3:hr>
            <ns3:cad>59</ns3:cad>
          </ns3:TrackPointExtension>
        </extensions>
      </trkpt>
      <trkpt lat="22.60774995200335979461669921875" lon="114.31012555025517940521240234375">
        <ele>45</ele>
        <time>2025-06-05T10:54:12.000Z</time>
        <extensions>
          <ns3:TrackPointExtension>
            <ns3:atemp>29.0</ns3:atemp>
            <ns3:hr>87</ns3:hr>
            <ns3:cad>62</ns3:cad>
          </ns3:TrackPointExtension>
        </extensions>
      </trkpt>
      <trkpt lat="22.6077411510050296783447265625" lon="114.31009185500442981719970703125">
        <ele>45</ele>
        <time>2025-06-05T10:54:13.000Z</time>
        <extensions>
          <ns3:TrackPointExtension>
            <ns3:atemp>29.0</ns3:atemp>
            <ns3:hr>87</ns3:hr>
            <ns3:cad>62</ns3:cad>
          </ns3:TrackPointExtension>
        </extensions>
      </trkpt>
      <trkpt lat="22.607754729688167572021484375" lon="114.31005530990660190582275390625">
        <ele>44.799999237060546875</ele>
        <time>2025-06-05T10:54:14.000Z</time>
        <extensions>
          <ns3:TrackPointExtension>
            <ns3:atemp>29.0</ns3:atemp>
            <ns3:hr>87</ns3:hr>
            <ns3:cad>62</ns3:cad>
          </ns3:TrackPointExtension>
        </extensions>
      </trkpt>
      <trkpt lat="22.6077361218631267547607421875" lon="114.31000384502112865447998046875">
        <ele>44.59999847412109375</ele>
        <time>2025-06-05T10:54:15.000Z</time>
        <extensions>
          <ns3:TrackPointExtension>
            <ns3:atemp>29.0</ns3:atemp>
            <ns3:hr>88</ns3:hr>
            <ns3:cad>56</ns3:cad>
          </ns3:TrackPointExtension>
        </extensions>
      </trkpt>
      <trkpt lat="22.60773436166346073150634765625" lon="114.30991650559008121490478515625">
        <ele>44.59999847412109375</ele>
        <time>2025-06-05T10:54:16.000Z</time>
        <extensions>
          <ns3:TrackPointExtension>
            <ns3:atemp>29.0</ns3:atemp>
            <ns3:hr>88</ns3:hr>
            <ns3:cad>63</ns3:cad>
          </ns3:TrackPointExtension>
        </extensions>
      </trkpt>
      <trkpt lat="22.60772287845611572265625" lon="114.30984073318541049957275390625">
        <ele>44.40000152587890625</ele>
        <time>2025-06-05T10:54:17.000Z</time>
        <extensions>
          <ns3:TrackPointExtension>
            <ns3:atemp>29.0</ns3:atemp>
            <ns3:hr>89</ns3:hr>
            <ns3:cad>68</ns3:cad>
          </ns3:TrackPointExtension>
        </extensions>
      </trkpt>
      <trkpt lat="22.6077089644968509674072265625" lon="114.3097754381597042083740234375">
        <ele>44.40000152587890625</ele>
        <time>2025-06-05T10:54:18.000Z</time>
        <extensions>
          <ns3:TrackPointExtension>
            <ns3:atemp>29.0</ns3:atemp>
            <ns3:hr>90</ns3:hr>
            <ns3:cad>71</ns3:cad>
          </ns3:TrackPointExtension>
        </extensions>
      </trkpt>
      <trkpt lat="22.60765993036329746246337890625" lon="114.30966940708458423614501953125">
        <ele>44.40000152587890625</ele>
        <time>2025-06-05T10:54:19.000Z</time>
        <extensions>
          <ns3:TrackPointExtension>
            <ns3:atemp>29.0</ns3:atemp>
            <ns3:hr>92</ns3:hr>
            <ns3:cad>71</ns3:cad>
          </ns3:TrackPointExtension>
        </extensions>
      </trkpt>
      <trkpt lat="22.607629001140594482421875" lon="114.30960972793400287628173828125">
        <ele>44.40000152587890625</ele>
        <time>2025-06-05T10:54:20.000Z</time>
        <extensions>
          <ns3:TrackPointExtension>
            <ns3:atemp>29.0</ns3:atemp>
            <ns3:hr>93</ns3:hr>
            <ns3:cad>75</ns3:cad>
          </ns3:TrackPointExtension>
        </extensions>
      </trkpt>
      <trkpt lat="22.607583738863468170166015625" lon="114.3095538206398487091064453125">
        <ele>44.40000152587890625</ele>
        <time>2025-06-05T10:54:21.000Z</time>
        <extensions>
          <ns3:TrackPointExtension>
            <ns3:atemp>29.0</ns3:atemp>
            <ns3:hr>94</ns3:hr>
            <ns3:cad>73</ns3:cad>
          </ns3:TrackPointExtension>
        </extensions>
      </trkpt>
      <trkpt lat="22.60753856040537357330322265625" lon="114.3095041997730731964111328125">
        <ele>44.59999847412109375</ele>
        <time>2025-06-05T10:54:22.000Z</time>
        <extensions>
          <ns3:TrackPointExtension>
            <ns3:atemp>29.0</ns3:atemp>
            <ns3:hr>95</ns3:hr>
            <ns3:cad>72</ns3:cad>
          </ns3:TrackPointExtension>
        </extensions>
      </trkpt>
      <trkpt lat="22.607494890689849853515625" lon="114.30947142653167247772216796875">
        <ele>44.59999847412109375</ele>
        <time>2025-06-05T10:54:23.000Z</time>
        <extensions>
          <ns3:TrackPointExtension>
            <ns3:atemp>29.0</ns3:atemp>
            <ns3:hr>95</ns3:hr>
            <ns3:cad>70</ns3:cad>
          </ns3:TrackPointExtension>
        </extensions>
      </trkpt>
      <trkpt lat="22.60745172388851642608642578125" lon="114.30944569408893585205078125">
        <ele>45</ele>
        <time>2025-06-05T10:54:24.000Z</time>
        <extensions>
          <ns3:TrackPointExtension>
            <ns3:atemp>29.0</ns3:atemp>
            <ns3:hr>96</ns3:hr>
            <ns3:cad>65</ns3:cad>
          </ns3:TrackPointExtension>
        </extensions>
      </trkpt>
      <trkpt lat="22.6074062101542949676513671875" lon="114.30941711179912090301513671875">
        <ele>45.200000762939453125</ele>
        <time>2025-06-05T10:54:25.000Z</time>
        <extensions>
          <ns3:TrackPointExtension>
            <ns3:atemp>29.0</ns3:atemp>
            <ns3:hr>97</ns3:hr>
            <ns3:cad>65</ns3:cad>
          </ns3:TrackPointExtension>
        </extensions>
      </trkpt>
      <trkpt lat="22.60736337862908840179443359375" lon="114.30939062498509883880615234375">
        <ele>45.59999847412109375</ele>
        <time>2025-06-05T10:54:26.000Z</time>
        <extensions>
          <ns3:TrackPointExtension>
            <ns3:atemp>29.0</ns3:atemp>
            <ns3:hr>98</ns3:hr>
            <ns3:cad>65</ns3:cad>
          </ns3:TrackPointExtension>
        </extensions>
      </trkpt>
      <trkpt lat="22.6073203794658184051513671875" lon="114.30935986340045928955078125">
        <ele>45.59999847412109375</ele>
        <time>2025-06-05T10:54:27.000Z</time>
        <extensions>
          <ns3:TrackPointExtension>
            <ns3:atemp>29.0</ns3:atemp>
            <ns3:hr>99</ns3:hr>
            <ns3:cad>67</ns3:cad>
          </ns3:TrackPointExtension>
        </extensions>
      </trkpt>
      <trkpt lat="22.60728391818702220916748046875" lon="114.30931334383785724639892578125">
        <ele>45.799999237060546875</ele>
        <time>2025-06-05T10:54:28.000Z</time>
        <extensions>
          <ns3:TrackPointExtension>
            <ns3:atemp>29.0</ns3:atemp>
            <ns3:hr>99</ns3:hr>
            <ns3:cad>69</ns3:cad>
          </ns3:TrackPointExtension>
        </extensions>
      </trkpt>
      <trkpt lat="22.60724343359470367431640625" lon="114.30926523171365261077880859375">
        <ele>45.799999237060546875</ele>
        <time>2025-06-05T10:54:29.000Z</time>
        <extensions>
          <ns3:TrackPointExtension>
            <ns3:atemp>29.0</ns3:atemp>
            <ns3:hr>99</ns3:hr>
            <ns3:cad>71</ns3:cad>
          </ns3:TrackPointExtension>
        </extensions>
      </trkpt>
      <trkpt lat="22.60719188489019870758056640625" lon="114.3092235736548900604248046875">
        <ele>45.59999847412109375</ele>
        <time>2025-06-05T10:54:30.000Z</time>
        <extensions>
          <ns3:TrackPointExtension>
            <ns3:atemp>29.0</ns3:atemp>
            <ns3:hr>99</ns3:hr>
            <ns3:cad>43</ns3:cad>
          </ns3:TrackPointExtension>
        </extensions>
      </trkpt>
      <trkpt lat="22.60714913718402385711669921875" lon="114.30919297970831394195556640625">
        <ele>45.40000152587890625</ele>
        <time>2025-06-05T10:54:31.000Z</time>
        <extensions>
          <ns3:TrackPointExtension>
            <ns3:atemp>29.0</ns3:atemp>
            <ns3:hr>99</ns3:hr>
            <ns3:cad>50</ns3:cad>
          </ns3:TrackPointExtension>
        </extensions>
      </trkpt>
      <trkpt lat="22.607103623449802398681640625" lon="114.3091578595340251922607421875">
        <ele>45.40000152587890625</ele>
        <time>2025-06-05T10:54:32.000Z</time>
        <extensions>
          <ns3:TrackPointExtension>
            <ns3:atemp>29.0</ns3:atemp>
            <ns3:hr>100</ns3:hr>
            <ns3:cad>50</ns3:cad>
          </ns3:TrackPointExtension>
        </extensions>
      </trkpt>
      <trkpt lat="22.60706984438002109527587890625" lon="114.30911444127559661865234375">
        <ele>45.200000762939453125</ele>
        <time>2025-06-05T10:54:33.000Z</time>
        <extensions>
          <ns3:TrackPointExtension>
            <ns3:atemp>29.0</ns3:atemp>
            <ns3:hr>100</ns3:hr>
            <ns3:cad>50</ns3:cad>
          </ns3:TrackPointExtension>
        </extensions>
      </trkpt>
      <trkpt lat="22.60705023072659969329833984375" lon="114.309068508446216583251953125">
        <ele>45.200000762939453125</ele>
        <time>2025-06-05T10:54:34.000Z</time>
        <extensions>
          <ns3:TrackPointExtension>
            <ns3:atemp>29.0</ns3:atemp>
            <ns3:hr>100</ns3:hr>
            <ns3:cad>50</ns3:cad>
          </ns3:TrackPointExtension>
        </extensions>
      </trkpt>
      <trkpt lat="22.60703413747251033782958984375" lon="114.30903422646224498748779296875">
        <ele>45.200000762939453125</ele>
        <time>2025-06-05T10:54:35.000Z</time>
        <extensions>
          <ns3:TrackPointExtension>
            <ns3:atemp>29.0</ns3:atemp>
            <ns3:hr>100</ns3:hr>
            <ns3:cad>50</ns3:cad>
          </ns3:TrackPointExtension>
        </extensions>
      </trkpt>
      <trkpt lat="22.60702542029321193695068359375" lon="114.3090039677917957305908203125">
        <ele>45.40000152587890625</ele>
        <time>2025-06-05T10:54:36.000Z</time>
        <extensions>
          <ns3:TrackPointExtension>
            <ns3:atemp>29.0</ns3:atemp>
            <ns3:hr>100</ns3:hr>
            <ns3:cad>0</ns3:cad>
          </ns3:TrackPointExtension>
        </extensions>
      </trkpt>
      <trkpt lat="22.60702357627451419830322265625" lon="114.3089716136455535888671875">
        <ele>45.40000152587890625</ele>
        <time>2025-06-05T10:54:37.000Z</time>
        <extensions>
          <ns3:TrackPointExtension>
            <ns3:atemp>29.0</ns3:atemp>
            <ns3:hr>100</ns3:hr>
            <ns3:cad>0</ns3:cad>
          </ns3:TrackPointExtension>
        </extensions>
      </trkpt>
      <trkpt lat="22.6070280186831951141357421875" lon="114.30894286371767520904541015625">
        <ele>45.40000152587890625</ele>
        <time>2025-06-05T10:54:38.000Z</time>
        <extensions>
          <ns3:TrackPointExtension>
            <ns3:atemp>29.0</ns3:atemp>
            <ns3:hr>101</ns3:hr>
            <ns3:cad>0</ns3:cad>
          </ns3:TrackPointExtension>
        </extensions>
      </trkpt>
      <trkpt lat="22.60702885687351226806640625" lon="114.308907575905323028564453125">
        <ele>45.59999847412109375</ele>
        <time>2025-06-05T10:54:39.000Z</time>
        <extensions>
          <ns3:TrackPointExtension>
            <ns3:atemp>29.0</ns3:atemp>
            <ns3:hr>101</ns3:hr>
            <ns3:cad>0</ns3:cad>
          </ns3:TrackPointExtension>
        </extensions>
      </trkpt>
      <trkpt lat="22.60703614912927150726318359375" lon="114.308870024979114532470703125">
        <ele>45.59999847412109375</ele>
        <time>2025-06-05T10:54:40.000Z</time>
        <extensions>
          <ns3:TrackPointExtension>
            <ns3:atemp>29.0</ns3:atemp>
            <ns3:hr>101</ns3:hr>
            <ns3:cad>0</ns3:cad>
          </ns3:TrackPointExtension>
        </extensions>
      </trkpt>
      <trkpt lat="22.60703916661441326141357421875" lon="114.30882803164422512054443359375">
        <ele>45.59999847412109375</ele>
        <time>2025-06-05T10:54:41.000Z</time>
        <extensions>
          <ns3:TrackPointExtension>
            <ns3:atemp>29.0</ns3:atemp>
            <ns3:hr>102</ns3:hr>
            <ns3:cad>49</ns3:cad>
          </ns3:TrackPointExtension>
        </extensions>
      </trkpt>
      <trkpt lat="22.60703363455832004547119140625" lon="114.30878343991935253143310546875">
        <ele>45.59999847412109375</ele>
        <time>2025-06-05T10:54:42.000Z</time>
        <extensions>
          <ns3:TrackPointExtension>
            <ns3:atemp>29.0</ns3:atemp>
            <ns3:hr>104</ns3:hr>
            <ns3:cad>57</ns3:cad>
          </ns3:TrackPointExtension>
        </extensions>
      </trkpt>
      <trkpt lat="22.6070214807987213134765625" lon="114.3087421171367168426513671875">
        <ele>45.59999847412109375</ele>
        <time>2025-06-05T10:54:43.000Z</time>
        <extensions>
          <ns3:TrackPointExtension>
            <ns3:atemp>29.0</ns3:atemp>
            <ns3:hr>105</ns3:hr>
            <ns3:cad>66</ns3:cad>
          </ns3:TrackPointExtension>
        </extensions>
      </trkpt>
      <trkpt lat="22.6070079021155834197998046875" lon="114.30869995616376399993896484375">
        <ele>45.40000152587890625</ele>
        <time>2025-06-05T10:54:44.000Z</time>
        <extensions>
          <ns3:TrackPointExtension>
            <ns3:atemp>29.0</ns3:atemp>
            <ns3:hr>105</ns3:hr>
            <ns3:cad>66</ns3:cad>
          </ns3:TrackPointExtension>
        </extensions>
      </trkpt>
      <trkpt lat="22.60698988102376461029052734375" lon="114.30865603499114513397216796875">
        <ele>45.40000152587890625</ele>
        <time>2025-06-05T10:54:45.000Z</time>
        <extensions>
          <ns3:TrackPointExtension>
            <ns3:atemp>29.0</ns3:atemp>
            <ns3:hr>105</ns3:hr>
            <ns3:cad>70</ns3:cad>
          </ns3:TrackPointExtension>
        </extensions>
      </trkpt>
      <trkpt lat="22.60696674697101116180419921875" lon="114.3086113594472408294677734375">
        <ele>45.200000762939453125</ele>
        <time>2025-06-05T10:54:46.000Z</time>
        <extensions>
          <ns3:TrackPointExtension>
            <ns3:atemp>29.0</ns3:atemp>
            <ns3:hr>104</ns3:hr>
            <ns3:cad>73</ns3:cad>
          </ns3:TrackPointExtension>
        </extensions>
      </trkpt>
      <trkpt lat="22.60694327764213085174560546875" lon="114.30856458842754364013671875">
        <ele>45.200000762939453125</ele>
        <time>2025-06-05T10:54:47.000Z</time>
        <extensions>
          <ns3:TrackPointExtension>
            <ns3:atemp>29.0</ns3:atemp>
            <ns3:hr>104</ns3:hr>
            <ns3:cad>78</ns3:cad>
          </ns3:TrackPointExtension>
        </extensions>
      </trkpt>
      <trkpt lat="22.60691712610423564910888671875" lon="114.308519326150417327880859375">
        <ele>45</ele>
        <time>2025-06-05T10:54:48.000Z</time>
        <extensions>
          <ns3:TrackPointExtension>
            <ns3:atemp>29.0</ns3:atemp>
            <ns3:hr>104</ns3:hr>
            <ns3:cad>77</ns3:cad>
          </ns3:TrackPointExtension>
        </extensions>
      </trkpt>
      <trkpt lat="22.6068962551653385162353515625" lon="114.30846995674073696136474609375">
        <ele>44.799999237060546875</ele>
        <time>2025-06-05T10:54:49.000Z</time>
        <extensions>
          <ns3:TrackPointExtension>
            <ns3:atemp>29.0</ns3:atemp>
            <ns3:hr>104</ns3:hr>
            <ns3:cad>77</ns3:cad>
          </ns3:TrackPointExtension>
        </extensions>
      </trkpt>
      <trkpt lat="22.606876306235790252685546875" lon="114.30842586793005466461181640625">
        <ele>44.799999237060546875</ele>
        <time>2025-06-05T10:54:50.000Z</time>
        <extensions>
          <ns3:TrackPointExtension>
            <ns3:atemp>29.0</ns3:atemp>
            <ns3:hr>104</ns3:hr>
            <ns3:cad>77</ns3:cad>
          </ns3:TrackPointExtension>
        </extensions>
      </trkpt>
      <trkpt lat="22.6068503223359584808349609375" lon="114.3083810247480869293212890625">
        <ele>44.799999237060546875</ele>
        <time>2025-06-05T10:54:51.000Z</time>
        <extensions>
          <ns3:TrackPointExtension>
            <ns3:atemp>29.0</ns3:atemp>
            <ns3:hr>104</ns3:hr>
            <ns3:cad>37</ns3:cad>
          </ns3:TrackPointExtension>
        </extensions>
      </trkpt>
      <trkpt lat="22.606824338436126708984375" lon="114.3083364330232143402099609375">
        <ele>44.59999847412109375</ele>
        <time>2025-06-05T10:54:52.000Z</time>
        <extensions>
          <ns3:TrackPointExtension>
            <ns3:atemp>29.0</ns3:atemp>
            <ns3:hr>105</ns3:hr>
            <ns3:cad>75</ns3:cad>
          </ns3:TrackPointExtension>
        </extensions>
      </trkpt>
      <trkpt lat="22.6067963428795337677001953125" lon="114.30828739888966083526611328125">
        <ele>44.59999847412109375</ele>
        <time>2025-06-05T10:54:53.000Z</time>
        <extensions>
          <ns3:TrackPointExtension>
            <ns3:atemp>29.0</ns3:atemp>
            <ns3:hr>104</ns3:hr>
            <ns3:cad>74</ns3:cad>
          </ns3:TrackPointExtension>
        </extensions>
      </trkpt>
      <trkpt lat="22.6067678444087505340576171875" lon="114.30823677219450473785400390625">
        <ele>44.40000152587890625</ele>
        <time>2025-06-05T10:54:54.000Z</time>
        <extensions>
          <ns3:TrackPointExtension>
            <ns3:atemp>29.0</ns3:atemp>
            <ns3:hr>104</ns3:hr>
            <ns3:cad>69</ns3:cad>
          </ns3:TrackPointExtension>
        </extensions>
      </trkpt>
      <trkpt lat="22.60674110613763332366943359375" lon="114.30819285102188587188720703125">
        <ele>44.59999847412109375</ele>
        <time>2025-06-05T10:54:55.000Z</time>
        <extensions>
          <ns3:TrackPointExtension>
            <ns3:atemp>29.0</ns3:atemp>
            <ns3:hr>105</ns3:hr>
            <ns3:cad>68</ns3:cad>
          </ns3:TrackPointExtension>
        </extensions>
      </trkpt>
      <trkpt lat="22.6067145355045795440673828125" lon="114.30814591236412525177001953125">
        <ele>44.40000152587890625</ele>
        <time>2025-06-05T10:54:56.000Z</time>
        <extensions>
          <ns3:TrackPointExtension>
            <ns3:atemp>29.0</ns3:atemp>
            <ns3:hr>105</ns3:hr>
            <ns3:cad>77</ns3:cad>
          </ns3:TrackPointExtension>
        </extensions>
      </trkpt>
      <trkpt lat="22.60668444447219371795654296875" lon="114.308087490499019622802734375">
        <ele>44.200000762939453125</ele>
        <time>2025-06-05T10:54:57.000Z</time>
        <extensions>
          <ns3:TrackPointExtension>
            <ns3:atemp>29.0</ns3:atemp>
            <ns3:hr>105</ns3:hr>
            <ns3:cad>82</ns3:cad>
          </ns3:TrackPointExtension>
        </extensions>
      </trkpt>
      <trkpt lat="22.60664940811693668365478515625" lon="114.3080222792923450469970703125">
        <ele>44.200000762939453125</ele>
        <time>2025-06-05T10:54:58.000Z</time>
        <extensions>
          <ns3:TrackPointExtension>
            <ns3:atemp>29.0</ns3:atemp>
            <ns3:hr>105</ns3:hr>
            <ns3:cad>79</ns3:cad>
          </ns3:TrackPointExtension>
        </extensions>
      </trkpt>
      <trkpt lat="22.606618814170360565185546875" lon="114.30796218104660511016845703125">
        <ele>44</ele>
        <time>2025-06-05T10:54:59.000Z</time>
        <extensions>
          <ns3:TrackPointExtension>
            <ns3:atemp>29.0</ns3:atemp>
            <ns3:hr>106</ns3:hr>
            <ns3:cad>78</ns3:cad>
          </ns3:TrackPointExtension>
        </extensions>
      </trkpt>
      <trkpt lat="22.60658704675734043121337890625" lon="114.3079045973718166351318359375">
        <ele>43.59999847412109375</ele>
        <time>2025-06-05T10:55:00.000Z</time>
        <extensions>
          <ns3:TrackPointExtension>
            <ns3:atemp>29.0</ns3:atemp>
            <ns3:hr>109</ns3:hr>
            <ns3:cad>79</ns3:cad>
          </ns3:TrackPointExtension>
        </extensions>
      </trkpt>
      <trkpt lat="22.6065546087920665740966796875" lon="114.30784751661121845245361328125">
        <ele>43.200000762939453125</ele>
        <time>2025-06-05T10:55:01.000Z</time>
        <extensions>
          <ns3:TrackPointExtension>
            <ns3:atemp>29.0</ns3:atemp>
            <ns3:hr>111</ns3:hr>
            <ns3:cad>84</ns3:cad>
          </ns3:TrackPointExtension>
        </extensions>
      </trkpt>
      <trkpt lat="22.60652217082679271697998046875" lon="114.3077906034886837005615234375">
        <ele>42.799999237060546875</ele>
        <time>2025-06-05T10:55:02.000Z</time>
        <extensions>
          <ns3:TrackPointExtension>
            <ns3:atemp>29.0</ns3:atemp>
            <ns3:hr>112</ns3:hr>
            <ns3:cad>81</ns3:cad>
          </ns3:TrackPointExtension>
        </extensions>
      </trkpt>
      <trkpt lat="22.60642695240676403045654296875" lon="114.3057712353765964508056640625">
        <ele>36.799999237060546875</ele>
        <time>2025-06-05T10:55:25.000Z</time>
        <extensions>
          <ns3:TrackPointExtension>
            <ns3:atemp>29.0</ns3:atemp>
            <ns3:hr>106</ns3:hr>
            <ns3:cad>0</ns3:cad>
          </ns3:TrackPointExtension>
        </extensions>
      </trkpt>
      <trkpt lat="22.606433741748332977294921875" lon="114.3056485243141651153564453125">
        <ele>36.200000762939453125</ele>
        <time>2025-06-05T10:55:26.000Z</time>
        <extensions>
          <ns3:TrackPointExtension>
            <ns3:atemp>29.0</ns3:atemp>
            <ns3:hr>106</ns3:hr>
            <ns3:cad>0</ns3:cad>
          </ns3:TrackPointExtension>
        </extensions>
      </trkpt>
      <trkpt lat="22.606459893286228179931640625" lon="114.3055479414761066436767578125">
        <ele>35.59999847412109375</ele>
        <time>2025-06-05T10:55:27.000Z</time>
        <extensions>
          <ns3:TrackPointExtension>
            <ns3:atemp>29.0</ns3:atemp>
            <ns3:hr>106</ns3:hr>
            <ns3:cad>0</ns3:cad>
          </ns3:TrackPointExtension>
        </extensions>
      </trkpt>
      <trkpt lat="22.60647472925484180450439453125" lon="114.3054393120110034942626953125">
        <ele>34.799999237060546875</ele>
        <time>2025-06-05T10:55:28.000Z</time>
        <extensions>
          <ns3:TrackPointExtension>
            <ns3:atemp>29.0</ns3:atemp>
            <ns3:hr>105</ns3:hr>
            <ns3:cad>0</ns3:cad>
          </ns3:TrackPointExtension>
        </extensions>
      </trkpt>
      <trkpt lat="22.60649367235600948333740234375" lon="114.305332861840724945068359375">
        <ele>34</ele>
        <time>2025-06-05T10:55:29.000Z</time>
        <extensions>
          <ns3:TrackPointExtension>
            <ns3:atemp>29.0</ns3:atemp>
            <ns3:hr>105</ns3:hr>
            <ns3:cad>0</ns3:cad>
          </ns3:TrackPointExtension>
        </extensions>
      </trkpt>
      <trkpt lat="22.60650842450559139251708984375" lon="114.30521694011986255645751953125">
        <ele>33.200000762939453125</ele>
        <time>2025-06-05T10:55:30.000Z</time>
        <extensions>
          <ns3:TrackPointExtension>
            <ns3:atemp>29.0</ns3:atemp>
            <ns3:hr>104</ns3:hr>
            <ns3:cad>0</ns3:cad>
          </ns3:TrackPointExtension>
        </extensions>
      </trkpt>
      <trkpt lat="22.60652300901710987091064453125" lon="114.30510294623672962188720703125">
        <ele>32.40000152587890625</ele>
        <time>2025-06-05T10:55:31.000Z</time>
        <extensions>
          <ns3:TrackPointExtension>
            <ns3:atemp>29.0</ns3:atemp>
            <ns3:hr>104</ns3:hr>
            <ns3:cad>0</ns3:cad>
          </ns3:TrackPointExtension>
        </extensions>
      </trkpt>
      <trkpt lat="22.606537342071533203125" lon="114.30499180220067501068115234375">
        <ele>31.3999996185302734375</ele>
        <time>2025-06-05T10:55:32.000Z</time>
        <extensions>
          <ns3:TrackPointExtension>
            <ns3:atemp>29.0</ns3:atemp>
            <ns3:hr>103</ns3:hr>
            <ns3:cad>0</ns3:cad>
          </ns3:TrackPointExtension>
        </extensions>
      </trkpt>
      <trkpt lat="22.606548406183719635009765625" lon="114.30488786660134792327880859375">
        <ele>31</ele>
        <time>2025-06-05T10:55:33.000Z</time>
        <extensions>
          <ns3:TrackPointExtension>
            <ns3:atemp>29.0</ns3:atemp>
            <ns3:hr>103</ns3:hr>
            <ns3:cad>0</ns3:cad>
          </ns3:TrackPointExtension>
        </extensions>
      </trkpt>
      <trkpt lat="22.60656625963747501373291015625" lon="114.30477756075561046600341796875">
        <ele>30</ele>
        <time>2025-06-05T10:55:34.000Z</time>
        <extensions>
          <ns3:TrackPointExtension>
            <ns3:atemp>29.0</ns3:atemp>
            <ns3:hr>103</ns3:hr>
            <ns3:cad>0</ns3:cad>
          </ns3:TrackPointExtension>
        </extensions>
      </trkpt>
      <trkpt lat="22.6065824367105960845947265625" lon="114.30466725490987300872802734375">
        <ele>29</ele>
        <time>2025-06-05T10:55:35.000Z</time>
        <extensions>
          <ns3:TrackPointExtension>
            <ns3:atemp>29.0</ns3:atemp>
            <ns3:hr>103</ns3:hr>
            <ns3:cad>0</ns3:cad>
          </ns3:TrackPointExtension>
        </extensions>
      </trkpt>
      <trkpt lat="22.606605403125286102294921875" lon="114.30455544032156467437744140625">
        <ele>28</ele>
        <time>2025-06-05T10:55:36.000Z</time>
        <extensions>
          <ns3:TrackPointExtension>
            <ns3:atemp>29.0</ns3:atemp>
            <ns3:hr>102</ns3:hr>
            <ns3:cad>0</ns3:cad>
          </ns3:TrackPointExtension>
        </extensions>
      </trkpt>
      <trkpt lat="22.606641612946987152099609375" lon="114.3044472299516201019287109375">
        <ele>27</ele>
        <time>2025-06-05T10:55:37.000Z</time>
        <extensions>
          <ns3:TrackPointExtension>
            <ns3:atemp>29.0</ns3:atemp>
            <ns3:hr>103</ns3:hr>
            <ns3:cad>0</ns3:cad>
          </ns3:TrackPointExtension>
        </extensions>
      </trkpt>
      <trkpt lat="22.606690227985382080078125" lon="114.3043463118374347686767578125">
        <ele>26.200000762939453125</ele>
        <time>2025-06-05T10:55:38.000Z</time>
        <extensions>
          <ns3:TrackPointExtension>
            <ns3:atemp>29.0</ns3:atemp>
            <ns3:hr>103</ns3:hr>
            <ns3:cad>0</ns3:cad>
          </ns3:TrackPointExtension>
        </extensions>
      </trkpt>
      <trkpt lat="22.6067505776882171630859375" lon="114.304244555532932281494140625">
        <ele>25.200000762939453125</ele>
        <time>2025-06-05T10:55:39.000Z</time>
        <extensions>
          <ns3:TrackPointExtension>
            <ns3:atemp>29.0</ns3:atemp>
            <ns3:hr>104</ns3:hr>
            <ns3:cad>0</ns3:cad>
          </ns3:TrackPointExtension>
        </extensions>
      </trkpt>
      <trkpt lat="22.60681285522878170013427734375" lon="114.30415160022675991058349609375">
        <ele>24.3999996185302734375</ele>
        <time>2025-06-05T10:55:40.000Z</time>
        <extensions>
          <ns3:TrackPointExtension>
            <ns3:atemp>29.0</ns3:atemp>
            <ns3:hr>103</ns3:hr>
            <ns3:cad>0</ns3:cad>
          </ns3:TrackPointExtension>
        </extensions>
      </trkpt>
      <trkpt lat="22.6068818382918834686279296875" lon="114.30405713617801666259765625">
        <ele>23.6000003814697265625</ele>
        <time>2025-06-05T10:55:41.000Z</time>
        <extensions>
          <ns3:TrackPointExtension>
            <ns3:atemp>29.0</ns3:atemp>
            <ns3:hr>103</ns3:hr>
            <ns3:cad>0</ns3:cad>
          </ns3:TrackPointExtension>
        </extensions>
      </trkpt>
      <trkpt lat="22.60694193653762340545654296875" lon="114.3039714731276035308837890625">
        <ele>22.799999237060546875</ele>
        <time>2025-06-05T10:55:42.000Z</time>
        <extensions>
          <ns3:TrackPointExtension>
            <ns3:atemp>29.0</ns3:atemp>
            <ns3:hr>103</ns3:hr>
            <ns3:cad>0</ns3:cad>
          </ns3:TrackPointExtension>
        </extensions>
      </trkpt>
      <trkpt lat="22.60701066814363002777099609375" lon="114.30388337932527065277099609375">
        <ele>21.799999237060546875</ele>
        <time>2025-06-05T10:55:43.000Z</time>
        <extensions>
          <ns3:TrackPointExtension>
            <ns3:atemp>29.0</ns3:atemp>
            <ns3:hr>104</ns3:hr>
            <ns3:cad>0</ns3:cad>
          </ns3:TrackPointExtension>
        </extensions>
      </trkpt>
      <trkpt lat="22.60707872919738292694091796875" lon="114.30379671044647693634033203125">
        <ele>21</ele>
        <time>2025-06-05T10:55:44.000Z</time>
        <extensions>
          <ns3:TrackPointExtension>
            <ns3:atemp>29.0</ns3:atemp>
            <ns3:hr>103</ns3:hr>
            <ns3:cad>0</ns3:cad>
          </ns3:TrackPointExtension>
        </extensions>
      </trkpt>
      <trkpt lat="22.6071453653275966644287109375" lon="114.30371339432895183563232421875">
        <ele>20.200000762939453125</ele>
        <time>2025-06-05T10:55:45.000Z</time>
        <extensions>
          <ns3:TrackPointExtension>
            <ns3:atemp>29.0</ns3:atemp>
            <ns3:hr>103</ns3:hr>
            <ns3:cad>0</ns3:cad>
          </ns3:TrackPointExtension>
        </extensions>
      </trkpt>
      <trkpt lat="22.6072167791426181793212890625" lon="114.30362957529723644256591796875">
        <ele>19.200000762939453125</ele>
        <time>2025-06-05T10:55:46.000Z</time>
        <extensions>
          <ns3:TrackPointExtension>
            <ns3:atemp>29.0</ns3:atemp>
            <ns3:hr>102</ns3:hr>
            <ns3:cad>0</ns3:cad>
          </ns3:TrackPointExtension>
        </extensions>
      </trkpt>
      <trkpt lat="22.607273943722248077392578125" lon="114.30354843847453594207763671875">
        <ele>18.3999996185302734375</ele>
        <time>2025-06-05T10:55:47.000Z</time>
        <extensions>
          <ns3:TrackPointExtension>
            <ns3:atemp>29.0</ns3:atemp>
            <ns3:hr>102</ns3:hr>
            <ns3:cad>0</ns3:cad>
          </ns3:TrackPointExtension>
        </extensions>
      </trkpt>
      <trkpt lat="22.6073116622865200042724609375" lon="114.30346168577671051025390625">
        <ele>17.799999237060546875</ele>
        <time>2025-06-05T10:55:48.000Z</time>
        <extensions>
          <ns3:TrackPointExtension>
            <ns3:atemp>29.0</ns3:atemp>
            <ns3:hr>103</ns3:hr>
            <ns3:cad>0</ns3:cad>
          </ns3:TrackPointExtension>
        </extensions>
      </trkpt>
      <trkpt lat="22.60733001865446567535400390625" lon="114.3033730052411556243896484375">
        <ele>17.200000762939453125</ele>
        <time>2025-06-05T10:55:49.000Z</time>
        <extensions>
          <ns3:TrackPointExtension>
            <ns3:atemp>29.0</ns3:atemp>
            <ns3:hr>103</ns3:hr>
            <ns3:cad>0</ns3:cad>
          </ns3:TrackPointExtension>
        </extensions>
      </trkpt>
      <trkpt lat="22.6073337905108928680419921875" lon="114.30327870883047580718994140625">
        <ele>16.6000003814697265625</ele>
        <time>2025-06-05T10:55:50.000Z</time>
        <extensions>
          <ns3:TrackPointExtension>
            <ns3:atemp>29.0</ns3:atemp>
            <ns3:hr>103</ns3:hr>
            <ns3:cad>0</ns3:cad>
          </ns3:TrackPointExtension>
        </extensions>
      </trkpt>
      <trkpt lat="22.607317864894866943359375" lon="114.30318533442914485931396484375">
        <ele>16</ele>
        <time>2025-06-05T10:55:51.000Z</time>
        <extensions>
          <ns3:TrackPointExtension>
            <ns3:atemp>29.0</ns3:atemp>
            <ns3:hr>104</ns3:hr>
            <ns3:cad>0</ns3:cad>
          </ns3:TrackPointExtension>
        </extensions>
      </trkpt>
      <trkpt lat="22.60728257708251476287841796875" lon="114.3030990846455097198486328125">
        <ele>15.3999996185302734375</ele>
        <time>2025-06-05T10:55:52.000Z</time>
        <extensions>
          <ns3:TrackPointExtension>
            <ns3:atemp>29.0</ns3:atemp>
            <ns3:hr>104</ns3:hr>
            <ns3:cad>0</ns3:cad>
          </ns3:TrackPointExtension>
        </extensions>
      </trkpt>
      <trkpt lat="22.6072392426431179046630859375" lon="114.30302037857472896575927734375">
        <ele>15</ele>
        <time>2025-06-05T10:55:53.000Z</time>
        <extensions>
          <ns3:TrackPointExtension>
            <ns3:atemp>29.0</ns3:atemp>
            <ns3:hr>104</ns3:hr>
            <ns3:cad>0</ns3:cad>
          </ns3:TrackPointExtension>
        </extensions>
      </trkpt>
      <trkpt lat="22.60717763565480709075927734375" lon="114.3029542453587055206298828125">
        <ele>14.19999980926513671875</ele>
        <time>2025-06-05T10:55:54.000Z</time>
        <extensions>
          <ns3:TrackPointExtension>
            <ns3:atemp>29.0</ns3:atemp>
            <ns3:hr>104</ns3:hr>
            <ns3:cad>0</ns3:cad>
          </ns3:TrackPointExtension>
        </extensions>
      </trkpt>
      <trkpt lat="22.607106305658817291259765625" lon="114.30290110409259796142578125">
        <ele>13.6000003814697265625</ele>
        <time>2025-06-05T10:55:55.000Z</time>
        <extensions>
          <ns3:TrackPointExtension>
            <ns3:atemp>29.0</ns3:atemp>
            <ns3:hr>104</ns3:hr>
            <ns3:cad>0</ns3:cad>
          </ns3:TrackPointExtension>
        </extensions>
      </trkpt>
      <trkpt lat="22.6070286892354488372802734375" lon="114.302870929241180419921875">
        <ele>12.80000019073486328125</ele>
        <time>2025-06-05T10:55:56.000Z</time>
        <extensions>
          <ns3:TrackPointExtension>
            <ns3:atemp>29.0</ns3:atemp>
            <ns3:hr>103</ns3:hr>
            <ns3:cad>0</ns3:cad>
          </ns3:TrackPointExtension>
        </extensions>
      </trkpt>
      <trkpt lat="22.6069485582411289215087890625" lon="114.3028519861400127410888671875">
        <ele>12</ele>
        <time>2025-06-05T10:55:57.000Z</time>
        <extensions>
          <ns3:TrackPointExtension>
            <ns3:atemp>29.0</ns3:atemp>
            <ns3:hr>103</ns3:hr>
            <ns3:cad>0</ns3:cad>
          </ns3:TrackPointExtension>
        </extensions>
      </trkpt>
      <trkpt lat="22.60686197318136692047119140625" lon="114.3028469569981098175048828125">
        <ele>11.19999980926513671875</ele>
        <time>2025-06-05T10:55:58.000Z</time>
        <extensions>
          <ns3:TrackPointExtension>
            <ns3:atemp>29.0</ns3:atemp>
            <ns3:hr>103</ns3:hr>
            <ns3:cad>0</ns3:cad>
          </ns3:TrackPointExtension>
        </extensions>
      </trkpt>
      <trkpt lat="22.60677614249289035797119140625" lon="114.30284611880779266357421875">
        <ele>10.3999996185302734375</ele>
        <time>2025-06-05T10:55:59.000Z</time>
        <extensions>
          <ns3:TrackPointExtension>
            <ns3:atemp>29.0</ns3:atemp>
            <ns3:hr>104</ns3:hr>
            <ns3:cad>0</ns3:cad>
          </ns3:TrackPointExtension>
        </extensions>
      </trkpt>
      <trkpt lat="22.60668662376701831817626953125" lon="114.3028503097593784332275390625">
        <ele>9.80000019073486328125</ele>
        <time>2025-06-05T10:56:00.000Z</time>
        <extensions>
          <ns3:TrackPointExtension>
            <ns3:atemp>29.0</ns3:atemp>
            <ns3:hr>104</ns3:hr>
            <ns3:cad>0</ns3:cad>
          </ns3:TrackPointExtension>
        </extensions>
      </trkpt>
      <trkpt lat="22.60659559629857540130615234375" lon="114.3028593622148036956787109375">
        <ele>9.80000019073486328125</ele>
        <time>2025-06-05T10:56:01.000Z</time>
        <extensions>
          <ns3:TrackPointExtension>
            <ns3:atemp>29.0</ns3:atemp>
            <ns3:hr>104</ns3:hr>
            <ns3:cad>0</ns3:cad>
          </ns3:TrackPointExtension>
        </extensions>
      </trkpt>
      <trkpt lat="22.60650641284883022308349609375" lon="114.3028674088418483734130859375">
        <ele>9.19999980926513671875</ele>
        <time>2025-06-05T10:56:02.000Z</time>
        <extensions>
          <ns3:TrackPointExtension>
            <ns3:atemp>29.0</ns3:atemp>
            <ns3:hr>104</ns3:hr>
            <ns3:cad>0</ns3:cad>
          </ns3:TrackPointExtension>
        </extensions>
      </trkpt>
      <trkpt lat="22.60641991160809993743896484375" lon="114.30286481045186519622802734375">
        <ele>9</ele>
        <time>2025-06-05T10:56:03.000Z</time>
        <extensions>
          <ns3:TrackPointExtension>
            <ns3:atemp>29.0</ns3:atemp>
            <ns3:hr>104</ns3:hr>
            <ns3:cad>0</ns3:cad>
          </ns3:TrackPointExtension>
        </extensions>
      </trkpt>
      <trkpt lat="22.6063360087573528289794921875" lon="114.30286816321313381195068359375">
        <ele>9.19999980926513671875</ele>
        <time>2025-06-05T10:56:04.000Z</time>
        <extensions>
          <ns3:TrackPointExtension>
            <ns3:atemp>29.0</ns3:atemp>
            <ns3:hr>101</ns3:hr>
            <ns3:cad>0</ns3:cad>
          </ns3:TrackPointExtension>
        </extensions>
      </trkpt>
      <trkpt lat="22.606257386505603790283203125" lon="114.302875287830829620361328125">
        <ele>9.6000003814697265625</ele>
        <time>2025-06-05T10:56:05.000Z</time>
        <extensions>
          <ns3:TrackPointExtension>
            <ns3:atemp>29.0</ns3:atemp>
            <ns3:hr>98</ns3:hr>
            <ns3:cad>0</ns3:cad>
          </ns3:TrackPointExtension>
        </extensions>
      </trkpt>
      <trkpt lat="22.60617733933031558990478515625" lon="114.30287570692598819732666015625">
        <ele>9.6000003814697265625</ele>
        <time>2025-06-05T10:56:06.000Z</time>
        <extensions>
          <ns3:TrackPointExtension>
            <ns3:atemp>29.0</ns3:atemp>
            <ns3:hr>97</ns3:hr>
            <ns3:cad>0</ns3:cad>
          </ns3:TrackPointExtension>
        </extensions>
      </trkpt>
      <trkpt lat="22.60609947144985198974609375" lon="114.3028841726481914520263671875">
        <ele>9.6000003814697265625</ele>
        <time>2025-06-05T10:56:07.000Z</time>
        <extensions>
          <ns3:TrackPointExtension>
            <ns3:atemp>29.0</ns3:atemp>
            <ns3:hr>97</ns3:hr>
            <ns3:cad>0</ns3:cad>
          </ns3:TrackPointExtension>
        </extensions>
      </trkpt>
      <trkpt lat="22.60602747090160846710205078125" lon="114.3028865195810794830322265625">
        <ele>9.80000019073486328125</ele>
        <time>2025-06-05T10:56:08.000Z</time>
        <extensions>
          <ns3:TrackPointExtension>
            <ns3:atemp>29.0</ns3:atemp>
            <ns3:hr>98</ns3:hr>
            <ns3:cad>0</ns3:cad>
          </ns3:TrackPointExtension>
        </extensions>
      </trkpt>
      <trkpt lat="22.60595890693366527557373046875" lon="114.3028895370662212371826171875">
        <ele>9.6000003814697265625</ele>
        <time>2025-06-05T10:56:09.000Z</time>
        <extensions>
          <ns3:TrackPointExtension>
            <ns3:atemp>29.0</ns3:atemp>
            <ns3:hr>98</ns3:hr>
            <ns3:cad>0</ns3:cad>
          </ns3:TrackPointExtension>
        </extensions>
      </trkpt>
      <trkpt lat="22.60589520446956157684326171875" lon="114.3028955720365047454833984375">
        <ele>9.6000003814697265625</ele>
        <time>2025-06-05T10:56:10.000Z</time>
        <extensions>
          <ns3:TrackPointExtension>
            <ns3:atemp>29.0</ns3:atemp>
            <ns3:hr>98</ns3:hr>
            <ns3:cad>0</ns3:cad>
          </ns3:TrackPointExtension>
        </extensions>
      </trkpt>
      <trkpt lat="22.60583535768091678619384765625" lon="114.30289029143750667572021484375">
        <ele>9.6000003814697265625</ele>
        <time>2025-06-05T10:56:11.000Z</time>
        <extensions>
          <ns3:TrackPointExtension>
            <ns3:atemp>29.0</ns3:atemp>
            <ns3:hr>98</ns3:hr>
            <ns3:cad>0</ns3:cad>
          </ns3:TrackPointExtension>
        </extensions>
      </trkpt>
      <trkpt lat="22.60577484034001827239990234375" lon="114.302884675562381744384765625">
        <ele>9.6000003814697265625</ele>
        <time>2025-06-05T10:56:12.000Z</time>
        <extensions>
          <ns3:TrackPointExtension>
            <ns3:atemp>29.0</ns3:atemp>
            <ns3:hr>98</ns3:hr>
            <ns3:cad>0</ns3:cad>
          </ns3:TrackPointExtension>
        </extensions>
      </trkpt>
      <trkpt lat="22.6057123951613903045654296875" lon="114.3028881959617137908935546875">
        <ele>9.3999996185302734375</ele>
        <time>2025-06-05T10:56:13.000Z</time>
        <extensions>
          <ns3:TrackPointExtension>
            <ns3:atemp>29.0</ns3:atemp>
            <ns3:hr>98</ns3:hr>
            <ns3:cad>0</ns3:cad>
          </ns3:TrackPointExtension>
        </extensions>
      </trkpt>
      <trkpt lat="22.60565229691565036773681640625" lon="114.30289733223617076873779296875">
        <ele>9.3999996185302734375</ele>
        <time>2025-06-05T10:56:14.000Z</time>
        <extensions>
          <ns3:TrackPointExtension>
            <ns3:atemp>29.0</ns3:atemp>
            <ns3:hr>97</ns3:hr>
            <ns3:cad>0</ns3:cad>
          </ns3:TrackPointExtension>
        </extensions>
      </trkpt>
      <trkpt lat="22.6055918633937835693359375" lon="114.302912838757038116455078125">
        <ele>9.3999996185302734375</ele>
        <time>2025-06-05T10:56:15.000Z</time>
        <extensions>
          <ns3:TrackPointExtension>
            <ns3:atemp>29.0</ns3:atemp>
            <ns3:hr>97</ns3:hr>
            <ns3:cad>0</ns3:cad>
          </ns3:TrackPointExtension>
        </extensions>
      </trkpt>
      <trkpt lat="22.60552858002483844757080078125" lon="114.30292868055403232574462890625">
        <ele>9.3999996185302734375</ele>
        <time>2025-06-05T10:56:16.000Z</time>
        <extensions>
          <ns3:TrackPointExtension>
            <ns3:atemp>29.0</ns3:atemp>
            <ns3:hr>97</ns3:hr>
            <ns3:cad>0</ns3:cad>
          </ns3:TrackPointExtension>
        </extensions>
      </trkpt>
      <trkpt lat="22.60546789504587650299072265625" lon="114.30293287150561809539794921875">
        <ele>9.80000019073486328125</ele>
        <time>2025-06-05T10:56:17.000Z</time>
        <extensions>
          <ns3:TrackPointExtension>
            <ns3:atemp>29.0</ns3:atemp>
            <ns3:hr>98</ns3:hr>
            <ns3:cad>0</ns3:cad>
          </ns3:TrackPointExtension>
        </extensions>
      </trkpt>
      <trkpt lat="22.60540670715272426605224609375" lon="114.30294670164585113525390625">
        <ele>10.19999980926513671875</ele>
        <time>2025-06-05T10:56:18.000Z</time>
        <extensions>
          <ns3:TrackPointExtension>
            <ns3:atemp>29.0</ns3:atemp>
            <ns3:hr>98</ns3:hr>
            <ns3:cad>0</ns3:cad>
          </ns3:TrackPointExtension>
        </extensions>
      </trkpt>
      <trkpt lat="22.6053392328321933746337890625" lon="114.30295114405453205108642578125">
        <ele>10.19999980926513671875</ele>
        <time>2025-06-05T10:56:19.000Z</time>
        <extensions>
          <ns3:TrackPointExtension>
            <ns3:atemp>29.0</ns3:atemp>
            <ns3:hr>99</ns3:hr>
            <ns3:cad>0</ns3:cad>
          </ns3:TrackPointExtension>
        </extensions>
      </trkpt>
      <trkpt lat="22.6052778773009777069091796875" lon="114.3029589392244815826416015625">
        <ele>10</ele>
        <time>2025-06-05T10:56:20.000Z</time>
        <extensions>
          <ns3:TrackPointExtension>
            <ns3:atemp>29.0</ns3:atemp>
            <ns3:hr>99</ns3:hr>
            <ns3:cad>0</ns3:cad>
          </ns3:TrackPointExtension>
        </extensions>
      </trkpt>
      <trkpt lat="22.6052151806652545928955078125" lon="114.30296547710895538330078125">
        <ele>9.6000003814697265625</ele>
        <time>2025-06-05T10:56:21.000Z</time>
        <extensions>
          <ns3:TrackPointExtension>
            <ns3:atemp>29.0</ns3:atemp>
            <ns3:hr>99</ns3:hr>
            <ns3:cad>0</ns3:cad>
          </ns3:TrackPointExtension>
        </extensions>
      </trkpt>
      <trkpt lat="22.6051521487534046173095703125" lon="114.3029700033366680145263671875">
        <ele>9</ele>
        <time>2025-06-05T10:56:22.000Z</time>
        <extensions>
          <ns3:TrackPointExtension>
            <ns3:atemp>29.0</ns3:atemp>
            <ns3:hr>100</ns3:hr>
            <ns3:cad>0</ns3:cad>
          </ns3:TrackPointExtension>
        </extensions>
      </trkpt>
      <trkpt lat="22.60508886538445949554443359375" lon="114.30296924896538257598876953125">
        <ele>7.80000019073486328125</ele>
        <time>2025-06-05T10:56:23.000Z</time>
        <extensions>
          <ns3:TrackPointExtension>
            <ns3:atemp>29.0</ns3:atemp>
            <ns3:hr>99</ns3:hr>
            <ns3:cad>0</ns3:cad>
          </ns3:TrackPointExtension>
        </extensions>
      </trkpt>
      <trkpt lat="22.6050240732729434967041015625" lon="114.302973859012126922607421875">
        <ele>7.80000019073486328125</ele>
        <time>2025-06-05T10:56:24.000Z</time>
        <extensions>
          <ns3:TrackPointExtension>
            <ns3:atemp>29.0</ns3:atemp>
            <ns3:hr>99</ns3:hr>
            <ns3:cad>0</ns3:cad>
          </ns3:TrackPointExtension>
        </extensions>
      </trkpt>
      <trkpt lat="22.6049553416669368743896484375" lon="114.30297930724918842315673828125">
        <ele>7.599999904632568359375</ele>
        <time>2025-06-05T10:56:25.000Z</time>
        <extensions>
          <ns3:TrackPointExtension>
            <ns3:atemp>29.0</ns3:atemp>
            <ns3:hr>100</ns3:hr>
            <ns3:cad>0</ns3:cad>
          </ns3:TrackPointExtension>
        </extensions>
      </trkpt>
      <trkpt lat="22.60488702915608882904052734375" lon="114.30298266001045703887939453125">
        <ele>7</ele>
        <time>2025-06-05T10:56:26.000Z</time>
        <extensions>
          <ns3:TrackPointExtension>
            <ns3:atemp>29.0</ns3:atemp>
            <ns3:hr>100</ns3:hr>
            <ns3:cad>56</ns3:cad>
          </ns3:TrackPointExtension>
        </extensions>
      </trkpt>
      <trkpt lat="22.60481544770300388336181640625" lon="114.30299087427556514739990234375">
        <ele>6.80000019073486328125</ele>
        <time>2025-06-05T10:56:27.000Z</time>
        <extensions>
          <ns3:TrackPointExtension>
            <ns3:atemp>29.0</ns3:atemp>
            <ns3:hr>100</ns3:hr>
            <ns3:cad>72</ns3:cad>
          </ns3:TrackPointExtension>
        </extensions>
      </trkpt>
      <trkpt lat="22.604743279516696929931640625" lon="114.30299992673099040985107421875">
        <ele>6.599999904632568359375</ele>
        <time>2025-06-05T10:56:28.000Z</time>
        <extensions>
          <ns3:TrackPointExtension>
            <ns3:atemp>29.0</ns3:atemp>
            <ns3:hr>100</ns3:hr>
            <ns3:cad>75</ns3:cad>
          </ns3:TrackPointExtension>
        </extensions>
      </trkpt>
      <trkpt lat="22.60466851294040679931640625" lon="114.3030018545687198638916015625">
        <ele>6.400000095367431640625</ele>
        <time>2025-06-05T10:56:29.000Z</time>
        <extensions>
          <ns3:TrackPointExtension>
            <ns3:atemp>29.0</ns3:atemp>
            <ns3:hr>101</ns3:hr>
            <ns3:cad>75</ns3:cad>
          </ns3:TrackPointExtension>
        </extensions>
      </trkpt>
      <trkpt lat="22.604593075811862945556640625" lon="114.30300378240644931793212890625">
        <ele>6</ele>
        <time>2025-06-05T10:56:30.000Z</time>
        <extensions>
          <ns3:TrackPointExtension>
            <ns3:atemp>29.0</ns3:atemp>
            <ns3:hr>101</ns3:hr>
            <ns3:cad>71</ns3:cad>
          </ns3:TrackPointExtension>
        </extensions>
      </trkpt>
      <trkpt lat="22.60452099144458770751953125" lon="114.30301048792898654937744140625">
        <ele>6</ele>
        <time>2025-06-05T10:56:31.000Z</time>
        <extensions>
          <ns3:TrackPointExtension>
            <ns3:atemp>29.0</ns3:atemp>
            <ns3:hr>101</ns3:hr>
            <ns3:cad>67</ns3:cad>
          </ns3:TrackPointExtension>
        </extensions>
      </trkpt>
      <trkpt lat="22.60444764979183673858642578125" lon="114.3030196242034435272216796875">
        <ele>6</ele>
        <time>2025-06-05T10:56:32.000Z</time>
        <extensions>
          <ns3:TrackPointExtension>
            <ns3:atemp>29.0</ns3:atemp>
            <ns3:hr>102</ns3:hr>
            <ns3:cad>66</ns3:cad>
          </ns3:TrackPointExtension>
        </extensions>
      </trkpt>
      <trkpt lat="22.6043739728629589080810546875" lon="114.30302456952631473541259765625">
        <ele>6</ele>
        <time>2025-06-05T10:56:33.000Z</time>
        <extensions>
          <ns3:TrackPointExtension>
            <ns3:atemp>29.0</ns3:atemp>
            <ns3:hr>102</ns3:hr>
            <ns3:cad>66</ns3:cad>
          </ns3:TrackPointExtension>
        </extensions>
      </trkpt>
      <trkpt lat="22.6043015532195568084716796875" lon="114.30302775464951992034912109375">
        <ele>6</ele>
        <time>2025-06-05T10:56:34.000Z</time>
        <extensions>
          <ns3:TrackPointExtension>
            <ns3:atemp>29.0</ns3:atemp>
            <ns3:hr>102</ns3:hr>
            <ns3:cad>66</ns3:cad>
          </ns3:TrackPointExtension>
        </extensions>
      </trkpt>
      <trkpt lat="22.60424799285829067230224609375" lon="114.30302289314568042755126953125">
        <ele>6</ele>
        <time>2025-06-05T10:56:35.000Z</time>
        <extensions>
          <ns3:TrackPointExtension>
            <ns3:atemp>29.0</ns3:atemp>
            <ns3:hr>103</ns3:hr>
            <ns3:cad>66</ns3:cad>
          </ns3:TrackPointExtension>
        </extensions>
      </trkpt>
      <trkpt lat="22.6041944324970245361328125" lon="114.3030256591737270355224609375">
        <ele>6</ele>
        <time>2025-06-05T10:56:36.000Z</time>
        <extensions>
          <ns3:TrackPointExtension>
            <ns3:atemp>29.0</ns3:atemp>
            <ns3:hr>103</ns3:hr>
            <ns3:cad>66</ns3:cad>
          </ns3:TrackPointExtension>
        </extensions>
      </trkpt>
      <trkpt lat="22.604137770831584930419921875" lon="114.30303311906754970550537109375">
        <ele>6</ele>
        <time>2025-06-05T10:56:37.000Z</time>
        <extensions>
          <ns3:TrackPointExtension>
            <ns3:atemp>29.0</ns3:atemp>
            <ns3:hr>104</ns3:hr>
            <ns3:cad>66</ns3:cad>
          </ns3:TrackPointExtension>
        </extensions>
      </trkpt>
      <trkpt lat="22.6040832884609699249267578125" lon="114.3030404113233089447021484375">
        <ele>6</ele>
        <time>2025-06-05T10:56:38.000Z</time>
        <extensions>
          <ns3:TrackPointExtension>
            <ns3:atemp>29.0</ns3:atemp>
            <ns3:hr>105</ns3:hr>
            <ns3:cad>48</ns3:cad>
          </ns3:TrackPointExtension>
        </extensions>
      </trkpt>
      <trkpt lat="22.6040272973477840423583984375" lon="114.303048290312290191650390625">
        <ele>6</ele>
        <time>2025-06-05T10:56:39.000Z</time>
        <extensions>
          <ns3:TrackPointExtension>
            <ns3:atemp>29.0</ns3:atemp>
            <ns3:hr>106</ns3:hr>
            <ns3:cad>48</ns3:cad>
          </ns3:TrackPointExtension>
        </extensions>
      </trkpt>
      <trkpt lat="22.60396753437817096710205078125" lon="114.30305130779743194580078125">
        <ele>5.80000019073486328125</ele>
        <time>2025-06-05T10:56:40.000Z</time>
        <extensions>
          <ns3:TrackPointExtension>
            <ns3:atemp>29.0</ns3:atemp>
            <ns3:hr>107</ns3:hr>
            <ns3:cad>38</ns3:cad>
          </ns3:TrackPointExtension>
        </extensions>
      </trkpt>
      <trkpt lat="22.6039042510092258453369140625" lon="114.3030551634728908538818359375">
        <ele>5.599999904632568359375</ele>
        <time>2025-06-05T10:56:41.000Z</time>
        <extensions>
          <ns3:TrackPointExtension>
            <ns3:atemp>29.0</ns3:atemp>
            <ns3:hr>107</ns3:hr>
            <ns3:cad>38</ns3:cad>
          </ns3:TrackPointExtension>
        </extensions>
      </trkpt>
      <trkpt lat="22.6038415543735027313232421875" lon="114.303054995834827423095703125">
        <ele>5.19999980926513671875</ele>
        <time>2025-06-05T10:56:42.000Z</time>
        <extensions>
          <ns3:TrackPointExtension>
            <ns3:atemp>29.0</ns3:atemp>
            <ns3:hr>108</ns3:hr>
            <ns3:cad>58</ns3:cad>
          </ns3:TrackPointExtension>
        </extensions>
      </trkpt>
      <trkpt lat="22.60377726517617702484130859375" lon="114.30305507965385913848876953125">
        <ele>5</ele>
        <time>2025-06-05T10:56:43.000Z</time>
        <extensions>
          <ns3:TrackPointExtension>
            <ns3:atemp>29.0</ns3:atemp>
            <ns3:hr>108</ns3:hr>
            <ns3:cad>57</ns3:cad>
          </ns3:TrackPointExtension>
        </extensions>
      </trkpt>
      <trkpt lat="22.603712975978851318359375" lon="114.30305524729192256927490234375">
        <ele>4.80000019073486328125</ele>
        <time>2025-06-05T10:56:44.000Z</time>
        <extensions>
          <ns3:TrackPointExtension>
            <ns3:atemp>29.0</ns3:atemp>
            <ns3:hr>108</ns3:hr>
            <ns3:cad>47</ns3:cad>
          </ns3:TrackPointExtension>
        </extensions>
      </trkpt>
      <trkpt lat="22.60365036316215991973876953125" lon="114.3030548281967639923095703125">
        <ele>4.80000019073486328125</ele>
        <time>2025-06-05T10:56:45.000Z</time>
        <extensions>
          <ns3:TrackPointExtension>
            <ns3:atemp>29.0</ns3:atemp>
            <ns3:hr>109</ns3:hr>
            <ns3:cad>47</ns3:cad>
          </ns3:TrackPointExtension>
        </extensions>
      </trkpt>
      <trkpt lat="22.6035941205918788909912109375" lon="114.30304837413132190704345703125">
        <ele>4.599999904632568359375</ele>
        <time>2025-06-05T10:56:46.000Z</time>
        <extensions>
          <ns3:TrackPointExtension>
            <ns3:atemp>29.0</ns3:atemp>
            <ns3:hr>109</ns3:hr>
            <ns3:cad>47</ns3:cad>
          </ns3:TrackPointExtension>
        </extensions>
      </trkpt>
      <trkpt lat="22.6035364530980587005615234375" lon="114.30305390618741512298583984375">
        <ele>4.80000019073486328125</ele>
        <time>2025-06-05T10:56:47.000Z</time>
        <extensions>
          <ns3:TrackPointExtension>
            <ns3:atemp>29.0</ns3:atemp>
            <ns3:hr>108</ns3:hr>
            <ns3:cad>47</ns3:cad>
          </ns3:TrackPointExtension>
        </extensions>
      </trkpt>
      <trkpt lat="22.603476941585540771484375" lon="114.30306597612798213958740234375">
        <ele>4.599999904632568359375</ele>
        <time>2025-06-05T10:56:48.000Z</time>
        <extensions>
          <ns3:TrackPointExtension>
            <ns3:atemp>29.0</ns3:atemp>
            <ns3:hr>106</ns3:hr>
            <ns3:cad>0</ns3:cad>
          </ns3:TrackPointExtension>
        </extensions>
      </trkpt>
      <trkpt lat="22.60341147892177104949951171875" lon="114.303062371909618377685546875">
        <ele>4.599999904632568359375</ele>
        <time>2025-06-05T10:56:49.000Z</time>
        <extensions>
          <ns3:TrackPointExtension>
            <ns3:atemp>29.0</ns3:atemp>
            <ns3:hr>101</ns3:hr>
            <ns3:cad>0</ns3:cad>
          </ns3:TrackPointExtension>
        </extensions>
      </trkpt>
      <trkpt lat="22.60335230268537998199462890625" lon="114.30305457673966884613037109375">
        <ele>4.599999904632568359375</ele>
        <time>2025-06-05T10:56:50.000Z</time>
        <extensions>
          <ns3:TrackPointExtension>
            <ns3:atemp>29.0</ns3:atemp>
            <ns3:hr>100</ns3:hr>
            <ns3:cad>0</ns3:cad>
          </ns3:TrackPointExtension>
        </extensions>
      </trkpt>
      <trkpt lat="22.60329580865800380706787109375" lon="114.3030494637787342071533203125">
        <ele>4.599999904632568359375</ele>
        <time>2025-06-05T10:56:51.000Z</time>
        <extensions>
          <ns3:TrackPointExtension>
            <ns3:atemp>29.0</ns3:atemp>
            <ns3:hr>97</ns3:hr>
            <ns3:cad>0</ns3:cad>
          </ns3:TrackPointExtension>
        </extensions>
      </trkpt>
      <trkpt lat="22.6032449305057525634765625" lon="114.30304569192230701446533203125">
        <ele>4.599999904632568359375</ele>
        <time>2025-06-05T10:56:52.000Z</time>
        <extensions>
          <ns3:TrackPointExtension>
            <ns3:atemp>29.0</ns3:atemp>
            <ns3:hr>97</ns3:hr>
            <ns3:cad>0</ns3:cad>
          </ns3:TrackPointExtension>
        </extensions>
      </trkpt>
      <trkpt lat="22.60320193134248256683349609375" lon="114.30306471884250640869140625">
        <ele>4.599999904632568359375</ele>
        <time>2025-06-05T10:56:53.000Z</time>
        <extensions>
          <ns3:TrackPointExtension>
            <ns3:atemp>29.0</ns3:atemp>
            <ns3:hr>97</ns3:hr>
            <ns3:cad>0</ns3:cad>
          </ns3:TrackPointExtension>
        </extensions>
      </trkpt>
      <trkpt lat="22.6031726785004138946533203125" lon="114.30310067720711231231689453125">
        <ele>4.599999904632568359375</ele>
        <time>2025-06-05T10:56:54.000Z</time>
        <extensions>
          <ns3:TrackPointExtension>
            <ns3:atemp>29.0</ns3:atemp>
            <ns3:hr>97</ns3:hr>
            <ns3:cad>0</ns3:cad>
          </ns3:TrackPointExtension>
        </extensions>
      </trkpt>
      <trkpt lat="22.60315583087503910064697265625" lon="114.30314778350293636322021484375">
        <ele>4.599999904632568359375</ele>
        <time>2025-06-05T10:56:55.000Z</time>
        <extensions>
          <ns3:TrackPointExtension>
            <ns3:atemp>29.0</ns3:atemp>
            <ns3:hr>97</ns3:hr>
            <ns3:cad>0</ns3:cad>
          </ns3:TrackPointExtension>
        </extensions>
      </trkpt>
      <trkpt lat="22.60314359329640865325927734375" lon="114.303196482360363006591796875">
        <ele>4.599999904632568359375</ele>
        <time>2025-06-05T10:56:56.000Z</time>
        <extensions>
          <ns3:TrackPointExtension>
            <ns3:atemp>29.0</ns3:atemp>
            <ns3:hr>97</ns3:hr>
            <ns3:cad>0</ns3:cad>
          </ns3:TrackPointExtension>
        </extensions>
      </trkpt>
      <trkpt lat="22.60313018225133419036865234375" lon="114.30324685759842395782470703125">
        <ele>4.599999904632568359375</ele>
        <time>2025-06-05T10:56:57.000Z</time>
        <extensions>
          <ns3:TrackPointExtension>
            <ns3:atemp>29.0</ns3:atemp>
            <ns3:hr>97</ns3:hr>
            <ns3:cad>47</ns3:cad>
          </ns3:TrackPointExtension>
        </extensions>
      </trkpt>
      <trkpt lat="22.6031156815588474273681640625" lon="114.30330838076770305633544921875">
        <ele>4.599999904632568359375</ele>
        <time>2025-06-05T10:56:58.000Z</time>
        <extensions>
          <ns3:TrackPointExtension>
            <ns3:atemp>29.0</ns3:atemp>
            <ns3:hr>97</ns3:hr>
            <ns3:cad>55</ns3:cad>
          </ns3:TrackPointExtension>
        </extensions>
      </trkpt>
      <trkpt lat="22.6031009294092655181884765625" lon="114.303373508155345916748046875">
        <ele>4.599999904632568359375</ele>
        <time>2025-06-05T10:56:59.000Z</time>
        <extensions>
          <ns3:TrackPointExtension>
            <ns3:atemp>29.0</ns3:atemp>
            <ns3:hr>98</ns3:hr>
            <ns3:cad>55</ns3:cad>
          </ns3:TrackPointExtension>
        </extensions>
      </trkpt>
      <trkpt lat="22.60309330187737941741943359375" lon="114.30343813262879848480224609375">
        <ele>4.400000095367431640625</ele>
        <time>2025-06-05T10:57:00.000Z</time>
        <extensions>
          <ns3:TrackPointExtension>
            <ns3:atemp>29.0</ns3:atemp>
            <ns3:hr>98</ns3:hr>
            <ns3:cad>59</ns3:cad>
          </ns3:TrackPointExtension>
        </extensions>
      </trkpt>
      <trkpt lat="22.60307871736586093902587890625" lon="114.30350250564515590667724609375">
        <ele>4.400000095367431640625</ele>
        <time>2025-06-05T10:57:01.000Z</time>
        <extensions>
          <ns3:TrackPointExtension>
            <ns3:atemp>29.0</ns3:atemp>
            <ns3:hr>98</ns3:hr>
            <ns3:cad>59</ns3:cad>
          </ns3:TrackPointExtension>
        </extensions>
      </trkpt>
      <trkpt lat="22.60305860079824924468994140625" lon="114.303571991622447967529296875">
        <ele>4.400000095367431640625</ele>
        <time>2025-06-05T10:57:02.000Z</time>
        <extensions>
          <ns3:TrackPointExtension>
            <ns3:atemp>29.0</ns3:atemp>
            <ns3:hr>98</ns3:hr>
            <ns3:cad>54</ns3:cad>
          </ns3:TrackPointExtension>
        </extensions>
      </trkpt>
      <trkpt lat="22.60303437709808349609375" lon="114.30364407598972320556640625">
        <ele>4.19999980926513671875</ele>
        <time>2025-06-05T10:57:03.000Z</time>
        <extensions>
          <ns3:TrackPointExtension>
            <ns3:atemp>29.0</ns3:atemp>
            <ns3:hr>99</ns3:hr>
            <ns3:cad>57</ns3:cad>
          </ns3:TrackPointExtension>
        </extensions>
      </trkpt>
      <trkpt lat="22.603010572493076324462890625" lon="114.30371775291860103607177734375">
        <ele>4.19999980926513671875</ele>
        <time>2025-06-05T10:57:04.000Z</time>
        <extensions>
          <ns3:TrackPointExtension>
            <ns3:atemp>29.0</ns3:atemp>
            <ns3:hr>99</ns3:hr>
            <ns3:cad>61</ns3:cad>
          </ns3:TrackPointExtension>
        </extensions>
      </trkpt>
      <trkpt lat="22.60298542678356170654296875" lon="114.3037887476384639739990234375">
        <ele>4</ele>
        <time>2025-06-05T10:57:05.000Z</time>
        <extensions>
          <ns3:TrackPointExtension>
            <ns3:atemp>29.0</ns3:atemp>
            <ns3:hr>99</ns3:hr>
            <ns3:cad>61</ns3:cad>
          </ns3:TrackPointExtension>
        </extensions>
      </trkpt>
      <trkpt lat="22.60296086780726909637451171875" lon="114.30385990999639034271240234375">
        <ele>4</ele>
        <time>2025-06-05T10:57:06.000Z</time>
        <extensions>
          <ns3:TrackPointExtension>
            <ns3:atemp>29.0</ns3:atemp>
            <ns3:hr>99</ns3:hr>
            <ns3:cad>61</ns3:cad>
          </ns3:TrackPointExtension>
        </extensions>
      </trkpt>
      <trkpt lat="22.602933458983898162841796875" lon="114.30393098853528499603271484375">
        <ele>4.19999980926513671875</ele>
        <time>2025-06-05T10:57:07.000Z</time>
        <extensions>
          <ns3:TrackPointExtension>
            <ns3:atemp>29.0</ns3:atemp>
            <ns3:hr>99</ns3:hr>
            <ns3:cad>63</ns3:cad>
          </ns3:TrackPointExtension>
        </extensions>
      </trkpt>
      <trkpt lat="22.6029074750840663909912109375" lon="114.30400273762643337249755859375">
        <ele>4.19999980926513671875</ele>
        <time>2025-06-05T10:57:08.000Z</time>
        <extensions>
          <ns3:TrackPointExtension>
            <ns3:atemp>29.0</ns3:atemp>
            <ns3:hr>99</ns3:hr>
            <ns3:cad>63</ns3:cad>
          </ns3:TrackPointExtension>
        </extensions>
      </trkpt>
      <trkpt lat="22.602878473699092864990234375" lon="114.304072894155979156494140625">
        <ele>4.400000095367431640625</ele>
        <time>2025-06-05T10:57:09.000Z</time>
        <extensions>
          <ns3:TrackPointExtension>
            <ns3:atemp>29.0</ns3:atemp>
            <ns3:hr>99</ns3:hr>
            <ns3:cad>65</ns3:cad>
          </ns3:TrackPointExtension>
        </extensions>
      </trkpt>
      <trkpt lat="22.6028431020677089691162109375" lon="114.304139949381351470947265625">
        <ele>4.400000095367431640625</ele>
        <time>2025-06-05T10:57:10.000Z</time>
        <extensions>
          <ns3:TrackPointExtension>
            <ns3:atemp>29.0</ns3:atemp>
            <ns3:hr>100</ns3:hr>
            <ns3:cad>65</ns3:cad>
          </ns3:TrackPointExtension>
        </extensions>
      </trkpt>
      <trkpt lat="22.6028065569698810577392578125" lon="114.30420490913093090057373046875">
        <ele>4.400000095367431640625</ele>
        <time>2025-06-05T10:57:11.000Z</time>
        <extensions>
          <ns3:TrackPointExtension>
            <ns3:atemp>29.0</ns3:atemp>
            <ns3:hr>100</ns3:hr>
            <ns3:cad>64</ns3:cad>
          </ns3:TrackPointExtension>
        </extensions>
      </trkpt>
      <trkpt lat="22.60276774875819683074951171875" lon="114.304268695414066314697265625">
        <ele>4</ele>
        <time>2025-06-05T10:57:12.000Z</time>
        <extensions>
          <ns3:TrackPointExtension>
            <ns3:atemp>29.0</ns3:atemp>
            <ns3:hr>100</ns3:hr>
            <ns3:cad>65</ns3:cad>
          </ns3:TrackPointExtension>
        </extensions>
      </trkpt>
      <trkpt lat="22.602724246680736541748046875" lon="114.30433206260204315185546875">
        <ele>4</ele>
        <time>2025-06-05T10:57:13.000Z</time>
        <extensions>
          <ns3:TrackPointExtension>
            <ns3:atemp>29.0</ns3:atemp>
            <ns3:hr>100</ns3:hr>
            <ns3:cad>65</ns3:cad>
          </ns3:TrackPointExtension>
        </extensions>
      </trkpt>
      <trkpt lat="22.60267957113683223724365234375" lon="114.30439467541873455047607421875">
        <ele>3.7999999523162841796875</ele>
        <time>2025-06-05T10:57:14.000Z</time>
        <extensions>
          <ns3:TrackPointExtension>
            <ns3:atemp>29.0</ns3:atemp>
            <ns3:hr>100</ns3:hr>
            <ns3:cad>65</ns3:cad>
          </ns3:TrackPointExtension>
        </extensions>
      </trkpt>
      <trkpt lat="22.6026315428316593170166015625" lon="114.3044539354741573333740234375">
        <ele>3.599999904632568359375</ele>
        <time>2025-06-05T10:57:15.000Z</time>
        <extensions>
          <ns3:TrackPointExtension>
            <ns3:atemp>29.0</ns3:atemp>
            <ns3:hr>101</ns3:hr>
            <ns3:cad>65</ns3:cad>
          </ns3:TrackPointExtension>
        </extensions>
      </trkpt>
      <trkpt lat="22.60257798247039318084716796875" lon="114.3045105971395969390869140625">
        <ele>3.599999904632568359375</ele>
        <time>2025-06-05T10:57:16.000Z</time>
        <extensions>
          <ns3:TrackPointExtension>
            <ns3:atemp>29.0</ns3:atemp>
            <ns3:hr>101</ns3:hr>
            <ns3:cad>65</ns3:cad>
          </ns3:TrackPointExtension>
        </extensions>
      </trkpt>
      <trkpt lat="22.60252852924168109893798828125" lon="114.30456985719501972198486328125">
        <ele>3.400000095367431640625</ele>
        <time>2025-06-05T10:57:17.000Z</time>
        <extensions>
          <ns3:TrackPointExtension>
            <ns3:atemp>29.0</ns3:atemp>
            <ns3:hr>102</ns3:hr>
            <ns3:cad>68</ns3:cad>
          </ns3:TrackPointExtension>
        </extensions>
      </trkpt>
      <trkpt lat="22.602478824555873870849609375" lon="114.30463003925979137420654296875">
        <ele>3.2000000476837158203125</ele>
        <time>2025-06-05T10:57:18.000Z</time>
        <extensions>
          <ns3:TrackPointExtension>
            <ns3:atemp>29.0</ns3:atemp>
            <ns3:hr>103</ns3:hr>
            <ns3:cad>67</ns3:cad>
          </ns3:TrackPointExtension>
        </extensions>
      </trkpt>
      <trkpt lat="22.60243314318358898162841796875" lon="114.30469005368649959564208984375">
        <ele>3</ele>
        <time>2025-06-05T10:57:19.000Z</time>
        <extensions>
          <ns3:TrackPointExtension>
            <ns3:atemp>29.0</ns3:atemp>
            <ns3:hr>104</ns3:hr>
            <ns3:cad>67</ns3:cad>
          </ns3:TrackPointExtension>
        </extensions>
      </trkpt>
      <trkpt lat="22.6023824326694011688232421875" lon="114.304747469723224639892578125">
        <ele>3</ele>
        <time>2025-06-05T10:57:20.000Z</time>
        <extensions>
          <ns3:TrackPointExtension>
            <ns3:atemp>29.0</ns3:atemp>
            <ns3:hr>105</ns3:hr>
            <ns3:cad>67</ns3:cad>
          </ns3:TrackPointExtension>
        </extensions>
      </trkpt>
      <trkpt lat="22.60232920758426189422607421875" lon="114.304805137217044830322265625">
        <ele>2.7999999523162841796875</ele>
        <time>2025-06-05T10:57:21.000Z</time>
        <extensions>
          <ns3:TrackPointExtension>
            <ns3:atemp>29.0</ns3:atemp>
            <ns3:hr>106</ns3:hr>
            <ns3:cad>67</ns3:cad>
          </ns3:TrackPointExtension>
        </extensions>
      </trkpt>
      <trkpt lat="22.60227824561297893524169921875" lon="114.3048629723489284515380859375">
        <ele>2.7999999523162841796875</ele>
        <time>2025-06-05T10:57:22.000Z</time>
        <extensions>
          <ns3:TrackPointExtension>
            <ns3:atemp>29.0</ns3:atemp>
            <ns3:hr>108</ns3:hr>
            <ns3:cad>67</ns3:cad>
          </ns3:TrackPointExtension>
        </extensions>
      </trkpt>
      <trkpt lat="22.60222636163234710693359375" lon="114.30492122657597064971923828125">
        <ele>2.7999999523162841796875</ele>
        <time>2025-06-05T10:57:23.000Z</time>
        <extensions>
          <ns3:TrackPointExtension>
            <ns3:atemp>29.0</ns3:atemp>
            <ns3:hr>110</ns3:hr>
            <ns3:cad>68</ns3:cad>
          </ns3:TrackPointExtension>
        </extensions>
      </trkpt>
      <trkpt lat="22.602176405489444732666015625" lon="114.30498115718364715576171875">
        <ele>2.7999999523162841796875</ele>
        <time>2025-06-05T10:57:24.000Z</time>
        <extensions>
          <ns3:TrackPointExtension>
            <ns3:atemp>29.0</ns3:atemp>
            <ns3:hr>111</ns3:hr>
            <ns3:cad>68</ns3:cad>
          </ns3:TrackPointExtension>
        </extensions>
      </trkpt>
      <trkpt lat="22.60212452150881290435791015625" lon="114.3050421774387359619140625">
        <ele>2.7999999523162841796875</ele>
        <time>2025-06-05T10:57:25.000Z</time>
        <extensions>
          <ns3:TrackPointExtension>
            <ns3:atemp>29.0</ns3:atemp>
            <ns3:hr>112</ns3:hr>
            <ns3:cad>68</ns3:cad>
          </ns3:TrackPointExtension>
        </extensions>
      </trkpt>
      <trkpt lat="22.60207490064203739166259765625" lon="114.3051016889512538909912109375">
        <ele>2.7999999523162841796875</ele>
        <time>2025-06-05T10:57:26.000Z</time>
        <extensions>
          <ns3:TrackPointExtension>
            <ns3:atemp>29.0</ns3:atemp>
            <ns3:hr>112</ns3:hr>
            <ns3:cad>67</ns3:cad>
          </ns3:TrackPointExtension>
        </extensions>
      </trkpt>
      <trkpt lat="22.60202511213719844818115234375" lon="114.3051583506166934967041015625">
        <ele>2.7999999523162841796875</ele>
        <time>2025-06-05T10:57:27.000Z</time>
        <extensions>
          <ns3:TrackPointExtension>
            <ns3:atemp>29.0</ns3:atemp>
            <ns3:hr>113</ns3:hr>
            <ns3:cad>66</ns3:cad>
          </ns3:TrackPointExtension>
        </extensions>
      </trkpt>
      <trkpt lat="22.60197280906140804290771484375" lon="114.305214174091815948486328125">
        <ele>2.7999999523162841796875</ele>
        <time>2025-06-05T10:57:28.000Z</time>
        <extensions>
          <ns3:TrackPointExtension>
            <ns3:atemp>29.0</ns3:atemp>
            <ns3:hr>113</ns3:hr>
            <ns3:cad>68</ns3:cad>
          </ns3:TrackPointExtension>
        </extensions>
      </trkpt>
      <trkpt lat="22.601923607289791107177734375" lon="114.30527217686176300048828125">
        <ele>2.599999904632568359375</ele>
        <time>2025-06-05T10:57:29.000Z</time>
        <extensions>
          <ns3:TrackPointExtension>
            <ns3:atemp>29.0</ns3:atemp>
            <ns3:hr>113</ns3:hr>
            <ns3:cad>67</ns3:cad>
          </ns3:TrackPointExtension>
        </extensions>
      </trkpt>
      <trkpt lat="22.6018765009939670562744140625" lon="114.30533110164105892181396484375">
        <ele>2.400000095367431640625</ele>
        <time>2025-06-05T10:57:30.000Z</time>
        <extensions>
          <ns3:TrackPointExtension>
            <ns3:atemp>29.0</ns3:atemp>
            <ns3:hr>113</ns3:hr>
            <ns3:cad>66</ns3:cad>
          </ns3:TrackPointExtension>
        </extensions>
      </trkpt>
      <trkpt lat="22.601829059422016143798828125" lon="114.305386506021022796630859375">
        <ele>2.400000095367431640625</ele>
        <time>2025-06-05T10:57:31.000Z</time>
        <extensions>
          <ns3:TrackPointExtension>
            <ns3:atemp>29.0</ns3:atemp>
            <ns3:hr>114</ns3:hr>
            <ns3:cad>68</ns3:cad>
          </ns3:TrackPointExtension>
        </extensions>
      </trkpt>
      <trkpt lat="22.60178388096392154693603515625" lon="114.30544191040098667144775390625">
        <ele>2.400000095367431640625</ele>
        <time>2025-06-05T10:57:32.000Z</time>
        <extensions>
          <ns3:TrackPointExtension>
            <ns3:atemp>29.0</ns3:atemp>
            <ns3:hr>115</ns3:hr>
            <ns3:cad>68</ns3:cad>
          </ns3:TrackPointExtension>
        </extensions>
      </trkpt>
      <trkpt lat="22.6017380319535732269287109375" lon="114.3054916150867938995361328125">
        <ele>2.400000095367431640625</ele>
        <time>2025-06-05T10:57:33.000Z</time>
        <extensions>
          <ns3:TrackPointExtension>
            <ns3:atemp>29.0</ns3:atemp>
            <ns3:hr>116</ns3:hr>
            <ns3:cad>68</ns3:cad>
          </ns3:TrackPointExtension>
        </extensions>
      </trkpt>
      <trkpt lat="22.6016931049525737762451171875" lon="114.3055352009832859039306640625">
        <ele>2.599999904632568359375</ele>
        <time>2025-06-05T10:57:34.000Z</time>
        <extensions>
          <ns3:TrackPointExtension>
            <ns3:atemp>29.0</ns3:atemp>
            <ns3:hr>117</ns3:hr>
            <ns3:cad>68</ns3:cad>
          </ns3:TrackPointExtension>
        </extensions>
      </trkpt>
      <trkpt lat="22.601647675037384033203125" lon="114.3055704049766063690185546875">
        <ele>2.7999999523162841796875</ele>
        <time>2025-06-05T10:57:35.000Z</time>
        <extensions>
          <ns3:TrackPointExtension>
            <ns3:atemp>29.0</ns3:atemp>
            <ns3:hr>119</ns3:hr>
            <ns3:cad>0</ns3:cad>
          </ns3:TrackPointExtension>
        </extensions>
      </trkpt>
      <trkpt lat="22.60160517878830432891845703125" lon="114.30560636334121227264404296875">
        <ele>3</ele>
        <time>2025-06-05T10:57:36.000Z</time>
        <extensions>
          <ns3:TrackPointExtension>
            <ns3:atemp>29.0</ns3:atemp>
            <ns3:hr>120</ns3:hr>
            <ns3:cad>0</ns3:cad>
          </ns3:TrackPointExtension>
        </extensions>
      </trkpt>
      <trkpt lat="22.60156578384339809417724609375" lon="114.30564701557159423828125">
        <ele>3</ele>
        <time>2025-06-05T10:57:37.000Z</time>
        <extensions>
          <ns3:TrackPointExtension>
            <ns3:atemp>29.0</ns3:atemp>
            <ns3:hr>120</ns3:hr>
            <ns3:cad>0</ns3:cad>
          </ns3:TrackPointExtension>
        </extensions>
      </trkpt>
      <trkpt lat="22.60152219794690608978271484375" lon="114.30568498559296131134033203125">
        <ele>3</ele>
        <time>2025-06-05T10:57:38.000Z</time>
        <extensions>
          <ns3:TrackPointExtension>
            <ns3:atemp>29.0</ns3:atemp>
            <ns3:hr>120</ns3:hr>
            <ns3:cad>0</ns3:cad>
          </ns3:TrackPointExtension>
        </extensions>
      </trkpt>
      <trkpt lat="22.6014815457165241241455078125" lon="114.305725805461406707763671875">
        <ele>3</ele>
        <time>2025-06-05T10:57:39.000Z</time>
        <extensions>
          <ns3:TrackPointExtension>
            <ns3:atemp>29.0</ns3:atemp>
            <ns3:hr>120</ns3:hr>
            <ns3:cad>0</ns3:cad>
          </ns3:TrackPointExtension>
        </extensions>
      </trkpt>
      <trkpt lat="22.60144181549549102783203125" lon="114.30576545186340808868408203125">
        <ele>3</ele>
        <time>2025-06-05T10:57:40.000Z</time>
        <extensions>
          <ns3:TrackPointExtension>
            <ns3:atemp>29.0</ns3:atemp>
            <ns3:hr>120</ns3:hr>
            <ns3:cad>57</ns3:cad>
          </ns3:TrackPointExtension>
        </extensions>
      </trkpt>
      <trkpt lat="22.6014020852744579315185546875" lon="114.3058074451982975006103515625">
        <ele>3</ele>
        <time>2025-06-05T10:57:41.000Z</time>
        <extensions>
          <ns3:TrackPointExtension>
            <ns3:atemp>29.0</ns3:atemp>
            <ns3:hr>120</ns3:hr>
            <ns3:cad>63</ns3:cad>
          </ns3:TrackPointExtension>
        </extensions>
      </trkpt>
      <trkpt lat="22.6013558171689510345458984375" lon="114.30584155954420566558837890625">
        <ele>3</ele>
        <time>2025-06-05T10:57:42.000Z</time>
        <extensions>
          <ns3:TrackPointExtension>
            <ns3:atemp>29.0</ns3:atemp>
            <ns3:hr>121</ns3:hr>
            <ns3:cad>65</ns3:cad>
          </ns3:TrackPointExtension>
        </extensions>
      </trkpt>
      <trkpt lat="22.60131281800568103790283203125" lon="114.3058765120804309844970703125">
        <ele>3</ele>
        <time>2025-06-05T10:57:43.000Z</time>
        <extensions>
          <ns3:TrackPointExtension>
            <ns3:atemp>29.0</ns3:atemp>
            <ns3:hr>121</ns3:hr>
            <ns3:cad>64</ns3:cad>
          </ns3:TrackPointExtension>
        </extensions>
      </trkpt>
      <trkpt lat="22.60126973502337932586669921875" lon="114.3059177510440349578857421875">
        <ele>3</ele>
        <time>2025-06-05T10:57:44.000Z</time>
        <extensions>
          <ns3:TrackPointExtension>
            <ns3:atemp>29.0</ns3:atemp>
            <ns3:hr>121</ns3:hr>
            <ns3:cad>66</ns3:cad>
          </ns3:TrackPointExtension>
        </extensions>
      </trkpt>
      <trkpt lat="22.6012287475168704986572265625" lon="114.3059569783508777618408203125">
        <ele>3</ele>
        <time>2025-06-05T10:57:45.000Z</time>
        <extensions>
          <ns3:TrackPointExtension>
            <ns3:atemp>29.0</ns3:atemp>
            <ns3:hr>120</ns3:hr>
            <ns3:cad>63</ns3:cad>
          </ns3:TrackPointExtension>
        </extensions>
      </trkpt>
      <trkpt lat="22.60118943639099597930908203125" lon="114.3059988878667354583740234375">
        <ele>3</ele>
        <time>2025-06-05T10:57:46.000Z</time>
        <extensions>
          <ns3:TrackPointExtension>
            <ns3:atemp>29.0</ns3:atemp>
            <ns3:hr>119</ns3:hr>
            <ns3:cad>63</ns3:cad>
          </ns3:TrackPointExtension>
        </extensions>
      </trkpt>
      <trkpt lat="22.60115507058799266815185546875" lon="114.306043647229671478271484375">
        <ele>3</ele>
        <time>2025-06-05T10:57:47.000Z</time>
        <extensions>
          <ns3:TrackPointExtension>
            <ns3:atemp>29.0</ns3:atemp>
            <ns3:hr>118</ns3:hr>
            <ns3:cad>63</ns3:cad>
          </ns3:TrackPointExtension>
        </extensions>
      </trkpt>
      <trkpt lat="22.60111181996762752532958984375" lon="114.30608329363167285919189453125">
        <ele>3</ele>
        <time>2025-06-05T10:57:48.000Z</time>
        <extensions>
          <ns3:TrackPointExtension>
            <ns3:atemp>29.0</ns3:atemp>
            <ns3:hr>117</ns3:hr>
            <ns3:cad>60</ns3:cad>
          </ns3:TrackPointExtension>
        </extensions>
      </trkpt>
      <trkpt lat="22.601080052554607391357421875" lon="114.30612620897591114044189453125">
        <ele>3.2000000476837158203125</ele>
        <time>2025-06-05T10:57:49.000Z</time>
        <extensions>
          <ns3:TrackPointExtension>
            <ns3:atemp>29.0</ns3:atemp>
            <ns3:hr>117</ns3:hr>
            <ns3:cad>60</ns3:cad>
          </ns3:TrackPointExtension>
        </extensions>
      </trkpt>
      <trkpt lat="22.60104375891387462615966796875" lon="114.3061621673405170440673828125">
        <ele>3.2000000476837158203125</ele>
        <time>2025-06-05T10:57:50.000Z</time>
        <extensions>
          <ns3:TrackPointExtension>
            <ns3:atemp>29.0</ns3:atemp>
            <ns3:hr>116</ns3:hr>
            <ns3:cad>60</ns3:cad>
          </ns3:TrackPointExtension>
        </extensions>
      </trkpt>
      <trkpt lat="22.601009309291839599609375" lon="114.30619544349610805511474609375">
        <ele>3.400000095367431640625</ele>
        <time>2025-06-05T10:57:51.000Z</time>
        <extensions>
          <ns3:TrackPointExtension>
            <ns3:atemp>29.0</ns3:atemp>
            <ns3:hr>116</ns3:hr>
            <ns3:cad>60</ns3:cad>
          </ns3:TrackPointExtension>
        </extensions>
      </trkpt>
      <trkpt lat="22.60097351856529712677001953125" lon="114.3062262050807476043701171875">
        <ele>3.599999904632568359375</ele>
        <time>2025-06-05T10:57:52.000Z</time>
        <extensions>
          <ns3:TrackPointExtension>
            <ns3:atemp>29.0</ns3:atemp>
            <ns3:hr>116</ns3:hr>
            <ns3:cad>0</ns3:cad>
          </ns3:TrackPointExtension>
        </extensions>
      </trkpt>
      <trkpt lat="22.6009323634207248687744140625" lon="114.3062439747154712677001953125">
        <ele>3.7999999523162841796875</ele>
        <time>2025-06-05T10:57:53.000Z</time>
        <extensions>
          <ns3:TrackPointExtension>
            <ns3:atemp>29.0</ns3:atemp>
            <ns3:hr>116</ns3:hr>
            <ns3:cad>0</ns3:cad>
          </ns3:TrackPointExtension>
        </extensions>
      </trkpt>
      <trkpt lat="22.6008928008377552032470703125" lon="114.30623785592615604400634765625">
        <ele>3.7999999523162841796875</ele>
        <time>2025-06-05T10:57:54.000Z</time>
        <extensions>
          <ns3:TrackPointExtension>
            <ns3:atemp>29.0</ns3:atemp>
            <ns3:hr>116</ns3:hr>
            <ns3:cad>0</ns3:cad>
          </ns3:TrackPointExtension>
        </extensions>
      </trkpt>
      <trkpt lat="22.60086338035762310028076171875" lon="114.30621455423533916473388671875">
        <ele>3.7999999523162841796875</ele>
        <time>2025-06-05T10:57:55.000Z</time>
        <extensions>
          <ns3:TrackPointExtension>
            <ns3:atemp>29.0</ns3:atemp>
            <ns3:hr>116</ns3:hr>
            <ns3:cad>0</ns3:cad>
          </ns3:TrackPointExtension>
        </extensions>
      </trkpt>
      <trkpt lat="22.6008344627916812896728515625" lon="114.3061874806880950927734375">
        <ele>3.7999999523162841796875</ele>
        <time>2025-06-05T10:57:56.000Z</time>
        <extensions>
          <ns3:TrackPointExtension>
            <ns3:atemp>29.0</ns3:atemp>
            <ns3:hr>115</ns3:hr>
            <ns3:cad>0</ns3:cad>
          </ns3:TrackPointExtension>
        </extensions>
      </trkpt>
      <trkpt lat="22.60080520994961261749267578125" lon="114.30615588091313838958740234375">
        <ele>3.7999999523162841796875</ele>
        <time>2025-06-05T10:57:57.000Z</time>
        <extensions>
          <ns3:TrackPointExtension>
            <ns3:atemp>29.0</ns3:atemp>
            <ns3:hr>115</ns3:hr>
            <ns3:cad>48</ns3:cad>
          </ns3:TrackPointExtension>
        </extensions>
      </trkpt>
      <trkpt lat="22.60077268816530704498291015625" lon="114.3061192519962787628173828125">
        <ele>3.599999904632568359375</ele>
        <time>2025-06-05T10:57:58.000Z</time>
        <extensions>
          <ns3:TrackPointExtension>
            <ns3:atemp>29.0</ns3:atemp>
            <ns3:hr>114</ns3:hr>
            <ns3:cad>48</ns3:cad>
          </ns3:TrackPointExtension>
        </extensions>
      </trkpt>
      <trkpt lat="22.60074117220938205718994140625" lon="114.30607910268008708953857421875">
        <ele>3.599999904632568359375</ele>
        <time>2025-06-05T10:57:59.000Z</time>
        <extensions>
          <ns3:TrackPointExtension>
            <ns3:atemp>29.0</ns3:atemp>
            <ns3:hr>114</ns3:hr>
            <ns3:cad>53</ns3:cad>
          </ns3:TrackPointExtension>
        </extensions>
      </trkpt>
      <trkpt lat="22.6007073931396007537841796875" lon="114.30603970773518085479736328125">
        <ele>3.599999904632568359375</ele>
        <time>2025-06-05T10:58:00.000Z</time>
        <extensions>
          <ns3:TrackPointExtension>
            <ns3:atemp>29.0</ns3:atemp>
            <ns3:hr>113</ns3:hr>
            <ns3:cad>52</ns3:cad>
          </ns3:TrackPointExtension>
        </extensions>
      </trkpt>
      <trkpt lat="22.60067461989820003509521484375" lon="114.3060035817325115203857421875">
        <ele>3.7999999523162841796875</ele>
        <time>2025-06-05T10:58:01.000Z</time>
        <extensions>
          <ns3:TrackPointExtension>
            <ns3:atemp>29.0</ns3:atemp>
            <ns3:hr>113</ns3:hr>
            <ns3:cad>52</ns3:cad>
          </ns3:TrackPointExtension>
        </extensions>
      </trkpt>
      <trkpt lat="22.60064830072224140167236328125" lon="114.3059730716049671173095703125">
        <ele>3.7999999523162841796875</ele>
        <time>2025-06-05T10:58:02.000Z</time>
        <extensions>
          <ns3:TrackPointExtension>
            <ns3:atemp>29.0</ns3:atemp>
            <ns3:hr>112</ns3:hr>
            <ns3:cad>52</ns3:cad>
          </ns3:TrackPointExtension>
        </extensions>
      </trkpt>
      <trkpt lat="22.6006222330033779144287109375" lon="114.3059485964477062225341796875">
        <ele>4</ele>
        <time>2025-06-05T10:58:03.000Z</time>
        <extensions>
          <ns3:TrackPointExtension>
            <ns3:atemp>29.0</ns3:atemp>
            <ns3:hr>112</ns3:hr>
            <ns3:cad>52</ns3:cad>
          </ns3:TrackPointExtension>
        </extensions>
      </trkpt>
      <trkpt lat="22.60060052387416362762451171875" lon="114.30592261254787445068359375">
        <ele>4</ele>
        <time>2025-06-05T10:58:04.000Z</time>
        <extensions>
          <ns3:TrackPointExtension>
            <ns3:atemp>29.0</ns3:atemp>
            <ns3:hr>112</ns3:hr>
            <ns3:cad>52</ns3:cad>
          </ns3:TrackPointExtension>
        </extensions>
      </trkpt>
      <trkpt lat="22.60059314779937267303466796875" lon="114.3058939464390277862548828125">
        <ele>4</ele>
        <time>2025-06-05T10:58:05.000Z</time>
        <extensions>
          <ns3:TrackPointExtension>
            <ns3:atemp>29.0</ns3:atemp>
            <ns3:hr>112</ns3:hr>
            <ns3:cad>0</ns3:cad>
          </ns3:TrackPointExtension>
        </extensions>
      </trkpt>
      <trkpt lat="22.600579150021076202392578125" lon="114.30587475188076496124267578125">
        <ele>4.19999980926513671875</ele>
        <time>2025-06-05T10:58:06.000Z</time>
        <extensions>
          <ns3:TrackPointExtension>
            <ns3:atemp>29.0</ns3:atemp>
            <ns3:hr>112</ns3:hr>
            <ns3:cad>48</ns3:cad>
          </ns3:TrackPointExtension>
        </extensions>
      </trkpt>
      <trkpt lat="22.6005613803863525390625" lon="114.3058496899902820587158203125">
        <ele>4</ele>
        <time>2025-06-05T10:58:07.000Z</time>
        <extensions>
          <ns3:TrackPointExtension>
            <ns3:atemp>29.0</ns3:atemp>
            <ns3:hr>113</ns3:hr>
            <ns3:cad>48</ns3:cad>
          </ns3:TrackPointExtension>
        </extensions>
      </trkpt>
      <trkpt lat="22.60053849779069423675537109375" lon="114.305828399956226348876953125">
        <ele>4</ele>
        <time>2025-06-05T10:58:08.000Z</time>
        <extensions>
          <ns3:TrackPointExtension>
            <ns3:atemp>29.0</ns3:atemp>
            <ns3:hr>112</ns3:hr>
            <ns3:cad>36</ns3:cad>
          </ns3:TrackPointExtension>
        </extensions>
      </trkpt>
      <trkpt lat="22.60051318444311618804931640625" lon="114.305804930627346038818359375">
        <ele>4.19999980926513671875</ele>
        <time>2025-06-05T10:58:09.000Z</time>
        <extensions>
          <ns3:TrackPointExtension>
            <ns3:atemp>29.0</ns3:atemp>
            <ns3:hr>112</ns3:hr>
            <ns3:cad>36</ns3:cad>
          </ns3:TrackPointExtension>
        </extensions>
      </trkpt>
      <trkpt lat="22.600491978228092193603515625" lon="114.30577735416591167449951171875">
        <ele>4.19999980926513671875</ele>
        <time>2025-06-05T10:58:10.000Z</time>
        <extensions>
          <ns3:TrackPointExtension>
            <ns3:atemp>29.0</ns3:atemp>
            <ns3:hr>112</ns3:hr>
            <ns3:cad>36</ns3:cad>
          </ns3:TrackPointExtension>
        </extensions>
      </trkpt>
      <trkpt lat="22.6004607975482940673828125" lon="114.3057529628276824951171875">
        <ele>4.19999980926513671875</ele>
        <time>2025-06-05T10:58:11.000Z</time>
        <extensions>
          <ns3:TrackPointExtension>
            <ns3:atemp>29.0</ns3:atemp>
            <ns3:hr>112</ns3:hr>
            <ns3:cad>52</ns3:cad>
          </ns3:TrackPointExtension>
        </extensions>
      </trkpt>
      <trkpt lat="22.6004254259169101715087890625" lon="114.3057333491742610931396484375">
        <ele>4.19999980926513671875</ele>
        <time>2025-06-05T10:58:12.000Z</time>
        <extensions>
          <ns3:TrackPointExtension>
            <ns3:atemp>29.0</ns3:atemp>
            <ns3:hr>112</ns3:hr>
            <ns3:cad>56</ns3:cad>
          </ns3:TrackPointExtension>
        </extensions>
      </trkpt>
      <trkpt lat="22.60038360022008419036865234375" lon="114.3057165853679180145263671875">
        <ele>4.19999980926513671875</ele>
        <time>2025-06-05T10:58:13.000Z</time>
        <extensions>
          <ns3:TrackPointExtension>
            <ns3:atemp>29.0</ns3:atemp>
            <ns3:hr>112</ns3:hr>
            <ns3:cad>61</ns3:cad>
          </ns3:TrackPointExtension>
        </extensions>
      </trkpt>
      <trkpt lat="22.6003409363329410552978515625" lon="114.30569462478160858154296875">
        <ele>4.19999980926513671875</ele>
        <time>2025-06-05T10:58:14.000Z</time>
        <extensions>
          <ns3:TrackPointExtension>
            <ns3:atemp>29.0</ns3:atemp>
            <ns3:hr>111</ns3:hr>
            <ns3:cad>67</ns3:cad>
          </ns3:TrackPointExtension>
        </extensions>
      </trkpt>
      <trkpt lat="22.60030816309154033660888671875" lon="114.3056592531502246856689453125">
        <ele>4.19999980926513671875</ele>
        <time>2025-06-05T10:58:15.000Z</time>
        <extensions>
          <ns3:TrackPointExtension>
            <ns3:atemp>29.0</ns3:atemp>
            <ns3:hr>111</ns3:hr>
            <ns3:cad>75</ns3:cad>
          </ns3:TrackPointExtension>
        </extensions>
      </trkpt>
      <trkpt lat="22.6002678461372852325439453125" lon="114.30562949739396572113037109375">
        <ele>4.19999980926513671875</ele>
        <time>2025-06-05T10:58:16.000Z</time>
        <extensions>
          <ns3:TrackPointExtension>
            <ns3:atemp>29.0</ns3:atemp>
            <ns3:hr>111</ns3:hr>
            <ns3:cad>79</ns3:cad>
          </ns3:TrackPointExtension>
        </extensions>
      </trkpt>
      <trkpt lat="22.60023272596299648284912109375" lon="114.30559831671416759490966796875">
        <ele>4.19999980926513671875</ele>
        <time>2025-06-05T10:58:17.000Z</time>
        <extensions>
          <ns3:TrackPointExtension>
            <ns3:atemp>29.0</ns3:atemp>
            <ns3:hr>110</ns3:hr>
            <ns3:cad>79</ns3:cad>
          </ns3:TrackPointExtension>
        </extensions>
      </trkpt>
      <trkpt lat="22.60019500739872455596923828125" lon="114.30556411854922771453857421875">
        <ele>4.19999980926513671875</ele>
        <time>2025-06-05T10:58:18.000Z</time>
        <extensions>
          <ns3:TrackPointExtension>
            <ns3:atemp>29.0</ns3:atemp>
            <ns3:hr>110</ns3:hr>
            <ns3:cad>79</ns3:cad>
          </ns3:TrackPointExtension>
        </extensions>
      </trkpt>
      <trkpt lat="22.60015360079705715179443359375" lon="114.30553101003170013427734375">
        <ele>4.400000095367431640625</ele>
        <time>2025-06-05T10:58:19.000Z</time>
        <extensions>
          <ns3:TrackPointExtension>
            <ns3:atemp>29.0</ns3:atemp>
            <ns3:hr>111</ns3:hr>
            <ns3:cad>76</ns3:cad>
          </ns3:TrackPointExtension>
        </extensions>
      </trkpt>
      <trkpt lat="22.60011236183345317840576171875" lon="114.305496476590633392333984375">
        <ele>4.400000095367431640625</ele>
        <time>2025-06-05T10:58:20.000Z</time>
        <extensions>
          <ns3:TrackPointExtension>
            <ns3:atemp>29.0</ns3:atemp>
            <ns3:hr>111</ns3:hr>
            <ns3:cad>71</ns3:cad>
          </ns3:TrackPointExtension>
        </extensions>
      </trkpt>
      <trkpt lat="22.600072212517261505126953125" lon="114.30546663701534271240234375">
        <ele>4.400000095367431640625</ele>
        <time>2025-06-05T10:58:21.000Z</time>
        <extensions>
          <ns3:TrackPointExtension>
            <ns3:atemp>29.0</ns3:atemp>
            <ns3:hr>111</ns3:hr>
            <ns3:cad>75</ns3:cad>
          </ns3:TrackPointExtension>
        </extensions>
      </trkpt>
      <trkpt lat="22.60002954863011837005615234375" lon="114.305436126887798309326171875">
        <ele>4.400000095367431640625</ele>
        <time>2025-06-05T10:58:22.000Z</time>
        <extensions>
          <ns3:TrackPointExtension>
            <ns3:atemp>29.0</ns3:atemp>
            <ns3:hr>112</ns3:hr>
            <ns3:cad>77</ns3:cad>
          </ns3:TrackPointExtension>
        </extensions>
      </trkpt>
      <trkpt lat="22.59998671710491180419921875" lon="114.30540787987411022186279296875">
        <ele>4.599999904632568359375</ele>
        <time>2025-06-05T10:58:23.000Z</time>
        <extensions>
          <ns3:TrackPointExtension>
            <ns3:atemp>29.0</ns3:atemp>
            <ns3:hr>112</ns3:hr>
            <ns3:cad>77</ns3:cad>
          </ns3:TrackPointExtension>
        </extensions>
      </trkpt>
      <trkpt lat="22.59994648396968841552734375" lon="114.3053769506514072418212890625">
        <ele>4.80000019073486328125</ele>
        <time>2025-06-05T10:58:24.000Z</time>
        <extensions>
          <ns3:TrackPointExtension>
            <ns3:atemp>29.0</ns3:atemp>
            <ns3:hr>112</ns3:hr>
            <ns3:cad>77</ns3:cad>
          </ns3:TrackPointExtension>
        </extensions>
      </trkpt>
      <trkpt lat="22.59990499354898929595947265625" lon="114.305345602333545684814453125">
        <ele>4.80000019073486328125</ele>
        <time>2025-06-05T10:58:25.000Z</time>
        <extensions>
          <ns3:TrackPointExtension>
            <ns3:atemp>29.0</ns3:atemp>
            <ns3:hr>113</ns3:hr>
            <ns3:cad>76</ns3:cad>
          </ns3:TrackPointExtension>
        </extensions>
      </trkpt>
      <trkpt lat="22.5998628325760364532470703125" lon="114.3053162656724452972412109375">
        <ele>5</ele>
        <time>2025-06-05T10:58:26.000Z</time>
        <extensions>
          <ns3:TrackPointExtension>
            <ns3:atemp>29.0</ns3:atemp>
            <ns3:hr>113</ns3:hr>
            <ns3:cad>77</ns3:cad>
          </ns3:TrackPointExtension>
        </extensions>
      </trkpt>
      <trkpt lat="22.59982117451727390289306640625" lon="114.3052824027836322784423828125">
        <ele>5</ele>
        <time>2025-06-05T10:58:27.000Z</time>
        <extensions>
          <ns3:TrackPointExtension>
            <ns3:atemp>29.0</ns3:atemp>
            <ns3:hr>113</ns3:hr>
            <ns3:cad>74</ns3:cad>
          </ns3:TrackPointExtension>
        </extensions>
      </trkpt>
      <trkpt lat="22.599787898361682891845703125" lon="114.30524074472486972808837890625">
        <ele>4.80000019073486328125</ele>
        <time>2025-06-05T10:58:28.000Z</time>
        <extensions>
          <ns3:TrackPointExtension>
            <ns3:atemp>29.0</ns3:atemp>
            <ns3:hr>114</ns3:hr>
            <ns3:cad>73</ns3:cad>
          </ns3:TrackPointExtension>
        </extensions>
      </trkpt>
      <trkpt lat="22.59976551868021488189697265625" lon="114.30519380606710910797119140625">
        <ele>4.80000019073486328125</ele>
        <time>2025-06-05T10:58:29.000Z</time>
        <extensions>
          <ns3:TrackPointExtension>
            <ns3:atemp>29.0</ns3:atemp>
            <ns3:hr>115</ns3:hr>
            <ns3:cad>73</ns3:cad>
          </ns3:TrackPointExtension>
        </extensions>
      </trkpt>
      <trkpt lat="22.5997314043343067169189453125" lon="114.30515457876026630401611328125">
        <ele>4.80000019073486328125</ele>
        <time>2025-06-05T10:58:30.000Z</time>
        <extensions>
          <ns3:TrackPointExtension>
            <ns3:atemp>29.0</ns3:atemp>
            <ns3:hr>116</ns3:hr>
            <ns3:cad>73</ns3:cad>
          </ns3:TrackPointExtension>
        </extensions>
      </trkpt>
      <trkpt lat="22.599691338837146759033203125" lon="114.30512155406177043914794921875">
        <ele>4.80000019073486328125</ele>
        <time>2025-06-05T10:58:31.000Z</time>
        <extensions>
          <ns3:TrackPointExtension>
            <ns3:atemp>29.0</ns3:atemp>
            <ns3:hr>116</ns3:hr>
            <ns3:cad>73</ns3:cad>
          </ns3:TrackPointExtension>
        </extensions>
      </trkpt>
      <trkpt lat="22.599647752940654754638671875" lon="114.3050923012197017669677734375">
        <ele>5</ele>
        <time>2025-06-05T10:58:32.000Z</time>
        <extensions>
          <ns3:TrackPointExtension>
            <ns3:atemp>29.0</ns3:atemp>
            <ns3:hr>117</ns3:hr>
            <ns3:cad>66</ns3:cad>
          </ns3:TrackPointExtension>
        </extensions>
      </trkpt>
      <trkpt lat="22.5996096991002559661865234375" lon="114.30507360957562923431396484375">
        <ele>5</ele>
        <time>2025-06-05T10:58:33.000Z</time>
        <extensions>
          <ns3:TrackPointExtension>
            <ns3:atemp>29.0</ns3:atemp>
            <ns3:hr>117</ns3:hr>
            <ns3:cad>66</ns3:cad>
          </ns3:TrackPointExtension>
        </extensions>
      </trkpt>
      <trkpt lat="22.5995708070695400238037109375" lon="114.305065982043743133544921875">
        <ele>5.19999980926513671875</ele>
        <time>2025-06-05T10:58:34.000Z</time>
        <extensions>
          <ns3:TrackPointExtension>
            <ns3:atemp>29.0</ns3:atemp>
            <ns3:hr>118</ns3:hr>
            <ns3:cad>66</ns3:cad>
          </ns3:TrackPointExtension>
        </extensions>
      </trkpt>
      <trkpt lat="22.59952914901077747344970703125" lon="114.30506908334791660308837890625">
        <ele>5.400000095367431640625</ele>
        <time>2025-06-05T10:58:35.000Z</time>
        <extensions>
          <ns3:TrackPointExtension>
            <ns3:atemp>29.0</ns3:atemp>
            <ns3:hr>119</ns3:hr>
            <ns3:cad>66</ns3:cad>
          </ns3:TrackPointExtension>
        </extensions>
      </trkpt>
      <trkpt lat="22.59948841296136379241943359375" lon="114.30505692958831787109375">
        <ele>5.599999904632568359375</ele>
        <time>2025-06-05T10:58:36.000Z</time>
        <extensions>
          <ns3:TrackPointExtension>
            <ns3:atemp>29.0</ns3:atemp>
            <ns3:hr>119</ns3:hr>
            <ns3:cad>54</ns3:cad>
          </ns3:TrackPointExtension>
        </extensions>
      </trkpt>
      <trkpt lat="22.59944952093064785003662109375" lon="114.30503270588815212249755859375">
        <ele>5.599999904632568359375</ele>
        <time>2025-06-05T10:58:37.000Z</time>
        <extensions>
          <ns3:TrackPointExtension>
            <ns3:atemp>29.0</ns3:atemp>
            <ns3:hr>119</ns3:hr>
            <ns3:cad>58</ns3:cad>
          </ns3:TrackPointExtension>
        </extensions>
      </trkpt>
      <trkpt lat="22.599409706890583038330078125" lon="114.3050037883222103118896484375">
        <ele>5.599999904632568359375</ele>
        <time>2025-06-05T10:58:38.000Z</time>
        <extensions>
          <ns3:TrackPointExtension>
            <ns3:atemp>29.0</ns3:atemp>
            <ns3:hr>119</ns3:hr>
            <ns3:cad>65</ns3:cad>
          </ns3:TrackPointExtension>
        </extensions>
      </trkpt>
      <trkpt lat="22.599368132650852203369140625" lon="114.30497445166110992431640625">
        <ele>5.599999904632568359375</ele>
        <time>2025-06-05T10:58:39.000Z</time>
        <extensions>
          <ns3:TrackPointExtension>
            <ns3:atemp>29.0</ns3:atemp>
            <ns3:hr>119</ns3:hr>
            <ns3:cad>65</ns3:cad>
          </ns3:TrackPointExtension>
        </extensions>
      </trkpt>
      <trkpt lat="22.5993250496685504913330078125" lon="114.3049402534961700439453125">
        <ele>5.400000095367431640625</ele>
        <time>2025-06-05T10:58:40.000Z</time>
        <extensions>
          <ns3:TrackPointExtension>
            <ns3:atemp>29.0</ns3:atemp>
            <ns3:hr>118</ns3:hr>
            <ns3:cad>69</ns3:cad>
          </ns3:TrackPointExtension>
        </extensions>
      </trkpt>
      <trkpt lat="22.59928205050528049468994140625" lon="114.3049000203609466552734375">
        <ele>5.19999980926513671875</ele>
        <time>2025-06-05T10:58:41.000Z</time>
        <extensions>
          <ns3:TrackPointExtension>
            <ns3:atemp>29.0</ns3:atemp>
            <ns3:hr>118</ns3:hr>
            <ns3:cad>72</ns3:cad>
          </ns3:TrackPointExtension>
        </extensions>
      </trkpt>
      <trkpt lat="22.59924064390361309051513671875" lon="114.304862804710865020751953125">
        <ele>5</ele>
        <time>2025-06-05T10:58:42.000Z</time>
        <extensions>
          <ns3:TrackPointExtension>
            <ns3:atemp>29.0</ns3:atemp>
            <ns3:hr>117</ns3:hr>
            <ns3:cad>73</ns3:cad>
          </ns3:TrackPointExtension>
        </extensions>
      </trkpt>
      <trkpt lat="22.599196135997772216796875" lon="114.30482399649918079376220703125">
        <ele>4.80000019073486328125</ele>
        <time>2025-06-05T10:58:43.000Z</time>
        <extensions>
          <ns3:TrackPointExtension>
            <ns3:atemp>29.0</ns3:atemp>
            <ns3:hr>117</ns3:hr>
            <ns3:cad>79</ns3:cad>
          </ns3:TrackPointExtension>
        </extensions>
      </trkpt>
      <trkpt lat="22.59914877824485301971435546875" lon="114.30478661321103572845458984375">
        <ele>4.80000019073486328125</ele>
        <time>2025-06-05T10:58:44.000Z</time>
        <extensions>
          <ns3:TrackPointExtension>
            <ns3:atemp>29.0</ns3:atemp>
            <ns3:hr>116</ns3:hr>
            <ns3:cad>80</ns3:cad>
          </ns3:TrackPointExtension>
        </extensions>
      </trkpt>
      <trkpt lat="22.59909915737807750701904296875" lon="114.3047493137419223785400390625">
        <ele>4.599999904632568359375</ele>
        <time>2025-06-05T10:58:45.000Z</time>
        <extensions>
          <ns3:TrackPointExtension>
            <ns3:atemp>29.0</ns3:atemp>
            <ns3:hr>116</ns3:hr>
            <ns3:cad>77</ns3:cad>
          </ns3:TrackPointExtension>
        </extensions>
      </trkpt>
      <trkpt lat="22.59905087761580944061279296875" lon="114.30470933206379413604736328125">
        <ele>4.400000095367431640625</ele>
        <time>2025-06-05T10:58:46.000Z</time>
        <extensions>
          <ns3:TrackPointExtension>
            <ns3:atemp>29.0</ns3:atemp>
            <ns3:hr>116</ns3:hr>
            <ns3:cad>77</ns3:cad>
          </ns3:TrackPointExtension>
        </extensions>
      </trkpt>
      <trkpt lat="22.5990005023777484893798828125" lon="114.30466893129050731658935546875">
        <ele>4.599999904632568359375</ele>
        <time>2025-06-05T10:58:47.000Z</time>
        <extensions>
          <ns3:TrackPointExtension>
            <ns3:atemp>29.0</ns3:atemp>
            <ns3:hr>116</ns3:hr>
            <ns3:cad>79</ns3:cad>
          </ns3:TrackPointExtension>
        </extensions>
      </trkpt>
      <trkpt lat="22.59894828312098979949951171875" lon="114.3046289496123790740966796875">
        <ele>4.400000095367431640625</ele>
        <time>2025-06-05T10:58:48.000Z</time>
        <extensions>
          <ns3:TrackPointExtension>
            <ns3:atemp>29.0</ns3:atemp>
            <ns3:hr>116</ns3:hr>
            <ns3:cad>86</ns3:cad>
          </ns3:TrackPointExtension>
        </extensions>
      </trkpt>
      <trkpt lat="22.59889530949294567108154296875" lon="114.304586537182331085205078125">
        <ele>4.19999980926513671875</ele>
        <time>2025-06-05T10:58:49.000Z</time>
        <extensions>
          <ns3:TrackPointExtension>
            <ns3:atemp>29.0</ns3:atemp>
            <ns3:hr>116</ns3:hr>
            <ns3:cad>86</ns3:cad>
          </ns3:TrackPointExtension>
        </extensions>
      </trkpt>
      <trkpt lat="22.5988399051129817962646484375" lon="114.30455057881772518157958984375">
        <ele>4.19999980926513671875</ele>
        <time>2025-06-05T10:58:50.000Z</time>
        <extensions>
          <ns3:TrackPointExtension>
            <ns3:atemp>29.0</ns3:atemp>
            <ns3:hr>116</ns3:hr>
            <ns3:cad>86</ns3:cad>
          </ns3:TrackPointExtension>
        </extensions>
      </trkpt>
      <trkpt lat="22.5987859256565570831298828125" lon="114.304515458643436431884765625">
        <ele>4</ele>
        <time>2025-06-05T10:58:51.000Z</time>
        <extensions>
          <ns3:TrackPointExtension>
            <ns3:atemp>29.0</ns3:atemp>
            <ns3:hr>117</ns3:hr>
            <ns3:cad>86</ns3:cad>
          </ns3:TrackPointExtension>
        </extensions>
      </trkpt>
      <trkpt lat="22.59873236529529094696044921875" lon="114.30448369123041629791259765625">
        <ele>3.7999999523162841796875</ele>
        <time>2025-06-05T10:58:52.000Z</time>
        <extensions>
          <ns3:TrackPointExtension>
            <ns3:atemp>29.0</ns3:atemp>
            <ns3:hr>117</ns3:hr>
            <ns3:cad>0</ns3:cad>
          </ns3:TrackPointExtension>
        </extensions>
      </trkpt>
      <trkpt lat="22.598680816590785980224609375" lon="114.30444597266614437103271484375">
        <ele>3.7999999523162841796875</ele>
        <time>2025-06-05T10:58:53.000Z</time>
        <extensions>
          <ns3:TrackPointExtension>
            <ns3:atemp>29.0</ns3:atemp>
            <ns3:hr>118</ns3:hr>
            <ns3:cad>0</ns3:cad>
          </ns3:TrackPointExtension>
        </extensions>
      </trkpt>
      <trkpt lat="22.5986315310001373291015625" lon="114.304408170282840728759765625">
        <ele>3.599999904632568359375</ele>
        <time>2025-06-05T10:58:54.000Z</time>
        <extensions>
          <ns3:TrackPointExtension>
            <ns3:atemp>29.0</ns3:atemp>
            <ns3:hr>118</ns3:hr>
            <ns3:cad>0</ns3:cad>
          </ns3:TrackPointExtension>
        </extensions>
      </trkpt>
      <trkpt lat="22.59859104640781879425048828125" lon="114.30436735041439533233642578125">
        <ele>3.599999904632568359375</ele>
        <time>2025-06-05T10:58:55.000Z</time>
        <extensions>
          <ns3:TrackPointExtension>
            <ns3:atemp>29.0</ns3:atemp>
            <ns3:hr>117</ns3:hr>
            <ns3:cad>0</ns3:cad>
          </ns3:TrackPointExtension>
        </extensions>
      </trkpt>
      <trkpt lat="22.59855047799646854400634765625" lon="114.30433080531656742095947265625">
        <ele>3.400000095367431640625</ele>
        <time>2025-06-05T10:58:56.000Z</time>
        <extensions>
          <ns3:TrackPointExtension>
            <ns3:atemp>29.0</ns3:atemp>
            <ns3:hr>118</ns3:hr>
            <ns3:cad>0</ns3:cad>
          </ns3:TrackPointExtension>
        </extensions>
      </trkpt>
      <trkpt lat="22.5985135138034820556640625" lon="114.30429794825613498687744140625">
        <ele>3.400000095367431640625</ele>
        <time>2025-06-05T10:58:57.000Z</time>
        <extensions>
          <ns3:TrackPointExtension>
            <ns3:atemp>29.0</ns3:atemp>
            <ns3:hr>118</ns3:hr>
            <ns3:cad>0</ns3:cad>
          </ns3:TrackPointExtension>
        </extensions>
      </trkpt>
      <trkpt lat="22.598477303981781005859375" lon="114.30426542647182941436767578125">
        <ele>3.400000095367431640625</ele>
        <time>2025-06-05T10:58:58.000Z</time>
        <extensions>
          <ns3:TrackPointExtension>
            <ns3:atemp>29.0</ns3:atemp>
            <ns3:hr>119</ns3:hr>
            <ns3:cad>0</ns3:cad>
          </ns3:TrackPointExtension>
        </extensions>
      </trkpt>
      <trkpt lat="22.59843648411333560943603515625" lon="114.3042326532304286956787109375">
        <ele>3.400000095367431640625</ele>
        <time>2025-06-05T10:58:59.000Z</time>
        <extensions>
          <ns3:TrackPointExtension>
            <ns3:atemp>29.0</ns3:atemp>
            <ns3:hr>119</ns3:hr>
            <ns3:cad>0</ns3:cad>
          </ns3:TrackPointExtension>
        </extensions>
      </trkpt>
      <trkpt lat="22.59839490987360477447509765625" lon="114.30420591495931148529052734375">
        <ele>3.400000095367431640625</ele>
        <time>2025-06-05T10:59:00.000Z</time>
        <extensions>
          <ns3:TrackPointExtension>
            <ns3:atemp>29.0</ns3:atemp>
            <ns3:hr>120</ns3:hr>
            <ns3:cad>0</ns3:cad>
          </ns3:TrackPointExtension>
        </extensions>
      </trkpt>
      <trkpt lat="22.5983547605574131011962890625" lon="114.30417439900338649749755859375">
        <ele>3.2000000476837158203125</ele>
        <time>2025-06-05T10:59:01.000Z</time>
        <extensions>
          <ns3:TrackPointExtension>
            <ns3:atemp>29.0</ns3:atemp>
            <ns3:hr>121</ns3:hr>
            <ns3:cad>0</ns3:cad>
          </ns3:TrackPointExtension>
        </extensions>
      </trkpt>
      <trkpt lat="22.59831578470766544342041015625" lon="114.304144643247127532958984375">
        <ele>3.2000000476837158203125</ele>
        <time>2025-06-05T10:59:02.000Z</time>
        <extensions>
          <ns3:TrackPointExtension>
            <ns3:atemp>29.0</ns3:atemp>
            <ns3:hr>121</ns3:hr>
            <ns3:cad>0</ns3:cad>
          </ns3:TrackPointExtension>
        </extensions>
      </trkpt>
      <trkpt lat="22.5982803292572498321533203125" lon="114.3041049130260944366455078125">
        <ele>3.2000000476837158203125</ele>
        <time>2025-06-05T10:59:03.000Z</time>
        <extensions>
          <ns3:TrackPointExtension>
            <ns3:atemp>29.0</ns3:atemp>
            <ns3:hr>121</ns3:hr>
            <ns3:cad>0</ns3:cad>
          </ns3:TrackPointExtension>
        </extensions>
      </trkpt>
      <trkpt lat="22.5982494838535785675048828125" lon="114.30406476370990276336669921875">
        <ele>3.400000095367431640625</ele>
        <time>2025-06-05T10:59:04.000Z</time>
        <extensions>
          <ns3:TrackPointExtension>
            <ns3:atemp>29.0</ns3:atemp>
            <ns3:hr>120</ns3:hr>
            <ns3:cad>0</ns3:cad>
          </ns3:TrackPointExtension>
        </extensions>
      </trkpt>
      <trkpt lat="22.5982364080846309661865234375" lon="114.3040229380130767822265625">
        <ele>3.599999904632568359375</ele>
        <time>2025-06-05T10:59:05.000Z</time>
        <extensions>
          <ns3:TrackPointExtension>
            <ns3:atemp>29.0</ns3:atemp>
            <ns3:hr>121</ns3:hr>
            <ns3:cad>0</ns3:cad>
          </ns3:TrackPointExtension>
        </extensions>
      </trkpt>
      <trkpt lat="22.59821377694606781005859375" lon="114.30399368517100811004638671875">
        <ele>4</ele>
        <time>2025-06-05T10:59:06.000Z</time>
        <extensions>
          <ns3:TrackPointExtension>
            <ns3:atemp>29.0</ns3:atemp>
            <ns3:hr>120</ns3:hr>
            <ns3:cad>0</ns3:cad>
          </ns3:TrackPointExtension>
        </extensions>
      </trkpt>
      <trkpt lat="22.59818150661885738372802734375" lon="114.30397993884980678558349609375">
        <ele>4.599999904632568359375</ele>
        <time>2025-06-05T10:59:07.000Z</time>
        <extensions>
          <ns3:TrackPointExtension>
            <ns3:atemp>29.0</ns3:atemp>
            <ns3:hr>120</ns3:hr>
            <ns3:cad>0</ns3:cad>
          </ns3:TrackPointExtension>
        </extensions>
      </trkpt>
      <trkpt lat="22.5981519185006618499755859375" lon="114.303964264690876007080078125">
        <ele>5</ele>
        <time>2025-06-05T10:59:08.000Z</time>
        <extensions>
          <ns3:TrackPointExtension>
            <ns3:atemp>29.0</ns3:atemp>
            <ns3:hr>119</ns3:hr>
            <ns3:cad>53</ns3:cad>
          </ns3:TrackPointExtension>
        </extensions>
      </trkpt>
      <trkpt lat="22.5981311313807964324951171875" lon="114.30394272319972515106201171875">
        <ele>5.400000095367431640625</ele>
        <time>2025-06-05T10:59:09.000Z</time>
        <extensions>
          <ns3:TrackPointExtension>
            <ns3:atemp>29.0</ns3:atemp>
            <ns3:hr>119</ns3:hr>
            <ns3:cad>56</ns3:cad>
          </ns3:TrackPointExtension>
        </extensions>
      </trkpt>
      <trkpt lat="22.59810657240450382232666015625" lon="114.30393568240106105804443359375">
        <ele>5.80000019073486328125</ele>
        <time>2025-06-05T10:59:10.000Z</time>
        <extensions>
          <ns3:TrackPointExtension>
            <ns3:atemp>29.0</ns3:atemp>
            <ns3:hr>118</ns3:hr>
            <ns3:cad>53</ns3:cad>
          </ns3:TrackPointExtension>
        </extensions>
      </trkpt>
      <trkpt lat="22.59807321242988109588623046875" lon="114.30392210371792316436767578125">
        <ele>6</ele>
        <time>2025-06-05T10:59:11.000Z</time>
        <extensions>
          <ns3:TrackPointExtension>
            <ns3:atemp>29.0</ns3:atemp>
            <ns3:hr>116</ns3:hr>
            <ns3:cad>53</ns3:cad>
          </ns3:TrackPointExtension>
        </extensions>
      </trkpt>
      <trkpt lat="22.59804555214941501617431640625" lon="114.30389662273228168487548828125">
        <ele>6</ele>
        <time>2025-06-05T10:59:12.000Z</time>
        <extensions>
          <ns3:TrackPointExtension>
            <ns3:atemp>29.0</ns3:atemp>
            <ns3:hr>116</ns3:hr>
            <ns3:cad>53</ns3:cad>
          </ns3:TrackPointExtension>
        </extensions>
      </trkpt>
      <trkpt lat="22.59802065789699554443359375" lon="114.30386602878570556640625">
        <ele>6</ele>
        <time>2025-06-05T10:59:13.000Z</time>
        <extensions>
          <ns3:TrackPointExtension>
            <ns3:atemp>29.0</ns3:atemp>
            <ns3:hr>115</ns3:hr>
            <ns3:cad>48</ns3:cad>
          </ns3:TrackPointExtension>
        </extensions>
      </trkpt>
      <trkpt lat="22.597991488873958587646484375" lon="114.303842224180698394775390625">
        <ele>6</ele>
        <time>2025-06-05T10:59:14.000Z</time>
        <extensions>
          <ns3:TrackPointExtension>
            <ns3:atemp>29.0</ns3:atemp>
            <ns3:hr>115</ns3:hr>
            <ns3:cad>48</ns3:cad>
          </ns3:TrackPointExtension>
        </extensions>
      </trkpt>
      <trkpt lat="22.59795754216611385345458984375" lon="114.30384297855198383331298828125">
        <ele>6</ele>
        <time>2025-06-05T10:59:15.000Z</time>
        <extensions>
          <ns3:TrackPointExtension>
            <ns3:atemp>29.0</ns3:atemp>
            <ns3:hr>115</ns3:hr>
            <ns3:cad>48</ns3:cad>
          </ns3:TrackPointExtension>
        </extensions>
      </trkpt>
      <trkpt lat="22.5979249365627765655517578125" lon="114.3038625083863735198974609375">
        <ele>6</ele>
        <time>2025-06-05T10:59:16.000Z</time>
        <extensions>
          <ns3:TrackPointExtension>
            <ns3:atemp>29.0</ns3:atemp>
            <ns3:hr>115</ns3:hr>
            <ns3:cad>66</ns3:cad>
          </ns3:TrackPointExtension>
        </extensions>
      </trkpt>
      <trkpt lat="22.59788696654140949249267578125" lon="114.30388304404914379119873046875">
        <ele>6.19999980926513671875</ele>
        <time>2025-06-05T10:59:17.000Z</time>
        <extensions>
          <ns3:TrackPointExtension>
            <ns3:atemp>29.0</ns3:atemp>
            <ns3:hr>116</ns3:hr>
            <ns3:cad>70</ns3:cad>
          </ns3:TrackPointExtension>
        </extensions>
      </trkpt>
      <trkpt lat="22.59784304536879062652587890625" lon="114.30388907901942729949951171875">
        <ele>6.19999980926513671875</ele>
        <time>2025-06-05T10:59:18.000Z</time>
        <extensions>
          <ns3:TrackPointExtension>
            <ns3:atemp>29.0</ns3:atemp>
            <ns3:hr>117</ns3:hr>
            <ns3:cad>53</ns3:cad>
          </ns3:TrackPointExtension>
        </extensions>
      </trkpt>
      <trkpt lat="22.597803063690662384033203125" lon="114.30387097410857677459716796875">
        <ele>6.19999980926513671875</ele>
        <time>2025-06-05T10:59:19.000Z</time>
        <extensions>
          <ns3:TrackPointExtension>
            <ns3:atemp>29.0</ns3:atemp>
            <ns3:hr>117</ns3:hr>
            <ns3:cad>60</ns3:cad>
          </ns3:TrackPointExtension>
        </extensions>
      </trkpt>
      <trkpt lat="22.5977673567831516265869140625" lon="114.30384633131325244903564453125">
        <ele>6.19999980926513671875</ele>
        <time>2025-06-05T10:59:20.000Z</time>
        <extensions>
          <ns3:TrackPointExtension>
            <ns3:atemp>29.0</ns3:atemp>
            <ns3:hr>117</ns3:hr>
            <ns3:cad>74</ns3:cad>
          </ns3:TrackPointExtension>
        </extensions>
      </trkpt>
      <trkpt lat="22.59773123078048229217529296875" lon="114.30381598882377147674560546875">
        <ele>6.19999980926513671875</ele>
        <time>2025-06-05T10:59:21.000Z</time>
        <extensions>
          <ns3:TrackPointExtension>
            <ns3:atemp>29.0</ns3:atemp>
            <ns3:hr>118</ns3:hr>
            <ns3:cad>76</ns3:cad>
          </ns3:TrackPointExtension>
        </extensions>
      </trkpt>
      <trkpt lat="22.59769015945494174957275390625" lon="114.30378715507686138153076171875">
        <ele>6</ele>
        <time>2025-06-05T10:59:22.000Z</time>
        <extensions>
          <ns3:TrackPointExtension>
            <ns3:atemp>29.0</ns3:atemp>
            <ns3:hr>118</ns3:hr>
            <ns3:cad>74</ns3:cad>
          </ns3:TrackPointExtension>
        </extensions>
      </trkpt>
      <trkpt lat="22.59764942340552806854248046875" lon="114.30375748313963413238525390625">
        <ele>6</ele>
        <time>2025-06-05T10:59:23.000Z</time>
        <extensions>
          <ns3:TrackPointExtension>
            <ns3:atemp>29.0</ns3:atemp>
            <ns3:hr>118</ns3:hr>
            <ns3:cad>75</ns3:cad>
          </ns3:TrackPointExtension>
        </extensions>
      </trkpt>
      <trkpt lat="22.5976037420332431793212890625" lon="114.3037314154207706451416015625">
        <ele>6</ele>
        <time>2025-06-05T10:59:24.000Z</time>
        <extensions>
          <ns3:TrackPointExtension>
            <ns3:atemp>29.0</ns3:atemp>
            <ns3:hr>119</ns3:hr>
            <ns3:cad>74</ns3:cad>
          </ns3:TrackPointExtension>
        </extensions>
      </trkpt>
      <trkpt lat="22.5975559651851654052734375" lon="114.30370710790157318115234375">
        <ele>6</ele>
        <time>2025-06-05T10:59:25.000Z</time>
        <extensions>
          <ns3:TrackPointExtension>
            <ns3:atemp>29.0</ns3:atemp>
            <ns3:hr>120</ns3:hr>
            <ns3:cad>78</ns3:cad>
          </ns3:TrackPointExtension>
        </extensions>
      </trkpt>
      <trkpt lat="22.5975068472325801849365234375" lon="114.30368028581142425537109375">
        <ele>6</ele>
        <time>2025-06-05T10:59:26.000Z</time>
        <extensions>
          <ns3:TrackPointExtension>
            <ns3:atemp>29.0</ns3:atemp>
            <ns3:hr>120</ns3:hr>
            <ns3:cad>78</ns3:cad>
          </ns3:TrackPointExtension>
        </extensions>
      </trkpt>
      <trkpt lat="22.597460411489009857177734375" lon="114.3036506138741970062255859375">
        <ele>6</ele>
        <time>2025-06-05T10:59:27.000Z</time>
        <extensions>
          <ns3:TrackPointExtension>
            <ns3:atemp>29.0</ns3:atemp>
            <ns3:hr>121</ns3:hr>
            <ns3:cad>78</ns3:cad>
          </ns3:TrackPointExtension>
        </extensions>
      </trkpt>
      <trkpt lat="22.5974159874022006988525390625" lon="114.3036150746047496795654296875">
        <ele>6</ele>
        <time>2025-06-05T10:59:28.000Z</time>
        <extensions>
          <ns3:TrackPointExtension>
            <ns3:atemp>29.0</ns3:atemp>
            <ns3:hr>121</ns3:hr>
            <ns3:cad>81</ns3:cad>
          </ns3:TrackPointExtension>
        </extensions>
      </trkpt>
      <trkpt lat="22.59737483225762844085693359375" lon="114.303576014935970306396484375">
        <ele>6.19999980926513671875</ele>
        <time>2025-06-05T10:59:29.000Z</time>
        <extensions>
          <ns3:TrackPointExtension>
            <ns3:atemp>29.0</ns3:atemp>
            <ns3:hr>122</ns3:hr>
            <ns3:cad>82</ns3:cad>
          </ns3:TrackPointExtension>
        </extensions>
      </trkpt>
      <trkpt lat="22.59733711369335651397705078125" lon="114.30353083647787570953369140625">
        <ele>6.19999980926513671875</ele>
        <time>2025-06-05T10:59:30.000Z</time>
        <extensions>
          <ns3:TrackPointExtension>
            <ns3:atemp>29.0</ns3:atemp>
            <ns3:hr>122</ns3:hr>
            <ns3:cad>83</ns3:cad>
          </ns3:TrackPointExtension>
        </extensions>
      </trkpt>
      <trkpt lat="22.5973038375377655029296875" lon="114.30348155088722705841064453125">
        <ele>6.19999980926513671875</ele>
        <time>2025-06-05T10:59:31.000Z</time>
        <extensions>
          <ns3:TrackPointExtension>
            <ns3:atemp>29.0</ns3:atemp>
            <ns3:hr>123</ns3:hr>
            <ns3:cad>82</ns3:cad>
          </ns3:TrackPointExtension>
        </extensions>
      </trkpt>
      <trkpt lat="22.59727366268634796142578125" lon="114.30342790670692920684814453125">
        <ele>6</ele>
        <time>2025-06-05T10:59:32.000Z</time>
        <extensions>
          <ns3:TrackPointExtension>
            <ns3:atemp>29.0</ns3:atemp>
            <ns3:hr>124</ns3:hr>
            <ns3:cad>81</ns3:cad>
          </ns3:TrackPointExtension>
        </extensions>
      </trkpt>
      <trkpt lat="22.5972470082342624664306640625" lon="114.30337250232696533203125">
        <ele>6</ele>
        <time>2025-06-05T10:59:33.000Z</time>
        <extensions>
          <ns3:TrackPointExtension>
            <ns3:atemp>29.0</ns3:atemp>
            <ns3:hr>125</ns3:hr>
            <ns3:cad>79</ns3:cad>
          </ns3:TrackPointExtension>
        </extensions>
      </trkpt>
      <trkpt lat="22.59722077287733554840087890625" lon="114.30331659503281116485595703125">
        <ele>6</ele>
        <time>2025-06-05T10:59:34.000Z</time>
        <extensions>
          <ns3:TrackPointExtension>
            <ns3:atemp>29.0</ns3:atemp>
            <ns3:hr>127</ns3:hr>
            <ns3:cad>80</ns3:cad>
          </ns3:TrackPointExtension>
        </extensions>
      </trkpt>
      <trkpt lat="22.59719478897750377655029296875" lon="114.30325959809124469757080078125">
        <ele>6</ele>
        <time>2025-06-05T10:59:35.000Z</time>
        <extensions>
          <ns3:TrackPointExtension>
            <ns3:atemp>29.0</ns3:atemp>
            <ns3:hr>128</ns3:hr>
            <ns3:cad>81</ns3:cad>
          </ns3:TrackPointExtension>
        </extensions>
      </trkpt>
      <trkpt lat="22.5971695594489574432373046875" lon="114.30320151150226593017578125">
        <ele>6</ele>
        <time>2025-06-05T10:59:36.000Z</time>
        <extensions>
          <ns3:TrackPointExtension>
            <ns3:atemp>29.0</ns3:atemp>
            <ns3:hr>129</ns3:hr>
            <ns3:cad>81</ns3:cad>
          </ns3:TrackPointExtension>
        </extensions>
      </trkpt>
      <trkpt lat="22.59714684449136257171630859375" lon="114.30314342491328716278076171875">
        <ele>5.80000019073486328125</ele>
        <time>2025-06-05T10:59:37.000Z</time>
        <extensions>
          <ns3:TrackPointExtension>
            <ns3:atemp>29.0</ns3:atemp>
            <ns3:hr>128</ns3:hr>
            <ns3:cad>81</ns3:cad>
          </ns3:TrackPointExtension>
        </extensions>
      </trkpt>
      <trkpt lat="22.59711063466966152191162109375" lon="114.3030974082648754119873046875">
        <ele>5.599999904632568359375</ele>
        <time>2025-06-05T10:59:38.000Z</time>
        <extensions>
          <ns3:TrackPointExtension>
            <ns3:atemp>29.0</ns3:atemp>
            <ns3:hr>129</ns3:hr>
            <ns3:cad>81</ns3:cad>
          </ns3:TrackPointExtension>
        </extensions>
      </trkpt>
      <trkpt lat="22.597068808972835540771484375" lon="114.3030568398535251617431640625">
        <ele>5.599999904632568359375</ele>
        <time>2025-06-05T10:59:39.000Z</time>
        <extensions>
          <ns3:TrackPointExtension>
            <ns3:atemp>29.0</ns3:atemp>
            <ns3:hr>129</ns3:hr>
            <ns3:cad>81</ns3:cad>
          </ns3:TrackPointExtension>
        </extensions>
      </trkpt>
      <trkpt lat="22.59702689945697784423828125" lon="114.30301912128925323486328125">
        <ele>5.599999904632568359375</ele>
        <time>2025-06-05T10:59:40.000Z</time>
        <extensions>
          <ns3:TrackPointExtension>
            <ns3:atemp>29.0</ns3:atemp>
            <ns3:hr>129</ns3:hr>
            <ns3:cad>0</ns3:cad>
          </ns3:TrackPointExtension>
        </extensions>
      </trkpt>
      <trkpt lat="22.5969844870269298553466796875" lon="114.30298249237239360809326171875">
        <ele>5.80000019073486328125</ele>
        <time>2025-06-05T10:59:41.000Z</time>
        <extensions>
          <ns3:TrackPointExtension>
            <ns3:atemp>29.0</ns3:atemp>
            <ns3:hr>130</ns3:hr>
            <ns3:cad>0</ns3:cad>
          </ns3:TrackPointExtension>
        </extensions>
      </trkpt>
      <trkpt lat="22.59694148786365985870361328125" lon="114.30295064114034175872802734375">
        <ele>6</ele>
        <time>2025-06-05T10:59:42.000Z</time>
        <extensions>
          <ns3:TrackPointExtension>
            <ns3:atemp>29.0</ns3:atemp>
            <ns3:hr>132</ns3:hr>
            <ns3:cad>76</ns3:cad>
          </ns3:TrackPointExtension>
        </extensions>
      </trkpt>
      <trkpt lat="22.59689857251942157745361328125" lon="114.30291912518441677093505859375">
        <ele>6.19999980926513671875</ele>
        <time>2025-06-05T10:59:43.000Z</time>
        <extensions>
          <ns3:TrackPointExtension>
            <ns3:atemp>29.0</ns3:atemp>
            <ns3:hr>134</ns3:hr>
            <ns3:cad>76</ns3:cad>
          </ns3:TrackPointExtension>
        </extensions>
      </trkpt>
      <trkpt lat="22.5968505442142486572265625" lon="114.30289112962782382965087890625">
        <ele>6.400000095367431640625</ele>
        <time>2025-06-05T10:59:44.000Z</time>
        <extensions>
          <ns3:TrackPointExtension>
            <ns3:atemp>29.0</ns3:atemp>
            <ns3:hr>135</ns3:hr>
            <ns3:cad>74</ns3:cad>
          </ns3:TrackPointExtension>
        </extensions>
      </trkpt>
      <trkpt lat="22.59680402465164661407470703125" lon="114.30286087095737457275390625">
        <ele>6.400000095367431640625</ele>
        <time>2025-06-05T10:59:45.000Z</time>
        <extensions>
          <ns3:TrackPointExtension>
            <ns3:atemp>29.0</ns3:atemp>
            <ns3:hr>135</ns3:hr>
            <ns3:cad>75</ns3:cad>
          </ns3:TrackPointExtension>
        </extensions>
      </trkpt>
      <trkpt lat="22.59675775654613971710205078125" lon="114.3028254993259906768798828125">
        <ele>6.400000095367431640625</ele>
        <time>2025-06-05T10:59:46.000Z</time>
        <extensions>
          <ns3:TrackPointExtension>
            <ns3:atemp>29.0</ns3:atemp>
            <ns3:hr>135</ns3:hr>
            <ns3:cad>76</ns3:cad>
          </ns3:TrackPointExtension>
        </extensions>
      </trkpt>
      <trkpt lat="22.59671702049672603607177734375" lon="114.30278442800045013427734375">
        <ele>6.400000095367431640625</ele>
        <time>2025-06-05T10:59:47.000Z</time>
        <extensions>
          <ns3:TrackPointExtension>
            <ns3:atemp>29.0</ns3:atemp>
            <ns3:hr>136</ns3:hr>
            <ns3:cad>78</ns3:cad>
          </ns3:TrackPointExtension>
        </extensions>
      </trkpt>
      <trkpt lat="22.596679218113422393798828125" lon="114.30273924954235553741455078125">
        <ele>6.400000095367431640625</ele>
        <time>2025-06-05T10:59:48.000Z</time>
        <extensions>
          <ns3:TrackPointExtension>
            <ns3:atemp>29.0</ns3:atemp>
            <ns3:hr>135</ns3:hr>
            <ns3:cad>78</ns3:cad>
          </ns3:TrackPointExtension>
        </extensions>
      </trkpt>
      <trkpt lat="22.59664275683462619781494140625" lon="114.3026927299797534942626953125">
        <ele>6.400000095367431640625</ele>
        <time>2025-06-05T10:59:49.000Z</time>
        <extensions>
          <ns3:TrackPointExtension>
            <ns3:atemp>29.0</ns3:atemp>
            <ns3:hr>135</ns3:hr>
            <ns3:cad>78</ns3:cad>
          </ns3:TrackPointExtension>
        </extensions>
      </trkpt>
      <trkpt lat="22.59661191143095493316650390625" lon="114.3026389181613922119140625">
        <ele>6.400000095367431640625</ele>
        <time>2025-06-05T10:59:50.000Z</time>
        <extensions>
          <ns3:TrackPointExtension>
            <ns3:atemp>29.0</ns3:atemp>
            <ns3:hr>135</ns3:hr>
            <ns3:cad>72</ns3:cad>
          </ns3:TrackPointExtension>
        </extensions>
      </trkpt>
      <trkpt lat="22.59659179486334323883056640625" lon="114.30257881991565227508544921875">
        <ele>6.400000095367431640625</ele>
        <time>2025-06-05T10:59:51.000Z</time>
        <extensions>
          <ns3:TrackPointExtension>
            <ns3:atemp>29.0</ns3:atemp>
            <ns3:hr>134</ns3:hr>
            <ns3:cad>74</ns3:cad>
          </ns3:TrackPointExtension>
        </extensions>
      </trkpt>
      <trkpt lat="22.596569918096065521240234375" lon="114.3025197274982929229736328125">
        <ele>6.400000095367431640625</ele>
        <time>2025-06-05T10:59:52.000Z</time>
        <extensions>
          <ns3:TrackPointExtension>
            <ns3:atemp>29.0</ns3:atemp>
            <ns3:hr>134</ns3:hr>
            <ns3:cad>74</ns3:cad>
          </ns3:TrackPointExtension>
        </extensions>
      </trkpt>
      <trkpt lat="22.59654569439589977264404296875" lon="114.302459545433521270751953125">
        <ele>6.400000095367431640625</ele>
        <time>2025-06-05T10:59:53.000Z</time>
        <extensions>
          <ns3:TrackPointExtension>
            <ns3:atemp>29.0</ns3:atemp>
            <ns3:hr>134</ns3:hr>
            <ns3:cad>74</ns3:cad>
          </ns3:TrackPointExtension>
        </extensions>
      </trkpt>
      <trkpt lat="22.5965244881808757781982421875" lon="114.30239793844521045684814453125">
        <ele>6.400000095367431640625</ele>
        <time>2025-06-05T10:59:54.000Z</time>
        <extensions>
          <ns3:TrackPointExtension>
            <ns3:atemp>29.0</ns3:atemp>
            <ns3:hr>134</ns3:hr>
            <ns3:cad>74</ns3:cad>
          </ns3:TrackPointExtension>
        </extensions>
      </trkpt>
      <trkpt lat="22.59649691171944141387939453125" lon="114.3023507483303546905517578125">
        <ele>6.19999980926513671875</ele>
        <time>2025-06-05T10:59:55.000Z</time>
        <extensions>
          <ns3:TrackPointExtension>
            <ns3:atemp>29.0</ns3:atemp>
            <ns3:hr>134</ns3:hr>
            <ns3:cad>74</ns3:cad>
          </ns3:TrackPointExtension>
        </extensions>
      </trkpt>
      <trkpt lat="22.59645827114582061767578125" lon="114.3023306317627429962158203125">
        <ele>6.19999980926513671875</ele>
        <time>2025-06-05T10:59:56.000Z</time>
        <extensions>
          <ns3:TrackPointExtension>
            <ns3:atemp>29.0</ns3:atemp>
            <ns3:hr>134</ns3:hr>
            <ns3:cad>0</ns3:cad>
          </ns3:TrackPointExtension>
        </extensions>
      </trkpt>
      <trkpt lat="22.596424408257007598876953125" lon="114.3023358285427093505859375">
        <ele>6.400000095367431640625</ele>
        <time>2025-06-05T10:59:57.000Z</time>
        <extensions>
          <ns3:TrackPointExtension>
            <ns3:atemp>29.0</ns3:atemp>
            <ns3:hr>134</ns3:hr>
            <ns3:cad>0</ns3:cad>
          </ns3:TrackPointExtension>
        </extensions>
      </trkpt>
      <trkpt lat="22.59639867581427097320556640625" lon="114.3023514188826084136962890625">
        <ele>6.400000095367431640625</ele>
        <time>2025-06-05T10:59:58.000Z</time>
        <extensions>
          <ns3:TrackPointExtension>
            <ns3:atemp>29.0</ns3:atemp>
            <ns3:hr>133</ns3:hr>
            <ns3:cad>0</ns3:cad>
          </ns3:TrackPointExtension>
        </extensions>
      </trkpt>
      <trkpt lat="22.59638828225433826446533203125" lon="114.30237631313502788543701171875">
        <ele>6.599999904632568359375</ele>
        <time>2025-06-05T10:59:59.000Z</time>
        <extensions>
          <ns3:TrackPointExtension>
            <ns3:atemp>29.0</ns3:atemp>
            <ns3:hr>133</ns3:hr>
            <ns3:cad>0</ns3:cad>
          </ns3:TrackPointExtension>
        </extensions>
      </trkpt>
      <trkpt lat="22.59636397473514080047607421875" lon="114.3024109303951263427734375">
        <ele>6.80000019073486328125</ele>
        <time>2025-06-05T11:00:00.000Z</time>
        <extensions>
          <ns3:TrackPointExtension>
            <ns3:atemp>29.0</ns3:atemp>
            <ns3:hr>132</ns3:hr>
            <ns3:cad>0</ns3:cad>
          </ns3:TrackPointExtension>
        </extensions>
      </trkpt>
      <trkpt lat="22.59633413515985012054443359375" lon="114.30242107249796390533447265625">
        <ele>7</ele>
        <time>2025-06-05T11:00:01.000Z</time>
        <extensions>
          <ns3:TrackPointExtension>
            <ns3:atemp>29.0</ns3:atemp>
            <ns3:hr>131</ns3:hr>
            <ns3:cad>0</ns3:cad>
          </ns3:TrackPointExtension>
        </extensions>
      </trkpt>
      <trkpt lat="22.59631083346903324127197265625" lon="114.30241252295672893524169921875">
        <ele>7</ele>
        <time>2025-06-05T11:00:02.000Z</time>
        <extensions>
          <ns3:TrackPointExtension>
            <ns3:atemp>29.0</ns3:atemp>
            <ns3:hr>130</ns3:hr>
            <ns3:cad>0</ns3:cad>
          </ns3:TrackPointExtension>
        </extensions>
      </trkpt>
      <trkpt lat="22.59628526866436004638671875" lon="114.30239684879779815673828125">
        <ele>7</ele>
        <time>2025-06-05T11:00:03.000Z</time>
        <extensions>
          <ns3:TrackPointExtension>
            <ns3:atemp>29.0</ns3:atemp>
            <ns3:hr>129</ns3:hr>
            <ns3:cad>0</ns3:cad>
          </ns3:TrackPointExtension>
        </extensions>
      </trkpt>
      <trkpt lat="22.5962629728019237518310546875" lon="114.30236742831766605377197265625">
        <ele>7</ele>
        <time>2025-06-05T11:00:04.000Z</time>
        <extensions>
          <ns3:TrackPointExtension>
            <ns3:atemp>29.0</ns3:atemp>
            <ns3:hr>128</ns3:hr>
            <ns3:cad>0</ns3:cad>
          </ns3:TrackPointExtension>
        </extensions>
      </trkpt>
      <trkpt lat="22.5962361507117748260498046875" lon="114.30233641527593135833740234375">
        <ele>6.80000019073486328125</ele>
        <time>2025-06-05T11:00:05.000Z</time>
        <extensions>
          <ns3:TrackPointExtension>
            <ns3:atemp>29.0</ns3:atemp>
            <ns3:hr>127</ns3:hr>
            <ns3:cad>39</ns3:cad>
          </ns3:TrackPointExtension>
        </extensions>
      </trkpt>
      <trkpt lat="22.59620689786970615386962890625" lon="114.30230137892067432403564453125">
        <ele>6.80000019073486328125</ele>
        <time>2025-06-05T11:00:06.000Z</time>
        <extensions>
          <ns3:TrackPointExtension>
            <ns3:atemp>29.0</ns3:atemp>
            <ns3:hr>126</ns3:hr>
            <ns3:cad>39</ns3:cad>
          </ns3:TrackPointExtension>
        </extensions>
      </trkpt>
      <trkpt lat="22.5961737893521785736083984375" lon="114.30226936005055904388427734375">
        <ele>6.599999904632568359375</ele>
        <time>2025-06-05T11:00:07.000Z</time>
        <extensions>
          <ns3:TrackPointExtension>
            <ns3:atemp>29.0</ns3:atemp>
            <ns3:hr>125</ns3:hr>
            <ns3:cad>57</ns3:cad>
          </ns3:TrackPointExtension>
        </extensions>
      </trkpt>
      <trkpt lat="22.59614218957722187042236328125" lon="114.30223164148628711700439453125">
        <ele>6.400000095367431640625</ele>
        <time>2025-06-05T11:00:08.000Z</time>
        <extensions>
          <ns3:TrackPointExtension>
            <ns3:atemp>29.0</ns3:atemp>
            <ns3:hr>125</ns3:hr>
            <ns3:cad>55</ns3:cad>
          </ns3:TrackPointExtension>
        </extensions>
      </trkpt>
      <trkpt lat="22.596107907593250274658203125" lon="114.302196688950061798095703125">
        <ele>6.400000095367431640625</ele>
        <time>2025-06-05T11:00:09.000Z</time>
        <extensions>
          <ns3:TrackPointExtension>
            <ns3:atemp>29.0</ns3:atemp>
            <ns3:hr>125</ns3:hr>
            <ns3:cad>59</ns3:cad>
          </ns3:TrackPointExtension>
        </extensions>
      </trkpt>
      <trkpt lat="22.59607111103832721710205078125" lon="114.30216022767126560211181640625">
        <ele>6.19999980926513671875</ele>
        <time>2025-06-05T11:00:10.000Z</time>
        <extensions>
          <ns3:TrackPointExtension>
            <ns3:atemp>29.0</ns3:atemp>
            <ns3:hr>125</ns3:hr>
            <ns3:cad>62</ns3:cad>
          </ns3:TrackPointExtension>
        </extensions>
      </trkpt>
      <trkpt lat="22.5960339792072772979736328125" lon="114.30212326347827911376953125">
        <ele>6</ele>
        <time>2025-06-05T11:00:11.000Z</time>
        <extensions>
          <ns3:TrackPointExtension>
            <ns3:atemp>29.0</ns3:atemp>
            <ns3:hr>125</ns3:hr>
            <ns3:cad>62</ns3:cad>
          </ns3:TrackPointExtension>
        </extensions>
      </trkpt>
      <trkpt lat="22.59599634446203708648681640625" lon="114.302086718380451202392578125">
        <ele>6</ele>
        <time>2025-06-05T11:00:12.000Z</time>
        <extensions>
          <ns3:TrackPointExtension>
            <ns3:atemp>29.0</ns3:atemp>
            <ns3:hr>125</ns3:hr>
            <ns3:cad>66</ns3:cad>
          </ns3:TrackPointExtension>
        </extensions>
      </trkpt>
      <trkpt lat="22.59596072137355804443359375" lon="114.30204925127327442169189453125">
        <ele>6</ele>
        <time>2025-06-05T11:00:13.000Z</time>
        <extensions>
          <ns3:TrackPointExtension>
            <ns3:atemp>29.0</ns3:atemp>
            <ns3:hr>125</ns3:hr>
            <ns3:cad>66</ns3:cad>
          </ns3:TrackPointExtension>
        </extensions>
      </trkpt>
      <trkpt lat="22.59592493064701557159423828125" lon="114.302010275423526763916015625">
        <ele>5.80000019073486328125</ele>
        <time>2025-06-05T11:00:14.000Z</time>
        <extensions>
          <ns3:TrackPointExtension>
            <ns3:atemp>29.0</ns3:atemp>
            <ns3:hr>124</ns3:hr>
            <ns3:cad>66</ns3:cad>
          </ns3:TrackPointExtension>
        </extensions>
      </trkpt>
      <trkpt lat="22.59588922373950481414794921875" lon="114.3019765801727771759033203125">
        <ele>5.80000019073486328125</ele>
        <time>2025-06-05T11:00:15.000Z</time>
        <extensions>
          <ns3:TrackPointExtension>
            <ns3:atemp>29.0</ns3:atemp>
            <ns3:hr>124</ns3:hr>
            <ns3:cad>66</ns3:cad>
          </ns3:TrackPointExtension>
        </extensions>
      </trkpt>
      <trkpt lat="22.59585334919393062591552734375" lon="114.30194229818880558013916015625">
        <ele>5.599999904632568359375</ele>
        <time>2025-06-05T11:00:16.000Z</time>
        <extensions>
          <ns3:TrackPointExtension>
            <ns3:atemp>29.0</ns3:atemp>
            <ns3:hr>123</ns3:hr>
            <ns3:cad>0</ns3:cad>
          </ns3:TrackPointExtension>
        </extensions>
      </trkpt>
      <trkpt lat="22.595814205706119537353515625" lon="114.30190843529999256134033203125">
        <ele>5.599999904632568359375</ele>
        <time>2025-06-05T11:00:17.000Z</time>
        <extensions>
          <ns3:TrackPointExtension>
            <ns3:atemp>29.0</ns3:atemp>
            <ns3:hr>122</ns3:hr>
            <ns3:cad>0</ns3:cad>
          </ns3:TrackPointExtension>
        </extensions>
      </trkpt>
      <trkpt lat="22.59577606804668903350830078125" lon="114.30186769925057888031005859375">
        <ele>5.400000095367431640625</ele>
        <time>2025-06-05T11:00:18.000Z</time>
        <extensions>
          <ns3:TrackPointExtension>
            <ns3:atemp>29.0</ns3:atemp>
            <ns3:hr>122</ns3:hr>
            <ns3:cad>0</ns3:cad>
          </ns3:TrackPointExtension>
        </extensions>
      </trkpt>
      <trkpt lat="22.59573633782565593719482421875" lon="114.30182931013405323028564453125">
        <ele>5.400000095367431640625</ele>
        <time>2025-06-05T11:00:19.000Z</time>
        <extensions>
          <ns3:TrackPointExtension>
            <ns3:atemp>29.0</ns3:atemp>
            <ns3:hr>122</ns3:hr>
            <ns3:cad>0</ns3:cad>
          </ns3:TrackPointExtension>
        </extensions>
      </trkpt>
      <trkpt lat="22.59569442830979824066162109375" lon="114.301791004836559295654296875">
        <ele>5.19999980926513671875</ele>
        <time>2025-06-05T11:00:20.000Z</time>
        <extensions>
          <ns3:TrackPointExtension>
            <ns3:atemp>29.0</ns3:atemp>
            <ns3:hr>122</ns3:hr>
            <ns3:cad>64</ns3:cad>
          </ns3:TrackPointExtension>
        </extensions>
      </trkpt>
      <trkpt lat="22.59565201587975025177001953125" lon="114.30175437591969966888427734375">
        <ele>5.19999980926513671875</ele>
        <time>2025-06-05T11:00:21.000Z</time>
        <extensions>
          <ns3:TrackPointExtension>
            <ns3:atemp>29.0</ns3:atemp>
            <ns3:hr>123</ns3:hr>
            <ns3:cad>64</ns3:cad>
          </ns3:TrackPointExtension>
        </extensions>
      </trkpt>
      <trkpt lat="22.59561111219227313995361328125" lon="114.301721937954425811767578125">
        <ele>5.19999980926513671875</ele>
        <time>2025-06-05T11:00:22.000Z</time>
        <extensions>
          <ns3:TrackPointExtension>
            <ns3:atemp>29.0</ns3:atemp>
            <ns3:hr>122</ns3:hr>
            <ns3:cad>64</ns3:cad>
          </ns3:TrackPointExtension>
        </extensions>
      </trkpt>
      <trkpt lat="22.59556886740028858184814453125" lon="114.30168882943689823150634765625">
        <ele>5.19999980926513671875</ele>
        <time>2025-06-05T11:00:23.000Z</time>
        <extensions>
          <ns3:TrackPointExtension>
            <ns3:atemp>29.0</ns3:atemp>
            <ns3:hr>122</ns3:hr>
            <ns3:cad>64</ns3:cad>
          </ns3:TrackPointExtension>
        </extensions>
      </trkpt>
      <trkpt lat="22.5955255329608917236328125" lon="114.301655553281307220458984375">
        <ele>5</ele>
        <time>2025-06-05T11:00:24.000Z</time>
        <extensions>
          <ns3:TrackPointExtension>
            <ns3:atemp>29.0</ns3:atemp>
            <ns3:hr>122</ns3:hr>
            <ns3:cad>0</ns3:cad>
          </ns3:TrackPointExtension>
        </extensions>
      </trkpt>
      <trkpt lat="22.5954804383218288421630859375" lon="114.3016235344111919403076171875">
        <ele>5</ele>
        <time>2025-06-05T11:00:25.000Z</time>
        <extensions>
          <ns3:TrackPointExtension>
            <ns3:atemp>29.0</ns3:atemp>
            <ns3:hr>122</ns3:hr>
            <ns3:cad>0</ns3:cad>
          </ns3:TrackPointExtension>
        </extensions>
      </trkpt>
      <trkpt lat="22.5954343378543853759765625" lon="114.30159009061753749847412109375">
        <ele>5</ele>
        <time>2025-06-05T11:00:26.000Z</time>
        <extensions>
          <ns3:TrackPointExtension>
            <ns3:atemp>29.0</ns3:atemp>
            <ns3:hr>122</ns3:hr>
            <ns3:cad>69</ns3:cad>
          </ns3:TrackPointExtension>
        </extensions>
      </trkpt>
      <trkpt lat="22.595387734472751617431640625" lon="114.3015581555664539337158203125">
        <ele>5</ele>
        <time>2025-06-05T11:00:27.000Z</time>
        <extensions>
          <ns3:TrackPointExtension>
            <ns3:atemp>29.0</ns3:atemp>
            <ns3:hr>122</ns3:hr>
            <ns3:cad>69</ns3:cad>
          </ns3:TrackPointExtension>
        </extensions>
      </trkpt>
      <trkpt lat="22.59534121491014957427978515625" lon="114.30152270011603832244873046875">
        <ele>4.80000019073486328125</ele>
        <time>2025-06-05T11:00:28.000Z</time>
        <extensions>
          <ns3:TrackPointExtension>
            <ns3:atemp>29.0</ns3:atemp>
            <ns3:hr>121</ns3:hr>
            <ns3:cad>71</ns3:cad>
          </ns3:TrackPointExtension>
        </extensions>
      </trkpt>
      <trkpt lat="22.5952948629856109619140625" lon="114.3014880828559398651123046875">
        <ele>4.80000019073486328125</ele>
        <time>2025-06-05T11:00:29.000Z</time>
        <extensions>
          <ns3:TrackPointExtension>
            <ns3:atemp>29.0</ns3:atemp>
            <ns3:hr>121</ns3:hr>
            <ns3:cad>69</ns3:cad>
          </ns3:TrackPointExtension>
        </extensions>
      </trkpt>
      <trkpt lat="22.5952474214136600494384765625" lon="114.301454722881317138671875">
        <ele>4.80000019073486328125</ele>
        <time>2025-06-05T11:00:30.000Z</time>
        <extensions>
          <ns3:TrackPointExtension>
            <ns3:atemp>29.0</ns3:atemp>
            <ns3:hr>121</ns3:hr>
            <ns3:cad>71</ns3:cad>
          </ns3:TrackPointExtension>
        </extensions>
      </trkpt>
      <trkpt lat="22.59519805200397968292236328125" lon="114.301424883306026458740234375">
        <ele>4.80000019073486328125</ele>
        <time>2025-06-05T11:00:31.000Z</time>
        <extensions>
          <ns3:TrackPointExtension>
            <ns3:atemp>29.0</ns3:atemp>
            <ns3:hr>121</ns3:hr>
            <ns3:cad>71</ns3:cad>
          </ns3:TrackPointExtension>
        </extensions>
      </trkpt>
      <trkpt lat="22.59514843113720417022705078125" lon="114.301394037902355194091796875">
        <ele>4.80000019073486328125</ele>
        <time>2025-06-05T11:00:32.000Z</time>
        <extensions>
          <ns3:TrackPointExtension>
            <ns3:atemp>29.0</ns3:atemp>
            <ns3:hr>121</ns3:hr>
            <ns3:cad>73</ns3:cad>
          </ns3:TrackPointExtension>
        </extensions>
      </trkpt>
      <trkpt lat="22.59509813971817493438720703125" lon="114.30136277340352535247802734375">
        <ele>4.80000019073486328125</ele>
        <time>2025-06-05T11:00:33.000Z</time>
        <extensions>
          <ns3:TrackPointExtension>
            <ns3:atemp>29.0</ns3:atemp>
            <ns3:hr>121</ns3:hr>
            <ns3:cad>75</ns3:cad>
          </ns3:TrackPointExtension>
        </extensions>
      </trkpt>
      <trkpt lat="22.5950469262897968292236328125" lon="114.3013308383524417877197265625">
        <ele>4.599999904632568359375</ele>
        <time>2025-06-05T11:00:34.000Z</time>
        <extensions>
          <ns3:TrackPointExtension>
            <ns3:atemp>29.0</ns3:atemp>
            <ns3:hr>121</ns3:hr>
            <ns3:cad>76</ns3:cad>
          </ns3:TrackPointExtension>
        </extensions>
      </trkpt>
      <trkpt lat="22.59499378502368927001953125" lon="114.30130250751972198486328125">
        <ele>4.400000095367431640625</ele>
        <time>2025-06-05T11:00:35.000Z</time>
        <extensions>
          <ns3:TrackPointExtension>
            <ns3:atemp>29.0</ns3:atemp>
            <ns3:hr>121</ns3:hr>
            <ns3:cad>75</ns3:cad>
          </ns3:TrackPointExtension>
        </extensions>
      </trkpt>
      <trkpt lat="22.5949403084814548492431640625" lon="114.3012745119631290435791015625">
        <ele>4.19999980926513671875</ele>
        <time>2025-06-05T11:00:36.000Z</time>
        <extensions>
          <ns3:TrackPointExtension>
            <ns3:atemp>29.0</ns3:atemp>
            <ns3:hr>121</ns3:hr>
            <ns3:cad>75</ns3:cad>
          </ns3:TrackPointExtension>
        </extensions>
      </trkpt>
      <trkpt lat="22.59488658048212528228759765625" lon="114.30124810896813869476318359375">
        <ele>4.19999980926513671875</ele>
        <time>2025-06-05T11:00:37.000Z</time>
        <extensions>
          <ns3:TrackPointExtension>
            <ns3:atemp>29.0</ns3:atemp>
            <ns3:hr>120</ns3:hr>
            <ns3:cad>75</ns3:cad>
          </ns3:TrackPointExtension>
        </extensions>
      </trkpt>
      <trkpt lat="22.59483226574957370758056640625" lon="114.30122363381087779998779296875">
        <ele>4.19999980926513671875</ele>
        <time>2025-06-05T11:00:38.000Z</time>
        <extensions>
          <ns3:TrackPointExtension>
            <ns3:atemp>29.0</ns3:atemp>
            <ns3:hr>120</ns3:hr>
            <ns3:cad>75</ns3:cad>
          </ns3:TrackPointExtension>
        </extensions>
      </trkpt>
      <trkpt lat="22.59477828629314899444580078125" lon="114.301196895539760589599609375">
        <ele>4</ele>
        <time>2025-06-05T11:00:39.000Z</time>
        <extensions>
          <ns3:TrackPointExtension>
            <ns3:atemp>29.0</ns3:atemp>
            <ns3:hr>119</ns3:hr>
            <ns3:cad>0</ns3:cad>
          </ns3:TrackPointExtension>
        </extensions>
      </trkpt>
      <trkpt lat="22.59472028352320194244384765625" lon="114.3011717498302459716796875">
        <ele>3.7999999523162841796875</ele>
        <time>2025-06-05T11:00:40.000Z</time>
        <extensions>
          <ns3:TrackPointExtension>
            <ns3:atemp>29.0</ns3:atemp>
            <ns3:hr>119</ns3:hr>
            <ns3:cad>0</ns3:cad>
          </ns3:TrackPointExtension>
        </extensions>
      </trkpt>
      <trkpt lat="22.59466412477195262908935546875" lon="114.30114316754043102264404296875">
        <ele>3.7999999523162841796875</ele>
        <time>2025-06-05T11:00:41.000Z</time>
        <extensions>
          <ns3:TrackPointExtension>
            <ns3:atemp>29.0</ns3:atemp>
            <ns3:hr>118</ns3:hr>
            <ns3:cad>0</ns3:cad>
          </ns3:TrackPointExtension>
        </extensions>
      </trkpt>
      <trkpt lat="22.5946070440113544464111328125" lon="114.30111316032707691192626953125">
        <ele>3.7999999523162841796875</ele>
        <time>2025-06-05T11:00:42.000Z</time>
        <extensions>
          <ns3:TrackPointExtension>
            <ns3:atemp>29.0</ns3:atemp>
            <ns3:hr>117</ns3:hr>
            <ns3:cad>0</ns3:cad>
          </ns3:TrackPointExtension>
        </extensions>
      </trkpt>
      <trkpt lat="22.59455331601202487945556640625" lon="114.30108767934143543243408203125">
        <ele>3.7999999523162841796875</ele>
        <time>2025-06-05T11:00:43.000Z</time>
        <extensions>
          <ns3:TrackPointExtension>
            <ns3:atemp>29.0</ns3:atemp>
            <ns3:hr>116</ns3:hr>
            <ns3:cad>0</ns3:cad>
          </ns3:TrackPointExtension>
        </extensions>
      </trkpt>
      <trkpt lat="22.59450587444007396697998046875" lon="114.301067478954792022705078125">
        <ele>3.7999999523162841796875</ele>
        <time>2025-06-05T11:00:44.000Z</time>
        <extensions>
          <ns3:TrackPointExtension>
            <ns3:atemp>29.0</ns3:atemp>
            <ns3:hr>115</ns3:hr>
            <ns3:cad>0</ns3:cad>
          </ns3:TrackPointExtension>
        </extensions>
      </trkpt>
      <trkpt lat="22.59445658884942531585693359375" lon="114.30105683393776416778564453125">
        <ele>3.7999999523162841796875</ele>
        <time>2025-06-05T11:00:45.000Z</time>
        <extensions>
          <ns3:TrackPointExtension>
            <ns3:atemp>29.0</ns3:atemp>
            <ns3:hr>115</ns3:hr>
            <ns3:cad>0</ns3:cad>
          </ns3:TrackPointExtension>
        </extensions>
      </trkpt>
      <trkpt lat="22.5944166071712970733642578125" lon="114.301061443984508514404296875">
        <ele>3.7999999523162841796875</ele>
        <time>2025-06-05T11:00:46.000Z</time>
        <extensions>
          <ns3:TrackPointExtension>
            <ns3:atemp>29.0</ns3:atemp>
            <ns3:hr>114</ns3:hr>
            <ns3:cad>0</ns3:cad>
          </ns3:TrackPointExtension>
        </extensions>
      </trkpt>
      <trkpt lat="22.594371847808361053466796875" lon="114.30106647312641143798828125">
        <ele>3.7999999523162841796875</ele>
        <time>2025-06-05T11:00:47.000Z</time>
        <extensions>
          <ns3:TrackPointExtension>
            <ns3:atemp>29.0</ns3:atemp>
            <ns3:hr>113</ns3:hr>
            <ns3:cad>0</ns3:cad>
          </ns3:TrackPointExtension>
        </extensions>
      </trkpt>
      <trkpt lat="22.5943291001021862030029296875" lon="114.3010525591671466827392578125">
        <ele>3.7999999523162841796875</ele>
        <time>2025-06-05T11:00:48.000Z</time>
        <extensions>
          <ns3:TrackPointExtension>
            <ns3:atemp>29.0</ns3:atemp>
            <ns3:hr>112</ns3:hr>
            <ns3:cad>0</ns3:cad>
          </ns3:TrackPointExtension>
        </extensions>
      </trkpt>
      <trkpt lat="22.59428274817764759063720703125" lon="114.3010376393795013427734375">
        <ele>4</ele>
        <time>2025-06-05T11:00:49.000Z</time>
        <extensions>
          <ns3:TrackPointExtension>
            <ns3:atemp>29.0</ns3:atemp>
            <ns3:hr>112</ns3:hr>
            <ns3:cad>0</ns3:cad>
          </ns3:TrackPointExtension>
        </extensions>
      </trkpt>
      <trkpt lat="22.59423262439668178558349609375" lon="114.30102230049669742584228515625">
        <ele>4.19999980926513671875</ele>
        <time>2025-06-05T11:00:50.000Z</time>
        <extensions>
          <ns3:TrackPointExtension>
            <ns3:atemp>29.0</ns3:atemp>
            <ns3:hr>112</ns3:hr>
            <ns3:cad>0</ns3:cad>
          </ns3:TrackPointExtension>
        </extensions>
      </trkpt>
      <trkpt lat="22.594180740416049957275390625" lon="114.300999753177165985107421875">
        <ele>4.19999980926513671875</ele>
        <time>2025-06-05T11:00:51.000Z</time>
        <extensions>
          <ns3:TrackPointExtension>
            <ns3:atemp>29.0</ns3:atemp>
            <ns3:hr>112</ns3:hr>
            <ns3:cad>68</ns3:cad>
          </ns3:TrackPointExtension>
        </extensions>
      </trkpt>
      <trkpt lat="22.59413187392055988311767578125" lon="114.30097418837249279022216796875">
        <ele>4.19999980926513671875</ele>
        <time>2025-06-05T11:00:52.000Z</time>
        <extensions>
          <ns3:TrackPointExtension>
            <ns3:atemp>29.0</ns3:atemp>
            <ns3:hr>112</ns3:hr>
            <ns3:cad>68</ns3:cad>
          </ns3:TrackPointExtension>
        </extensions>
      </trkpt>
      <trkpt lat="22.5940813310444355010986328125" lon="114.3009499646723270416259765625">
        <ele>4.19999980926513671875</ele>
        <time>2025-06-05T11:00:53.000Z</time>
        <extensions>
          <ns3:TrackPointExtension>
            <ns3:atemp>29.0</ns3:atemp>
            <ns3:hr>113</ns3:hr>
            <ns3:cad>68</ns3:cad>
          </ns3:TrackPointExtension>
        </extensions>
      </trkpt>
      <trkpt lat="22.5940307043492794036865234375" lon="114.300931356847286224365234375">
        <ele>4.19999980926513671875</ele>
        <time>2025-06-05T11:00:54.000Z</time>
        <extensions>
          <ns3:TrackPointExtension>
            <ns3:atemp>29.0</ns3:atemp>
            <ns3:hr>112</ns3:hr>
            <ns3:cad>68</ns3:cad>
          </ns3:TrackPointExtension>
        </extensions>
      </trkpt>
      <trkpt lat="22.59398150257766246795654296875" lon="114.300917945802211761474609375">
        <ele>4.19999980926513671875</ele>
        <time>2025-06-05T11:00:55.000Z</time>
        <extensions>
          <ns3:TrackPointExtension>
            <ns3:atemp>29.0</ns3:atemp>
            <ns3:hr>112</ns3:hr>
            <ns3:cad>68</ns3:cad>
          </ns3:TrackPointExtension>
        </extensions>
      </trkpt>
      <trkpt lat="22.593939006328582763671875" lon="114.30090545676648616790771484375">
        <ele>4.19999980926513671875</ele>
        <time>2025-06-05T11:00:56.000Z</time>
        <extensions>
          <ns3:TrackPointExtension>
            <ns3:atemp>29.0</ns3:atemp>
            <ns3:hr>112</ns3:hr>
            <ns3:cad>68</ns3:cad>
          </ns3:TrackPointExtension>
        </extensions>
      </trkpt>
      <trkpt lat="22.5939027965068817138671875" lon="114.30089020170271396636962890625">
        <ele>4.19999980926513671875</ele>
        <time>2025-06-05T11:00:57.000Z</time>
        <extensions>
          <ns3:TrackPointExtension>
            <ns3:atemp>29.0</ns3:atemp>
            <ns3:hr>112</ns3:hr>
            <ns3:cad>0</ns3:cad>
          </ns3:TrackPointExtension>
        </extensions>
      </trkpt>
      <trkpt lat="22.59386851452291011810302734375" lon="114.3008711747825145721435546875">
        <ele>4.400000095367431640625</ele>
        <time>2025-06-05T11:00:58.000Z</time>
        <extensions>
          <ns3:TrackPointExtension>
            <ns3:atemp>29.0</ns3:atemp>
            <ns3:hr>112</ns3:hr>
            <ns3:cad>0</ns3:cad>
          </ns3:TrackPointExtension>
        </extensions>
      </trkpt>
      <trkpt lat="22.59383968077600002288818359375" lon="114.30083940736949443817138671875">
        <ele>4.400000095367431640625</ele>
        <time>2025-06-05T11:00:59.000Z</time>
        <extensions>
          <ns3:TrackPointExtension>
            <ns3:atemp>29.0</ns3:atemp>
            <ns3:hr>112</ns3:hr>
            <ns3:cad>0</ns3:cad>
          </ns3:TrackPointExtension>
        </extensions>
      </trkpt>
      <trkpt lat="22.5938053987920284271240234375" lon="114.30082130245864391326904296875">
        <ele>4.19999980926513671875</ele>
        <time>2025-06-05T11:01:00.000Z</time>
        <extensions>
          <ns3:TrackPointExtension>
            <ns3:atemp>29.0</ns3:atemp>
            <ns3:hr>112</ns3:hr>
            <ns3:cad>0</ns3:cad>
          </ns3:TrackPointExtension>
        </extensions>
      </trkpt>
      <trkpt lat="22.59376592002809047698974609375" lon="114.30080629885196685791015625">
        <ele>4.19999980926513671875</ele>
        <time>2025-06-05T11:01:01.000Z</time>
        <extensions>
          <ns3:TrackPointExtension>
            <ns3:atemp>29.0</ns3:atemp>
            <ns3:hr>112</ns3:hr>
            <ns3:cad>0</ns3:cad>
          </ns3:TrackPointExtension>
        </extensions>
      </trkpt>
      <trkpt lat="22.59372803382575511932373046875" lon="114.300783164799213409423828125">
        <ele>4.19999980926513671875</ele>
        <time>2025-06-05T11:01:02.000Z</time>
        <extensions>
          <ns3:TrackPointExtension>
            <ns3:atemp>29.0</ns3:atemp>
            <ns3:hr>114</ns3:hr>
            <ns3:cad>0</ns3:cad>
          </ns3:TrackPointExtension>
        </extensions>
      </trkpt>
      <trkpt lat="22.59370406158268451690673828125" lon="114.30076832883059978485107421875">
        <ele>4.19999980926513671875</ele>
        <time>2025-06-05T11:01:03.000Z</time>
        <extensions>
          <ns3:TrackPointExtension>
            <ns3:atemp>29.0</ns3:atemp>
            <ns3:hr>115</ns3:hr>
            <ns3:cad>0</ns3:cad>
          </ns3:TrackPointExtension>
        </extensions>
      </trkpt>
      <trkpt lat="22.59368897415697574615478515625" lon="114.30076497606933116912841796875">
        <ele>4.19999980926513671875</ele>
        <time>2025-06-05T11:01:04.000Z</time>
        <extensions>
          <ns3:TrackPointExtension>
            <ns3:atemp>29.0</ns3:atemp>
            <ns3:hr>115</ns3:hr>
            <ns3:cad>0</ns3:cad>
          </ns3:TrackPointExtension>
        </extensions>
      </trkpt>
      <trkpt lat="22.59367673657834529876708984375" lon="114.30075005628168582916259765625">
        <ele>4.400000095367431640625</ele>
        <time>2025-06-05T11:01:05.000Z</time>
        <extensions>
          <ns3:TrackPointExtension>
            <ns3:atemp>29.0</ns3:atemp>
            <ns3:hr>115</ns3:hr>
            <ns3:cad>0</ns3:cad>
          </ns3:TrackPointExtension>
        </extensions>
      </trkpt>
      <trkpt lat="22.59366131387650966644287109375" lon="114.30073815397918224334716796875">
        <ele>4.400000095367431640625</ele>
        <time>2025-06-05T11:01:06.000Z</time>
        <extensions>
          <ns3:TrackPointExtension>
            <ns3:atemp>29.0</ns3:atemp>
            <ns3:hr>116</ns3:hr>
            <ns3:cad>0</ns3:cad>
          </ns3:TrackPointExtension>
        </extensions>
      </trkpt>
      <trkpt lat="22.5936448015272617340087890625" lon="114.30072910152375698089599609375">
        <ele>4.400000095367431640625</ele>
        <time>2025-06-05T11:01:07.000Z</time>
        <extensions>
          <ns3:TrackPointExtension>
            <ns3:atemp>29.0</ns3:atemp>
            <ns3:hr>116</ns3:hr>
            <ns3:cad>0</ns3:cad>
          </ns3:TrackPointExtension>
        </extensions>
      </trkpt>
      <trkpt lat="22.5936297141015529632568359375" lon="114.30072071962058544158935546875">
        <ele>4.400000095367431640625</ele>
        <time>2025-06-05T11:01:08.000Z</time>
        <extensions>
          <ns3:TrackPointExtension>
            <ns3:atemp>29.0</ns3:atemp>
            <ns3:hr>116</ns3:hr>
            <ns3:cad>0</ns3:cad>
          </ns3:TrackPointExtension>
        </extensions>
      </trkpt>
      <trkpt lat="22.5936169736087322235107421875" lon="114.30071971379220485687255859375">
        <ele>4.400000095367431640625</ele>
        <time>2025-06-05T11:01:09.000Z</time>
        <extensions>
          <ns3:TrackPointExtension>
            <ns3:atemp>29.0</ns3:atemp>
            <ns3:hr>116</ns3:hr>
            <ns3:cad>0</ns3:cad>
          </ns3:TrackPointExtension>
        </extensions>
      </trkpt>
      <trkpt lat="22.59360842406749725341796875" lon="114.30071183480322360992431640625">
        <ele>4.400000095367431640625</ele>
        <time>2025-06-05T11:01:10.000Z</time>
        <extensions>
          <ns3:TrackPointExtension>
            <ns3:atemp>29.0</ns3:atemp>
            <ns3:hr>117</ns3:hr>
            <ns3:cad>0</ns3:cad>
          </ns3:TrackPointExtension>
        </extensions>
      </trkpt>
      <trkpt lat="22.59359895251691341400146484375" lon="114.30070864968001842498779296875">
        <ele>4.400000095367431640625</ele>
        <time>2025-06-05T11:01:11.000Z</time>
        <extensions>
          <ns3:TrackPointExtension>
            <ns3:atemp>29.0</ns3:atemp>
            <ns3:hr>117</ns3:hr>
            <ns3:cad>0</ns3:cad>
          </ns3:TrackPointExtension>
        </extensions>
      </trkpt>
      <trkpt lat="22.59359191171824932098388671875" lon="114.30069758556783199310302734375">
        <ele>4.400000095367431640625</ele>
        <time>2025-06-05T11:01:12.000Z</time>
        <extensions>
          <ns3:TrackPointExtension>
            <ns3:atemp>29.0</ns3:atemp>
            <ns3:hr>117</ns3:hr>
            <ns3:cad>0</ns3:cad>
          </ns3:TrackPointExtension>
        </extensions>
      </trkpt>
      <trkpt lat="22.59358637966215610504150390625" lon="114.3006918020546436309814453125">
        <ele>4.400000095367431640625</ele>
        <time>2025-06-05T11:01:13.000Z</time>
        <extensions>
          <ns3:TrackPointExtension>
            <ns3:atemp>29.0</ns3:atemp>
            <ns3:hr>117</ns3:hr>
            <ns3:cad>0</ns3:cad>
          </ns3:TrackPointExtension>
        </extensions>
      </trkpt>
      <trkpt lat="22.59357464499771595001220703125" lon="114.30068199522793292999267578125">
        <ele>4.400000095367431640625</ele>
        <time>2025-06-05T11:01:14.000Z</time>
        <extensions>
          <ns3:TrackPointExtension>
            <ns3:atemp>29.0</ns3:atemp>
            <ns3:hr>117</ns3:hr>
            <ns3:cad>0</ns3:cad>
          </ns3:TrackPointExtension>
        </extensions>
      </trkpt>
      <trkpt lat="22.59356324560940265655517578125" lon="114.30067076347768306732177734375">
        <ele>4.400000095367431640625</ele>
        <time>2025-06-05T11:01:15.000Z</time>
        <extensions>
          <ns3:TrackPointExtension>
            <ns3:atemp>29.0</ns3:atemp>
            <ns3:hr>117</ns3:hr>
            <ns3:cad>0</ns3:cad>
          </ns3:TrackPointExtension>
        </extensions>
      </trkpt>
      <trkpt lat="22.59354463778436183929443359375" lon="114.3006552569568157196044921875">
        <ele>4.400000095367431640625</ele>
        <time>2025-06-05T11:01:16.000Z</time>
        <extensions>
          <ns3:TrackPointExtension>
            <ns3:atemp>29.0</ns3:atemp>
            <ns3:hr>116</ns3:hr>
            <ns3:cad>0</ns3:cad>
          </ns3:TrackPointExtension>
        </extensions>
      </trkpt>
      <trkpt lat="22.593522258102893829345703125" lon="114.300639666616916656494140625">
        <ele>4.19999980926513671875</ele>
        <time>2025-06-05T11:01:17.000Z</time>
        <extensions>
          <ns3:TrackPointExtension>
            <ns3:atemp>29.0</ns3:atemp>
            <ns3:hr>116</ns3:hr>
            <ns3:cad>0</ns3:cad>
          </ns3:TrackPointExtension>
        </extensions>
      </trkpt>
      <trkpt lat="22.59349820204079151153564453125" lon="114.30062600411474704742431640625">
        <ele>4.19999980926513671875</ele>
        <time>2025-06-05T11:01:18.000Z</time>
        <extensions>
          <ns3:TrackPointExtension>
            <ns3:atemp>29.0</ns3:atemp>
            <ns3:hr>116</ns3:hr>
            <ns3:cad>0</ns3:cad>
          </ns3:TrackPointExtension>
        </extensions>
      </trkpt>
      <trkpt lat="22.5934696197509765625" lon="114.3006079830229282379150390625">
        <ele>4</ele>
        <time>2025-06-05T11:01:19.000Z</time>
        <extensions>
          <ns3:TrackPointExtension>
            <ns3:atemp>29.0</ns3:atemp>
            <ns3:hr>117</ns3:hr>
            <ns3:cad>0</ns3:cad>
          </ns3:TrackPointExtension>
        </extensions>
      </trkpt>
      <trkpt lat="22.59343408048152923583984375" lon="114.3005828373134136199951171875">
        <ele>4</ele>
        <time>2025-06-05T11:01:20.000Z</time>
        <extensions>
          <ns3:TrackPointExtension>
            <ns3:atemp>29.0</ns3:atemp>
            <ns3:hr>117</ns3:hr>
            <ns3:cad>48</ns3:cad>
          </ns3:TrackPointExtension>
        </extensions>
      </trkpt>
      <trkpt lat="22.59339443407952785491943359375" lon="114.3005586974322795867919921875">
        <ele>4</ele>
        <time>2025-06-05T11:01:21.000Z</time>
        <extensions>
          <ns3:TrackPointExtension>
            <ns3:atemp>29.0</ns3:atemp>
            <ns3:hr>117</ns3:hr>
            <ns3:cad>59</ns3:cad>
          </ns3:TrackPointExtension>
        </extensions>
      </trkpt>
      <trkpt lat="22.59335135109722614288330078125" lon="114.300531707704067230224609375">
        <ele>4</ele>
        <time>2025-06-05T11:01:22.000Z</time>
        <extensions>
          <ns3:TrackPointExtension>
            <ns3:atemp>29.0</ns3:atemp>
            <ns3:hr>117</ns3:hr>
            <ns3:cad>54</ns3:cad>
          </ns3:TrackPointExtension>
        </extensions>
      </trkpt>
      <trkpt lat="22.59331128560006618499755859375" lon="114.30049893446266651153564453125">
        <ele>4</ele>
        <time>2025-06-05T11:01:23.000Z</time>
        <extensions>
          <ns3:TrackPointExtension>
            <ns3:atemp>29.0</ns3:atemp>
            <ns3:hr>118</ns3:hr>
            <ns3:cad>54</ns3:cad>
          </ns3:TrackPointExtension>
        </extensions>
      </trkpt>
      <trkpt lat="22.59326912462711334228515625" lon="114.300463981926441192626953125">
        <ele>4</ele>
        <time>2025-06-05T11:01:24.000Z</time>
        <extensions>
          <ns3:TrackPointExtension>
            <ns3:atemp>29.0</ns3:atemp>
            <ns3:hr>118</ns3:hr>
            <ns3:cad>83</ns3:cad>
          </ns3:TrackPointExtension>
        </extensions>
      </trkpt>
      <trkpt lat="22.59322813712060451507568359375" lon="114.3004292808473110198974609375">
        <ele>4</ele>
        <time>2025-06-05T11:01:25.000Z</time>
        <extensions>
          <ns3:TrackPointExtension>
            <ns3:atemp>29.0</ns3:atemp>
            <ns3:hr>119</ns3:hr>
            <ns3:cad>77</ns3:cad>
          </ns3:TrackPointExtension>
        </extensions>
      </trkpt>
      <trkpt lat="22.593182958662509918212890625" lon="114.30038946680724620819091796875">
        <ele>3.7999999523162841796875</ele>
        <time>2025-06-05T11:01:26.000Z</time>
        <extensions>
          <ns3:TrackPointExtension>
            <ns3:atemp>29.0</ns3:atemp>
            <ns3:hr>120</ns3:hr>
            <ns3:cad>69</ns3:cad>
          </ns3:TrackPointExtension>
        </extensions>
      </trkpt>
      <trkpt lat="22.59313962422311305999755859375" lon="114.30034839548170566558837890625">
        <ele>3.7999999523162841796875</ele>
        <time>2025-06-05T11:01:27.000Z</time>
        <extensions>
          <ns3:TrackPointExtension>
            <ns3:atemp>29.0</ns3:atemp>
            <ns3:hr>122</ns3:hr>
            <ns3:cad>69</ns3:cad>
          </ns3:TrackPointExtension>
        </extensions>
      </trkpt>
      <trkpt lat="22.59309352375566959381103515625" lon="114.30031000636518001556396484375">
        <ele>3.599999904632568359375</ele>
        <time>2025-06-05T11:01:28.000Z</time>
        <extensions>
          <ns3:TrackPointExtension>
            <ns3:atemp>29.0</ns3:atemp>
            <ns3:hr>123</ns3:hr>
            <ns3:cad>71</ns3:cad>
          </ns3:TrackPointExtension>
        </extensions>
      </trkpt>
      <trkpt lat="22.593053542077541351318359375" lon="114.30026591755449771881103515625">
        <ele>3.7999999523162841796875</ele>
        <time>2025-06-05T11:01:29.000Z</time>
        <extensions>
          <ns3:TrackPointExtension>
            <ns3:atemp>29.0</ns3:atemp>
            <ns3:hr>123</ns3:hr>
            <ns3:cad>71</ns3:cad>
          </ns3:TrackPointExtension>
        </extensions>
      </trkpt>
      <trkpt lat="22.5930181704461574554443359375" lon="114.30021495558321475982666015625">
        <ele>3.7999999523162841796875</ele>
        <time>2025-06-05T11:01:30.000Z</time>
        <extensions>
          <ns3:TrackPointExtension>
            <ns3:atemp>29.0</ns3:atemp>
            <ns3:hr>123</ns3:hr>
            <ns3:cad>71</ns3:cad>
          </ns3:TrackPointExtension>
        </extensions>
      </trkpt>
      <trkpt lat="22.5929900072515010833740234375" lon="114.3001630716025829315185546875">
        <ele>4.19999980926513671875</ele>
        <time>2025-06-05T11:01:31.000Z</time>
        <extensions>
          <ns3:TrackPointExtension>
            <ns3:atemp>29.0</ns3:atemp>
            <ns3:hr>123</ns3:hr>
            <ns3:cad>71</ns3:cad>
          </ns3:TrackPointExtension>
        </extensions>
      </trkpt>
      <trkpt lat="22.59295505471527576446533203125" lon="114.3001203238964080810546875">
        <ele>4.400000095367431640625</ele>
        <time>2025-06-05T11:01:32.000Z</time>
        <extensions>
          <ns3:TrackPointExtension>
            <ns3:atemp>29.0</ns3:atemp>
            <ns3:hr>123</ns3:hr>
            <ns3:cad>71</ns3:cad>
          </ns3:TrackPointExtension>
        </extensions>
      </trkpt>
      <trkpt lat="22.59291431866586208343505859375" lon="114.30008947849273681640625">
        <ele>4.80000019073486328125</ele>
        <time>2025-06-05T11:01:33.000Z</time>
        <extensions>
          <ns3:TrackPointExtension>
            <ns3:atemp>29.0</ns3:atemp>
            <ns3:hr>122</ns3:hr>
            <ns3:cad>69</ns3:cad>
          </ns3:TrackPointExtension>
        </extensions>
      </trkpt>
      <trkpt lat="22.59287240915000438690185546875" lon="114.30005989037454128265380859375">
        <ele>5</ele>
        <time>2025-06-05T11:01:34.000Z</time>
        <extensions>
          <ns3:TrackPointExtension>
            <ns3:atemp>29.0</ns3:atemp>
            <ns3:hr>120</ns3:hr>
            <ns3:cad>73</ns3:cad>
          </ns3:TrackPointExtension>
        </extensions>
      </trkpt>
      <trkpt lat="22.59283519349992275238037109375" lon="114.3000215850770473480224609375">
        <ele>5.19999980926513671875</ele>
        <time>2025-06-05T11:01:35.000Z</time>
        <extensions>
          <ns3:TrackPointExtension>
            <ns3:atemp>29.0</ns3:atemp>
            <ns3:hr>119</ns3:hr>
            <ns3:cad>54</ns3:cad>
          </ns3:TrackPointExtension>
        </extensions>
      </trkpt>
      <trkpt lat="22.5927978940308094024658203125" lon="114.2999803461134433746337890625">
        <ele>5.400000095367431640625</ele>
        <time>2025-06-05T11:01:36.000Z</time>
        <extensions>
          <ns3:TrackPointExtension>
            <ns3:atemp>29.0</ns3:atemp>
            <ns3:hr>118</ns3:hr>
            <ns3:cad>77</ns3:cad>
          </ns3:TrackPointExtension>
        </extensions>
      </trkpt>
      <trkpt lat="22.59275950491428375244140625" lon="114.2999340780079364776611328125">
        <ele>5.400000095367431640625</ele>
        <time>2025-06-05T11:01:37.000Z</time>
        <extensions>
          <ns3:TrackPointExtension>
            <ns3:atemp>29.0</ns3:atemp>
            <ns3:hr>118</ns3:hr>
            <ns3:cad>79</ns3:cad>
          </ns3:TrackPointExtension>
        </extensions>
      </trkpt>
      <trkpt lat="22.5927268154919147491455078125" lon="114.29989208467304706573486328125">
        <ele>5.19999980926513671875</ele>
        <time>2025-06-05T11:01:38.000Z</time>
        <extensions>
          <ns3:TrackPointExtension>
            <ns3:atemp>29.0</ns3:atemp>
            <ns3:hr>118</ns3:hr>
            <ns3:cad>75</ns3:cad>
          </ns3:TrackPointExtension>
        </extensions>
      </trkpt>
      <trkpt lat="22.5926926173269748687744140625" lon="114.29984950460493564605712890625">
        <ele>5.19999980926513671875</ele>
        <time>2025-06-05T11:01:39.000Z</time>
        <extensions>
          <ns3:TrackPointExtension>
            <ns3:atemp>29.0</ns3:atemp>
            <ns3:hr>118</ns3:hr>
            <ns3:cad>76</ns3:cad>
          </ns3:TrackPointExtension>
        </extensions>
      </trkpt>
      <trkpt lat="22.59266051463782787322998046875" lon="114.299805164337158203125">
        <ele>5.19999980926513671875</ele>
        <time>2025-06-05T11:01:40.000Z</time>
        <extensions>
          <ns3:TrackPointExtension>
            <ns3:atemp>29.0</ns3:atemp>
            <ns3:hr>117</ns3:hr>
            <ns3:cad>76</ns3:cad>
          </ns3:TrackPointExtension>
        </extensions>
      </trkpt>
      <trkpt lat="22.59262413717806339263916015625" lon="114.29976467974483966827392578125">
        <ele>5</ele>
        <time>2025-06-05T11:01:41.000Z</time>
        <extensions>
          <ns3:TrackPointExtension>
            <ns3:atemp>29.0</ns3:atemp>
            <ns3:hr>117</ns3:hr>
            <ns3:cad>77</ns3:cad>
          </ns3:TrackPointExtension>
        </extensions>
      </trkpt>
      <trkpt lat="22.59258273057639598846435546875" lon="114.2997282184660434722900390625">
        <ele>5</ele>
        <time>2025-06-05T11:01:42.000Z</time>
        <extensions>
          <ns3:TrackPointExtension>
            <ns3:atemp>29.0</ns3:atemp>
            <ns3:hr>118</ns3:hr>
            <ns3:cad>77</ns3:cad>
          </ns3:TrackPointExtension>
        </extensions>
      </trkpt>
      <trkpt lat="22.59253897704184055328369140625" lon="114.299693517386913299560546875">
        <ele>5</ele>
        <time>2025-06-05T11:01:43.000Z</time>
        <extensions>
          <ns3:TrackPointExtension>
            <ns3:atemp>29.0</ns3:atemp>
            <ns3:hr>118</ns3:hr>
            <ns3:cad>81</ns3:cad>
          </ns3:TrackPointExtension>
        </extensions>
      </trkpt>
      <trkpt lat="22.592493630945682525634765625" lon="114.29965454153716564178466796875">
        <ele>5</ele>
        <time>2025-06-05T11:01:44.000Z</time>
        <extensions>
          <ns3:TrackPointExtension>
            <ns3:atemp>29.0</ns3:atemp>
            <ns3:hr>120</ns3:hr>
            <ns3:cad>78</ns3:cad>
          </ns3:TrackPointExtension>
        </extensions>
      </trkpt>
      <trkpt lat="22.5924518890678882598876953125" lon="114.29961095564067363739013671875">
        <ele>5</ele>
        <time>2025-06-05T11:01:45.000Z</time>
        <extensions>
          <ns3:TrackPointExtension>
            <ns3:atemp>29.0</ns3:atemp>
            <ns3:hr>122</ns3:hr>
            <ns3:cad>77</ns3:cad>
          </ns3:TrackPointExtension>
        </extensions>
      </trkpt>
      <trkpt lat="22.592405788600444793701171875" lon="114.29957055486738681793212890625">
        <ele>5</ele>
        <time>2025-06-05T11:01:46.000Z</time>
        <extensions>
          <ns3:TrackPointExtension>
            <ns3:atemp>29.0</ns3:atemp>
            <ns3:hr>124</ns3:hr>
            <ns3:cad>74</ns3:cad>
          </ns3:TrackPointExtension>
        </extensions>
      </trkpt>
      <trkpt lat="22.59235843084752559661865234375" lon="114.29953250102698802947998046875">
        <ele>5</ele>
        <time>2025-06-05T11:01:47.000Z</time>
        <extensions>
          <ns3:TrackPointExtension>
            <ns3:atemp>29.0</ns3:atemp>
            <ns3:hr>124</ns3:hr>
            <ns3:cad>74</ns3:cad>
          </ns3:TrackPointExtension>
        </extensions>
      </trkpt>
      <trkpt lat="22.59230663068592548370361328125" lon="114.29949293844401836395263671875">
        <ele>5</ele>
        <time>2025-06-05T11:01:48.000Z</time>
        <extensions>
          <ns3:TrackPointExtension>
            <ns3:atemp>29.0</ns3:atemp>
            <ns3:hr>125</ns3:hr>
            <ns3:cad>75</ns3:cad>
          </ns3:TrackPointExtension>
        </extensions>
      </trkpt>
      <trkpt lat="22.59226220659911632537841796875" lon="114.299452789127826690673828125">
        <ele>5</ele>
        <time>2025-06-05T11:01:49.000Z</time>
        <extensions>
          <ns3:TrackPointExtension>
            <ns3:atemp>29.0</ns3:atemp>
            <ns3:hr>126</ns3:hr>
            <ns3:cad>79</ns3:cad>
          </ns3:TrackPointExtension>
        </extensions>
      </trkpt>
      <trkpt lat="22.59220428764820098876953125" lon="114.2994144000113010406494140625">
        <ele>5</ele>
        <time>2025-06-05T11:01:50.000Z</time>
        <extensions>
          <ns3:TrackPointExtension>
            <ns3:atemp>29.0</ns3:atemp>
            <ns3:hr>126</ns3:hr>
            <ns3:cad>79</ns3:cad>
          </ns3:TrackPointExtension>
        </extensions>
      </trkpt>
      <trkpt lat="22.59215022437274456024169921875" lon="114.2993812076747417449951171875">
        <ele>5</ele>
        <time>2025-06-05T11:01:51.000Z</time>
        <extensions>
          <ns3:TrackPointExtension>
            <ns3:atemp>29.0</ns3:atemp>
            <ns3:hr>126</ns3:hr>
            <ns3:cad>80</ns3:cad>
          </ns3:TrackPointExtension>
        </extensions>
      </trkpt>
      <trkpt lat="22.5920949876308441162109375" lon="114.299357235431671142578125">
        <ele>5</ele>
        <time>2025-06-05T11:01:52.000Z</time>
        <extensions>
          <ns3:TrackPointExtension>
            <ns3:atemp>29.0</ns3:atemp>
            <ns3:hr>126</ns3:hr>
            <ns3:cad>80</ns3:cad>
          </ns3:TrackPointExtension>
        </extensions>
      </trkpt>
      <trkpt lat="22.59203857742249965667724609375" lon="114.29932697676122188568115234375">
        <ele>5.19999980926513671875</ele>
        <time>2025-06-05T11:01:53.000Z</time>
        <extensions>
          <ns3:TrackPointExtension>
            <ns3:atemp>29.0</ns3:atemp>
            <ns3:hr>126</ns3:hr>
            <ns3:cad>80</ns3:cad>
          </ns3:TrackPointExtension>
        </extensions>
      </trkpt>
      <trkpt lat="22.59198258630931377410888671875" lon="114.29929998703300952911376953125">
        <ele>5.19999980926513671875</ele>
        <time>2025-06-05T11:01:54.000Z</time>
        <extensions>
          <ns3:TrackPointExtension>
            <ns3:atemp>29.0</ns3:atemp>
            <ns3:hr>126</ns3:hr>
            <ns3:cad>80</ns3:cad>
          </ns3:TrackPointExtension>
        </extensions>
      </trkpt>
      <trkpt lat="22.59192860685288906097412109375" lon="114.29927031509578227996826171875">
        <ele>5.19999980926513671875</ele>
        <time>2025-06-05T11:01:55.000Z</time>
        <extensions>
          <ns3:TrackPointExtension>
            <ns3:atemp>29.0</ns3:atemp>
            <ns3:hr>127</ns3:hr>
            <ns3:cad>80</ns3:cad>
          </ns3:TrackPointExtension>
        </extensions>
      </trkpt>
      <trkpt lat="22.59187781251966953277587890625" lon="114.29923946969211101531982421875">
        <ele>5.19999980926513671875</ele>
        <time>2025-06-05T11:01:56.000Z</time>
        <extensions>
          <ns3:TrackPointExtension>
            <ns3:atemp>29.0</ns3:atemp>
            <ns3:hr>127</ns3:hr>
            <ns3:cad>0</ns3:cad>
          </ns3:TrackPointExtension>
        </extensions>
      </trkpt>
      <trkpt lat="22.5918286107480525970458984375" lon="114.299204684793949127197265625">
        <ele>5.19999980926513671875</ele>
        <time>2025-06-05T11:01:57.000Z</time>
        <extensions>
          <ns3:TrackPointExtension>
            <ns3:atemp>29.0</ns3:atemp>
            <ns3:hr>127</ns3:hr>
            <ns3:cad>0</ns3:cad>
          </ns3:TrackPointExtension>
        </extensions>
      </trkpt>
      <trkpt lat="22.591777481138706207275390625" lon="114.29917509667575359344482421875">
        <ele>5.19999980926513671875</ele>
        <time>2025-06-05T11:01:58.000Z</time>
        <extensions>
          <ns3:TrackPointExtension>
            <ns3:atemp>29.0</ns3:atemp>
            <ns3:hr>127</ns3:hr>
            <ns3:cad>75</ns3:cad>
          </ns3:TrackPointExtension>
        </extensions>
      </trkpt>
      <trkpt lat="22.591723501682281494140625" lon="114.2991545610129833221435546875">
        <ele>5.19999980926513671875</ele>
        <time>2025-06-05T11:01:59.000Z</time>
        <extensions>
          <ns3:TrackPointExtension>
            <ns3:atemp>29.0</ns3:atemp>
            <ns3:hr>126</ns3:hr>
            <ns3:cad>77</ns3:cad>
          </ns3:TrackPointExtension>
        </extensions>
      </trkpt>
      <trkpt lat="22.59166424162685871124267578125" lon="114.29913922213017940521240234375">
        <ele>5.400000095367431640625</ele>
        <time>2025-06-05T11:02:00.000Z</time>
        <extensions>
          <ns3:TrackPointExtension>
            <ns3:atemp>29.0</ns3:atemp>
            <ns3:hr>127</ns3:hr>
            <ns3:cad>77</ns3:cad>
          </ns3:TrackPointExtension>
        </extensions>
      </trkpt>
      <trkpt lat="22.59160892106592655181884765625" lon="114.299126230180263519287109375">
        <ele>5.400000095367431640625</ele>
        <time>2025-06-05T11:02:01.000Z</time>
        <extensions>
          <ns3:TrackPointExtension>
            <ns3:atemp>29.0</ns3:atemp>
            <ns3:hr>126</ns3:hr>
            <ns3:cad>76</ns3:cad>
          </ns3:TrackPointExtension>
        </extensions>
      </trkpt>
      <trkpt lat="22.59155443869531154632568359375" lon="114.29911659099161624908447265625">
        <ele>5.400000095367431640625</ele>
        <time>2025-06-05T11:02:02.000Z</time>
        <extensions>
          <ns3:TrackPointExtension>
            <ns3:atemp>29.0</ns3:atemp>
            <ns3:hr>125</ns3:hr>
            <ns3:cad>78</ns3:cad>
          </ns3:TrackPointExtension>
        </extensions>
      </trkpt>
      <trkpt lat="22.59149576537311077117919921875" lon="114.2991072870790958404541015625">
        <ele>5.400000095367431640625</ele>
        <time>2025-06-05T11:02:03.000Z</time>
        <extensions>
          <ns3:TrackPointExtension>
            <ns3:atemp>29.0</ns3:atemp>
            <ns3:hr>126</ns3:hr>
            <ns3:cad>79</ns3:cad>
          </ns3:TrackPointExtension>
        </extensions>
      </trkpt>
      <trkpt lat="22.59143340401351451873779296875" lon="114.299100749194622039794921875">
        <ele>5.19999980926513671875</ele>
        <time>2025-06-05T11:02:04.000Z</time>
        <extensions>
          <ns3:TrackPointExtension>
            <ns3:atemp>29.0</ns3:atemp>
            <ns3:hr>124</ns3:hr>
            <ns3:cad>77</ns3:cad>
          </ns3:TrackPointExtension>
        </extensions>
      </trkpt>
      <trkpt lat="22.59137238375842571258544921875" lon="114.2990901879966259002685546875">
        <ele>5.19999980926513671875</ele>
        <time>2025-06-05T11:02:05.000Z</time>
        <extensions>
          <ns3:TrackPointExtension>
            <ns3:atemp>29.0</ns3:atemp>
            <ns3:hr>120</ns3:hr>
            <ns3:cad>80</ns3:cad>
          </ns3:TrackPointExtension>
        </extensions>
      </trkpt>
      <trkpt lat="22.59130700491368770599365234375" lon="114.2990814708173274993896484375">
        <ele>5.19999980926513671875</ele>
        <time>2025-06-05T11:02:06.000Z</time>
        <extensions>
          <ns3:TrackPointExtension>
            <ns3:atemp>29.0</ns3:atemp>
            <ns3:hr>121</ns3:hr>
            <ns3:cad>80</ns3:cad>
          </ns3:TrackPointExtension>
        </extensions>
      </trkpt>
      <trkpt lat="22.59124271571636199951171875" lon="114.299075938761234283447265625">
        <ele>5</ele>
        <time>2025-06-05T11:02:07.000Z</time>
        <extensions>
          <ns3:TrackPointExtension>
            <ns3:atemp>29.0</ns3:atemp>
            <ns3:hr>123</ns3:hr>
            <ns3:cad>81</ns3:cad>
          </ns3:TrackPointExtension>
        </extensions>
      </trkpt>
      <trkpt lat="22.5911758281290531158447265625" lon="114.29907266981899738311767578125">
        <ele>4.80000019073486328125</ele>
        <time>2025-06-05T11:02:08.000Z</time>
        <extensions>
          <ns3:TrackPointExtension>
            <ns3:atemp>29.0</ns3:atemp>
            <ns3:hr>125</ns3:hr>
            <ns3:cad>81</ns3:cad>
          </ns3:TrackPointExtension>
        </extensions>
      </trkpt>
      <trkpt lat="22.59110919199883937835693359375" lon="114.29906177334487438201904296875">
        <ele>4.80000019073486328125</ele>
        <time>2025-06-05T11:02:09.000Z</time>
        <extensions>
          <ns3:TrackPointExtension>
            <ns3:atemp>29.0</ns3:atemp>
            <ns3:hr>127</ns3:hr>
            <ns3:cad>81</ns3:cad>
          </ns3:TrackPointExtension>
        </extensions>
      </trkpt>
      <trkpt lat="22.5910454057157039642333984375" lon="114.2990506254136562347412109375">
        <ele>4.599999904632568359375</ele>
        <time>2025-06-05T11:02:10.000Z</time>
        <extensions>
          <ns3:TrackPointExtension>
            <ns3:atemp>29.0</ns3:atemp>
            <ns3:hr>129</ns3:hr>
            <ns3:cad>81</ns3:cad>
          </ns3:TrackPointExtension>
        </extensions>
      </trkpt>
      <trkpt lat="22.59097994305193424224853515625" lon="114.29903796873986721038818359375">
        <ele>4.599999904632568359375</ele>
        <time>2025-06-05T11:02:11.000Z</time>
        <extensions>
          <ns3:TrackPointExtension>
            <ns3:atemp>29.0</ns3:atemp>
            <ns3:hr>133</ns3:hr>
            <ns3:cad>81</ns3:cad>
          </ns3:TrackPointExtension>
        </extensions>
      </trkpt>
      <trkpt lat="22.5909119658172130584716796875" lon="114.29903444834053516387939453125">
        <ele>4.599999904632568359375</ele>
        <time>2025-06-05T11:02:12.000Z</time>
        <extensions>
          <ns3:TrackPointExtension>
            <ns3:atemp>29.0</ns3:atemp>
            <ns3:hr>133</ns3:hr>
            <ns3:cad>0</ns3:cad>
          </ns3:TrackPointExtension>
        </extensions>
      </trkpt>
      <trkpt lat="22.5908449105918407440185546875" lon="114.29903193376958370208740234375">
        <ele>4.599999904632568359375</ele>
        <time>2025-06-05T11:02:13.000Z</time>
        <extensions>
          <ns3:TrackPointExtension>
            <ns3:atemp>29.0</ns3:atemp>
            <ns3:hr>134</ns3:hr>
            <ns3:cad>0</ns3:cad>
          </ns3:TrackPointExtension>
        </extensions>
      </trkpt>
      <trkpt lat="22.59077894501388072967529296875" lon="114.29903210140764713287353515625">
        <ele>4.599999904632568359375</ele>
        <time>2025-06-05T11:02:14.000Z</time>
        <extensions>
          <ns3:TrackPointExtension>
            <ns3:atemp>29.0</ns3:atemp>
            <ns3:hr>134</ns3:hr>
            <ns3:cad>0</ns3:cad>
          </ns3:TrackPointExtension>
        </extensions>
      </trkpt>
      <trkpt lat="22.5907198525965213775634765625" lon="114.29902799427509307861328125">
        <ele>4.80000019073486328125</ele>
        <time>2025-06-05T11:02:15.000Z</time>
        <extensions>
          <ns3:TrackPointExtension>
            <ns3:atemp>29.0</ns3:atemp>
            <ns3:hr>134</ns3:hr>
            <ns3:cad>0</ns3:cad>
          </ns3:TrackPointExtension>
        </extensions>
      </trkpt>
      <trkpt lat="22.5906631909310817718505859375" lon="114.29902732372283935546875">
        <ele>4.80000019073486328125</ele>
        <time>2025-06-05T11:02:16.000Z</time>
        <extensions>
          <ns3:TrackPointExtension>
            <ns3:atemp>29.0</ns3:atemp>
            <ns3:hr>134</ns3:hr>
            <ns3:cad>0</ns3:cad>
          </ns3:TrackPointExtension>
        </extensions>
      </trkpt>
      <trkpt lat="22.59060837328433990478515625" lon="114.29903025738894939422607421875">
        <ele>5</ele>
        <time>2025-06-05T11:02:17.000Z</time>
        <extensions>
          <ns3:TrackPointExtension>
            <ns3:atemp>29.0</ns3:atemp>
            <ns3:hr>134</ns3:hr>
            <ns3:cad>0</ns3:cad>
          </ns3:TrackPointExtension>
        </extensions>
      </trkpt>
      <trkpt lat="22.59055129252374172210693359375" lon="114.29904081858694553375244140625">
        <ele>5.19999980926513671875</ele>
        <time>2025-06-05T11:02:18.000Z</time>
        <extensions>
          <ns3:TrackPointExtension>
            <ns3:atemp>29.0</ns3:atemp>
            <ns3:hr>133</ns3:hr>
            <ns3:cad>0</ns3:cad>
          </ns3:TrackPointExtension>
        </extensions>
      </trkpt>
      <trkpt lat="22.59048993699252605438232421875" lon="114.29904953576624393463134765625">
        <ele>5.19999980926513671875</ele>
        <time>2025-06-05T11:02:19.000Z</time>
        <extensions>
          <ns3:TrackPointExtension>
            <ns3:atemp>29.0</ns3:atemp>
            <ns3:hr>133</ns3:hr>
            <ns3:cad>0</ns3:cad>
          </ns3:TrackPointExtension>
        </extensions>
      </trkpt>
      <trkpt lat="22.59043042548000812530517578125" lon="114.2990576662123203277587890625">
        <ele>5.19999980926513671875</ele>
        <time>2025-06-05T11:02:20.000Z</time>
        <extensions>
          <ns3:TrackPointExtension>
            <ns3:atemp>29.0</ns3:atemp>
            <ns3:hr>133</ns3:hr>
            <ns3:cad>76</ns3:cad>
          </ns3:TrackPointExtension>
        </extensions>
      </trkpt>
      <trkpt lat="22.59037175215780735015869140625" lon="114.299072585999965667724609375">
        <ele>5.19999980926513671875</ele>
        <time>2025-06-05T11:02:21.000Z</time>
        <extensions>
          <ns3:TrackPointExtension>
            <ns3:atemp>29.0</ns3:atemp>
            <ns3:hr>133</ns3:hr>
            <ns3:cad>76</ns3:cad>
          </ns3:TrackPointExtension>
        </extensions>
      </trkpt>
      <trkpt lat="22.5903104804456233978271484375" lon="114.2990814708173274993896484375">
        <ele>5.400000095367431640625</ele>
        <time>2025-06-05T11:02:22.000Z</time>
        <extensions>
          <ns3:TrackPointExtension>
            <ns3:atemp>29.0</ns3:atemp>
            <ns3:hr>133</ns3:hr>
            <ns3:cad>77</ns3:cad>
          </ns3:TrackPointExtension>
        </extensions>
      </trkpt>
      <trkpt lat="22.59024501778185367584228515625" lon="114.29908976890146732330322265625">
        <ele>5.400000095367431640625</ele>
        <time>2025-06-05T11:02:23.000Z</time>
        <extensions>
          <ns3:TrackPointExtension>
            <ns3:atemp>29.0</ns3:atemp>
            <ns3:hr>133</ns3:hr>
            <ns3:cad>78</ns3:cad>
          </ns3:TrackPointExtension>
        </extensions>
      </trkpt>
      <trkpt lat="22.5901830755174160003662109375" lon="114.2991089634597301483154296875">
        <ele>5.599999904632568359375</ele>
        <time>2025-06-05T11:02:24.000Z</time>
        <extensions>
          <ns3:TrackPointExtension>
            <ns3:atemp>29.0</ns3:atemp>
            <ns3:hr>134</ns3:hr>
            <ns3:cad>79</ns3:cad>
          </ns3:TrackPointExtension>
        </extensions>
      </trkpt>
      <trkpt lat="22.590135298669338226318359375" lon="114.29914659820497035980224609375">
        <ele>6</ele>
        <time>2025-06-05T11:02:25.000Z</time>
        <extensions>
          <ns3:TrackPointExtension>
            <ns3:atemp>29.0</ns3:atemp>
            <ns3:hr>134</ns3:hr>
            <ns3:cad>52</ns3:cad>
          </ns3:TrackPointExtension>
        </extensions>
      </trkpt>
      <trkpt lat="22.59008609689772129058837890625" lon="114.29918163456022739410400390625">
        <ele>6</ele>
        <time>2025-06-05T11:02:26.000Z</time>
        <extensions>
          <ns3:TrackPointExtension>
            <ns3:atemp>29.0</ns3:atemp>
            <ns3:hr>134</ns3:hr>
            <ns3:cad>58</ns3:cad>
          </ns3:TrackPointExtension>
        </extensions>
      </trkpt>
      <trkpt lat="22.59003312326967716217041015625" lon="114.29920292459428310394287109375">
        <ele>6.19999980926513671875</ele>
        <time>2025-06-05T11:02:27.000Z</time>
        <extensions>
          <ns3:TrackPointExtension>
            <ns3:atemp>29.0</ns3:atemp>
            <ns3:hr>133</ns3:hr>
            <ns3:cad>50</ns3:cad>
          </ns3:TrackPointExtension>
        </extensions>
      </trkpt>
      <trkpt lat="22.58997939527034759521484375" lon="114.29920694790780544281005859375">
        <ele>6.400000095367431640625</ele>
        <time>2025-06-05T11:02:28.000Z</time>
        <extensions>
          <ns3:TrackPointExtension>
            <ns3:atemp>29.0</ns3:atemp>
            <ns3:hr>128</ns3:hr>
            <ns3:cad>50</ns3:cad>
          </ns3:TrackPointExtension>
        </extensions>
      </trkpt>
      <trkpt lat="22.58993254043161869049072265625" lon="114.29918582551181316375732421875">
        <ele>6.400000095367431640625</ele>
        <time>2025-06-05T11:02:29.000Z</time>
        <extensions>
          <ns3:TrackPointExtension>
            <ns3:atemp>29.0</ns3:atemp>
            <ns3:hr>126</ns3:hr>
            <ns3:cad>50</ns3:cad>
          </ns3:TrackPointExtension>
        </extensions>
      </trkpt>
      <trkpt lat="22.58988928981125354766845703125" lon="114.29915271699428558349609375">
        <ele>6.400000095367431640625</ele>
        <time>2025-06-05T11:02:30.000Z</time>
        <extensions>
          <ns3:TrackPointExtension>
            <ns3:atemp>29.0</ns3:atemp>
            <ns3:hr>124</ns3:hr>
            <ns3:cad>50</ns3:cad>
          </ns3:TrackPointExtension>
        </extensions>
      </trkpt>
      <trkpt lat="22.589845955371856689453125" lon="114.29912949912250041961669921875">
        <ele>6.599999904632568359375</ele>
        <time>2025-06-05T11:02:31.000Z</time>
        <extensions>
          <ns3:TrackPointExtension>
            <ns3:atemp>29.0</ns3:atemp>
            <ns3:hr>123</ns3:hr>
            <ns3:cad>0</ns3:cad>
          </ns3:TrackPointExtension>
        </extensions>
      </trkpt>
      <trkpt lat="22.5897968374192714691162109375" lon="114.2991183511912822723388671875">
        <ele>6.80000019073486328125</ele>
        <time>2025-06-05T11:02:32.000Z</time>
        <extensions>
          <ns3:TrackPointExtension>
            <ns3:atemp>29.0</ns3:atemp>
            <ns3:hr>123</ns3:hr>
            <ns3:cad>69</ns3:cad>
          </ns3:TrackPointExtension>
        </extensions>
      </trkpt>
      <trkpt lat="22.5897400081157684326171875" lon="114.29911089129745960235595703125">
        <ele>7</ele>
        <time>2025-06-05T11:02:33.000Z</time>
        <extensions>
          <ns3:TrackPointExtension>
            <ns3:atemp>29.0</ns3:atemp>
            <ns3:hr>122</ns3:hr>
            <ns3:cad>69</ns3:cad>
          </ns3:TrackPointExtension>
        </extensions>
      </trkpt>
      <trkpt lat="22.5896875374019145965576171875" lon="114.29910586215555667877197265625">
        <ele>7</ele>
        <time>2025-06-05T11:02:34.000Z</time>
        <extensions>
          <ns3:TrackPointExtension>
            <ns3:atemp>29.0</ns3:atemp>
            <ns3:hr>122</ns3:hr>
            <ns3:cad>79</ns3:cad>
          </ns3:TrackPointExtension>
        </extensions>
      </trkpt>
      <trkpt lat="22.589635066688060760498046875" lon="114.29910502396523952484130859375">
        <ele>7.19999980926513671875</ele>
        <time>2025-06-05T11:02:35.000Z</time>
        <extensions>
          <ns3:TrackPointExtension>
            <ns3:atemp>29.0</ns3:atemp>
            <ns3:hr>123</ns3:hr>
            <ns3:cad>82</ns3:cad>
          </ns3:TrackPointExtension>
        </extensions>
      </trkpt>
      <trkpt lat="22.58957915939390659332275390625" lon="114.2991052754223346710205078125">
        <ele>7.400000095367431640625</ele>
        <time>2025-06-05T11:02:36.000Z</time>
        <extensions>
          <ns3:TrackPointExtension>
            <ns3:atemp>29.0</ns3:atemp>
            <ns3:hr>122</ns3:hr>
            <ns3:cad>83</ns3:cad>
          </ns3:TrackPointExtension>
        </extensions>
      </trkpt>
      <trkpt lat="22.589529454708099365234375" lon="114.29910854436457157135009765625">
        <ele>7.400000095367431640625</ele>
        <time>2025-06-05T11:02:37.000Z</time>
        <extensions>
          <ns3:TrackPointExtension>
            <ns3:atemp>29.0</ns3:atemp>
            <ns3:hr>122</ns3:hr>
            <ns3:cad>82</ns3:cad>
          </ns3:TrackPointExtension>
        </extensions>
      </trkpt>
      <trkpt lat="22.5894729606807231903076171875" lon="114.299110136926174163818359375">
        <ele>7.599999904632568359375</ele>
        <time>2025-06-05T11:02:38.000Z</time>
        <extensions>
          <ns3:TrackPointExtension>
            <ns3:atemp>29.0</ns3:atemp>
            <ns3:hr>123</ns3:hr>
            <ns3:cad>84</ns3:cad>
          </ns3:TrackPointExtension>
        </extensions>
      </trkpt>
      <trkpt lat="22.58941747248172760009765625" lon="114.29911223240196704864501953125">
        <ele>7.599999904632568359375</ele>
        <time>2025-06-05T11:02:39.000Z</time>
        <extensions>
          <ns3:TrackPointExtension>
            <ns3:atemp>29.0</ns3:atemp>
            <ns3:hr>123</ns3:hr>
            <ns3:cad>83</ns3:cad>
          </ns3:TrackPointExtension>
        </extensions>
      </trkpt>
      <trkpt lat="22.5893613137304782867431640625" lon="114.2991183511912822723388671875">
        <ele>7.599999904632568359375</ele>
        <time>2025-06-05T11:02:40.000Z</time>
        <extensions>
          <ns3:TrackPointExtension>
            <ns3:atemp>29.0</ns3:atemp>
            <ns3:hr>123</ns3:hr>
            <ns3:cad>89</ns3:cad>
          </ns3:TrackPointExtension>
        </extensions>
      </trkpt>
      <trkpt lat="22.5893113575875759124755859375" lon="114.2991317622363567352294921875">
        <ele>7.80000019073486328125</ele>
        <time>2025-06-05T11:02:41.000Z</time>
        <extensions>
          <ns3:TrackPointExtension>
            <ns3:atemp>29.0</ns3:atemp>
            <ns3:hr>125</ns3:hr>
            <ns3:cad>84</ns3:cad>
          </ns3:TrackPointExtension>
        </extensions>
      </trkpt>
      <trkpt lat="22.58926592767238616943359375" lon="114.2991515435278415679931640625">
        <ele>7.80000019073486328125</ele>
        <time>2025-06-05T11:02:42.000Z</time>
        <extensions>
          <ns3:TrackPointExtension>
            <ns3:atemp>29.0</ns3:atemp>
            <ns3:hr>128</ns3:hr>
            <ns3:cad>79</ns3:cad>
          </ns3:TrackPointExtension>
        </extensions>
      </trkpt>
      <trkpt lat="22.589217983186244964599609375" lon="114.29918230511248111724853515625">
        <ele>8.19999980926513671875</ele>
        <time>2025-06-05T11:02:43.000Z</time>
        <extensions>
          <ns3:TrackPointExtension>
            <ns3:atemp>29.0</ns3:atemp>
            <ns3:hr>129</ns3:hr>
            <ns3:cad>82</ns3:cad>
          </ns3:TrackPointExtension>
        </extensions>
      </trkpt>
      <trkpt lat="22.5891749002039432525634765625" lon="114.29922111332416534423828125">
        <ele>8.6000003814697265625</ele>
        <time>2025-06-05T11:02:44.000Z</time>
        <extensions>
          <ns3:TrackPointExtension>
            <ns3:atemp>29.0</ns3:atemp>
            <ns3:hr>129</ns3:hr>
            <ns3:cad>84</ns3:cad>
          </ns3:TrackPointExtension>
        </extensions>
      </trkpt>
      <trkpt lat="22.5891346670687198638916015625" lon="114.2992611788213253021240234375">
        <ele>9</ele>
        <time>2025-06-05T11:02:45.000Z</time>
        <extensions>
          <ns3:TrackPointExtension>
            <ns3:atemp>29.0</ns3:atemp>
            <ns3:hr>130</ns3:hr>
            <ns3:cad>86</ns3:cad>
          </ns3:TrackPointExtension>
        </extensions>
      </trkpt>
      <trkpt lat="22.5890930928289890289306640625" lon="114.29930350743234157562255859375">
        <ele>9.19999980926513671875</ele>
        <time>2025-06-05T11:02:46.000Z</time>
        <extensions>
          <ns3:TrackPointExtension>
            <ns3:atemp>29.0</ns3:atemp>
            <ns3:hr>130</ns3:hr>
            <ns3:cad>89</ns3:cad>
          </ns3:TrackPointExtension>
        </extensions>
      </trkpt>
      <trkpt lat="22.58905545808374881744384765625" lon="114.29934944026172161102294921875">
        <ele>9.80000019073486328125</ele>
        <time>2025-06-05T11:02:47.000Z</time>
        <extensions>
          <ns3:TrackPointExtension>
            <ns3:atemp>29.0</ns3:atemp>
            <ns3:hr>130</ns3:hr>
            <ns3:cad>86</ns3:cad>
          </ns3:TrackPointExtension>
        </extensions>
      </trkpt>
      <trkpt lat="22.5890173204243183135986328125" lon="114.299397133290767669677734375">
        <ele>10.19999980926513671875</ele>
        <time>2025-06-05T11:02:48.000Z</time>
        <extensions>
          <ns3:TrackPointExtension>
            <ns3:atemp>29.0</ns3:atemp>
            <ns3:hr>131</ns3:hr>
            <ns3:cad>82</ns3:cad>
          </ns3:TrackPointExtension>
        </extensions>
      </trkpt>
      <trkpt lat="22.58898873813450336456298828125" lon="114.29944046773016452789306640625">
        <ele>10.80000019073486328125</ele>
        <time>2025-06-05T11:02:49.000Z</time>
        <extensions>
          <ns3:TrackPointExtension>
            <ns3:atemp>29.0</ns3:atemp>
            <ns3:hr>132</ns3:hr>
            <ns3:cad>80</ns3:cad>
          </ns3:TrackPointExtension>
        </extensions>
      </trkpt>
      <trkpt lat="22.58896308951079845428466796875" lon="114.29948405362665653228759765625">
        <ele>11.6000003814697265625</ele>
        <time>2025-06-05T11:02:50.000Z</time>
        <extensions>
          <ns3:TrackPointExtension>
            <ns3:atemp>29.0</ns3:atemp>
            <ns3:hr>132</ns3:hr>
            <ns3:cad>75</ns3:cad>
          </ns3:TrackPointExtension>
        </extensions>
      </trkpt>
      <trkpt lat="22.58893869817256927490234375" lon="114.2995216883718967437744140625">
        <ele>12</ele>
        <time>2025-06-05T11:02:51.000Z</time>
        <extensions>
          <ns3:TrackPointExtension>
            <ns3:atemp>29.0</ns3:atemp>
            <ns3:hr>133</ns3:hr>
            <ns3:cad>75</ns3:cad>
          </ns3:TrackPointExtension>
        </extensions>
      </trkpt>
      <trkpt lat="22.58891648612916469573974609375" lon="114.29955865256488323211669921875">
        <ele>12.6000003814697265625</ele>
        <time>2025-06-05T11:02:52.000Z</time>
        <extensions>
          <ns3:TrackPointExtension>
            <ns3:atemp>28.0</ns3:atemp>
            <ns3:hr>134</ns3:hr>
            <ns3:cad>71</ns3:cad>
          </ns3:TrackPointExtension>
        </extensions>
      </trkpt>
      <trkpt lat="22.58889452554285526275634765625" lon="114.29959150962531566619873046875">
        <ele>13.19999980926513671875</ele>
        <time>2025-06-05T11:02:53.000Z</time>
        <extensions>
          <ns3:TrackPointExtension>
            <ns3:atemp>29.0</ns3:atemp>
            <ns3:hr>134</ns3:hr>
            <ns3:cad>71</ns3:cad>
          </ns3:TrackPointExtension>
        </extensions>
      </trkpt>
      <trkpt lat="22.58886753581464290618896484375" lon="114.29962067864835262298583984375">
        <ele>14</ele>
        <time>2025-06-05T11:02:54.000Z</time>
        <extensions>
          <ns3:TrackPointExtension>
            <ns3:atemp>28.0</ns3:atemp>
            <ns3:hr>135</ns3:hr>
            <ns3:cad>68</ns3:cad>
          </ns3:TrackPointExtension>
        </extensions>
      </trkpt>
      <trkpt lat="22.58884540759027004241943359375" lon="114.299646578729152679443359375">
        <ele>14.3999996185302734375</ele>
        <time>2025-06-05T11:02:55.000Z</time>
        <extensions>
          <ns3:TrackPointExtension>
            <ns3:atemp>29.0</ns3:atemp>
            <ns3:hr>135</ns3:hr>
            <ns3:cad>65</ns3:cad>
          </ns3:TrackPointExtension>
        </extensions>
      </trkpt>
      <trkpt lat="22.58882445283234119415283203125" lon="114.29967432282865047454833984375">
        <ele>14.80000019073486328125</ele>
        <time>2025-06-05T11:02:56.000Z</time>
        <extensions>
          <ns3:TrackPointExtension>
            <ns3:atemp>29.0</ns3:atemp>
            <ns3:hr>136</ns3:hr>
            <ns3:cad>64</ns3:cad>
          </ns3:TrackPointExtension>
        </extensions>
      </trkpt>
      <trkpt lat="22.58880450390279293060302734375" lon="114.2996990494430065155029296875">
        <ele>15.3999996185302734375</ele>
        <time>2025-06-05T11:02:57.000Z</time>
        <extensions>
          <ns3:TrackPointExtension>
            <ns3:atemp>28.0</ns3:atemp>
            <ns3:hr>136</ns3:hr>
            <ns3:cad>63</ns3:cad>
          </ns3:TrackPointExtension>
        </extensions>
      </trkpt>
      <trkpt lat="22.588782794773578643798828125" lon="114.29972394369542598724365234375">
        <ele>15.80000019073486328125</ele>
        <time>2025-06-05T11:02:58.000Z</time>
        <extensions>
          <ns3:TrackPointExtension>
            <ns3:atemp>29.0</ns3:atemp>
            <ns3:hr>137</ns3:hr>
            <ns3:cad>63</ns3:cad>
          </ns3:TrackPointExtension>
        </extensions>
      </trkpt>
      <trkpt lat="22.5887594930827617645263671875" lon="114.29974607191979885101318359375">
        <ele>16.200000762939453125</ele>
        <time>2025-06-05T11:02:59.000Z</time>
        <extensions>
          <ns3:TrackPointExtension>
            <ns3:atemp>29.0</ns3:atemp>
            <ns3:hr>137</ns3:hr>
            <ns3:cad>61</ns3:cad>
          </ns3:TrackPointExtension>
        </extensions>
      </trkpt>
      <trkpt lat="22.5887407176196575164794921875" lon="114.29977389983832836151123046875">
        <ele>16.799999237060546875</ele>
        <time>2025-06-05T11:03:00.000Z</time>
        <extensions>
          <ns3:TrackPointExtension>
            <ns3:atemp>29.0</ns3:atemp>
            <ns3:hr>137</ns3:hr>
            <ns3:cad>62</ns3:cad>
          </ns3:TrackPointExtension>
        </extensions>
      </trkpt>
      <trkpt lat="22.58872143924236297607421875" lon="114.29980206303298473358154296875">
        <ele>17.200000762939453125</ele>
        <time>2025-06-05T11:03:01.000Z</time>
        <extensions>
          <ns3:TrackPointExtension>
            <ns3:atemp>29.0</ns3:atemp>
            <ns3:hr>138</ns3:hr>
            <ns3:cad>62</ns3:cad>
          </ns3:TrackPointExtension>
        </extensions>
      </trkpt>
      <trkpt lat="22.58869989775121212005615234375" lon="114.2998227663338184356689453125">
        <ele>17.6000003814697265625</ele>
        <time>2025-06-05T11:03:02.000Z</time>
        <extensions>
          <ns3:TrackPointExtension>
            <ns3:atemp>29.0</ns3:atemp>
            <ns3:hr>138</ns3:hr>
            <ns3:cad>61</ns3:cad>
          </ns3:TrackPointExtension>
        </extensions>
      </trkpt>
      <trkpt lat="22.5886890850961208343505859375" lon="114.29984564892947673797607421875">
        <ele>18</ele>
        <time>2025-06-05T11:03:03.000Z</time>
        <extensions>
          <ns3:TrackPointExtension>
            <ns3:atemp>28.0</ns3:atemp>
            <ns3:hr>139</ns3:hr>
            <ns3:cad>59</ns3:cad>
          </ns3:TrackPointExtension>
        </extensions>
      </trkpt>
      <trkpt lat="22.58867592550814151763916015625" lon="114.29987180046737194061279296875">
        <ele>18.3999996185302734375</ele>
        <time>2025-06-05T11:03:04.000Z</time>
        <extensions>
          <ns3:TrackPointExtension>
            <ns3:atemp>29.0</ns3:atemp>
            <ns3:hr>139</ns3:hr>
            <ns3:cad>50</ns3:cad>
          </ns3:TrackPointExtension>
        </extensions>
      </trkpt>
      <trkpt lat="22.58865832351148128509521484375" lon="114.29989635944366455078125">
        <ele>18.799999237060546875</ele>
        <time>2025-06-05T11:03:05.000Z</time>
        <extensions>
          <ns3:TrackPointExtension>
            <ns3:atemp>29.0</ns3:atemp>
            <ns3:hr>140</ns3:hr>
            <ns3:cad>51</ns3:cad>
          </ns3:TrackPointExtension>
        </extensions>
      </trkpt>
      <trkpt lat="22.58864642120897769927978515625" lon="114.2999243550002574920654296875">
        <ele>19</ele>
        <time>2025-06-05T11:03:06.000Z</time>
        <extensions>
          <ns3:TrackPointExtension>
            <ns3:atemp>29.0</ns3:atemp>
            <ns3:hr>140</ns3:hr>
            <ns3:cad>54</ns3:cad>
          </ns3:TrackPointExtension>
        </extensions>
      </trkpt>
      <trkpt lat="22.58863133378326892852783203125" lon="114.2999513447284698486328125">
        <ele>19.3999996185302734375</ele>
        <time>2025-06-05T11:03:07.000Z</time>
        <extensions>
          <ns3:TrackPointExtension>
            <ns3:atemp>29.0</ns3:atemp>
            <ns3:hr>140</ns3:hr>
            <ns3:cad>53</ns3:cad>
          </ns3:TrackPointExtension>
        </extensions>
      </trkpt>
      <trkpt lat="22.58861540816724300384521484375" lon="114.2999753169715404510498046875">
        <ele>19.799999237060546875</ele>
        <time>2025-06-05T11:03:08.000Z</time>
        <extensions>
          <ns3:TrackPointExtension>
            <ns3:atemp>29.0</ns3:atemp>
            <ns3:hr>141</ns3:hr>
            <ns3:cad>55</ns3:cad>
          </ns3:TrackPointExtension>
        </extensions>
      </trkpt>
      <trkpt lat="22.58859529159963130950927734375" lon="114.30000104941427707672119140625">
        <ele>20</ele>
        <time>2025-06-05T11:03:09.000Z</time>
        <extensions>
          <ns3:TrackPointExtension>
            <ns3:atemp>29.0</ns3:atemp>
            <ns3:hr>141</ns3:hr>
            <ns3:cad>53</ns3:cad>
          </ns3:TrackPointExtension>
        </extensions>
      </trkpt>
      <trkpt lat="22.58857567794620990753173828125" lon="114.30002854205667972564697265625">
        <ele>20.3999996185302734375</ele>
        <time>2025-06-05T11:03:10.000Z</time>
        <extensions>
          <ns3:TrackPointExtension>
            <ns3:atemp>29.0</ns3:atemp>
            <ns3:hr>141</ns3:hr>
            <ns3:cad>53</ns3:cad>
          </ns3:TrackPointExtension>
        </extensions>
      </trkpt>
      <trkpt lat="22.58855572901666164398193359375" lon="114.30005704052746295928955078125">
        <ele>20.6000003814697265625</ele>
        <time>2025-06-05T11:03:11.000Z</time>
        <extensions>
          <ns3:TrackPointExtension>
            <ns3:atemp>29.0</ns3:atemp>
            <ns3:hr>143</ns3:hr>
            <ns3:cad>60</ns3:cad>
          </ns3:TrackPointExtension>
        </extensions>
      </trkpt>
      <trkpt lat="22.58852773346006870269775390625" lon="114.30008210241794586181640625">
        <ele>20.6000003814697265625</ele>
        <time>2025-06-05T11:03:12.000Z</time>
        <extensions>
          <ns3:TrackPointExtension>
            <ns3:atemp>29.0</ns3:atemp>
            <ns3:hr>144</ns3:hr>
            <ns3:cad>64</ns3:cad>
          </ns3:TrackPointExtension>
        </extensions>
      </trkpt>
      <trkpt lat="22.5884989835321903228759765625" lon="114.30010649375617504119873046875">
        <ele>20.799999237060546875</ele>
        <time>2025-06-05T11:03:13.000Z</time>
        <extensions>
          <ns3:TrackPointExtension>
            <ns3:atemp>28.0</ns3:atemp>
            <ns3:hr>148</ns3:hr>
            <ns3:cad>67</ns3:cad>
          </ns3:TrackPointExtension>
        </extensions>
      </trkpt>
      <trkpt lat="22.5884735025465488433837890625" lon="114.300132058560848236083984375">
        <ele>21</ele>
        <time>2025-06-05T11:03:14.000Z</time>
        <extensions>
          <ns3:TrackPointExtension>
            <ns3:atemp>29.0</ns3:atemp>
            <ns3:hr>153</ns3:hr>
            <ns3:cad>68</ns3:cad>
          </ns3:TrackPointExtension>
        </extensions>
      </trkpt>
      <trkpt lat="22.5884443335235118865966796875" lon="114.30015812627971172332763671875">
        <ele>21</ele>
        <time>2025-06-05T11:03:15.000Z</time>
        <extensions>
          <ns3:TrackPointExtension>
            <ns3:atemp>29.0</ns3:atemp>
            <ns3:hr>155</ns3:hr>
            <ns3:cad>69</ns3:cad>
          </ns3:TrackPointExtension>
        </extensions>
      </trkpt>
      <trkpt lat="22.5884149968624114990234375" lon="114.30018494836986064910888671875">
        <ele>21.200000762939453125</ele>
        <time>2025-06-05T11:03:16.000Z</time>
        <extensions>
          <ns3:TrackPointExtension>
            <ns3:atemp>28.0</ns3:atemp>
            <ns3:hr>157</ns3:hr>
            <ns3:cad>69</ns3:cad>
          </ns3:TrackPointExtension>
        </extensions>
      </trkpt>
      <trkpt lat="22.5883866660296916961669921875" lon="114.3002090044319629669189453125">
        <ele>21.3999996185302734375</ele>
        <time>2025-06-05T11:03:17.000Z</time>
        <extensions>
          <ns3:TrackPointExtension>
            <ns3:atemp>29.0</ns3:atemp>
            <ns3:hr>159</ns3:hr>
            <ns3:cad>67</ns3:cad>
          </ns3:TrackPointExtension>
        </extensions>
      </trkpt>
      <trkpt lat="22.58835808373987674713134765625" lon="114.300229959189891815185546875">
        <ele>21.3999996185302734375</ele>
        <time>2025-06-05T11:03:18.000Z</time>
        <extensions>
          <ns3:TrackPointExtension>
            <ns3:atemp>29.0</ns3:atemp>
            <ns3:hr>160</ns3:hr>
            <ns3:cad>65</ns3:cad>
          </ns3:TrackPointExtension>
        </extensions>
      </trkpt>
      <trkpt lat="22.5883264839649200439453125" lon="114.3002478964626789093017578125">
        <ele>21.6000003814697265625</ele>
        <time>2025-06-05T11:03:19.000Z</time>
        <extensions>
          <ns3:TrackPointExtension>
            <ns3:atemp>29.0</ns3:atemp>
            <ns3:hr>160</ns3:hr>
            <ns3:cad>64</ns3:cad>
          </ns3:TrackPointExtension>
        </extensions>
      </trkpt>
      <trkpt lat="22.58829287253320217132568359375" lon="114.3002633191645145416259765625">
        <ele>21.799999237060546875</ele>
        <time>2025-06-05T11:03:20.000Z</time>
        <extensions>
          <ns3:TrackPointExtension>
            <ns3:atemp>29.0</ns3:atemp>
            <ns3:hr>160</ns3:hr>
            <ns3:cad>63</ns3:cad>
          </ns3:TrackPointExtension>
        </extensions>
      </trkpt>
      <trkpt lat="22.5882569141685962677001953125" lon="114.30027513764798641204833984375">
        <ele>22</ele>
        <time>2025-06-05T11:03:21.000Z</time>
        <extensions>
          <ns3:TrackPointExtension>
            <ns3:atemp>29.0</ns3:atemp>
            <ns3:hr>161</ns3:hr>
            <ns3:cad>64</ns3:cad>
          </ns3:TrackPointExtension>
        </extensions>
      </trkpt>
      <trkpt lat="22.58822347037494182586669921875" lon="114.30028653703629970550537109375">
        <ele>22</ele>
        <time>2025-06-05T11:03:22.000Z</time>
        <extensions>
          <ns3:TrackPointExtension>
            <ns3:atemp>29.0</ns3:atemp>
            <ns3:hr>161</ns3:hr>
            <ns3:cad>65</ns3:cad>
          </ns3:TrackPointExtension>
        </extensions>
      </trkpt>
      <trkpt lat="22.58818927221000194549560546875" lon="114.30029944516718387603759765625">
        <ele>22.200000762939453125</ele>
        <time>2025-06-05T11:03:23.000Z</time>
        <extensions>
          <ns3:TrackPointExtension>
            <ns3:atemp>29.0</ns3:atemp>
            <ns3:hr>161</ns3:hr>
            <ns3:cad>67</ns3:cad>
          </ns3:TrackPointExtension>
        </extensions>
      </trkpt>
      <trkpt lat="22.5881543196737766265869140625" lon="114.30030866526067256927490234375">
        <ele>22.3999996185302734375</ele>
        <time>2025-06-05T11:03:24.000Z</time>
        <extensions>
          <ns3:TrackPointExtension>
            <ns3:atemp>29.0</ns3:atemp>
            <ns3:hr>161</ns3:hr>
            <ns3:cad>67</ns3:cad>
          </ns3:TrackPointExtension>
        </extensions>
      </trkpt>
      <trkpt lat="22.58811886422336101531982421875" lon="114.30031520314514636993408203125">
        <ele>22.6000003814697265625</ele>
        <time>2025-06-05T11:03:25.000Z</time>
        <extensions>
          <ns3:TrackPointExtension>
            <ns3:atemp>29.0</ns3:atemp>
            <ns3:hr>161</ns3:hr>
            <ns3:cad>69</ns3:cad>
          </ns3:TrackPointExtension>
        </extensions>
      </trkpt>
      <trkpt lat="22.5880872644484043121337890625" lon="114.3003246746957302093505859375">
        <ele>22.799999237060546875</ele>
        <time>2025-06-05T11:03:26.000Z</time>
        <extensions>
          <ns3:TrackPointExtension>
            <ns3:atemp>29.0</ns3:atemp>
            <ns3:hr>161</ns3:hr>
            <ns3:cad>68</ns3:cad>
          </ns3:TrackPointExtension>
        </extensions>
      </trkpt>
      <trkpt lat="22.58805625140666961669921875" lon="114.3003350682556629180908203125">
        <ele>23</ele>
        <time>2025-06-05T11:03:27.000Z</time>
        <extensions>
          <ns3:TrackPointExtension>
            <ns3:atemp>28.0</ns3:atemp>
            <ns3:hr>161</ns3:hr>
            <ns3:cad>68</ns3:cad>
          </ns3:TrackPointExtension>
        </extensions>
      </trkpt>
      <trkpt lat="22.5880295969545841217041015625" lon="114.30033297277987003326416015625">
        <ele>23.200000762939453125</ele>
        <time>2025-06-05T11:03:28.000Z</time>
        <extensions>
          <ns3:TrackPointExtension>
            <ns3:atemp>29.0</ns3:atemp>
            <ns3:hr>161</ns3:hr>
            <ns3:cad>68</ns3:cad>
          </ns3:TrackPointExtension>
        </extensions>
      </trkpt>
      <trkpt lat="22.58801057003438472747802734375" lon="114.3003246746957302093505859375">
        <ele>23.3999996185302734375</ele>
        <time>2025-06-05T11:03:29.000Z</time>
        <extensions>
          <ns3:TrackPointExtension>
            <ns3:atemp>29.0</ns3:atemp>
            <ns3:hr>161</ns3:hr>
            <ns3:cad>68</ns3:cad>
          </ns3:TrackPointExtension>
        </extensions>
      </trkpt>
      <trkpt lat="22.58799950592219829559326171875" lon="114.30031101219356060028076171875">
        <ele>23.6000003814697265625</ele>
        <time>2025-06-05T11:03:30.000Z</time>
        <extensions>
          <ns3:TrackPointExtension>
            <ns3:atemp>29.0</ns3:atemp>
            <ns3:hr>162</ns3:hr>
            <ns3:cad>0</ns3:cad>
          </ns3:TrackPointExtension>
        </extensions>
      </trkpt>
      <trkpt lat="22.58799514733254909515380859375" lon="114.3002965115010738372802734375">
        <ele>23.799999237060546875</ele>
        <time>2025-06-05T11:03:31.000Z</time>
        <extensions>
          <ns3:TrackPointExtension>
            <ns3:atemp>29.0</ns3:atemp>
            <ns3:hr>162</ns3:hr>
            <ns3:cad>0</ns3:cad>
          </ns3:TrackPointExtension>
        </extensions>
      </trkpt>
      <trkpt lat="22.5879917107522487640380859375" lon="114.3002867884933948516845703125">
        <ele>23.799999237060546875</ele>
        <time>2025-06-05T11:03:32.000Z</time>
        <extensions>
          <ns3:TrackPointExtension>
            <ns3:atemp>29.0</ns3:atemp>
            <ns3:hr>162</ns3:hr>
            <ns3:cad>0</ns3:cad>
          </ns3:TrackPointExtension>
        </extensions>
      </trkpt>
      <trkpt lat="22.5879896990954875946044921875" lon="114.3002827651798725128173828125">
        <ele>23.799999237060546875</ele>
        <time>2025-06-05T11:03:33.000Z</time>
        <extensions>
          <ns3:TrackPointExtension>
            <ns3:atemp>29.0</ns3:atemp>
            <ns3:hr>161</ns3:hr>
            <ns3:cad>0</ns3:cad>
          </ns3:TrackPointExtension>
        </extensions>
      </trkpt>
      <trkpt lat="22.5879896990954875946044921875" lon="114.3002827651798725128173828125">
        <ele>23.6000003814697265625</ele>
        <time>2025-06-05T11:03:34.000Z</time>
        <extensions>
          <ns3:TrackPointExtension>
            <ns3:atemp>29.0</ns3:atemp>
            <ns3:hr>162</ns3:hr>
            <ns3:cad>0</ns3:cad>
          </ns3:TrackPointExtension>
        </extensions>
      </trkpt>
      <trkpt lat="22.58799648843705654144287109375" lon="114.3002686835825443267822265625">
        <ele>23.6000003814697265625</ele>
        <time>2025-06-05T11:03:35.000Z</time>
        <extensions>
          <ns3:TrackPointExtension>
            <ns3:atemp>29.0</ns3:atemp>
            <ns3:hr>164</ns3:hr>
            <ns3:cad>0</ns3:cad>
          </ns3:TrackPointExtension>
        </extensions>
      </trkpt>
      <trkpt lat="22.5879563391208648681640625" lon="114.3002197332680225372314453125">
        <ele>23.3999996185302734375</ele>
        <time>2025-06-05T11:03:42.000Z</time>
        <extensions>
          <ns3:TrackPointExtension>
            <ns3:atemp>29.0</ns3:atemp>
            <ns3:hr>163</ns3:hr>
            <ns3:cad>0</ns3:cad>
          </ns3:TrackPointExtension>
        </extensions>
      </trkpt>
      <trkpt lat="22.5879323668777942657470703125" lon="114.30022635497152805328369140625">
        <ele>23.3999996185302734375</ele>
        <time>2025-06-05T11:03:43.000Z</time>
        <extensions>
          <ns3:TrackPointExtension>
            <ns3:atemp>29.0</ns3:atemp>
            <ns3:hr>163</ns3:hr>
            <ns3:cad>0</ns3:cad>
          </ns3:TrackPointExtension>
        </extensions>
      </trkpt>
      <trkpt lat="22.58790495805442333221435546875" lon="114.30023557506501674652099609375">
        <ele>23.3999996185302734375</ele>
        <time>2025-06-05T11:03:44.000Z</time>
        <extensions>
          <ns3:TrackPointExtension>
            <ns3:atemp>29.0</ns3:atemp>
            <ns3:hr>162</ns3:hr>
            <ns3:cad>0</ns3:cad>
          </ns3:TrackPointExtension>
        </extensions>
      </trkpt>
      <trkpt lat="22.58787176571786403656005859375" lon="114.30024596862494945526123046875">
        <ele>23.3999996185302734375</ele>
        <time>2025-06-05T11:03:45.000Z</time>
        <extensions>
          <ns3:TrackPointExtension>
            <ns3:atemp>29.0</ns3:atemp>
            <ns3:hr>161</ns3:hr>
            <ns3:cad>52</ns3:cad>
          </ns3:TrackPointExtension>
        </extensions>
      </trkpt>
      <trkpt lat="22.58784008212387561798095703125" lon="114.30025510489940643310546875">
        <ele>23.6000003814697265625</ele>
        <time>2025-06-05T11:03:46.000Z</time>
        <extensions>
          <ns3:TrackPointExtension>
            <ns3:atemp>29.0</ns3:atemp>
            <ns3:hr>161</ns3:hr>
            <ns3:cad>59</ns3:cad>
          </ns3:TrackPointExtension>
        </extensions>
      </trkpt>
      <trkpt lat="22.587807811796665191650390625" lon="114.3002680130302906036376953125">
        <ele>23.799999237060546875</ele>
        <time>2025-06-05T11:03:47.000Z</time>
        <extensions>
          <ns3:TrackPointExtension>
            <ns3:atemp>29.0</ns3:atemp>
            <ns3:hr>160</ns3:hr>
            <ns3:cad>59</ns3:cad>
          </ns3:TrackPointExtension>
        </extensions>
      </trkpt>
      <trkpt lat="22.58777621202170848846435546875" lon="114.300284273922443389892578125">
        <ele>24</ele>
        <time>2025-06-05T11:03:48.000Z</time>
        <extensions>
          <ns3:TrackPointExtension>
            <ns3:atemp>29.0</ns3:atemp>
            <ns3:hr>160</ns3:hr>
            <ns3:cad>59</ns3:cad>
          </ns3:TrackPointExtension>
        </extensions>
      </trkpt>
      <trkpt lat="22.58774645626544952392578125" lon="114.30029927752912044525146484375">
        <ele>24.200000762939453125</ele>
        <time>2025-06-05T11:03:49.000Z</time>
        <extensions>
          <ns3:TrackPointExtension>
            <ns3:atemp>29.0</ns3:atemp>
            <ns3:hr>161</ns3:hr>
            <ns3:cad>79</ns3:cad>
          </ns3:TrackPointExtension>
        </extensions>
      </trkpt>
      <trkpt lat="22.58771636523306369781494140625" lon="114.3003139458596706390380859375">
        <ele>24.6000003814697265625</ele>
        <time>2025-06-05T11:03:50.000Z</time>
        <extensions>
          <ns3:TrackPointExtension>
            <ns3:atemp>29.0</ns3:atemp>
            <ns3:hr>161</ns3:hr>
            <ns3:cad>83</ns3:cad>
          </ns3:TrackPointExtension>
        </extensions>
      </trkpt>
      <trkpt lat="22.5876856036484241485595703125" lon="114.3003307096660137176513671875">
        <ele>24.799999237060546875</ele>
        <time>2025-06-05T11:03:51.000Z</time>
        <extensions>
          <ns3:TrackPointExtension>
            <ns3:atemp>29.0</ns3:atemp>
            <ns3:hr>161</ns3:hr>
            <ns3:cad>83</ns3:cad>
          </ns3:TrackPointExtension>
        </extensions>
      </trkpt>
      <trkpt lat="22.58765283040702342987060546875" lon="114.30034160614013671875">
        <ele>25</ele>
        <time>2025-06-05T11:03:52.000Z</time>
        <extensions>
          <ns3:TrackPointExtension>
            <ns3:atemp>29.0</ns3:atemp>
            <ns3:hr>160</ns3:hr>
            <ns3:cad>87</ns3:cad>
          </ns3:TrackPointExtension>
        </extensions>
      </trkpt>
      <trkpt lat="22.58762307465076446533203125" lon="114.30035945959389209747314453125">
        <ele>25.3999996185302734375</ele>
        <time>2025-06-05T11:03:53.000Z</time>
        <extensions>
          <ns3:TrackPointExtension>
            <ns3:atemp>29.0</ns3:atemp>
            <ns3:hr>159</ns3:hr>
            <ns3:cad>86</ns3:cad>
          </ns3:TrackPointExtension>
        </extensions>
      </trkpt>
      <trkpt lat="22.5875977613031864166259765625" lon="114.30037857033312320709228515625">
        <ele>25.6000003814697265625</ele>
        <time>2025-06-05T11:03:54.000Z</time>
        <extensions>
          <ns3:TrackPointExtension>
            <ns3:atemp>28.0</ns3:atemp>
            <ns3:hr>156</ns3:hr>
            <ns3:cad>88</ns3:cad>
          </ns3:TrackPointExtension>
        </extensions>
      </trkpt>
      <trkpt lat="22.58756934665143489837646484375" lon="114.3003965914249420166015625">
        <ele>25.799999237060546875</ele>
        <time>2025-06-05T11:03:55.000Z</time>
        <extensions>
          <ns3:TrackPointExtension>
            <ns3:atemp>29.0</ns3:atemp>
            <ns3:hr>156</ns3:hr>
            <ns3:cad>88</ns3:cad>
          </ns3:TrackPointExtension>
        </extensions>
      </trkpt>
      <trkpt lat="22.58753682486712932586669921875" lon="114.3004185520112514495849609375">
        <ele>26</ele>
        <time>2025-06-05T11:03:56.000Z</time>
        <extensions>
          <ns3:TrackPointExtension>
            <ns3:atemp>29.0</ns3:atemp>
            <ns3:hr>155</ns3:hr>
            <ns3:cad>88</ns3:cad>
          </ns3:TrackPointExtension>
        </extensions>
      </trkpt>
      <trkpt lat="22.5875035487115383148193359375" lon="114.300437159836292266845703125">
        <ele>26.3999996185302734375</ele>
        <time>2025-06-05T11:03:57.000Z</time>
        <extensions>
          <ns3:TrackPointExtension>
            <ns3:atemp>29.0</ns3:atemp>
            <ns3:hr>154</ns3:hr>
            <ns3:cad>85</ns3:cad>
          </ns3:TrackPointExtension>
        </extensions>
      </trkpt>
      <trkpt lat="22.58747396059334278106689453125" lon="114.30045870132744312286376953125">
        <ele>26.6000003814697265625</ele>
        <time>2025-06-05T11:03:58.000Z</time>
        <extensions>
          <ns3:TrackPointExtension>
            <ns3:atemp>29.0</ns3:atemp>
            <ns3:hr>154</ns3:hr>
            <ns3:cad>84</ns3:cad>
          </ns3:TrackPointExtension>
        </extensions>
      </trkpt>
      <trkpt lat="22.587445043027400970458984375" lon="114.3004797399044036865234375">
        <ele>27</ele>
        <time>2025-06-05T11:03:59.000Z</time>
        <extensions>
          <ns3:TrackPointExtension>
            <ns3:atemp>29.0</ns3:atemp>
            <ns3:hr>153</ns3:hr>
            <ns3:cad>83</ns3:cad>
          </ns3:TrackPointExtension>
        </extensions>
      </trkpt>
      <trkpt lat="22.58741729892790317535400390625" lon="114.3004958331584930419921875">
        <ele>27.200000762939453125</ele>
        <time>2025-06-05T11:04:00.000Z</time>
        <extensions>
          <ns3:TrackPointExtension>
            <ns3:atemp>29.0</ns3:atemp>
            <ns3:hr>153</ns3:hr>
            <ns3:cad>79</ns3:cad>
          </ns3:TrackPointExtension>
        </extensions>
      </trkpt>
      <trkpt lat="22.58739047683775424957275390625" lon="114.300513602793216705322265625">
        <ele>27.6000003814697265625</ele>
        <time>2025-06-05T11:04:01.000Z</time>
        <extensions>
          <ns3:TrackPointExtension>
            <ns3:atemp>29.0</ns3:atemp>
            <ns3:hr>153</ns3:hr>
            <ns3:cad>79</ns3:cad>
          </ns3:TrackPointExtension>
        </extensions>
      </trkpt>
      <trkpt lat="22.5873660854995250701904296875" lon="114.300533719360828399658203125">
        <ele>27.799999237060546875</ele>
        <time>2025-06-05T11:04:02.000Z</time>
        <extensions>
          <ns3:TrackPointExtension>
            <ns3:atemp>28.0</ns3:atemp>
            <ns3:hr>153</ns3:hr>
            <ns3:cad>79</ns3:cad>
          </ns3:TrackPointExtension>
        </extensions>
      </trkpt>
      <trkpt lat="22.58734236471354961395263671875" lon="114.30055417120456695556640625">
        <ele>28</ele>
        <time>2025-06-05T11:04:03.000Z</time>
        <extensions>
          <ns3:TrackPointExtension>
            <ns3:atemp>29.0</ns3:atemp>
            <ns3:hr>153</ns3:hr>
            <ns3:cad>77</ns3:cad>
          </ns3:TrackPointExtension>
        </extensions>
      </trkpt>
      <trkpt lat="22.58732073940336704254150390625" lon="114.3005751259624958038330078125">
        <ele>28.200000762939453125</ele>
        <time>2025-06-05T11:04:04.000Z</time>
        <extensions>
          <ns3:TrackPointExtension>
            <ns3:atemp>29.0</ns3:atemp>
            <ns3:hr>154</ns3:hr>
            <ns3:cad>77</ns3:cad>
          </ns3:TrackPointExtension>
        </extensions>
      </trkpt>
      <trkpt lat="22.58729458786547183990478515625" lon="114.30059197358787059783935546875">
        <ele>28.6000003814697265625</ele>
        <time>2025-06-05T11:04:05.000Z</time>
        <extensions>
          <ns3:TrackPointExtension>
            <ns3:atemp>29.0</ns3:atemp>
            <ns3:hr>154</ns3:hr>
            <ns3:cad>76</ns3:cad>
          </ns3:TrackPointExtension>
        </extensions>
      </trkpt>
      <trkpt lat="22.58727044798433780670166015625" lon="114.30061141960322856903076171875">
        <ele>28.799999237060546875</ele>
        <time>2025-06-05T11:04:06.000Z</time>
        <extensions>
          <ns3:TrackPointExtension>
            <ns3:atemp>29.0</ns3:atemp>
            <ns3:hr>154</ns3:hr>
            <ns3:cad>77</ns3:cad>
          </ns3:TrackPointExtension>
        </extensions>
      </trkpt>
      <trkpt lat="22.5872504152357578277587890625" lon="114.30063706822693347930908203125">
        <ele>29</ele>
        <time>2025-06-05T11:04:07.000Z</time>
        <extensions>
          <ns3:TrackPointExtension>
            <ns3:atemp>29.0</ns3:atemp>
            <ns3:hr>155</ns3:hr>
            <ns3:cad>78</ns3:cad>
          </ns3:TrackPointExtension>
        </extensions>
      </trkpt>
      <trkpt lat="22.58723021484911441802978515625" lon="114.300668500363826751708984375">
        <ele>29.200000762939453125</ele>
        <time>2025-06-05T11:04:08.000Z</time>
        <extensions>
          <ns3:TrackPointExtension>
            <ns3:atemp>29.0</ns3:atemp>
            <ns3:hr>157</ns3:hr>
            <ns3:cad>75</ns3:cad>
          </ns3:TrackPointExtension>
        </extensions>
      </trkpt>
      <trkpt lat="22.58721194230020046234130859375" lon="114.3006995134055614471435546875">
        <ele>29.3999996185302734375</ele>
        <time>2025-06-05T11:04:09.000Z</time>
        <extensions>
          <ns3:TrackPointExtension>
            <ns3:atemp>28.0</ns3:atemp>
            <ns3:hr>157</ns3:hr>
            <ns3:cad>80</ns3:cad>
          </ns3:TrackPointExtension>
        </extensions>
      </trkpt>
      <trkpt lat="22.58719450794160366058349609375" lon="114.30073413066565990447998046875">
        <ele>29.6000003814697265625</ele>
        <time>2025-06-05T11:04:10.000Z</time>
        <extensions>
          <ns3:TrackPointExtension>
            <ns3:atemp>28.0</ns3:atemp>
            <ns3:hr>157</ns3:hr>
            <ns3:cad>81</ns3:cad>
          </ns3:TrackPointExtension>
        </extensions>
      </trkpt>
      <trkpt lat="22.58717640303075313568115234375" lon="114.30076816119253635406494140625">
        <ele>29.799999237060546875</ele>
        <time>2025-06-05T11:04:11.000Z</time>
        <extensions>
          <ns3:TrackPointExtension>
            <ns3:atemp>29.0</ns3:atemp>
            <ns3:hr>157</ns3:hr>
            <ns3:cad>81</ns3:cad>
          </ns3:TrackPointExtension>
        </extensions>
      </trkpt>
      <trkpt lat="22.58715947158634662628173828125" lon="114.30079934187233448028564453125">
        <ele>30</ele>
        <time>2025-06-05T11:04:12.000Z</time>
        <extensions>
          <ns3:TrackPointExtension>
            <ns3:atemp>28.0</ns3:atemp>
            <ns3:hr>157</ns3:hr>
            <ns3:cad>83</ns3:cad>
          </ns3:TrackPointExtension>
        </extensions>
      </trkpt>
      <trkpt lat="22.58714254014194011688232421875" lon="114.30083119310438632965087890625">
        <ele>30.3999996185302734375</ele>
        <time>2025-06-05T11:04:13.000Z</time>
        <extensions>
          <ns3:TrackPointExtension>
            <ns3:atemp>29.0</ns3:atemp>
            <ns3:hr>158</ns3:hr>
            <ns3:cad>82</ns3:cad>
          </ns3:TrackPointExtension>
        </extensions>
      </trkpt>
      <trkpt lat="22.5871273688971996307373046875" lon="114.3008631281554698944091796875">
        <ele>30.6000003814697265625</ele>
        <time>2025-06-05T11:04:14.000Z</time>
        <extensions>
          <ns3:TrackPointExtension>
            <ns3:atemp>29.0</ns3:atemp>
            <ns3:hr>158</ns3:hr>
            <ns3:cad>81</ns3:cad>
          </ns3:TrackPointExtension>
        </extensions>
      </trkpt>
      <trkpt lat="22.58711253292858600616455078125" lon="114.3008969910442829132080078125">
        <ele>30.799999237060546875</ele>
        <time>2025-06-05T11:04:15.000Z</time>
        <extensions>
          <ns3:TrackPointExtension>
            <ns3:atemp>29.0</ns3:atemp>
            <ns3:hr>158</ns3:hr>
            <ns3:cad>83</ns3:cad>
          </ns3:TrackPointExtension>
        </extensions>
      </trkpt>
      <trkpt lat="22.58709660731256008148193359375" lon="114.3009325303137302398681640625">
        <ele>31.200000762939453125</ele>
        <time>2025-06-05T11:04:16.000Z</time>
        <extensions>
          <ns3:TrackPointExtension>
            <ns3:atemp>29.0</ns3:atemp>
            <ns3:hr>159</ns3:hr>
            <ns3:cad>84</ns3:cad>
          </ns3:TrackPointExtension>
        </extensions>
      </trkpt>
      <trkpt lat="22.58708017878234386444091796875" lon="114.300966896116733551025390625">
        <ele>31.6000003814697265625</ele>
        <time>2025-06-05T11:04:17.000Z</time>
        <extensions>
          <ns3:TrackPointExtension>
            <ns3:atemp>29.0</ns3:atemp>
            <ns3:hr>159</ns3:hr>
            <ns3:cad>84</ns3:cad>
          </ns3:TrackPointExtension>
        </extensions>
      </trkpt>
      <trkpt lat="22.58706358261406421661376953125" lon="114.30100603960454463958740234375">
        <ele>31.799999237060546875</ele>
        <time>2025-06-05T11:04:18.000Z</time>
        <extensions>
          <ns3:TrackPointExtension>
            <ns3:atemp>29.0</ns3:atemp>
            <ns3:hr>160</ns3:hr>
            <ns3:cad>88</ns3:cad>
          </ns3:TrackPointExtension>
        </extensions>
      </trkpt>
      <trkpt lat="22.58704111911356449127197265625" lon="114.30104191415011882781982421875">
        <ele>32</ele>
        <time>2025-06-05T11:04:19.000Z</time>
        <extensions>
          <ns3:TrackPointExtension>
            <ns3:atemp>29.0</ns3:atemp>
            <ns3:hr>160</ns3:hr>
            <ns3:cad>88</ns3:cad>
          </ns3:TrackPointExtension>
        </extensions>
      </trkpt>
      <trkpt lat="22.5870207510888576507568359375" lon="114.30107611231505870819091796875">
        <ele>32.40000152587890625</ele>
        <time>2025-06-05T11:04:20.000Z</time>
        <extensions>
          <ns3:TrackPointExtension>
            <ns3:atemp>29.0</ns3:atemp>
            <ns3:hr>160</ns3:hr>
            <ns3:cad>90</ns3:cad>
          </ns3:TrackPointExtension>
        </extensions>
      </trkpt>
      <trkpt lat="22.58699904195964336395263671875" lon="114.30111031047999858856201171875">
        <ele>32.59999847412109375</ele>
        <time>2025-06-05T11:04:21.000Z</time>
        <extensions>
          <ns3:TrackPointExtension>
            <ns3:atemp>29.0</ns3:atemp>
            <ns3:hr>161</ns3:hr>
            <ns3:cad>88</ns3:cad>
          </ns3:TrackPointExtension>
        </extensions>
      </trkpt>
      <trkpt lat="22.586972303688526153564453125" lon="114.30114199407398700714111328125">
        <ele>32.799999237060546875</ele>
        <time>2025-06-05T11:04:22.000Z</time>
        <extensions>
          <ns3:TrackPointExtension>
            <ns3:atemp>29.0</ns3:atemp>
            <ns3:hr>161</ns3:hr>
            <ns3:cad>86</ns3:cad>
          </ns3:TrackPointExtension>
        </extensions>
      </trkpt>
      <trkpt lat="22.586941458284854888916015625" lon="114.30116831324994564056396484375">
        <ele>33</ele>
        <time>2025-06-05T11:04:23.000Z</time>
        <extensions>
          <ns3:TrackPointExtension>
            <ns3:atemp>29.0</ns3:atemp>
            <ns3:hr>161</ns3:hr>
            <ns3:cad>87</ns3:cad>
          </ns3:TrackPointExtension>
        </extensions>
      </trkpt>
      <trkpt lat="22.586911953985691070556640625" lon="114.30119295604526996612548828125">
        <ele>33.200000762939453125</ele>
        <time>2025-06-05T11:04:24.000Z</time>
        <extensions>
          <ns3:TrackPointExtension>
            <ns3:atemp>29.0</ns3:atemp>
            <ns3:hr>162</ns3:hr>
            <ns3:cad>88</ns3:cad>
          </ns3:TrackPointExtension>
        </extensions>
      </trkpt>
      <trkpt lat="22.58688052184879779815673828125" lon="114.3012141622602939605712890625">
        <ele>33.40000152587890625</ele>
        <time>2025-06-05T11:04:25.000Z</time>
        <extensions>
          <ns3:TrackPointExtension>
            <ns3:atemp>29.0</ns3:atemp>
            <ns3:hr>163</ns3:hr>
            <ns3:cad>87</ns3:cad>
          </ns3:TrackPointExtension>
        </extensions>
      </trkpt>
      <trkpt lat="22.586847580969333648681640625" lon="114.3012339435517787933349609375">
        <ele>33.59999847412109375</ele>
        <time>2025-06-05T11:04:26.000Z</time>
        <extensions>
          <ns3:TrackPointExtension>
            <ns3:atemp>29.0</ns3:atemp>
            <ns3:hr>164</ns3:hr>
            <ns3:cad>86</ns3:cad>
          </ns3:TrackPointExtension>
        </extensions>
      </trkpt>
      <trkpt lat="22.5868145562708377838134765625" lon="114.3012460134923458099365234375">
        <ele>34</ele>
        <time>2025-06-05T11:04:27.000Z</time>
        <extensions>
          <ns3:TrackPointExtension>
            <ns3:atemp>29.0</ns3:atemp>
            <ns3:hr>164</ns3:hr>
            <ns3:cad>87</ns3:cad>
          </ns3:TrackPointExtension>
        </extensions>
      </trkpt>
      <trkpt lat="22.58677943609654903411865234375" lon="114.301254563033580780029296875">
        <ele>34.200000762939453125</ele>
        <time>2025-06-05T11:04:28.000Z</time>
        <extensions>
          <ns3:TrackPointExtension>
            <ns3:atemp>29.0</ns3:atemp>
            <ns3:hr>165</ns3:hr>
            <ns3:cad>90</ns3:cad>
          </ns3:TrackPointExtension>
        </extensions>
      </trkpt>
      <trkpt lat="22.58674624375998973846435546875" lon="114.3012629449367523193359375">
        <ele>34.59999847412109375</ele>
        <time>2025-06-05T11:04:29.000Z</time>
        <extensions>
          <ns3:TrackPointExtension>
            <ns3:atemp>29.0</ns3:atemp>
            <ns3:hr>165</ns3:hr>
            <ns3:cad>92</ns3:cad>
          </ns3:TrackPointExtension>
        </extensions>
      </trkpt>
      <trkpt lat="22.586711458861827850341796875" lon="114.3012624420225620269775390625">
        <ele>34.799999237060546875</ele>
        <time>2025-06-05T11:04:30.000Z</time>
        <extensions>
          <ns3:TrackPointExtension>
            <ns3:atemp>29.0</ns3:atemp>
            <ns3:hr>165</ns3:hr>
            <ns3:cad>94</ns3:cad>
          </ns3:TrackPointExtension>
        </extensions>
      </trkpt>
      <trkpt lat="22.58667432703077793121337890625" lon="114.30126101709902286529541015625">
        <ele>35</ele>
        <time>2025-06-05T11:04:31.000Z</time>
        <extensions>
          <ns3:TrackPointExtension>
            <ns3:atemp>29.0</ns3:atemp>
            <ns3:hr>165</ns3:hr>
            <ns3:cad>92</ns3:cad>
          </ns3:TrackPointExtension>
        </extensions>
      </trkpt>
      <trkpt lat="22.58663509972393512725830078125" lon="114.30125833489000797271728515625">
        <ele>35.40000152587890625</ele>
        <time>2025-06-05T11:04:32.000Z</time>
        <extensions>
          <ns3:TrackPointExtension>
            <ns3:atemp>29.0</ns3:atemp>
            <ns3:hr>166</ns3:hr>
            <ns3:cad>89</ns3:cad>
          </ns3:TrackPointExtension>
        </extensions>
      </trkpt>
      <trkpt lat="22.5865979678928852081298828125" lon="114.30125028826296329498291015625">
        <ele>35.59999847412109375</ele>
        <time>2025-06-05T11:04:33.000Z</time>
        <extensions>
          <ns3:TrackPointExtension>
            <ns3:atemp>29.0</ns3:atemp>
            <ns3:hr>166</ns3:hr>
            <ns3:cad>90</ns3:cad>
          </ns3:TrackPointExtension>
        </extensions>
      </trkpt>
      <trkpt lat="22.5865590758621692657470703125" lon="114.30123955942690372467041015625">
        <ele>36</ele>
        <time>2025-06-05T11:04:34.000Z</time>
        <extensions>
          <ns3:TrackPointExtension>
            <ns3:atemp>29.0</ns3:atemp>
            <ns3:hr>166</ns3:hr>
            <ns3:cad>89</ns3:cad>
          </ns3:TrackPointExtension>
        </extensions>
      </trkpt>
      <trkpt lat="22.58652311749756336212158203125" lon="114.3012272380292415618896484375">
        <ele>36.40000152587890625</ele>
        <time>2025-06-05T11:04:35.000Z</time>
        <extensions>
          <ns3:TrackPointExtension>
            <ns3:atemp>29.0</ns3:atemp>
            <ns3:hr>166</ns3:hr>
            <ns3:cad>86</ns3:cad>
          </ns3:TrackPointExtension>
        </extensions>
      </trkpt>
      <trkpt lat="22.58649059571325778961181640625" lon="114.3012158386409282684326171875">
        <ele>36.59999847412109375</ele>
        <time>2025-06-05T11:04:36.000Z</time>
        <extensions>
          <ns3:TrackPointExtension>
            <ns3:atemp>29.0</ns3:atemp>
            <ns3:hr>167</ns3:hr>
            <ns3:cad>83</ns3:cad>
          </ns3:TrackPointExtension>
        </extensions>
      </trkpt>
      <trkpt lat="22.58646058849990367889404296875" lon="114.3012037687003612518310546875">
        <ele>37</ele>
        <time>2025-06-05T11:04:37.000Z</time>
        <extensions>
          <ns3:TrackPointExtension>
            <ns3:atemp>29.0</ns3:atemp>
            <ns3:hr>167</ns3:hr>
            <ns3:cad>81</ns3:cad>
          </ns3:TrackPointExtension>
        </extensions>
      </trkpt>
      <trkpt lat="22.58643091656267642974853515625" lon="114.3011903576552867889404296875">
        <ele>37.200000762939453125</ele>
        <time>2025-06-05T11:04:38.000Z</time>
        <extensions>
          <ns3:TrackPointExtension>
            <ns3:atemp>29.0</ns3:atemp>
            <ns3:hr>167</ns3:hr>
            <ns3:cad>75</ns3:cad>
          </ns3:TrackPointExtension>
        </extensions>
      </trkpt>
      <trkpt lat="22.58640141226351261138916015625" lon="114.30117853917181491851806640625">
        <ele>37.59999847412109375</ele>
        <time>2025-06-05T11:04:39.000Z</time>
        <extensions>
          <ns3:TrackPointExtension>
            <ns3:atemp>29.0</ns3:atemp>
            <ns3:hr>167</ns3:hr>
            <ns3:cad>73</ns3:cad>
          </ns3:TrackPointExtension>
        </extensions>
      </trkpt>
      <trkpt lat="22.58637559600174427032470703125" lon="114.3011637032032012939453125">
        <ele>37.799999237060546875</ele>
        <time>2025-06-05T11:04:40.000Z</time>
        <extensions>
          <ns3:TrackPointExtension>
            <ns3:atemp>29.0</ns3:atemp>
            <ns3:hr>167</ns3:hr>
            <ns3:cad>72</ns3:cad>
          </ns3:TrackPointExtension>
        </extensions>
      </trkpt>
      <trkpt lat="22.58634977973997592926025390625" lon="114.3011461012065410614013671875">
        <ele>38</ele>
        <time>2025-06-05T11:04:41.000Z</time>
        <extensions>
          <ns3:TrackPointExtension>
            <ns3:atemp>29.0</ns3:atemp>
            <ns3:hr>168</ns3:hr>
            <ns3:cad>76</ns3:cad>
          </ns3:TrackPointExtension>
        </extensions>
      </trkpt>
      <trkpt lat="22.58632178418338298797607421875" lon="114.30112690664827823638916015625">
        <ele>38.200000762939453125</ele>
        <time>2025-06-05T11:04:42.000Z</time>
        <extensions>
          <ns3:TrackPointExtension>
            <ns3:atemp>29.0</ns3:atemp>
            <ns3:hr>167</ns3:hr>
            <ns3:cad>76</ns3:cad>
          </ns3:TrackPointExtension>
        </extensions>
      </trkpt>
      <trkpt lat="22.58629135787487030029296875" lon="114.3011125735938549041748046875">
        <ele>38.40000152587890625</ele>
        <time>2025-06-05T11:04:43.000Z</time>
        <extensions>
          <ns3:TrackPointExtension>
            <ns3:atemp>29.0</ns3:atemp>
            <ns3:hr>168</ns3:hr>
            <ns3:cad>80</ns3:cad>
          </ns3:TrackPointExtension>
        </extensions>
      </trkpt>
      <trkpt lat="22.5862596742808818817138671875" lon="114.3011045269668102264404296875">
        <ele>38.40000152587890625</ele>
        <time>2025-06-05T11:04:44.000Z</time>
        <extensions>
          <ns3:TrackPointExtension>
            <ns3:atemp>29.0</ns3:atemp>
            <ns3:hr>168</ns3:hr>
            <ns3:cad>81</ns3:cad>
          </ns3:TrackPointExtension>
        </extensions>
      </trkpt>
      <trkpt lat="22.58622807450592517852783203125" lon="114.3010998331010341644287109375">
        <ele>38.59999847412109375</ele>
        <time>2025-06-05T11:04:45.000Z</time>
        <extensions>
          <ns3:TrackPointExtension>
            <ns3:atemp>29.0</ns3:atemp>
            <ns3:hr>168</ns3:hr>
            <ns3:cad>81</ns3:cad>
          </ns3:TrackPointExtension>
        </extensions>
      </trkpt>
      <trkpt lat="22.58619270287454128265380859375" lon="114.3010981567203998565673828125">
        <ele>38.59999847412109375</ele>
        <time>2025-06-05T11:04:46.000Z</time>
        <extensions>
          <ns3:TrackPointExtension>
            <ns3:atemp>29.0</ns3:atemp>
            <ns3:hr>167</ns3:hr>
            <ns3:cad>71</ns3:cad>
          </ns3:TrackPointExtension>
        </extensions>
      </trkpt>
      <trkpt lat="22.58615816943347454071044921875" lon="114.30109388194978237152099609375">
        <ele>38.799999237060546875</ele>
        <time>2025-06-05T11:04:47.000Z</time>
        <extensions>
          <ns3:TrackPointExtension>
            <ns3:atemp>29.0</ns3:atemp>
            <ns3:hr>167</ns3:hr>
            <ns3:cad>69</ns3:cad>
          </ns3:TrackPointExtension>
        </extensions>
      </trkpt>
      <trkpt lat="22.58612480945885181427001953125" lon="114.3010939657688140869140625">
        <ele>39</ele>
        <time>2025-06-05T11:04:48.000Z</time>
        <extensions>
          <ns3:TrackPointExtension>
            <ns3:atemp>29.0</ns3:atemp>
            <ns3:hr>167</ns3:hr>
            <ns3:cad>70</ns3:cad>
          </ns3:TrackPointExtension>
        </extensions>
      </trkpt>
      <trkpt lat="22.5860913656651973724365234375" lon="114.30109639652073383331298828125">
        <ele>39</ele>
        <time>2025-06-05T11:04:49.000Z</time>
        <extensions>
          <ns3:TrackPointExtension>
            <ns3:atemp>28.0</ns3:atemp>
            <ns3:hr>167</ns3:hr>
            <ns3:cad>70</ns3:cad>
          </ns3:TrackPointExtension>
        </extensions>
      </trkpt>
      <trkpt lat="22.5860595144331455230712890625" lon="114.3010966479778289794921875">
        <ele>39.200000762939453125</ele>
        <time>2025-06-05T11:04:50.000Z</time>
        <extensions>
          <ns3:TrackPointExtension>
            <ns3:atemp>29.0</ns3:atemp>
            <ns3:hr>167</ns3:hr>
            <ns3:cad>67</ns3:cad>
          </ns3:TrackPointExtension>
        </extensions>
      </trkpt>
      <trkpt lat="22.5860300101339817047119140625" lon="114.30109639652073383331298828125">
        <ele>39.40000152587890625</ele>
        <time>2025-06-05T11:04:51.000Z</time>
        <extensions>
          <ns3:TrackPointExtension>
            <ns3:atemp>29.0</ns3:atemp>
            <ns3:hr>168</ns3:hr>
            <ns3:cad>67</ns3:cad>
          </ns3:TrackPointExtension>
        </extensions>
      </trkpt>
      <trkpt lat="22.58599706925451755523681640625" lon="114.301098324358463287353515625">
        <ele>39.59999847412109375</ele>
        <time>2025-06-05T11:04:52.000Z</time>
        <extensions>
          <ns3:TrackPointExtension>
            <ns3:atemp>28.0</ns3:atemp>
            <ns3:hr>167</ns3:hr>
            <ns3:cad>67</ns3:cad>
          </ns3:TrackPointExtension>
        </extensions>
      </trkpt>
      <trkpt lat="22.58596136234700679779052734375" lon="114.30110176093876361846923828125">
        <ele>39.799999237060546875</ele>
        <time>2025-06-05T11:04:53.000Z</time>
        <extensions>
          <ns3:TrackPointExtension>
            <ns3:atemp>28.0</ns3:atemp>
            <ns3:hr>167</ns3:hr>
            <ns3:cad>69</ns3:cad>
          </ns3:TrackPointExtension>
        </extensions>
      </trkpt>
      <trkpt lat="22.58592532016336917877197265625" lon="114.30110980756580829620361328125">
        <ele>40</ele>
        <time>2025-06-05T11:04:54.000Z</time>
        <extensions>
          <ns3:TrackPointExtension>
            <ns3:atemp>29.0</ns3:atemp>
            <ns3:hr>167</ns3:hr>
            <ns3:cad>115</ns3:cad>
          </ns3:TrackPointExtension>
        </extensions>
      </trkpt>
      <trkpt lat="22.58588843978941440582275390625" lon="114.30111852474510669708251953125">
        <ele>40.200000762939453125</ele>
        <time>2025-06-05T11:04:55.000Z</time>
        <extensions>
          <ns3:TrackPointExtension>
            <ns3:atemp>28.0</ns3:atemp>
            <ns3:hr>167</ns3:hr>
            <ns3:cad>81</ns3:cad>
          </ns3:TrackPointExtension>
        </extensions>
      </trkpt>
      <trkpt lat="22.5858546607196331024169921875" lon="114.30112137459218502044677734375">
        <ele>40.40000152587890625</ele>
        <time>2025-06-05T11:04:56.000Z</time>
        <extensions>
          <ns3:TrackPointExtension>
            <ns3:atemp>29.0</ns3:atemp>
            <ns3:hr>167</ns3:hr>
            <ns3:cad>70</ns3:cad>
          </ns3:TrackPointExtension>
        </extensions>
      </trkpt>
      <trkpt lat="22.5858197920024394989013671875" lon="114.3011273257434368133544921875">
        <ele>40.40000152587890625</ele>
        <time>2025-06-05T11:04:57.000Z</time>
        <extensions>
          <ns3:TrackPointExtension>
            <ns3:atemp>28.0</ns3:atemp>
            <ns3:hr>166</ns3:hr>
            <ns3:cad>71</ns3:cad>
          </ns3:TrackPointExtension>
        </extensions>
      </trkpt>
      <trkpt lat="22.58578215725719928741455078125" lon="114.30113327689468860626220703125">
        <ele>40.59999847412109375</ele>
        <time>2025-06-05T11:04:58.000Z</time>
        <extensions>
          <ns3:TrackPointExtension>
            <ns3:atemp>29.0</ns3:atemp>
            <ns3:hr>166</ns3:hr>
            <ns3:cad>73</ns3:cad>
          </ns3:TrackPointExtension>
        </extensions>
      </trkpt>
      <trkpt lat="22.58574561215937137603759765625" lon="114.30114165879786014556884765625">
        <ele>40.799999237060546875</ele>
        <time>2025-06-05T11:04:59.000Z</time>
        <extensions>
          <ns3:TrackPointExtension>
            <ns3:atemp>28.0</ns3:atemp>
            <ns3:hr>166</ns3:hr>
            <ns3:cad>75</ns3:cad>
          </ns3:TrackPointExtension>
        </extensions>
      </trkpt>
      <trkpt lat="22.5857091508805751800537109375" lon="114.301143586635589599609375">
        <ele>41</ele>
        <time>2025-06-05T11:05:00.000Z</time>
        <extensions>
          <ns3:TrackPointExtension>
            <ns3:atemp>29.0</ns3:atemp>
            <ns3:hr>165</ns3:hr>
            <ns3:cad>77</ns3:cad>
          </ns3:TrackPointExtension>
        </extensions>
      </trkpt>
      <trkpt lat="22.58567201904952526092529296875" lon="114.30114584974944591522216796875">
        <ele>41</ele>
        <time>2025-06-05T11:05:01.000Z</time>
        <extensions>
          <ns3:TrackPointExtension>
            <ns3:atemp>29.0</ns3:atemp>
            <ns3:hr>165</ns3:hr>
            <ns3:cad>76</ns3:cad>
          </ns3:TrackPointExtension>
        </extensions>
      </trkpt>
      <trkpt lat="22.58563555777072906494140625" lon="114.301146604120731353759765625">
        <ele>41.200000762939453125</ele>
        <time>2025-06-05T11:05:02.000Z</time>
        <extensions>
          <ns3:TrackPointExtension>
            <ns3:atemp>28.0</ns3:atemp>
            <ns3:hr>164</ns3:hr>
            <ns3:cad>76</ns3:cad>
          </ns3:TrackPointExtension>
        </extensions>
      </trkpt>
      <trkpt lat="22.585599683225154876708984375" lon="114.3011477775871753692626953125">
        <ele>41.40000152587890625</ele>
        <time>2025-06-05T11:05:03.000Z</time>
        <extensions>
          <ns3:TrackPointExtension>
            <ns3:atemp>28.0</ns3:atemp>
            <ns3:hr>164</ns3:hr>
            <ns3:cad>78</ns3:cad>
          </ns3:TrackPointExtension>
        </extensions>
      </trkpt>
      <trkpt lat="22.5855646468698978424072265625" lon="114.3011504597961902618408203125">
        <ele>41.59999847412109375</ele>
        <time>2025-06-05T11:05:04.000Z</time>
        <extensions>
          <ns3:TrackPointExtension>
            <ns3:atemp>28.0</ns3:atemp>
            <ns3:hr>164</ns3:hr>
            <ns3:cad>77</ns3:cad>
          </ns3:TrackPointExtension>
        </extensions>
      </trkpt>
      <trkpt lat="22.5855281017720699310302734375" lon="114.30115138180553913116455078125">
        <ele>41.799999237060546875</ele>
        <time>2025-06-05T11:05:05.000Z</time>
        <extensions>
          <ns3:TrackPointExtension>
            <ns3:atemp>29.0</ns3:atemp>
            <ns3:hr>164</ns3:hr>
            <ns3:cad>77</ns3:cad>
          </ns3:TrackPointExtension>
        </extensions>
      </trkpt>
      <trkpt lat="22.58548929356038570404052734375" lon="114.30115624330937862396240234375">
        <ele>42</ele>
        <time>2025-06-05T11:05:06.000Z</time>
        <extensions>
          <ns3:TrackPointExtension>
            <ns3:atemp>28.0</ns3:atemp>
            <ns3:hr>164</ns3:hr>
            <ns3:cad>78</ns3:cad>
          </ns3:TrackPointExtension>
        </extensions>
      </trkpt>
      <trkpt lat="22.58544939570128917694091796875" lon="114.3011638708412647247314453125">
        <ele>42.200000762939453125</ele>
        <time>2025-06-05T11:05:07.000Z</time>
        <extensions>
          <ns3:TrackPointExtension>
            <ns3:atemp>28.0</ns3:atemp>
            <ns3:hr>165</ns3:hr>
            <ns3:cad>79</ns3:cad>
          </ns3:TrackPointExtension>
        </extensions>
      </trkpt>
      <trkpt lat="22.58540757000446319580078125" lon="114.30116705596446990966796875">
        <ele>42.40000152587890625</ele>
        <time>2025-06-05T11:05:08.000Z</time>
        <extensions>
          <ns3:TrackPointExtension>
            <ns3:atemp>29.0</ns3:atemp>
            <ns3:hr>164</ns3:hr>
            <ns3:cad>81</ns3:cad>
          </ns3:TrackPointExtension>
        </extensions>
      </trkpt>
      <trkpt lat="22.5853698514401912689208984375" lon="114.3011699058115482330322265625">
        <ele>42.59999847412109375</ele>
        <time>2025-06-05T11:05:09.000Z</time>
        <extensions>
          <ns3:TrackPointExtension>
            <ns3:atemp>29.0</ns3:atemp>
            <ns3:hr>164</ns3:hr>
            <ns3:cad>81</ns3:cad>
          </ns3:TrackPointExtension>
        </extensions>
      </trkpt>
      <trkpt lat="22.58533137850463390350341796875" lon="114.30117451585829257965087890625">
        <ele>42.799999237060546875</ele>
        <time>2025-06-05T11:05:10.000Z</time>
        <extensions>
          <ns3:TrackPointExtension>
            <ns3:atemp>28.0</ns3:atemp>
            <ns3:hr>164</ns3:hr>
            <ns3:cad>79</ns3:cad>
          </ns3:TrackPointExtension>
        </extensions>
      </trkpt>
      <trkpt lat="22.5852955877780914306640625" lon="114.30117552168667316436767578125">
        <ele>43.200000762939453125</ele>
        <time>2025-06-05T11:05:11.000Z</time>
        <extensions>
          <ns3:TrackPointExtension>
            <ns3:atemp>28.0</ns3:atemp>
            <ns3:hr>163</ns3:hr>
            <ns3:cad>75</ns3:cad>
          </ns3:TrackPointExtension>
        </extensions>
      </trkpt>
      <trkpt lat="22.5852622278034687042236328125" lon="114.301173426210880279541015625">
        <ele>43.40000152587890625</ele>
        <time>2025-06-05T11:05:12.000Z</time>
        <extensions>
          <ns3:TrackPointExtension>
            <ns3:atemp>29.0</ns3:atemp>
            <ns3:hr>163</ns3:hr>
            <ns3:cad>91</ns3:cad>
          </ns3:TrackPointExtension>
        </extensions>
      </trkpt>
      <trkpt lat="22.5852290354669094085693359375" lon="114.301169402897357940673828125">
        <ele>43.799999237060546875</ele>
        <time>2025-06-05T11:05:13.000Z</time>
        <extensions>
          <ns3:TrackPointExtension>
            <ns3:atemp>29.0</ns3:atemp>
            <ns3:hr>163</ns3:hr>
            <ns3:cad>94</ns3:cad>
          </ns3:TrackPointExtension>
        </extensions>
      </trkpt>
      <trkpt lat="22.58519567549228668212890625" lon="114.30116303265094757080078125">
        <ele>44</ele>
        <time>2025-06-05T11:05:14.000Z</time>
        <extensions>
          <ns3:TrackPointExtension>
            <ns3:atemp>28.0</ns3:atemp>
            <ns3:hr>163</ns3:hr>
            <ns3:cad>90</ns3:cad>
          </ns3:TrackPointExtension>
        </extensions>
      </trkpt>
      <trkpt lat="22.5851636566221714019775390625" lon="114.3011534772813320159912109375">
        <ele>44.200000762939453125</ele>
        <time>2025-06-05T11:05:15.000Z</time>
        <extensions>
          <ns3:TrackPointExtension>
            <ns3:atemp>28.0</ns3:atemp>
            <ns3:hr>162</ns3:hr>
            <ns3:cad>90</ns3:cad>
          </ns3:TrackPointExtension>
        </extensions>
      </trkpt>
      <trkpt lat="22.5851297937333583831787109375" lon="114.30113998241722583770751953125">
        <ele>44.40000152587890625</ele>
        <time>2025-06-05T11:05:16.000Z</time>
        <extensions>
          <ns3:TrackPointExtension>
            <ns3:atemp>28.0</ns3:atemp>
            <ns3:hr>163</ns3:hr>
            <ns3:cad>90</ns3:cad>
          </ns3:TrackPointExtension>
        </extensions>
      </trkpt>
      <trkpt lat="22.585101462900638580322265625" lon="114.30112724192440509796142578125">
        <ele>44.59999847412109375</ele>
        <time>2025-06-05T11:05:17.000Z</time>
        <extensions>
          <ns3:TrackPointExtension>
            <ns3:atemp>28.0</ns3:atemp>
            <ns3:hr>163</ns3:hr>
            <ns3:cad>90</ns3:cad>
          </ns3:TrackPointExtension>
        </extensions>
      </trkpt>
      <trkpt lat="22.5850717909634113311767578125" lon="114.30110980756580829620361328125">
        <ele>44.799999237060546875</ele>
        <time>2025-06-05T11:05:18.000Z</time>
        <extensions>
          <ns3:TrackPointExtension>
            <ns3:atemp>28.0</ns3:atemp>
            <ns3:hr>163</ns3:hr>
            <ns3:cad>89</ns3:cad>
          </ns3:TrackPointExtension>
        </extensions>
      </trkpt>
      <trkpt lat="22.58504572324454784393310546875" lon="114.30108516477048397064208984375">
        <ele>45</ele>
        <time>2025-06-05T11:05:19.000Z</time>
        <extensions>
          <ns3:TrackPointExtension>
            <ns3:atemp>28.0</ns3:atemp>
            <ns3:hr>163</ns3:hr>
            <ns3:cad>90</ns3:cad>
          </ns3:TrackPointExtension>
        </extensions>
      </trkpt>
      <trkpt lat="22.58501873351633548736572265625" lon="114.3010575883090496063232421875">
        <ele>45.200000762939453125</ele>
        <time>2025-06-05T11:05:20.000Z</time>
        <extensions>
          <ns3:TrackPointExtension>
            <ns3:atemp>29.0</ns3:atemp>
            <ns3:hr>163</ns3:hr>
            <ns3:cad>91</ns3:cad>
          </ns3:TrackPointExtension>
        </extensions>
      </trkpt>
      <trkpt lat="22.584995515644550323486328125" lon="114.301033951342105865478515625">
        <ele>45.40000152587890625</ele>
        <time>2025-06-05T11:05:21.000Z</time>
        <extensions>
          <ns3:TrackPointExtension>
            <ns3:atemp>28.0</ns3:atemp>
            <ns3:hr>163</ns3:hr>
            <ns3:cad>93</ns3:cad>
          </ns3:TrackPointExtension>
        </extensions>
      </trkpt>
      <trkpt lat="22.58497280068695545196533203125" lon="114.3010059557855129241943359375">
        <ele>45.59999847412109375</ele>
        <time>2025-06-05T11:05:22.000Z</time>
        <extensions>
          <ns3:TrackPointExtension>
            <ns3:atemp>28.0</ns3:atemp>
            <ns3:hr>163</ns3:hr>
            <ns3:cad>92</ns3:cad>
          </ns3:TrackPointExtension>
        </extensions>
      </trkpt>
      <trkpt lat="22.584950923919677734375" lon="114.300978966057300567626953125">
        <ele>46</ele>
        <time>2025-06-05T11:05:23.000Z</time>
        <extensions>
          <ns3:TrackPointExtension>
            <ns3:atemp>28.0</ns3:atemp>
            <ns3:hr>164</ns3:hr>
            <ns3:cad>87</ns3:cad>
          </ns3:TrackPointExtension>
        </extensions>
      </trkpt>
      <trkpt lat="22.5849296338856220245361328125" lon="114.3009513057768344879150390625">
        <ele>46.200000762939453125</ele>
        <time>2025-06-05T11:05:24.000Z</time>
        <extensions>
          <ns3:TrackPointExtension>
            <ns3:atemp>28.0</ns3:atemp>
            <ns3:hr>163</ns3:hr>
            <ns3:cad>88</ns3:cad>
          </ns3:TrackPointExtension>
        </extensions>
      </trkpt>
      <trkpt lat="22.5849115289747714996337890625" lon="114.30092305876314640045166015625">
        <ele>46.40000152587890625</ele>
        <time>2025-06-05T11:05:25.000Z</time>
        <extensions>
          <ns3:TrackPointExtension>
            <ns3:atemp>28.0</ns3:atemp>
            <ns3:hr>164</ns3:hr>
            <ns3:cad>88</ns3:cad>
          </ns3:TrackPointExtension>
        </extensions>
      </trkpt>
      <trkpt lat="22.584896944463253021240234375" lon="114.3008916266262531280517578125">
        <ele>46.59999847412109375</ele>
        <time>2025-06-05T11:05:26.000Z</time>
        <extensions>
          <ns3:TrackPointExtension>
            <ns3:atemp>28.0</ns3:atemp>
            <ns3:hr>164</ns3:hr>
            <ns3:cad>90</ns3:cad>
          </ns3:TrackPointExtension>
        </extensions>
      </trkpt>
      <trkpt lat="22.5848852097988128662109375" lon="114.30085348896682262420654296875">
        <ele>46.59999847412109375</ele>
        <time>2025-06-05T11:05:27.000Z</time>
        <extensions>
          <ns3:TrackPointExtension>
            <ns3:atemp>28.0</ns3:atemp>
            <ns3:hr>164</ns3:hr>
            <ns3:cad>91</ns3:cad>
          </ns3:TrackPointExtension>
        </extensions>
      </trkpt>
      <trkpt lat="22.5848806835711002349853515625" lon="114.30081275291740894317626953125">
        <ele>46.799999237060546875</ele>
        <time>2025-06-05T11:05:28.000Z</time>
        <extensions>
          <ns3:TrackPointExtension>
            <ns3:atemp>28.0</ns3:atemp>
            <ns3:hr>164</ns3:hr>
            <ns3:cad>93</ns3:cad>
          </ns3:TrackPointExtension>
        </extensions>
      </trkpt>
      <trkpt lat="22.584875486791133880615234375" lon="114.300776459276676177978515625">
        <ele>47</ele>
        <time>2025-06-05T11:05:29.000Z</time>
        <extensions>
          <ns3:TrackPointExtension>
            <ns3:atemp>28.0</ns3:atemp>
            <ns3:hr>164</ns3:hr>
            <ns3:cad>93</ns3:cad>
          </ns3:TrackPointExtension>
        </extensions>
      </trkpt>
      <trkpt lat="22.58487381041049957275390625" lon="114.30074100382626056671142578125">
        <ele>47</ele>
        <time>2025-06-05T11:05:30.000Z</time>
        <extensions>
          <ns3:TrackPointExtension>
            <ns3:atemp>29.0</ns3:atemp>
            <ns3:hr>164</ns3:hr>
            <ns3:cad>93</ns3:cad>
          </ns3:TrackPointExtension>
        </extensions>
      </trkpt>
      <trkpt lat="22.58487607352435588836669921875" lon="114.30070831440389156341552734375">
        <ele>47.200000762939453125</ele>
        <time>2025-06-05T11:05:31.000Z</time>
        <extensions>
          <ns3:TrackPointExtension>
            <ns3:atemp>29.0</ns3:atemp>
            <ns3:hr>164</ns3:hr>
            <ns3:cad>93</ns3:cad>
          </ns3:TrackPointExtension>
        </extensions>
      </trkpt>
      <trkpt lat="22.58488093502819538116455078125" lon="114.3006730265915393829345703125">
        <ele>47.200000762939453125</ele>
        <time>2025-06-05T11:05:32.000Z</time>
        <extensions>
          <ns3:TrackPointExtension>
            <ns3:atemp>28.0</ns3:atemp>
            <ns3:hr>164</ns3:hr>
            <ns3:cad>93</ns3:cad>
          </ns3:TrackPointExtension>
        </extensions>
      </trkpt>
      <trkpt lat="22.58488445542752742767333984375" lon="114.30063472129404544830322265625">
        <ele>47.200000762939453125</ele>
        <time>2025-06-05T11:05:33.000Z</time>
        <extensions>
          <ns3:TrackPointExtension>
            <ns3:atemp>28.0</ns3:atemp>
            <ns3:hr>164</ns3:hr>
            <ns3:cad>0</ns3:cad>
          </ns3:TrackPointExtension>
        </extensions>
      </trkpt>
      <trkpt lat="22.58489350788295269012451171875" lon="114.300596751272678375244140625">
        <ele>47.200000762939453125</ele>
        <time>2025-06-05T11:05:34.000Z</time>
        <extensions>
          <ns3:TrackPointExtension>
            <ns3:atemp>29.0</ns3:atemp>
            <ns3:hr>164</ns3:hr>
            <ns3:cad>0</ns3:cad>
          </ns3:TrackPointExtension>
        </extensions>
      </trkpt>
      <trkpt lat="22.584898285567760467529296875" lon="114.30055224336683750152587890625">
        <ele>47</ele>
        <time>2025-06-05T11:05:35.000Z</time>
        <extensions>
          <ns3:TrackPointExtension>
            <ns3:atemp>29.0</ns3:atemp>
            <ns3:hr>164</ns3:hr>
            <ns3:cad>0</ns3:cad>
          </ns3:TrackPointExtension>
        </extensions>
      </trkpt>
      <trkpt lat="22.58490557782351970672607421875" lon="114.30050966329872608184814453125">
        <ele>47</ele>
        <time>2025-06-05T11:05:36.000Z</time>
        <extensions>
          <ns3:TrackPointExtension>
            <ns3:atemp>28.0</ns3:atemp>
            <ns3:hr>164</ns3:hr>
            <ns3:cad>101</ns3:cad>
          </ns3:TrackPointExtension>
        </extensions>
      </trkpt>
      <trkpt lat="22.5849162228405475616455078125" lon="114.30046842433512210845947265625">
        <ele>47</ele>
        <time>2025-06-05T11:05:37.000Z</time>
        <extensions>
          <ns3:TrackPointExtension>
            <ns3:atemp>28.0</ns3:atemp>
            <ns3:hr>164</ns3:hr>
            <ns3:cad>90</ns3:cad>
          </ns3:TrackPointExtension>
        </extensions>
      </trkpt>
      <trkpt lat="22.584926448762416839599609375" lon="114.3004242517054080963134765625">
        <ele>47</ele>
        <time>2025-06-05T11:05:38.000Z</time>
        <extensions>
          <ns3:TrackPointExtension>
            <ns3:atemp>28.0</ns3:atemp>
            <ns3:hr>164</ns3:hr>
            <ns3:cad>94</ns3:cad>
          </ns3:TrackPointExtension>
        </extensions>
      </trkpt>
      <trkpt lat="22.58493508212268352508544921875" lon="114.3003766424953937530517578125">
        <ele>46.799999237060546875</ele>
        <time>2025-06-05T11:05:39.000Z</time>
        <extensions>
          <ns3:TrackPointExtension>
            <ns3:atemp>28.0</ns3:atemp>
            <ns3:hr>164</ns3:hr>
            <ns3:cad>87</ns3:cad>
          </ns3:TrackPointExtension>
        </extensions>
      </trkpt>
      <trkpt lat="22.5849440507590770721435546875" lon="114.30032174102962017059326171875">
        <ele>46.799999237060546875</ele>
        <time>2025-06-05T11:05:40.000Z</time>
        <extensions>
          <ns3:TrackPointExtension>
            <ns3:atemp>28.0</ns3:atemp>
            <ns3:hr>163</ns3:hr>
            <ns3:cad>91</ns3:cad>
          </ns3:TrackPointExtension>
        </extensions>
      </trkpt>
      <trkpt lat="22.58495486341416835784912109375" lon="114.30026675574481487274169921875">
        <ele>46.59999847412109375</ele>
        <time>2025-06-05T11:05:41.000Z</time>
        <extensions>
          <ns3:TrackPointExtension>
            <ns3:atemp>28.0</ns3:atemp>
            <ns3:hr>163</ns3:hr>
            <ns3:cad>91</ns3:cad>
          </ns3:TrackPointExtension>
        </extensions>
      </trkpt>
      <trkpt lat="22.58496743626892566680908203125" lon="114.30020707659423351287841796875">
        <ele>46.59999847412109375</ele>
        <time>2025-06-05T11:05:42.000Z</time>
        <extensions>
          <ns3:TrackPointExtension>
            <ns3:atemp>28.0</ns3:atemp>
            <ns3:hr>162</ns3:hr>
            <ns3:cad>97</ns3:cad>
          </ns3:TrackPointExtension>
        </extensions>
      </trkpt>
      <trkpt lat="22.584979422390460968017578125" lon="114.30014521814882755279541015625">
        <ele>46.40000152587890625</ele>
        <time>2025-06-05T11:05:43.000Z</time>
        <extensions>
          <ns3:TrackPointExtension>
            <ns3:atemp>28.0</ns3:atemp>
            <ns3:hr>162</ns3:hr>
            <ns3:cad>91</ns3:cad>
          </ns3:TrackPointExtension>
        </extensions>
      </trkpt>
      <trkpt lat="22.5849924981594085693359375" lon="114.3000829406082630157470703125">
        <ele>46.200000762939453125</ele>
        <time>2025-06-05T11:05:44.000Z</time>
        <extensions>
          <ns3:TrackPointExtension>
            <ns3:atemp>29.0</ns3:atemp>
            <ns3:hr>161</ns3:hr>
            <ns3:cad>91</ns3:cad>
          </ns3:TrackPointExtension>
        </extensions>
      </trkpt>
      <trkpt lat="22.58500515483319759368896484375" lon="114.30002200417220592498779296875">
        <ele>46</ele>
        <time>2025-06-05T11:05:45.000Z</time>
        <extensions>
          <ns3:TrackPointExtension>
            <ns3:atemp>28.0</ns3:atemp>
            <ns3:hr>160</ns3:hr>
            <ns3:cad>91</ns3:cad>
          </ns3:TrackPointExtension>
        </extensions>
      </trkpt>
      <trkpt lat="22.58501571603119373321533203125" lon="114.29995679296553134918212890625">
        <ele>45.799999237060546875</ele>
        <time>2025-06-05T11:05:46.000Z</time>
        <extensions>
          <ns3:TrackPointExtension>
            <ns3:atemp>28.0</ns3:atemp>
            <ns3:hr>160</ns3:hr>
            <ns3:cad>91</ns3:cad>
          </ns3:TrackPointExtension>
        </extensions>
      </trkpt>
      <trkpt lat="22.5850271992385387420654296875" lon="114.29989300668239593505859375">
        <ele>45.59999847412109375</ele>
        <time>2025-06-05T11:05:47.000Z</time>
        <extensions>
          <ns3:TrackPointExtension>
            <ns3:atemp>28.0</ns3:atemp>
            <ns3:hr>160</ns3:hr>
            <ns3:cad>91</ns3:cad>
          </ns3:TrackPointExtension>
        </extensions>
      </trkpt>
      <trkpt lat="22.58503952063620090484619140625" lon="114.2998277954757213592529296875">
        <ele>45.40000152587890625</ele>
        <time>2025-06-05T11:05:48.000Z</time>
        <extensions>
          <ns3:TrackPointExtension>
            <ns3:atemp>28.0</ns3:atemp>
            <ns3:hr>160</ns3:hr>
            <ns3:cad>0</ns3:cad>
          </ns3:TrackPointExtension>
        </extensions>
      </trkpt>
      <trkpt lat="22.58504974655807018280029296875" lon="114.299759902060031890869140625">
        <ele>45.200000762939453125</ele>
        <time>2025-06-05T11:05:49.000Z</time>
        <extensions>
          <ns3:TrackPointExtension>
            <ns3:atemp>28.0</ns3:atemp>
            <ns3:hr>159</ns3:hr>
            <ns3:cad>0</ns3:cad>
          </ns3:TrackPointExtension>
        </extensions>
      </trkpt>
      <trkpt lat="22.58506198413670063018798828125" lon="114.29968857206404209136962890625">
        <ele>44.799999237060546875</ele>
        <time>2025-06-05T11:05:50.000Z</time>
        <extensions>
          <ns3:TrackPointExtension>
            <ns3:atemp>28.0</ns3:atemp>
            <ns3:hr>158</ns3:hr>
            <ns3:cad>0</ns3:cad>
          </ns3:TrackPointExtension>
        </extensions>
      </trkpt>
      <trkpt lat="22.585073970258235931396484375" lon="114.29961397312581539154052734375">
        <ele>44.200000762939453125</ele>
        <time>2025-06-05T11:05:51.000Z</time>
        <extensions>
          <ns3:TrackPointExtension>
            <ns3:atemp>28.0</ns3:atemp>
            <ns3:hr>157</ns3:hr>
            <ns3:cad>0</ns3:cad>
          </ns3:TrackPointExtension>
        </extensions>
      </trkpt>
      <trkpt lat="22.58507774211466312408447265625" lon="114.2995369434356689453125">
        <ele>43.59999847412109375</ele>
        <time>2025-06-05T11:05:52.000Z</time>
        <extensions>
          <ns3:TrackPointExtension>
            <ns3:atemp>28.0</ns3:atemp>
            <ns3:hr>156</ns3:hr>
            <ns3:cad>0</ns3:cad>
          </ns3:TrackPointExtension>
        </extensions>
      </trkpt>
      <trkpt lat="22.5850727967917919158935546875" lon="114.29945605807006359100341796875">
        <ele>43.200000762939453125</ele>
        <time>2025-06-05T11:05:53.000Z</time>
        <extensions>
          <ns3:TrackPointExtension>
            <ns3:atemp>28.0</ns3:atemp>
            <ns3:hr>156</ns3:hr>
            <ns3:cad>0</ns3:cad>
          </ns3:TrackPointExtension>
        </extensions>
      </trkpt>
      <trkpt lat="22.5850691087543964385986328125" lon="114.2993724904954433441162109375">
        <ele>42.59999847412109375</ele>
        <time>2025-06-05T11:05:54.000Z</time>
        <extensions>
          <ns3:TrackPointExtension>
            <ns3:atemp>28.0</ns3:atemp>
            <ns3:hr>155</ns3:hr>
            <ns3:cad>0</ns3:cad>
          </ns3:TrackPointExtension>
        </extensions>
      </trkpt>
      <trkpt lat="22.5850697793066501617431640625" lon="114.299285821616649627685546875">
        <ele>42</ele>
        <time>2025-06-05T11:05:55.000Z</time>
        <extensions>
          <ns3:TrackPointExtension>
            <ns3:atemp>28.0</ns3:atemp>
            <ns3:hr>155</ns3:hr>
            <ns3:cad>0</ns3:cad>
          </ns3:TrackPointExtension>
        </extensions>
      </trkpt>
      <trkpt lat="22.5850724615156650543212890625" lon="114.29919320158660411834716796875">
        <ele>41.40000152587890625</ele>
        <time>2025-06-05T11:05:56.000Z</time>
        <extensions>
          <ns3:TrackPointExtension>
            <ns3:atemp>28.0</ns3:atemp>
            <ns3:hr>154</ns3:hr>
            <ns3:cad>0</ns3:cad>
          </ns3:TrackPointExtension>
        </extensions>
      </trkpt>
      <trkpt lat="22.58508159779012203216552734375" lon="114.29909831844270229339599609375">
        <ele>40.799999237060546875</ele>
        <time>2025-06-05T11:05:57.000Z</time>
        <extensions>
          <ns3:TrackPointExtension>
            <ns3:atemp>28.0</ns3:atemp>
            <ns3:hr>153</ns3:hr>
            <ns3:cad>0</ns3:cad>
          </ns3:TrackPointExtension>
        </extensions>
      </trkpt>
      <trkpt lat="22.5850992836058139801025390625" lon="114.2990026809275150299072265625">
        <ele>40.200000762939453125</ele>
        <time>2025-06-05T11:05:58.000Z</time>
        <extensions>
          <ns3:TrackPointExtension>
            <ns3:atemp>28.0</ns3:atemp>
            <ns3:hr>152</ns3:hr>
            <ns3:cad>0</ns3:cad>
          </ns3:TrackPointExtension>
        </extensions>
      </trkpt>
      <trkpt lat="22.58513172157108783721923828125" lon="114.29891358129680156707763671875">
        <ele>39.59999847412109375</ele>
        <time>2025-06-05T11:05:59.000Z</time>
        <extensions>
          <ns3:TrackPointExtension>
            <ns3:atemp>28.0</ns3:atemp>
            <ns3:hr>152</ns3:hr>
            <ns3:cad>0</ns3:cad>
          </ns3:TrackPointExtension>
        </extensions>
      </trkpt>
      <trkpt lat="22.58518184535205364227294921875" lon="114.2988323606550693511962890625">
        <ele>39</ele>
        <time>2025-06-05T11:06:00.000Z</time>
        <extensions>
          <ns3:TrackPointExtension>
            <ns3:atemp>28.0</ns3:atemp>
            <ns3:hr>151</ns3:hr>
            <ns3:cad>0</ns3:cad>
          </ns3:TrackPointExtension>
        </extensions>
      </trkpt>
      <trkpt lat="22.58524663746356964111328125" lon="114.29876220412552356719970703125">
        <ele>38.40000152587890625</ele>
        <time>2025-06-05T11:06:01.000Z</time>
        <extensions>
          <ns3:TrackPointExtension>
            <ns3:atemp>28.0</ns3:atemp>
            <ns3:hr>150</ns3:hr>
            <ns3:cad>0</ns3:cad>
          </ns3:TrackPointExtension>
        </extensions>
      </trkpt>
      <trkpt lat="22.585318386554718017578125" lon="114.2986992560327053070068359375">
        <ele>37.59999847412109375</ele>
        <time>2025-06-05T11:06:02.000Z</time>
        <extensions>
          <ns3:TrackPointExtension>
            <ns3:atemp>28.0</ns3:atemp>
            <ns3:hr>150</ns3:hr>
            <ns3:cad>0</ns3:cad>
          </ns3:TrackPointExtension>
        </extensions>
      </trkpt>
      <trkpt lat="22.58538887836039066314697265625" lon="114.29862977005541324615478515625">
        <ele>37</ele>
        <time>2025-06-05T11:06:03.000Z</time>
        <extensions>
          <ns3:TrackPointExtension>
            <ns3:atemp>28.0</ns3:atemp>
            <ns3:hr>149</ns3:hr>
            <ns3:cad>0</ns3:cad>
          </ns3:TrackPointExtension>
        </extensions>
      </trkpt>
      <trkpt lat="22.58545056916773319244384765625" lon="114.2985524050891399383544921875">
        <ele>36.200000762939453125</ele>
        <time>2025-06-05T11:06:04.000Z</time>
        <extensions>
          <ns3:TrackPointExtension>
            <ns3:atemp>28.0</ns3:atemp>
            <ns3:hr>149</ns3:hr>
            <ns3:cad>0</ns3:cad>
          </ns3:TrackPointExtension>
        </extensions>
      </trkpt>
      <trkpt lat="22.5855039618909358978271484375" lon="114.29846431128680706024169921875">
        <ele>35.59999847412109375</ele>
        <time>2025-06-05T11:06:05.000Z</time>
        <extensions>
          <ns3:TrackPointExtension>
            <ns3:atemp>28.0</ns3:atemp>
            <ns3:hr>148</ns3:hr>
            <ns3:cad>0</ns3:cad>
          </ns3:TrackPointExtension>
        </extensions>
      </trkpt>
      <trkpt lat="22.58554712869226932525634765625" lon="114.29837395437061786651611328125">
        <ele>35.200000762939453125</ele>
        <time>2025-06-05T11:06:06.000Z</time>
        <extensions>
          <ns3:TrackPointExtension>
            <ns3:atemp>28.0</ns3:atemp>
            <ns3:hr>148</ns3:hr>
            <ns3:cad>0</ns3:cad>
          </ns3:TrackPointExtension>
        </extensions>
      </trkpt>
      <trkpt lat="22.585583589971065521240234375" lon="114.298284351825714111328125">
        <ele>35.200000762939453125</ele>
        <time>2025-06-05T11:06:07.000Z</time>
        <extensions>
          <ns3:TrackPointExtension>
            <ns3:atemp>28.0</ns3:atemp>
            <ns3:hr>148</ns3:hr>
            <ns3:cad>0</ns3:cad>
          </ns3:TrackPointExtension>
        </extensions>
      </trkpt>
      <trkpt lat="22.58561871014535427093505859375" lon="114.2981983534991741180419921875">
        <ele>35.200000762939453125</ele>
        <time>2025-06-05T11:06:08.000Z</time>
        <extensions>
          <ns3:TrackPointExtension>
            <ns3:atemp>28.0</ns3:atemp>
            <ns3:hr>147</ns3:hr>
            <ns3:cad>0</ns3:cad>
          </ns3:TrackPointExtension>
        </extensions>
      </trkpt>
      <trkpt lat="22.585653997957706451416015625" lon="114.29811730049550533294677734375">
        <ele>35.200000762939453125</ele>
        <time>2025-06-05T11:06:09.000Z</time>
        <extensions>
          <ns3:TrackPointExtension>
            <ns3:atemp>28.0</ns3:atemp>
            <ns3:hr>146</ns3:hr>
            <ns3:cad>0</ns3:cad>
          </ns3:TrackPointExtension>
        </extensions>
      </trkpt>
      <trkpt lat="22.58568844757974147796630859375" lon="114.2980404384434223175048828125">
        <ele>35.40000152587890625</ele>
        <time>2025-06-05T11:06:10.000Z</time>
        <extensions>
          <ns3:TrackPointExtension>
            <ns3:atemp>28.0</ns3:atemp>
            <ns3:hr>146</ns3:hr>
            <ns3:cad>0</ns3:cad>
          </ns3:TrackPointExtension>
        </extensions>
      </trkpt>
      <trkpt lat="22.58571795187890529632568359375" lon="114.2979646660387516021728515625">
        <ele>35.59999847412109375</ele>
        <time>2025-06-05T11:06:11.000Z</time>
        <extensions>
          <ns3:TrackPointExtension>
            <ns3:atemp>28.0</ns3:atemp>
            <ns3:hr>145</ns3:hr>
            <ns3:cad>0</ns3:cad>
          </ns3:TrackPointExtension>
        </extensions>
      </trkpt>
      <trkpt lat="22.58574326522648334503173828125" lon="114.29789367131888866424560546875">
        <ele>35.799999237060546875</ele>
        <time>2025-06-05T11:06:12.000Z</time>
        <extensions>
          <ns3:TrackPointExtension>
            <ns3:atemp>28.0</ns3:atemp>
            <ns3:hr>144</ns3:hr>
            <ns3:cad>0</ns3:cad>
          </ns3:TrackPointExtension>
        </extensions>
      </trkpt>
      <trkpt lat="22.58576539345085620880126953125" lon="114.29782158695161342620849609375">
        <ele>36.40000152587890625</ele>
        <time>2025-06-05T11:06:13.000Z</time>
        <extensions>
          <ns3:TrackPointExtension>
            <ns3:atemp>28.0</ns3:atemp>
            <ns3:hr>142</ns3:hr>
            <ns3:cad>73</ns3:cad>
          </ns3:TrackPointExtension>
        </extensions>
      </trkpt>
      <trkpt lat="22.58577880449593067169189453125" lon="114.2977465689182281494140625">
        <ele>36.799999237060546875</ele>
        <time>2025-06-05T11:06:14.000Z</time>
        <extensions>
          <ns3:TrackPointExtension>
            <ns3:atemp>28.0</ns3:atemp>
            <ns3:hr>141</ns3:hr>
            <ns3:cad>72</ns3:cad>
          </ns3:TrackPointExtension>
        </extensions>
      </trkpt>
      <trkpt lat="22.5857845880091190338134765625" lon="114.29767138324677944183349609375">
        <ele>37.200000762939453125</ele>
        <time>2025-06-05T11:06:15.000Z</time>
        <extensions>
          <ns3:TrackPointExtension>
            <ns3:atemp>28.0</ns3:atemp>
            <ns3:hr>141</ns3:hr>
            <ns3:cad>69</ns3:cad>
          </ns3:TrackPointExtension>
        </extensions>
      </trkpt>
      <trkpt lat="22.58578978478908538818359375" lon="114.29759594611823558807373046875">
        <ele>37.200000762939453125</ele>
        <time>2025-06-05T11:06:16.000Z</time>
        <extensions>
          <ns3:TrackPointExtension>
            <ns3:atemp>28.0</ns3:atemp>
            <ns3:hr>140</ns3:hr>
            <ns3:cad>70</ns3:cad>
          </ns3:TrackPointExtension>
        </extensions>
      </trkpt>
      <trkpt lat="22.585788108408451080322265625" lon="114.29752193391323089599609375">
        <ele>37.59999847412109375</ele>
        <time>2025-06-05T11:06:17.000Z</time>
        <extensions>
          <ns3:TrackPointExtension>
            <ns3:atemp>28.0</ns3:atemp>
            <ns3:hr>138</ns3:hr>
            <ns3:cad>70</ns3:cad>
          </ns3:TrackPointExtension>
        </extensions>
      </trkpt>
      <trkpt lat="22.58578115142881870269775390625" lon="114.29745110683143138885498046875">
        <ele>37.200000762939453125</ele>
        <time>2025-06-05T11:06:18.000Z</time>
        <extensions>
          <ns3:TrackPointExtension>
            <ns3:atemp>28.0</ns3:atemp>
            <ns3:hr>138</ns3:hr>
            <ns3:cad>70</ns3:cad>
          </ns3:TrackPointExtension>
        </extensions>
      </trkpt>
      <trkpt lat="22.58577494882047176361083984375" lon="114.2973816208541393280029296875">
        <ele>37</ele>
        <time>2025-06-05T11:06:19.000Z</time>
        <extensions>
          <ns3:TrackPointExtension>
            <ns3:atemp>28.0</ns3:atemp>
            <ns3:hr>138</ns3:hr>
            <ns3:cad>69</ns3:cad>
          </ns3:TrackPointExtension>
        </extensions>
      </trkpt>
      <trkpt lat="22.58577126078307628631591796875" lon="114.29731230251491069793701171875">
        <ele>37.59999847412109375</ele>
        <time>2025-06-05T11:06:20.000Z</time>
        <extensions>
          <ns3:TrackPointExtension>
            <ns3:atemp>28.0</ns3:atemp>
            <ns3:hr>138</ns3:hr>
            <ns3:cad>68</ns3:cad>
          </ns3:TrackPointExtension>
        </extensions>
      </trkpt>
      <trkpt lat="22.58576774038374423980712890625" lon="114.29723904468119144439697265625">
        <ele>38.40000152587890625</ele>
        <time>2025-06-05T11:06:21.000Z</time>
        <extensions>
          <ns3:TrackPointExtension>
            <ns3:atemp>28.0</ns3:atemp>
            <ns3:hr>138</ns3:hr>
            <ns3:cad>69</ns3:cad>
          </ns3:TrackPointExtension>
        </extensions>
      </trkpt>
      <trkpt lat="22.58576153777539730072021484375" lon="114.2971670441329479217529296875">
        <ele>39</ele>
        <time>2025-06-05T11:06:22.000Z</time>
        <extensions>
          <ns3:TrackPointExtension>
            <ns3:atemp>28.0</ns3:atemp>
            <ns3:hr>138</ns3:hr>
            <ns3:cad>69</ns3:cad>
          </ns3:TrackPointExtension>
        </extensions>
      </trkpt>
      <trkpt lat="22.58575449697673320770263671875" lon="114.29709336720407009124755859375">
        <ele>39.799999237060546875</ele>
        <time>2025-06-05T11:06:23.000Z</time>
        <extensions>
          <ns3:TrackPointExtension>
            <ns3:atemp>28.0</ns3:atemp>
            <ns3:hr>138</ns3:hr>
            <ns3:cad>68</ns3:cad>
          </ns3:TrackPointExtension>
        </extensions>
      </trkpt>
      <trkpt lat="22.58575022220611572265625" lon="114.2970223724842071533203125">
        <ele>40.40000152587890625</ele>
        <time>2025-06-05T11:06:24.000Z</time>
        <extensions>
          <ns3:TrackPointExtension>
            <ns3:atemp>28.0</ns3:atemp>
            <ns3:hr>137</ns3:hr>
            <ns3:cad>69</ns3:cad>
          </ns3:TrackPointExtension>
        </extensions>
      </trkpt>
      <trkpt lat="22.58575349114835262298583984375" lon="114.296951629221439361572265625">
        <ele>40.200000762939453125</ele>
        <time>2025-06-05T11:06:25.000Z</time>
        <extensions>
          <ns3:TrackPointExtension>
            <ns3:atemp>28.0</ns3:atemp>
            <ns3:hr>137</ns3:hr>
            <ns3:cad>67</ns3:cad>
          </ns3:TrackPointExtension>
        </extensions>
      </trkpt>
      <trkpt lat="22.58577092550694942474365234375" lon="114.29688415490090847015380859375">
        <ele>40</ele>
        <time>2025-06-05T11:06:26.000Z</time>
        <extensions>
          <ns3:TrackPointExtension>
            <ns3:atemp>28.0</ns3:atemp>
            <ns3:hr>137</ns3:hr>
            <ns3:cad>68</ns3:cad>
          </ns3:TrackPointExtension>
        </extensions>
      </trkpt>
      <trkpt lat="22.58578198961913585662841796875" lon="114.296815507113933563232421875">
        <ele>39.59999847412109375</ele>
        <time>2025-06-05T11:06:27.000Z</time>
        <extensions>
          <ns3:TrackPointExtension>
            <ns3:atemp>28.0</ns3:atemp>
            <ns3:hr>136</ns3:hr>
            <ns3:cad>68</ns3:cad>
          </ns3:TrackPointExtension>
        </extensions>
      </trkpt>
      <trkpt lat="22.58580344729125499725341796875" lon="114.29674870334565639495849609375">
        <ele>39</ele>
        <time>2025-06-05T11:06:28.000Z</time>
        <extensions>
          <ns3:TrackPointExtension>
            <ns3:atemp>28.0</ns3:atemp>
            <ns3:hr>136</ns3:hr>
            <ns3:cad>67</ns3:cad>
          </ns3:TrackPointExtension>
        </extensions>
      </trkpt>
      <trkpt lat="22.58582733571529388427734375" lon="114.29667913354933261871337890625">
        <ele>38.40000152587890625</ele>
        <time>2025-06-05T11:06:29.000Z</time>
        <extensions>
          <ns3:TrackPointExtension>
            <ns3:atemp>28.0</ns3:atemp>
            <ns3:hr>136</ns3:hr>
            <ns3:cad>69</ns3:cad>
          </ns3:TrackPointExtension>
        </extensions>
      </trkpt>
      <trkpt lat="22.58584887720644474029541015625" lon="114.29660654626786708831787109375">
        <ele>38</ele>
        <time>2025-06-05T11:06:30.000Z</time>
        <extensions>
          <ns3:TrackPointExtension>
            <ns3:atemp>28.0</ns3:atemp>
            <ns3:hr>136</ns3:hr>
            <ns3:cad>69</ns3:cad>
          </ns3:TrackPointExtension>
        </extensions>
      </trkpt>
      <trkpt lat="22.58587033487856388092041015625" lon="114.29653328843414783477783203125">
        <ele>38</ele>
        <time>2025-06-05T11:06:31.000Z</time>
        <extensions>
          <ns3:TrackPointExtension>
            <ns3:atemp>28.0</ns3:atemp>
            <ns3:hr>136</ns3:hr>
            <ns3:cad>69</ns3:cad>
          </ns3:TrackPointExtension>
        </extensions>
      </trkpt>
      <trkpt lat="22.58589036762714385986328125" lon="114.29645843803882598876953125">
        <ele>37.799999237060546875</ele>
        <time>2025-06-05T11:06:32.000Z</time>
        <extensions>
          <ns3:TrackPointExtension>
            <ns3:atemp>28.0</ns3:atemp>
            <ns3:hr>136</ns3:hr>
            <ns3:cad>72</ns3:cad>
          </ns3:TrackPointExtension>
        </extensions>
      </trkpt>
      <trkpt lat="22.585912831127643585205078125" lon="114.2963841743767261505126953125">
        <ele>37.59999847412109375</ele>
        <time>2025-06-05T11:06:33.000Z</time>
        <extensions>
          <ns3:TrackPointExtension>
            <ns3:atemp>28.0</ns3:atemp>
            <ns3:hr>137</ns3:hr>
            <ns3:cad>75</ns3:cad>
          </ns3:TrackPointExtension>
        </extensions>
      </trkpt>
      <trkpt lat="22.58593604899942874908447265625" lon="114.2963050492107868194580078125">
        <ele>37.59999847412109375</ele>
        <time>2025-06-05T11:06:34.000Z</time>
        <extensions>
          <ns3:TrackPointExtension>
            <ns3:atemp>28.0</ns3:atemp>
            <ns3:hr>137</ns3:hr>
            <ns3:cad>76</ns3:cad>
          </ns3:TrackPointExtension>
        </extensions>
      </trkpt>
      <trkpt lat="22.58596203289926052093505859375" lon="114.29622600786387920379638671875">
        <ele>37.40000152587890625</ele>
        <time>2025-06-05T11:06:35.000Z</time>
        <extensions>
          <ns3:TrackPointExtension>
            <ns3:atemp>28.0</ns3:atemp>
            <ns3:hr>137</ns3:hr>
            <ns3:cad>76</ns3:cad>
          </ns3:TrackPointExtension>
        </extensions>
      </trkpt>
      <trkpt lat="22.58598625659942626953125" lon="114.29615132510662078857421875">
        <ele>37.200000762939453125</ele>
        <time>2025-06-05T11:06:36.000Z</time>
        <extensions>
          <ns3:TrackPointExtension>
            <ns3:atemp>28.0</ns3:atemp>
            <ns3:hr>138</ns3:hr>
            <ns3:cad>77</ns3:cad>
          </ns3:TrackPointExtension>
        </extensions>
      </trkpt>
      <trkpt lat="22.586010061204433441162109375" lon="114.2960784025490283966064453125">
        <ele>37.200000762939453125</ele>
        <time>2025-06-05T11:06:37.000Z</time>
        <extensions>
          <ns3:TrackPointExtension>
            <ns3:atemp>28.0</ns3:atemp>
            <ns3:hr>138</ns3:hr>
            <ns3:cad>78</ns3:cad>
          </ns3:TrackPointExtension>
        </extensions>
      </trkpt>
      <trkpt lat="22.58603747002780437469482421875" lon="114.2960012890398502349853515625">
        <ele>37</ele>
        <time>2025-06-05T11:06:38.000Z</time>
        <extensions>
          <ns3:TrackPointExtension>
            <ns3:atemp>28.0</ns3:atemp>
            <ns3:hr>138</ns3:hr>
            <ns3:cad>78</ns3:cad>
          </ns3:TrackPointExtension>
        </extensions>
      </trkpt>
      <trkpt lat="22.58606429211795330047607421875" lon="114.29592442698776721954345703125">
        <ele>37</ele>
        <time>2025-06-05T11:06:39.000Z</time>
        <extensions>
          <ns3:TrackPointExtension>
            <ns3:atemp>28.0</ns3:atemp>
            <ns3:hr>139</ns3:hr>
            <ns3:cad>79</ns3:cad>
          </ns3:TrackPointExtension>
        </extensions>
      </trkpt>
      <trkpt lat="22.586093880236148834228515625" lon="114.29584689438343048095703125">
        <ele>36.799999237060546875</ele>
        <time>2025-06-05T11:06:40.000Z</time>
        <extensions>
          <ns3:TrackPointExtension>
            <ns3:atemp>28.0</ns3:atemp>
            <ns3:hr>139</ns3:hr>
            <ns3:cad>80</ns3:cad>
          </ns3:TrackPointExtension>
        </extensions>
      </trkpt>
      <trkpt lat="22.58612363599240779876708984375" lon="114.29576785303652286529541015625">
        <ele>36.59999847412109375</ele>
        <time>2025-06-05T11:06:41.000Z</time>
        <extensions>
          <ns3:TrackPointExtension>
            <ns3:atemp>28.0</ns3:atemp>
            <ns3:hr>138</ns3:hr>
            <ns3:cad>79</ns3:cad>
          </ns3:TrackPointExtension>
        </extensions>
      </trkpt>
      <trkpt lat="22.58615724742412567138671875" lon="114.2956894822418689727783203125">
        <ele>36.200000762939453125</ele>
        <time>2025-06-05T11:06:42.000Z</time>
        <extensions>
          <ns3:TrackPointExtension>
            <ns3:atemp>28.0</ns3:atemp>
            <ns3:hr>138</ns3:hr>
            <ns3:cad>84</ns3:cad>
          </ns3:TrackPointExtension>
        </extensions>
      </trkpt>
      <trkpt lat="22.5861879251897335052490234375" lon="114.2956063337624073028564453125">
        <ele>35.799999237060546875</ele>
        <time>2025-06-05T11:06:43.000Z</time>
        <extensions>
          <ns3:TrackPointExtension>
            <ns3:atemp>28.0</ns3:atemp>
            <ns3:hr>138</ns3:hr>
            <ns3:cad>84</ns3:cad>
          </ns3:TrackPointExtension>
        </extensions>
      </trkpt>
      <trkpt lat="22.58621566928923130035400390625" lon="114.29552008397877216339111328125">
        <ele>35.40000152587890625</ele>
        <time>2025-06-05T11:06:44.000Z</time>
        <extensions>
          <ns3:TrackPointExtension>
            <ns3:atemp>28.0</ns3:atemp>
            <ns3:hr>138</ns3:hr>
            <ns3:cad>85</ns3:cad>
          </ns3:TrackPointExtension>
        </extensions>
      </trkpt>
      <trkpt lat="22.58623369038105010986328125" lon="114.29543056525290012359619140625">
        <ele>35</ele>
        <time>2025-06-05T11:06:45.000Z</time>
        <extensions>
          <ns3:TrackPointExtension>
            <ns3:atemp>28.0</ns3:atemp>
            <ns3:hr>138</ns3:hr>
            <ns3:cad>87</ns3:cad>
          </ns3:TrackPointExtension>
        </extensions>
      </trkpt>
      <trkpt lat="22.58623880334198474884033203125" lon="114.29533584974706172943115234375">
        <ele>34.59999847412109375</ele>
        <time>2025-06-05T11:06:46.000Z</time>
        <extensions>
          <ns3:TrackPointExtension>
            <ns3:atemp>28.0</ns3:atemp>
            <ns3:hr>139</ns3:hr>
            <ns3:cad>88</ns3:cad>
          </ns3:TrackPointExtension>
        </extensions>
      </trkpt>
      <trkpt lat="22.586232014000415802001953125" lon="114.2952398769557476043701171875">
        <ele>34.40000152587890625</ele>
        <time>2025-06-05T11:06:47.000Z</time>
        <extensions>
          <ns3:TrackPointExtension>
            <ns3:atemp>28.0</ns3:atemp>
            <ns3:hr>139</ns3:hr>
            <ns3:cad>89</ns3:cad>
          </ns3:TrackPointExtension>
        </extensions>
      </trkpt>
      <trkpt lat="22.5862187705934047698974609375" lon="114.2951473407447338104248046875">
        <ele>34.200000762939453125</ele>
        <time>2025-06-05T11:06:48.000Z</time>
        <extensions>
          <ns3:TrackPointExtension>
            <ns3:atemp>28.0</ns3:atemp>
            <ns3:hr>140</ns3:hr>
            <ns3:cad>89</ns3:cad>
          </ns3:TrackPointExtension>
        </extensions>
      </trkpt>
      <trkpt lat="22.58620326407253742218017578125" lon="114.2950544692575931549072265625">
        <ele>34</ele>
        <time>2025-06-05T11:06:49.000Z</time>
        <extensions>
          <ns3:TrackPointExtension>
            <ns3:atemp>28.0</ns3:atemp>
            <ns3:hr>140</ns3:hr>
            <ns3:cad>89</ns3:cad>
          </ns3:TrackPointExtension>
        </extensions>
      </trkpt>
      <trkpt lat="22.5861860811710357666015625" lon="114.2949622683227062225341796875">
        <ele>33.799999237060546875</ele>
        <time>2025-06-05T11:06:50.000Z</time>
        <extensions>
          <ns3:TrackPointExtension>
            <ns3:atemp>28.0</ns3:atemp>
            <ns3:hr>140</ns3:hr>
            <ns3:cad>87</ns3:cad>
          </ns3:TrackPointExtension>
        </extensions>
      </trkpt>
      <trkpt lat="22.58616889826953411102294921875" lon="114.29486830718815326690673828125">
        <ele>33.59999847412109375</ele>
        <time>2025-06-05T11:06:51.000Z</time>
        <extensions>
          <ns3:TrackPointExtension>
            <ns3:atemp>28.0</ns3:atemp>
            <ns3:hr>139</ns3:hr>
            <ns3:cad>80</ns3:cad>
          </ns3:TrackPointExtension>
        </extensions>
      </trkpt>
      <trkpt lat="22.58615179918706417083740234375" lon="114.294773004949092864990234375">
        <ele>33.200000762939453125</ele>
        <time>2025-06-05T11:06:52.000Z</time>
        <extensions>
          <ns3:TrackPointExtension>
            <ns3:atemp>28.0</ns3:atemp>
            <ns3:hr>138</ns3:hr>
            <ns3:cad>80</ns3:cad>
          </ns3:TrackPointExtension>
        </extensions>
      </trkpt>
      <trkpt lat="22.58612866513431072235107421875" lon="114.29467678070068359375">
        <ele>33</ele>
        <time>2025-06-05T11:06:53.000Z</time>
        <extensions>
          <ns3:TrackPointExtension>
            <ns3:atemp>28.0</ns3:atemp>
            <ns3:hr>139</ns3:hr>
            <ns3:cad>82</ns3:cad>
          </ns3:TrackPointExtension>
        </extensions>
      </trkpt>
      <trkpt lat="22.586095221340656280517578125" lon="114.2945850826799869537353515625">
        <ele>32.799999237060546875</ele>
        <time>2025-06-05T11:06:54.000Z</time>
        <extensions>
          <ns3:TrackPointExtension>
            <ns3:atemp>28.0</ns3:atemp>
            <ns3:hr>139</ns3:hr>
            <ns3:cad>82</ns3:cad>
          </ns3:TrackPointExtension>
        </extensions>
      </trkpt>
      <trkpt lat="22.58605188690125942230224609375" lon="114.29450176656246185302734375">
        <ele>32.799999237060546875</ele>
        <time>2025-06-05T11:06:55.000Z</time>
        <extensions>
          <ns3:TrackPointExtension>
            <ns3:atemp>28.0</ns3:atemp>
            <ns3:hr>139</ns3:hr>
            <ns3:cad>45</ns3:cad>
          </ns3:TrackPointExtension>
        </extensions>
      </trkpt>
      <trkpt lat="22.5860021822154521942138671875" lon="114.2944233119487762451171875">
        <ele>32.799999237060546875</ele>
        <time>2025-06-05T11:06:56.000Z</time>
        <extensions>
          <ns3:TrackPointExtension>
            <ns3:atemp>28.0</ns3:atemp>
            <ns3:hr>140</ns3:hr>
            <ns3:cad>53</ns3:cad>
          </ns3:TrackPointExtension>
        </extensions>
      </trkpt>
      <trkpt lat="22.5859468616545200347900390625" lon="114.29435483179986476898193359375">
        <ele>33</ele>
        <time>2025-06-05T11:06:57.000Z</time>
        <extensions>
          <ns3:TrackPointExtension>
            <ns3:atemp>28.0</ns3:atemp>
            <ns3:hr>140</ns3:hr>
            <ns3:cad>75</ns3:cad>
          </ns3:TrackPointExtension>
        </extensions>
      </trkpt>
      <trkpt lat="22.5858871825039386749267578125" lon="114.2942907102406024932861328125">
        <ele>33.200000762939453125</ele>
        <time>2025-06-05T11:06:58.000Z</time>
        <extensions>
          <ns3:TrackPointExtension>
            <ns3:atemp>28.0</ns3:atemp>
            <ns3:hr>140</ns3:hr>
            <ns3:cad>82</ns3:cad>
          </ns3:TrackPointExtension>
        </extensions>
      </trkpt>
      <trkpt lat="22.5858315266668796539306640625" lon="114.2942306958138942718505859375">
        <ele>33.40000152587890625</ele>
        <time>2025-06-05T11:06:59.000Z</time>
        <extensions>
          <ns3:TrackPointExtension>
            <ns3:atemp>28.0</ns3:atemp>
            <ns3:hr>141</ns3:hr>
            <ns3:cad>84</ns3:cad>
          </ns3:TrackPointExtension>
        </extensions>
      </trkpt>
      <trkpt lat="22.58577712811529636383056640625" lon="114.2941720224916934967041015625">
        <ele>33.799999237060546875</ele>
        <time>2025-06-05T11:07:00.000Z</time>
        <extensions>
          <ns3:TrackPointExtension>
            <ns3:atemp>28.0</ns3:atemp>
            <ns3:hr>141</ns3:hr>
            <ns3:cad>86</ns3:cad>
          </ns3:TrackPointExtension>
        </extensions>
      </trkpt>
      <trkpt lat="22.58572683669626712799072265625" lon="114.29411041550338268280029296875">
        <ele>34.200000762939453125</ele>
        <time>2025-06-05T11:07:01.000Z</time>
        <extensions>
          <ns3:TrackPointExtension>
            <ns3:atemp>28.0</ns3:atemp>
            <ns3:hr>141</ns3:hr>
            <ns3:cad>93</ns3:cad>
          </ns3:TrackPointExtension>
        </extensions>
      </trkpt>
      <trkpt lat="22.58568123914301395416259765625" lon="114.294047467410564422607421875">
        <ele>34.799999237060546875</ele>
        <time>2025-06-05T11:07:02.000Z</time>
        <extensions>
          <ns3:TrackPointExtension>
            <ns3:atemp>28.0</ns3:atemp>
            <ns3:hr>140</ns3:hr>
            <ns3:cad>83</ns3:cad>
          </ns3:TrackPointExtension>
        </extensions>
      </trkpt>
      <trkpt lat="22.58564519695937633514404296875" lon="114.2939809150993824005126953125">
        <ele>35.200000762939453125</ele>
        <time>2025-06-05T11:07:03.000Z</time>
        <extensions>
          <ns3:TrackPointExtension>
            <ns3:atemp>28.0</ns3:atemp>
            <ns3:hr>141</ns3:hr>
            <ns3:cad>83</ns3:cad>
          </ns3:TrackPointExtension>
        </extensions>
      </trkpt>
      <trkpt lat="22.5856196321547031402587890625" lon="114.29391562007367610931396484375">
        <ele>35.799999237060546875</ele>
        <time>2025-06-05T11:07:04.000Z</time>
        <extensions>
          <ns3:TrackPointExtension>
            <ns3:atemp>28.0</ns3:atemp>
            <ns3:hr>140</ns3:hr>
            <ns3:cad>76</ns3:cad>
          </ns3:TrackPointExtension>
        </extensions>
      </trkpt>
      <trkpt lat="22.58560244925320148468017578125" lon="114.2938439548015594482421875">
        <ele>36.200000762939453125</ele>
        <time>2025-06-05T11:07:05.000Z</time>
        <extensions>
          <ns3:TrackPointExtension>
            <ns3:atemp>28.0</ns3:atemp>
            <ns3:hr>140</ns3:hr>
            <ns3:cad>75</ns3:cad>
          </ns3:TrackPointExtension>
        </extensions>
      </trkpt>
      <trkpt lat="22.58559691719710826873779296875" lon="114.29377145133912563323974609375">
        <ele>36.59999847412109375</ele>
        <time>2025-06-05T11:07:06.000Z</time>
        <extensions>
          <ns3:TrackPointExtension>
            <ns3:atemp>28.0</ns3:atemp>
            <ns3:hr>140</ns3:hr>
            <ns3:cad>75</ns3:cad>
          </ns3:TrackPointExtension>
        </extensions>
      </trkpt>
      <trkpt lat="22.58560001850128173828125" lon="114.293700791895389556884765625">
        <ele>37</ele>
        <time>2025-06-05T11:07:07.000Z</time>
        <extensions>
          <ns3:TrackPointExtension>
            <ns3:atemp>28.0</ns3:atemp>
            <ns3:hr>140</ns3:hr>
            <ns3:cad>74</ns3:cad>
          </ns3:TrackPointExtension>
        </extensions>
      </trkpt>
      <trkpt lat="22.58561317808926105499267578125" lon="114.2936305515468120574951171875">
        <ele>37.200000762939453125</ele>
        <time>2025-06-05T11:07:08.000Z</time>
        <extensions>
          <ns3:TrackPointExtension>
            <ns3:atemp>28.0</ns3:atemp>
            <ns3:hr>141</ns3:hr>
            <ns3:cad>75</ns3:cad>
          </ns3:TrackPointExtension>
        </extensions>
      </trkpt>
      <trkpt lat="22.58563815616071224212646484375" lon="114.2935614846646785736083984375">
        <ele>37.40000152587890625</ele>
        <time>2025-06-05T11:07:09.000Z</time>
        <extensions>
          <ns3:TrackPointExtension>
            <ns3:atemp>28.0</ns3:atemp>
            <ns3:hr>141</ns3:hr>
            <ns3:cad>76</ns3:cad>
          </ns3:TrackPointExtension>
        </extensions>
      </trkpt>
      <trkpt lat="22.5856722705066204071044921875" lon="114.29349300451576709747314453125">
        <ele>37.200000762939453125</ele>
        <time>2025-06-05T11:07:10.000Z</time>
        <extensions>
          <ns3:TrackPointExtension>
            <ns3:atemp>28.0</ns3:atemp>
            <ns3:hr>141</ns3:hr>
            <ns3:cad>79</ns3:cad>
          </ns3:TrackPointExtension>
        </extensions>
      </trkpt>
      <trkpt lat="22.58571526966989040374755859375" lon="114.29342863149940967559814453125">
        <ele>37</ele>
        <time>2025-06-05T11:07:11.000Z</time>
        <extensions>
          <ns3:TrackPointExtension>
            <ns3:atemp>28.0</ns3:atemp>
            <ns3:hr>142</ns3:hr>
            <ns3:cad>80</ns3:cad>
          </ns3:TrackPointExtension>
        </extensions>
      </trkpt>
      <trkpt lat="22.58576522581279277801513671875" lon="114.2933646775782108306884765625">
        <ele>36.59999847412109375</ele>
        <time>2025-06-05T11:07:12.000Z</time>
        <extensions>
          <ns3:TrackPointExtension>
            <ns3:atemp>28.0</ns3:atemp>
            <ns3:hr>142</ns3:hr>
            <ns3:cad>81</ns3:cad>
          </ns3:TrackPointExtension>
        </extensions>
      </trkpt>
      <trkpt lat="22.58581719361245632171630859375" lon="114.2932994663715362548828125">
        <ele>36</ele>
        <time>2025-06-05T11:07:13.000Z</time>
        <extensions>
          <ns3:TrackPointExtension>
            <ns3:atemp>28.0</ns3:atemp>
            <ns3:hr>142</ns3:hr>
            <ns3:cad>91</ns3:cad>
          </ns3:TrackPointExtension>
        </extensions>
      </trkpt>
      <trkpt lat="22.58587083779275417327880859375" lon="114.293236434459686279296875">
        <ele>35.40000152587890625</ele>
        <time>2025-06-05T11:07:14.000Z</time>
        <extensions>
          <ns3:TrackPointExtension>
            <ns3:atemp>28.0</ns3:atemp>
            <ns3:hr>142</ns3:hr>
            <ns3:cad>91</ns3:cad>
          </ns3:TrackPointExtension>
        </extensions>
      </trkpt>
      <trkpt lat="22.5859270803630352020263671875" lon="114.2931675352156162261962890625">
        <ele>34.799999237060546875</ele>
        <time>2025-06-05T11:07:15.000Z</time>
        <extensions>
          <ns3:TrackPointExtension>
            <ns3:atemp>28.0</ns3:atemp>
            <ns3:hr>142</ns3:hr>
            <ns3:cad>91</ns3:cad>
          </ns3:TrackPointExtension>
        </extensions>
      </trkpt>
      <trkpt lat="22.58598483167588710784912109375" lon="114.29309897124767303466796875">
        <ele>34</ele>
        <time>2025-06-05T11:07:16.000Z</time>
        <extensions>
          <ns3:TrackPointExtension>
            <ns3:atemp>28.0</ns3:atemp>
            <ns3:hr>142</ns3:hr>
            <ns3:cad>131</ns3:cad>
          </ns3:TrackPointExtension>
        </extensions>
      </trkpt>
      <trkpt lat="22.586047612130641937255859375" lon="114.2930277250707149505615234375">
        <ele>33.200000762939453125</ele>
        <time>2025-06-05T11:07:17.000Z</time>
        <extensions>
          <ns3:TrackPointExtension>
            <ns3:atemp>28.0</ns3:atemp>
            <ns3:hr>144</ns3:hr>
            <ns3:cad>131</ns3:cad>
          </ns3:TrackPointExtension>
        </extensions>
      </trkpt>
      <trkpt lat="22.586112655699253082275390625" lon="114.2929546348750591278076171875">
        <ele>32.40000152587890625</ele>
        <time>2025-06-05T11:07:18.000Z</time>
        <extensions>
          <ns3:TrackPointExtension>
            <ns3:atemp>28.0</ns3:atemp>
            <ns3:hr>145</ns3:hr>
            <ns3:cad>131</ns3:cad>
          </ns3:TrackPointExtension>
        </extensions>
      </trkpt>
      <trkpt lat="22.5861792080104351043701171875" lon="114.2928768508136272430419921875">
        <ele>31.3999996185302734375</ele>
        <time>2025-06-05T11:07:19.000Z</time>
        <extensions>
          <ns3:TrackPointExtension>
            <ns3:atemp>28.0</ns3:atemp>
            <ns3:hr>146</ns3:hr>
            <ns3:cad>73</ns3:cad>
          </ns3:TrackPointExtension>
        </extensions>
      </trkpt>
      <trkpt lat="22.58625187911093235015869140625" lon="114.29279697127640247344970703125">
        <ele>30.6000003814697265625</ele>
        <time>2025-06-05T11:07:20.000Z</time>
        <extensions>
          <ns3:TrackPointExtension>
            <ns3:atemp>28.0</ns3:atemp>
            <ns3:hr>147</ns3:hr>
            <ns3:cad>45</ns3:cad>
          </ns3:TrackPointExtension>
        </extensions>
      </trkpt>
      <trkpt lat="22.58632547222077846527099609375" lon="114.2927155829966068267822265625">
        <ele>29.6000003814697265625</ele>
        <time>2025-06-05T11:07:21.000Z</time>
        <extensions>
          <ns3:TrackPointExtension>
            <ns3:atemp>28.0</ns3:atemp>
            <ns3:hr>148</ns3:hr>
            <ns3:cad>45</ns3:cad>
          </ns3:TrackPointExtension>
        </extensions>
      </trkpt>
      <trkpt lat="22.58640132844448089599609375" lon="114.29263084195554256439208984375">
        <ele>28.6000003814697265625</ele>
        <time>2025-06-05T11:07:22.000Z</time>
        <extensions>
          <ns3:TrackPointExtension>
            <ns3:atemp>28.0</ns3:atemp>
            <ns3:hr>149</ns3:hr>
            <ns3:cad>70</ns3:cad>
          </ns3:TrackPointExtension>
        </extensions>
      </trkpt>
      <trkpt lat="22.586478106677532196044921875" lon="114.292542748153209686279296875">
        <ele>27.6000003814697265625</ele>
        <time>2025-06-05T11:07:23.000Z</time>
        <extensions>
          <ns3:TrackPointExtension>
            <ns3:atemp>28.0</ns3:atemp>
            <ns3:hr>149</ns3:hr>
            <ns3:cad>70</ns3:cad>
          </ns3:TrackPointExtension>
        </extensions>
      </trkpt>
      <trkpt lat="22.586549855768680572509765625" lon="114.29245029576122760772705078125">
        <ele>26.6000003814697265625</ele>
        <time>2025-06-05T11:07:24.000Z</time>
        <extensions>
          <ns3:TrackPointExtension>
            <ns3:atemp>28.0</ns3:atemp>
            <ns3:hr>149</ns3:hr>
            <ns3:cad>70</ns3:cad>
          </ns3:TrackPointExtension>
        </extensions>
      </trkpt>
      <trkpt lat="22.58660995401442050933837890625" lon="114.29234904237091541290283203125">
        <ele>25.6000003814697265625</ele>
        <time>2025-06-05T11:07:25.000Z</time>
        <extensions>
          <ns3:TrackPointExtension>
            <ns3:atemp>28.0</ns3:atemp>
            <ns3:hr>149</ns3:hr>
            <ns3:cad>70</ns3:cad>
          </ns3:TrackPointExtension>
        </extensions>
      </trkpt>
      <trkpt lat="22.58665739558637142181396484375" lon="114.2922425083816051483154296875">
        <ele>24.6000003814697265625</ele>
        <time>2025-06-05T11:07:26.000Z</time>
        <extensions>
          <ns3:TrackPointExtension>
            <ns3:atemp>28.0</ns3:atemp>
            <ns3:hr>150</ns3:hr>
            <ns3:cad>70</ns3:cad>
          </ns3:TrackPointExtension>
        </extensions>
      </trkpt>
      <trkpt lat="22.58669192902743816375732421875" lon="114.29212708957493305206298828125">
        <ele>24</ele>
        <time>2025-06-05T11:07:27.000Z</time>
        <extensions>
          <ns3:TrackPointExtension>
            <ns3:atemp>28.0</ns3:atemp>
            <ns3:hr>150</ns3:hr>
            <ns3:cad>0</ns3:cad>
          </ns3:TrackPointExtension>
        </extensions>
      </trkpt>
      <trkpt lat="22.58671388961374759674072265625" lon="114.29200655780732631683349609375">
        <ele>23.3999996185302734375</ele>
        <time>2025-06-05T11:07:28.000Z</time>
        <extensions>
          <ns3:TrackPointExtension>
            <ns3:atemp>28.0</ns3:atemp>
            <ns3:hr>150</ns3:hr>
            <ns3:cad>0</ns3:cad>
          </ns3:TrackPointExtension>
        </extensions>
      </trkpt>
      <trkpt lat="22.5867270492017269134521484375" lon="114.291884265840053558349609375">
        <ele>23</ele>
        <time>2025-06-05T11:07:29.000Z</time>
        <extensions>
          <ns3:TrackPointExtension>
            <ns3:atemp>28.0</ns3:atemp>
            <ns3:hr>150</ns3:hr>
            <ns3:cad>0</ns3:cad>
          </ns3:TrackPointExtension>
        </extensions>
      </trkpt>
      <trkpt lat="22.586736269295215606689453125" lon="114.29177035577595233917236328125">
        <ele>22.799999237060546875</ele>
        <time>2025-06-05T11:07:30.000Z</time>
        <extensions>
          <ns3:TrackPointExtension>
            <ns3:atemp>28.0</ns3:atemp>
            <ns3:hr>150</ns3:hr>
            <ns3:cad>0</ns3:cad>
          </ns3:TrackPointExtension>
        </extensions>
      </trkpt>
      <trkpt lat="22.58674674667418003082275390625" lon="114.29166398942470550537109375">
        <ele>22.6000003814697265625</ele>
        <time>2025-06-05T11:07:31.000Z</time>
        <extensions>
          <ns3:TrackPointExtension>
            <ns3:atemp>28.0</ns3:atemp>
            <ns3:hr>149</ns3:hr>
            <ns3:cad>0</ns3:cad>
          </ns3:TrackPointExtension>
        </extensions>
      </trkpt>
      <trkpt lat="22.5867552123963832855224609375" lon="114.29155913181602954864501953125">
        <ele>22.6000003814697265625</ele>
        <time>2025-06-05T11:07:32.000Z</time>
        <extensions>
          <ns3:TrackPointExtension>
            <ns3:atemp>28.0</ns3:atemp>
            <ns3:hr>147</ns3:hr>
            <ns3:cad>0</ns3:cad>
          </ns3:TrackPointExtension>
        </extensions>
      </trkpt>
      <trkpt lat="22.586761079728603363037109375" lon="114.29145569913089275360107421875">
        <ele>22.799999237060546875</ele>
        <time>2025-06-05T11:07:33.000Z</time>
        <extensions>
          <ns3:TrackPointExtension>
            <ns3:atemp>28.0</ns3:atemp>
            <ns3:hr>146</ns3:hr>
            <ns3:cad>0</ns3:cad>
          </ns3:TrackPointExtension>
        </extensions>
      </trkpt>
      <trkpt lat="22.58676954545080661773681640625" lon="114.2913533560931682586669921875">
        <ele>22.799999237060546875</ele>
        <time>2025-06-05T11:07:34.000Z</time>
        <extensions>
          <ns3:TrackPointExtension>
            <ns3:atemp>28.0</ns3:atemp>
            <ns3:hr>144</ns3:hr>
            <ns3:cad>59</ns3:cad>
          </ns3:TrackPointExtension>
        </extensions>
      </trkpt>
      <trkpt lat="22.5867827050387859344482421875" lon="114.29125503636896610260009765625">
        <ele>22.799999237060546875</ele>
        <time>2025-06-05T11:07:35.000Z</time>
        <extensions>
          <ns3:TrackPointExtension>
            <ns3:atemp>28.0</ns3:atemp>
            <ns3:hr>143</ns3:hr>
            <ns3:cad>69</ns3:cad>
          </ns3:TrackPointExtension>
        </extensions>
      </trkpt>
      <trkpt lat="22.5867981277406215667724609375" lon="114.2911575548350811004638671875">
        <ele>22.799999237060546875</ele>
        <time>2025-06-05T11:07:36.000Z</time>
        <extensions>
          <ns3:TrackPointExtension>
            <ns3:atemp>28.0</ns3:atemp>
            <ns3:hr>142</ns3:hr>
            <ns3:cad>74</ns3:cad>
          </ns3:TrackPointExtension>
        </extensions>
      </trkpt>
      <trkpt lat="22.5868162326514720916748046875" lon="114.29106292314827442169189453125">
        <ele>22.799999237060546875</ele>
        <time>2025-06-05T11:07:37.000Z</time>
        <extensions>
          <ns3:TrackPointExtension>
            <ns3:atemp>28.0</ns3:atemp>
            <ns3:hr>142</ns3:hr>
            <ns3:cad>69</ns3:cad>
          </ns3:TrackPointExtension>
        </extensions>
      </trkpt>
      <trkpt lat="22.586836852133274078369140625" lon="114.2909681238234043121337890625">
        <ele>23</ele>
        <time>2025-06-05T11:07:38.000Z</time>
        <extensions>
          <ns3:TrackPointExtension>
            <ns3:atemp>28.0</ns3:atemp>
            <ns3:hr>141</ns3:hr>
            <ns3:cad>72</ns3:cad>
          </ns3:TrackPointExtension>
        </extensions>
      </trkpt>
      <trkpt lat="22.58686023764312267303466796875" lon="114.2908715642988681793212890625">
        <ele>23</ele>
        <time>2025-06-05T11:07:39.000Z</time>
        <extensions>
          <ns3:TrackPointExtension>
            <ns3:atemp>28.0</ns3:atemp>
            <ns3:hr>141</ns3:hr>
            <ns3:cad>72</ns3:cad>
          </ns3:TrackPointExtension>
        </extensions>
      </trkpt>
      <trkpt lat="22.58687934838235378265380859375" lon="114.29077542386949062347412109375">
        <ele>22.799999237060546875</ele>
        <time>2025-06-05T11:07:40.000Z</time>
        <extensions>
          <ns3:TrackPointExtension>
            <ns3:atemp>28.0</ns3:atemp>
            <ns3:hr>140</ns3:hr>
            <ns3:cad>70</ns3:cad>
          </ns3:TrackPointExtension>
        </extensions>
      </trkpt>
      <trkpt lat="22.58689929731190204620361328125" lon="114.29067953489720821380615234375">
        <ele>22.6000003814697265625</ele>
        <time>2025-06-05T11:07:41.000Z</time>
        <extensions>
          <ns3:TrackPointExtension>
            <ns3:atemp>28.0</ns3:atemp>
            <ns3:hr>140</ns3:hr>
            <ns3:cad>70</ns3:cad>
          </ns3:TrackPointExtension>
        </extensions>
      </trkpt>
      <trkpt lat="22.5869211740791797637939453125" lon="114.29058532230556011199951171875">
        <ele>22.3999996185302734375</ele>
        <time>2025-06-05T11:07:42.000Z</time>
        <extensions>
          <ns3:TrackPointExtension>
            <ns3:atemp>28.0</ns3:atemp>
            <ns3:hr>139</ns3:hr>
            <ns3:cad>70</ns3:cad>
          </ns3:TrackPointExtension>
        </extensions>
      </trkpt>
      <trkpt lat="22.58694388903677463531494140625" lon="114.29049362428486347198486328125">
        <ele>22.200000762939453125</ele>
        <time>2025-06-05T11:07:43.000Z</time>
        <extensions>
          <ns3:TrackPointExtension>
            <ns3:atemp>28.0</ns3:atemp>
            <ns3:hr>139</ns3:hr>
            <ns3:cad>70</ns3:cad>
          </ns3:TrackPointExtension>
        </extensions>
      </trkpt>
      <trkpt lat="22.58696635253727436065673828125" lon="114.29039974696934223175048828125">
        <ele>22</ele>
        <time>2025-06-05T11:07:44.000Z</time>
        <extensions>
          <ns3:TrackPointExtension>
            <ns3:atemp>28.0</ns3:atemp>
            <ns3:hr>139</ns3:hr>
            <ns3:cad>71</ns3:cad>
          </ns3:TrackPointExtension>
        </extensions>
      </trkpt>
      <trkpt lat="22.5869892351329326629638671875" lon="114.29030813276767730712890625">
        <ele>21.799999237060546875</ele>
        <time>2025-06-05T11:07:45.000Z</time>
        <extensions>
          <ns3:TrackPointExtension>
            <ns3:atemp>28.0</ns3:atemp>
            <ns3:hr>139</ns3:hr>
            <ns3:cad>70</ns3:cad>
          </ns3:TrackPointExtension>
        </extensions>
      </trkpt>
      <trkpt lat="22.58701664395630359649658203125" lon="114.29021827876567840576171875">
        <ele>21.799999237060546875</ele>
        <time>2025-06-05T11:07:46.000Z</time>
        <extensions>
          <ns3:TrackPointExtension>
            <ns3:atemp>28.0</ns3:atemp>
            <ns3:hr>138</ns3:hr>
            <ns3:cad>69</ns3:cad>
          </ns3:TrackPointExtension>
        </extensions>
      </trkpt>
      <trkpt lat="22.58704514242708683013916015625" lon="114.29013135842978954315185546875">
        <ele>21.6000003814697265625</ele>
        <time>2025-06-05T11:07:47.000Z</time>
        <extensions>
          <ns3:TrackPointExtension>
            <ns3:atemp>28.0</ns3:atemp>
            <ns3:hr>138</ns3:hr>
            <ns3:cad>68</ns3:cad>
          </ns3:TrackPointExtension>
        </extensions>
      </trkpt>
      <trkpt lat="22.58706861175596714019775390625" lon="114.2900467850267887115478515625">
        <ele>21.6000003814697265625</ele>
        <time>2025-06-05T11:07:48.000Z</time>
        <extensions>
          <ns3:TrackPointExtension>
            <ns3:atemp>28.0</ns3:atemp>
            <ns3:hr>138</ns3:hr>
            <ns3:cad>68</ns3:cad>
          </ns3:TrackPointExtension>
        </extensions>
      </trkpt>
      <trkpt lat="22.5870953500270843505859375" lon="114.28996221162378787994384765625">
        <ele>21.6000003814697265625</ele>
        <time>2025-06-05T11:07:49.000Z</time>
        <extensions>
          <ns3:TrackPointExtension>
            <ns3:atemp>28.0</ns3:atemp>
            <ns3:hr>137</ns3:hr>
            <ns3:cad>68</ns3:cad>
          </ns3:TrackPointExtension>
        </extensions>
      </trkpt>
      <trkpt lat="22.5871253572404384613037109375" lon="114.28987755440175533294677734375">
        <ele>21.6000003814697265625</ele>
        <time>2025-06-05T11:07:50.000Z</time>
        <extensions>
          <ns3:TrackPointExtension>
            <ns3:atemp>28.0</ns3:atemp>
            <ns3:hr>136</ns3:hr>
            <ns3:cad>67</ns3:cad>
          </ns3:TrackPointExtension>
        </extensions>
      </trkpt>
      <trkpt lat="22.58715276606380939483642578125" lon="114.28979608230292797088623046875">
        <ele>21.6000003814697265625</ele>
        <time>2025-06-05T11:07:51.000Z</time>
        <extensions>
          <ns3:TrackPointExtension>
            <ns3:atemp>28.0</ns3:atemp>
            <ns3:hr>135</ns3:hr>
            <ns3:cad>73</ns3:cad>
          </ns3:TrackPointExtension>
        </extensions>
      </trkpt>
      <trkpt lat="22.5871790014207363128662109375" lon="114.2897108383476734161376953125">
        <ele>21.799999237060546875</ele>
        <time>2025-06-05T11:07:52.000Z</time>
        <extensions>
          <ns3:TrackPointExtension>
            <ns3:atemp>28.0</ns3:atemp>
            <ns3:hr>134</ns3:hr>
            <ns3:cad>83</ns3:cad>
          </ns3:TrackPointExtension>
        </extensions>
      </trkpt>
      <trkpt lat="22.58720523677766323089599609375" lon="114.2896293662488460540771484375">
        <ele>21.799999237060546875</ele>
        <time>2025-06-05T11:07:53.000Z</time>
        <extensions>
          <ns3:TrackPointExtension>
            <ns3:atemp>28.0</ns3:atemp>
            <ns3:hr>134</ns3:hr>
            <ns3:cad>85</ns3:cad>
          </ns3:TrackPointExtension>
        </extensions>
      </trkpt>
      <trkpt lat="22.587232477962970733642578125" lon="114.2895478941500186920166015625">
        <ele>22</ele>
        <time>2025-06-05T11:07:54.000Z</time>
        <extensions>
          <ns3:TrackPointExtension>
            <ns3:atemp>28.0</ns3:atemp>
            <ns3:hr>135</ns3:hr>
            <ns3:cad>85</ns3:cad>
          </ns3:TrackPointExtension>
        </extensions>
      </trkpt>
      <trkpt lat="22.587257958948612213134765625" lon="114.2894711159169673919677734375">
        <ele>22.200000762939453125</ele>
        <time>2025-06-05T11:07:55.000Z</time>
        <extensions>
          <ns3:TrackPointExtension>
            <ns3:atemp>28.0</ns3:atemp>
            <ns3:hr>135</ns3:hr>
            <ns3:cad>93</ns3:cad>
          </ns3:TrackPointExtension>
        </extensions>
      </trkpt>
      <trkpt lat="22.58728285320103168487548828125" lon="114.2893966846168041229248046875">
        <ele>22.3999996185302734375</ele>
        <time>2025-06-05T11:07:56.000Z</time>
        <extensions>
          <ns3:TrackPointExtension>
            <ns3:atemp>28.0</ns3:atemp>
            <ns3:hr>135</ns3:hr>
            <ns3:cad>83</ns3:cad>
          </ns3:TrackPointExtension>
        </extensions>
      </trkpt>
      <trkpt lat="22.587310262024402618408203125" lon="114.28932778537273406982421875">
        <ele>22.799999237060546875</ele>
        <time>2025-06-05T11:07:57.000Z</time>
        <extensions>
          <ns3:TrackPointExtension>
            <ns3:atemp>28.0</ns3:atemp>
            <ns3:hr>136</ns3:hr>
            <ns3:cad>83</ns3:cad>
          </ns3:TrackPointExtension>
        </extensions>
      </trkpt>
      <trkpt lat="22.5873369164764881134033203125" lon="114.28926207125186920166015625">
        <ele>23.200000762939453125</ele>
        <time>2025-06-05T11:07:58.000Z</time>
        <extensions>
          <ns3:TrackPointExtension>
            <ns3:atemp>28.0</ns3:atemp>
            <ns3:hr>135</ns3:hr>
            <ns3:cad>82</ns3:cad>
          </ns3:TrackPointExtension>
        </extensions>
      </trkpt>
      <trkpt lat="22.58736399002373218536376953125" lon="114.2891968600451946258544921875">
        <ele>23.3999996185302734375</ele>
        <time>2025-06-05T11:07:59.000Z</time>
        <extensions>
          <ns3:TrackPointExtension>
            <ns3:atemp>28.0</ns3:atemp>
            <ns3:hr>135</ns3:hr>
            <ns3:cad>80</ns3:cad>
          </ns3:TrackPointExtension>
        </extensions>
      </trkpt>
      <trkpt lat="22.58738812990486621856689453125" lon="114.28913089446723461151123046875">
        <ele>23.6000003814697265625</ele>
        <time>2025-06-05T11:08:00.000Z</time>
        <extensions>
          <ns3:TrackPointExtension>
            <ns3:atemp>28.0</ns3:atemp>
            <ns3:hr>134</ns3:hr>
            <ns3:cad>78</ns3:cad>
          </ns3:TrackPointExtension>
        </extensions>
      </trkpt>
      <trkpt lat="22.58740858174860477447509765625" lon="114.28906233049929141998291015625">
        <ele>23.799999237060546875</ele>
        <time>2025-06-05T11:08:01.000Z</time>
        <extensions>
          <ns3:TrackPointExtension>
            <ns3:atemp>28.0</ns3:atemp>
            <ns3:hr>134</ns3:hr>
            <ns3:cad>76</ns3:cad>
          </ns3:TrackPointExtension>
        </extensions>
      </trkpt>
      <trkpt lat="22.58742886595427989959716796875" lon="114.288996197283267974853515625">
        <ele>24</ele>
        <time>2025-06-05T11:08:02.000Z</time>
        <extensions>
          <ns3:TrackPointExtension>
            <ns3:atemp>28.0</ns3:atemp>
            <ns3:hr>134</ns3:hr>
            <ns3:cad>76</ns3:cad>
          </ns3:TrackPointExtension>
        </extensions>
      </trkpt>
      <trkpt lat="22.5874468870460987091064453125" lon="114.28893106989562511444091796875">
        <ele>24.200000762939453125</ele>
        <time>2025-06-05T11:08:03.000Z</time>
        <extensions>
          <ns3:TrackPointExtension>
            <ns3:atemp>28.0</ns3:atemp>
            <ns3:hr>134</ns3:hr>
            <ns3:cad>75</ns3:cad>
          </ns3:TrackPointExtension>
        </extensions>
      </trkpt>
      <trkpt lat="22.587465830147266387939453125" lon="114.28886887617409229278564453125">
        <ele>24.3999996185302734375</ele>
        <time>2025-06-05T11:08:04.000Z</time>
        <extensions>
          <ns3:TrackPointExtension>
            <ns3:atemp>28.0</ns3:atemp>
            <ns3:hr>134</ns3:hr>
            <ns3:cad>73</ns3:cad>
          </ns3:TrackPointExtension>
        </extensions>
      </trkpt>
      <trkpt lat="22.5874842703342437744140625" lon="114.2888042517006397247314453125">
        <ele>24.6000003814697265625</ele>
        <time>2025-06-05T11:08:05.000Z</time>
        <extensions>
          <ns3:TrackPointExtension>
            <ns3:atemp>28.0</ns3:atemp>
            <ns3:hr>134</ns3:hr>
            <ns3:cad>73</ns3:cad>
          </ns3:TrackPointExtension>
        </extensions>
      </trkpt>
      <trkpt lat="22.58749541826546192169189453125" lon="114.28874163888394832611083984375">
        <ele>24.799999237060546875</ele>
        <time>2025-06-05T11:08:06.000Z</time>
        <extensions>
          <ns3:TrackPointExtension>
            <ns3:atemp>28.0</ns3:atemp>
            <ns3:hr>134</ns3:hr>
            <ns3:cad>70</ns3:cad>
          </ns3:TrackPointExtension>
        </extensions>
      </trkpt>
      <trkpt lat="22.587507069110870361328125" lon="114.2886781878769397735595703125">
        <ele>25</ele>
        <time>2025-06-05T11:08:07.000Z</time>
        <extensions>
          <ns3:TrackPointExtension>
            <ns3:atemp>28.0</ns3:atemp>
            <ns3:hr>134</ns3:hr>
            <ns3:cad>68</ns3:cad>
          </ns3:TrackPointExtension>
        </extensions>
      </trkpt>
      <trkpt lat="22.5875193066895008087158203125" lon="114.28861699998378753662109375">
        <ele>25.200000762939453125</ele>
        <time>2025-06-05T11:08:08.000Z</time>
        <extensions>
          <ns3:TrackPointExtension>
            <ns3:atemp>28.0</ns3:atemp>
            <ns3:hr>134</ns3:hr>
            <ns3:cad>67</ns3:cad>
          </ns3:TrackPointExtension>
        </extensions>
      </trkpt>
      <trkpt lat="22.58752919733524322509765625" lon="114.288555644452571868896484375">
        <ele>25.3999996185302734375</ele>
        <time>2025-06-05T11:08:09.000Z</time>
        <extensions>
          <ns3:TrackPointExtension>
            <ns3:atemp>28.0</ns3:atemp>
            <ns3:hr>134</ns3:hr>
            <ns3:cad>67</ns3:cad>
          </ns3:TrackPointExtension>
        </extensions>
      </trkpt>
      <trkpt lat="22.5875405967235565185546875" lon="114.28849638439714908599853515625">
        <ele>25.6000003814697265625</ele>
        <time>2025-06-05T11:08:10.000Z</time>
        <extensions>
          <ns3:TrackPointExtension>
            <ns3:atemp>28.0</ns3:atemp>
            <ns3:hr>134</ns3:hr>
            <ns3:cad>66</ns3:cad>
          </ns3:TrackPointExtension>
        </extensions>
      </trkpt>
      <trkpt lat="22.58754872716963291168212890625" lon="114.2884334363043308258056640625">
        <ele>25.6000003814697265625</ele>
        <time>2025-06-05T11:08:11.000Z</time>
        <extensions>
          <ns3:TrackPointExtension>
            <ns3:atemp>28.0</ns3:atemp>
            <ns3:hr>134</ns3:hr>
            <ns3:cad>66</ns3:cad>
          </ns3:TrackPointExtension>
        </extensions>
      </trkpt>
      <trkpt lat="22.58755861781537532806396484375" lon="114.2883695662021636962890625">
        <ele>25.3999996185302734375</ele>
        <time>2025-06-05T11:08:12.000Z</time>
        <extensions>
          <ns3:TrackPointExtension>
            <ns3:atemp>28.0</ns3:atemp>
            <ns3:hr>134</ns3:hr>
            <ns3:cad>66</ns3:cad>
          </ns3:TrackPointExtension>
        </extensions>
      </trkpt>
      <trkpt lat="22.587566412985324859619140625" lon="114.28830427117645740509033203125">
        <ele>25.200000762939453125</ele>
        <time>2025-06-05T11:08:13.000Z</time>
        <extensions>
          <ns3:TrackPointExtension>
            <ns3:atemp>28.0</ns3:atemp>
            <ns3:hr>134</ns3:hr>
            <ns3:cad>67</ns3:cad>
          </ns3:TrackPointExtension>
        </extensions>
      </trkpt>
      <trkpt lat="22.5875699333846569061279296875" lon="114.288236461579799652099609375">
        <ele>25</ele>
        <time>2025-06-05T11:08:14.000Z</time>
        <extensions>
          <ns3:TrackPointExtension>
            <ns3:atemp>28.0</ns3:atemp>
            <ns3:hr>134</ns3:hr>
            <ns3:cad>67</ns3:cad>
          </ns3:TrackPointExtension>
        </extensions>
      </trkpt>
      <trkpt lat="22.58757974021136760711669921875" lon="114.28816915489733219146728515625">
        <ele>24.799999237060546875</ele>
        <time>2025-06-05T11:08:15.000Z</time>
        <extensions>
          <ns3:TrackPointExtension>
            <ns3:atemp>28.0</ns3:atemp>
            <ns3:hr>134</ns3:hr>
            <ns3:cad>67</ns3:cad>
          </ns3:TrackPointExtension>
        </extensions>
      </trkpt>
      <trkpt lat="22.58759499527513980865478515625" lon="114.2881011776626110076904296875">
        <ele>24.6000003814697265625</ele>
        <time>2025-06-05T11:08:16.000Z</time>
        <extensions>
          <ns3:TrackPointExtension>
            <ns3:atemp>28.0</ns3:atemp>
            <ns3:hr>134</ns3:hr>
            <ns3:cad>67</ns3:cad>
          </ns3:TrackPointExtension>
        </extensions>
      </trkpt>
      <trkpt lat="22.58760723285377025604248046875" lon="114.2880294285714626312255859375">
        <ele>24.200000762939453125</ele>
        <time>2025-06-05T11:08:17.000Z</time>
        <extensions>
          <ns3:TrackPointExtension>
            <ns3:atemp>28.0</ns3:atemp>
            <ns3:hr>134</ns3:hr>
            <ns3:cad>0</ns3:cad>
          </ns3:TrackPointExtension>
        </extensions>
      </trkpt>
      <trkpt lat="22.58762441575527191162109375" lon="114.2879586853086948394775390625">
        <ele>24</ele>
        <time>2025-06-05T11:08:18.000Z</time>
        <extensions>
          <ns3:TrackPointExtension>
            <ns3:atemp>28.0</ns3:atemp>
            <ns3:hr>134</ns3:hr>
            <ns3:cad>0</ns3:cad>
          </ns3:TrackPointExtension>
        </extensions>
      </trkpt>
      <trkpt lat="22.58764226920902729034423828125" lon="114.28788634948432445526123046875">
        <ele>23.799999237060546875</ele>
        <time>2025-06-05T11:08:19.000Z</time>
        <extensions>
          <ns3:TrackPointExtension>
            <ns3:atemp>28.0</ns3:atemp>
            <ns3:hr>134</ns3:hr>
            <ns3:cad>0</ns3:cad>
          </ns3:TrackPointExtension>
        </extensions>
      </trkpt>
      <trkpt lat="22.58766422979533672332763671875" lon="114.287812672555446624755859375">
        <ele>23.799999237060546875</ele>
        <time>2025-06-05T11:08:20.000Z</time>
        <extensions>
          <ns3:TrackPointExtension>
            <ns3:atemp>28.0</ns3:atemp>
            <ns3:hr>134</ns3:hr>
            <ns3:cad>81</ns3:cad>
          </ns3:TrackPointExtension>
        </extensions>
      </trkpt>
      <trkpt lat="22.587692476809024810791015625" lon="114.28774117492139339447021484375">
        <ele>23.6000003814697265625</ele>
        <time>2025-06-05T11:08:21.000Z</time>
        <extensions>
          <ns3:TrackPointExtension>
            <ns3:atemp>28.0</ns3:atemp>
            <ns3:hr>134</ns3:hr>
            <ns3:cad>81</ns3:cad>
          </ns3:TrackPointExtension>
        </extensions>
      </trkpt>
      <trkpt lat="22.5877261720597743988037109375" lon="114.287676550447940826416015625">
        <ele>23.6000003814697265625</ele>
        <time>2025-06-05T11:08:22.000Z</time>
        <extensions>
          <ns3:TrackPointExtension>
            <ns3:atemp>28.0</ns3:atemp>
            <ns3:hr>134</ns3:hr>
            <ns3:cad>81</ns3:cad>
          </ns3:TrackPointExtension>
        </extensions>
      </trkpt>
      <trkpt lat="22.58776213042438030242919921875" lon="114.28761184215545654296875">
        <ele>23.3999996185302734375</ele>
        <time>2025-06-05T11:08:23.000Z</time>
        <extensions>
          <ns3:TrackPointExtension>
            <ns3:atemp>28.0</ns3:atemp>
            <ns3:hr>134</ns3:hr>
            <ns3:cad>81</ns3:cad>
          </ns3:TrackPointExtension>
        </extensions>
      </trkpt>
      <trkpt lat="22.5878009386360645294189453125" lon="114.287548474967479705810546875">
        <ele>23.200000762939453125</ele>
        <time>2025-06-05T11:08:24.000Z</time>
        <extensions>
          <ns3:TrackPointExtension>
            <ns3:atemp>28.0</ns3:atemp>
            <ns3:hr>134</ns3:hr>
            <ns3:cad>81</ns3:cad>
          </ns3:TrackPointExtension>
        </extensions>
      </trkpt>
      <trkpt lat="22.5878438539803028106689453125" lon="114.28748334757983684539794921875">
        <ele>22.799999237060546875</ele>
        <time>2025-06-05T11:08:25.000Z</time>
        <extensions>
          <ns3:TrackPointExtension>
            <ns3:atemp>28.0</ns3:atemp>
            <ns3:hr>135</ns3:hr>
            <ns3:cad>0</ns3:cad>
          </ns3:TrackPointExtension>
        </extensions>
      </trkpt>
      <trkpt lat="22.58789137937128543853759765625" lon="114.2874227464199066162109375">
        <ele>22.6000003814697265625</ele>
        <time>2025-06-05T11:08:26.000Z</time>
        <extensions>
          <ns3:TrackPointExtension>
            <ns3:atemp>28.0</ns3:atemp>
            <ns3:hr>135</ns3:hr>
            <ns3:cad>0</ns3:cad>
          </ns3:TrackPointExtension>
        </extensions>
      </trkpt>
      <trkpt lat="22.587948627769947052001953125" lon="114.28736952133476734161376953125">
        <ele>22.200000762939453125</ele>
        <time>2025-06-05T11:08:27.000Z</time>
        <extensions>
          <ns3:TrackPointExtension>
            <ns3:atemp>28.0</ns3:atemp>
            <ns3:hr>135</ns3:hr>
            <ns3:cad>0</ns3:cad>
          </ns3:TrackPointExtension>
        </extensions>
      </trkpt>
      <trkpt lat="22.5880084745585918426513671875" lon="114.28731671534478664398193359375">
        <ele>21.6000003814697265625</ele>
        <time>2025-06-05T11:08:28.000Z</time>
        <extensions>
          <ns3:TrackPointExtension>
            <ns3:atemp>28.0</ns3:atemp>
            <ns3:hr>134</ns3:hr>
            <ns3:cad>0</ns3:cad>
          </ns3:TrackPointExtension>
        </extensions>
      </trkpt>
      <trkpt lat="22.5880728475749492645263671875" lon="114.28725435398519039154052734375">
        <ele>21.200000762939453125</ele>
        <time>2025-06-05T11:08:29.000Z</time>
        <extensions>
          <ns3:TrackPointExtension>
            <ns3:atemp>28.0</ns3:atemp>
            <ns3:hr>135</ns3:hr>
            <ns3:cad>0</ns3:cad>
          </ns3:TrackPointExtension>
        </extensions>
      </trkpt>
      <trkpt lat="22.5881440937519073486328125" lon="114.2871895618736743927001953125">
        <ele>20.6000003814697265625</ele>
        <time>2025-06-05T11:08:30.000Z</time>
        <extensions>
          <ns3:TrackPointExtension>
            <ns3:atemp>28.0</ns3:atemp>
            <ns3:hr>135</ns3:hr>
            <ns3:cad>0</ns3:cad>
          </ns3:TrackPointExtension>
        </extensions>
      </trkpt>
      <trkpt lat="22.58821140043437480926513671875" lon="114.2871241830289363861083984375">
        <ele>19.799999237060546875</ele>
        <time>2025-06-05T11:08:31.000Z</time>
        <extensions>
          <ns3:TrackPointExtension>
            <ns3:atemp>28.0</ns3:atemp>
            <ns3:hr>135</ns3:hr>
            <ns3:cad>0</ns3:cad>
          </ns3:TrackPointExtension>
        </extensions>
      </trkpt>
      <trkpt lat="22.58828029967844486236572265625" lon="114.287056960165500640869140625">
        <ele>19</ele>
        <time>2025-06-05T11:08:32.000Z</time>
        <extensions>
          <ns3:TrackPointExtension>
            <ns3:atemp>28.0</ns3:atemp>
            <ns3:hr>134</ns3:hr>
            <ns3:cad>0</ns3:cad>
          </ns3:TrackPointExtension>
        </extensions>
      </trkpt>
      <trkpt lat="22.58834534324705600738525390625" lon="114.2869857139885425567626953125">
        <ele>18.3999996185302734375</ele>
        <time>2025-06-05T11:08:33.000Z</time>
        <extensions>
          <ns3:TrackPointExtension>
            <ns3:atemp>28.0</ns3:atemp>
            <ns3:hr>134</ns3:hr>
            <ns3:cad>0</ns3:cad>
          </ns3:TrackPointExtension>
        </extensions>
      </trkpt>
      <trkpt lat="22.5884064473211765289306640625" lon="114.28690985776484012603759765625">
        <ele>17.6000003814697265625</ele>
        <time>2025-06-05T11:08:34.000Z</time>
        <extensions>
          <ns3:TrackPointExtension>
            <ns3:atemp>28.0</ns3:atemp>
            <ns3:hr>135</ns3:hr>
            <ns3:cad>0</ns3:cad>
          </ns3:TrackPointExtension>
        </extensions>
      </trkpt>
      <trkpt lat="22.5884647853672504425048828125" lon="114.28682536818087100982666015625">
        <ele>16.799999237060546875</ele>
        <time>2025-06-05T11:08:35.000Z</time>
        <extensions>
          <ns3:TrackPointExtension>
            <ns3:atemp>28.0</ns3:atemp>
            <ns3:hr>135</ns3:hr>
            <ns3:cad>0</ns3:cad>
          </ns3:TrackPointExtension>
        </extensions>
      </trkpt>
      <trkpt lat="22.58851599879562854766845703125" lon="114.28673886694014072418212890625">
        <ele>16.200000762939453125</ele>
        <time>2025-06-05T11:08:36.000Z</time>
        <extensions>
          <ns3:TrackPointExtension>
            <ns3:atemp>28.0</ns3:atemp>
            <ns3:hr>135</ns3:hr>
            <ns3:cad>0</ns3:cad>
          </ns3:TrackPointExtension>
        </extensions>
      </trkpt>
      <trkpt lat="22.58856025524437427520751953125" lon="114.2866484262049198150634765625">
        <ele>15.80000019073486328125</ele>
        <time>2025-06-05T11:08:37.000Z</time>
        <extensions>
          <ns3:TrackPointExtension>
            <ns3:atemp>28.0</ns3:atemp>
            <ns3:hr>135</ns3:hr>
            <ns3:cad>0</ns3:cad>
          </ns3:TrackPointExtension>
        </extensions>
      </trkpt>
      <trkpt lat="22.5885999016463756561279296875" lon="114.286562763154506683349609375">
        <ele>15.3999996185302734375</ele>
        <time>2025-06-05T11:08:38.000Z</time>
        <extensions>
          <ns3:TrackPointExtension>
            <ns3:atemp>28.0</ns3:atemp>
            <ns3:hr>134</ns3:hr>
            <ns3:cad>0</ns3:cad>
          </ns3:TrackPointExtension>
        </extensions>
      </trkpt>
      <trkpt lat="22.5886408053338527679443359375" lon="114.2864777706563472747802734375">
        <ele>15.19999980926513671875</ele>
        <time>2025-06-05T11:08:39.000Z</time>
        <extensions>
          <ns3:TrackPointExtension>
            <ns3:atemp>28.0</ns3:atemp>
            <ns3:hr>134</ns3:hr>
            <ns3:cad>0</ns3:cad>
          </ns3:TrackPointExtension>
        </extensions>
      </trkpt>
      <trkpt lat="22.58867575787007808685302734375" lon="114.286393783986568450927734375">
        <ele>15</ele>
        <time>2025-06-05T11:08:40.000Z</time>
        <extensions>
          <ns3:TrackPointExtension>
            <ns3:atemp>28.0</ns3:atemp>
            <ns3:hr>134</ns3:hr>
            <ns3:cad>0</ns3:cad>
          </ns3:TrackPointExtension>
        </extensions>
      </trkpt>
      <trkpt lat="22.58870157413184642791748046875" lon="114.28630954585969448089599609375">
        <ele>15</ele>
        <time>2025-06-05T11:08:41.000Z</time>
        <extensions>
          <ns3:TrackPointExtension>
            <ns3:atemp>28.0</ns3:atemp>
            <ns3:hr>132</ns3:hr>
            <ns3:cad>0</ns3:cad>
          </ns3:TrackPointExtension>
        </extensions>
      </trkpt>
      <trkpt lat="22.58872018195688724517822265625" lon="114.28622170351445674896240234375">
        <ele>14.80000019073486328125</ele>
        <time>2025-06-05T11:08:42.000Z</time>
        <extensions>
          <ns3:TrackPointExtension>
            <ns3:atemp>28.0</ns3:atemp>
            <ns3:hr>132</ns3:hr>
            <ns3:cad>0</ns3:cad>
          </ns3:TrackPointExtension>
        </extensions>
      </trkpt>
      <trkpt lat="22.588743902742862701416015625" lon="114.28613637574017047882080078125">
        <ele>14.6000003814697265625</ele>
        <time>2025-06-05T11:08:43.000Z</time>
        <extensions>
          <ns3:TrackPointExtension>
            <ns3:atemp>28.0</ns3:atemp>
            <ns3:hr>131</ns3:hr>
            <ns3:cad>0</ns3:cad>
          </ns3:TrackPointExtension>
        </extensions>
      </trkpt>
      <trkpt lat="22.58876259438693523406982421875" lon="114.28604467771947383880615234375">
        <ele>14.3999996185302734375</ele>
        <time>2025-06-05T11:08:44.000Z</time>
        <extensions>
          <ns3:TrackPointExtension>
            <ns3:atemp>28.0</ns3:atemp>
            <ns3:hr>130</ns3:hr>
            <ns3:cad>76</ns3:cad>
          </ns3:TrackPointExtension>
        </extensions>
      </trkpt>
      <trkpt lat="22.58878019638359546661376953125" lon="114.2859537340700626373291015625">
        <ele>14</ele>
        <time>2025-06-05T11:08:45.000Z</time>
        <extensions>
          <ns3:TrackPointExtension>
            <ns3:atemp>28.0</ns3:atemp>
            <ns3:hr>129</ns3:hr>
            <ns3:cad>78</ns3:cad>
          </ns3:TrackPointExtension>
        </extensions>
      </trkpt>
      <trkpt lat="22.5887943617999553680419921875" lon="114.2858605273067951202392578125">
        <ele>13.80000019073486328125</ele>
        <time>2025-06-05T11:08:46.000Z</time>
        <extensions>
          <ns3:TrackPointExtension>
            <ns3:atemp>28.0</ns3:atemp>
            <ns3:hr>128</ns3:hr>
            <ns3:cad>80</ns3:cad>
          </ns3:TrackPointExtension>
        </extensions>
      </trkpt>
      <trkpt lat="22.58881154470145702362060546875" lon="114.2857653088867664337158203125">
        <ele>13.3999996185302734375</ele>
        <time>2025-06-05T11:08:47.000Z</time>
        <extensions>
          <ns3:TrackPointExtension>
            <ns3:atemp>28.0</ns3:atemp>
            <ns3:hr>127</ns3:hr>
            <ns3:cad>78</ns3:cad>
          </ns3:TrackPointExtension>
        </extensions>
      </trkpt>
      <trkpt lat="22.58882981725037097930908203125" lon="114.285670258104801177978515625">
        <ele>13.19999980926513671875</ele>
        <time>2025-06-05T11:08:48.000Z</time>
        <extensions>
          <ns3:TrackPointExtension>
            <ns3:atemp>28.0</ns3:atemp>
            <ns3:hr>127</ns3:hr>
            <ns3:cad>81</ns3:cad>
          </ns3:TrackPointExtension>
        </extensions>
      </trkpt>
      <trkpt lat="22.58884356357157230377197265625" lon="114.28557135164737701416015625">
        <ele>12.80000019073486328125</ele>
        <time>2025-06-05T11:08:49.000Z</time>
        <extensions>
          <ns3:TrackPointExtension>
            <ns3:atemp>28.0</ns3:atemp>
            <ns3:hr>127</ns3:hr>
            <ns3:cad>81</ns3:cad>
          </ns3:TrackPointExtension>
        </extensions>
      </trkpt>
      <trkpt lat="22.588856220245361328125" lon="114.28547387011349201202392578125">
        <ele>12.6000003814697265625</ele>
        <time>2025-06-05T11:08:50.000Z</time>
        <extensions>
          <ns3:TrackPointExtension>
            <ns3:atemp>28.0</ns3:atemp>
            <ns3:hr>126</ns3:hr>
            <ns3:cad>83</ns3:cad>
          </ns3:TrackPointExtension>
        </extensions>
      </trkpt>
      <trkpt lat="22.5888624228537082672119140625" lon="114.2853733710944652557373046875">
        <ele>12.19999980926513671875</ele>
        <time>2025-06-05T11:08:51.000Z</time>
        <extensions>
          <ns3:TrackPointExtension>
            <ns3:atemp>28.0</ns3:atemp>
            <ns3:hr>126</ns3:hr>
            <ns3:cad>83</ns3:cad>
          </ns3:TrackPointExtension>
        </extensions>
      </trkpt>
      <trkpt lat="22.5888647697865962982177734375" lon="114.28527471609413623809814453125">
        <ele>12</ele>
        <time>2025-06-05T11:08:52.000Z</time>
        <extensions>
          <ns3:TrackPointExtension>
            <ns3:atemp>28.0</ns3:atemp>
            <ns3:hr>126</ns3:hr>
            <ns3:cad>83</ns3:cad>
          </ns3:TrackPointExtension>
        </extensions>
      </trkpt>
      <trkpt lat="22.5888682901859283447265625" lon="114.285172708332538604736328125">
        <ele>11.6000003814697265625</ele>
        <time>2025-06-05T11:08:53.000Z</time>
        <extensions>
          <ns3:TrackPointExtension>
            <ns3:atemp>28.0</ns3:atemp>
            <ns3:hr>126</ns3:hr>
            <ns3:cad>85</ns3:cad>
          </ns3:TrackPointExtension>
        </extensions>
      </trkpt>
      <trkpt lat="22.58887306787073612213134765625" lon="114.2850732989609241485595703125">
        <ele>11.3999996185302734375</ele>
        <time>2025-06-05T11:08:54.000Z</time>
        <extensions>
          <ns3:TrackPointExtension>
            <ns3:atemp>28.0</ns3:atemp>
            <ns3:hr>125</ns3:hr>
            <ns3:cad>83</ns3:cad>
          </ns3:TrackPointExtension>
        </extensions>
      </trkpt>
      <trkpt lat="22.58887675590813159942626953125" lon="114.28496978245675563812255859375">
        <ele>11.19999980926513671875</ele>
        <time>2025-06-05T11:08:55.000Z</time>
        <extensions>
          <ns3:TrackPointExtension>
            <ns3:atemp>28.0</ns3:atemp>
            <ns3:hr>125</ns3:hr>
            <ns3:cad>85</ns3:cad>
          </ns3:TrackPointExtension>
        </extensions>
      </trkpt>
      <trkpt lat="22.58887927047908306121826171875" lon="114.28487204946577548980712890625">
        <ele>11.3999996185302734375</ele>
        <time>2025-06-05T11:08:56.000Z</time>
        <extensions>
          <ns3:TrackPointExtension>
            <ns3:atemp>28.0</ns3:atemp>
            <ns3:hr>125</ns3:hr>
            <ns3:cad>74</ns3:cad>
          </ns3:TrackPointExtension>
        </extensions>
      </trkpt>
      <trkpt lat="22.58888765238225460052490234375" lon="114.2847732268273830413818359375">
        <ele>11.19999980926513671875</ele>
        <time>2025-06-05T11:08:57.000Z</time>
        <extensions>
          <ns3:TrackPointExtension>
            <ns3:atemp>28.0</ns3:atemp>
            <ns3:hr>125</ns3:hr>
            <ns3:cad>74</ns3:cad>
          </ns3:TrackPointExtension>
        </extensions>
      </trkpt>
      <trkpt lat="22.5889006443321704864501953125" lon="114.284676499664783477783203125">
        <ele>11.19999980926513671875</ele>
        <time>2025-06-05T11:08:58.000Z</time>
        <extensions>
          <ns3:TrackPointExtension>
            <ns3:atemp>28.0</ns3:atemp>
            <ns3:hr>125</ns3:hr>
            <ns3:cad>74</ns3:cad>
          </ns3:TrackPointExtension>
        </extensions>
      </trkpt>
      <trkpt lat="22.5889174081385135650634765625" lon="114.28458035923540592193603515625">
        <ele>11</ele>
        <time>2025-06-05T11:08:59.000Z</time>
        <extensions>
          <ns3:TrackPointExtension>
            <ns3:atemp>28.0</ns3:atemp>
            <ns3:hr>123</ns3:hr>
            <ns3:cad>74</ns3:cad>
          </ns3:TrackPointExtension>
        </extensions>
      </trkpt>
      <trkpt lat="22.58893744088709354400634765625" lon="114.284484386444091796875">
        <ele>11</ele>
        <time>2025-06-05T11:09:00.000Z</time>
        <extensions>
          <ns3:TrackPointExtension>
            <ns3:atemp>28.0</ns3:atemp>
            <ns3:hr>123</ns3:hr>
            <ns3:cad>0</ns3:cad>
          </ns3:TrackPointExtension>
        </extensions>
      </trkpt>
      <trkpt lat="22.5889606587588787078857421875" lon="114.28439210169017314910888671875">
        <ele>10.6000003814697265625</ele>
        <time>2025-06-05T11:09:01.000Z</time>
        <extensions>
          <ns3:TrackPointExtension>
            <ns3:atemp>28.0</ns3:atemp>
            <ns3:hr>124</ns3:hr>
            <ns3:cad>0</ns3:cad>
          </ns3:TrackPointExtension>
        </extensions>
      </trkpt>
      <trkpt lat="22.588985301554203033447265625" lon="114.28430342115461826324462890625">
        <ele>10.6000003814697265625</ele>
        <time>2025-06-05T11:09:02.000Z</time>
        <extensions>
          <ns3:TrackPointExtension>
            <ns3:atemp>28.0</ns3:atemp>
            <ns3:hr>123</ns3:hr>
            <ns3:cad>0</ns3:cad>
          </ns3:TrackPointExtension>
        </extensions>
      </trkpt>
      <trkpt lat="22.58901002816855907440185546875" lon="114.28421708755195140838623046875">
        <ele>10.3999996185302734375</ele>
        <time>2025-06-05T11:09:03.000Z</time>
        <extensions>
          <ns3:TrackPointExtension>
            <ns3:atemp>28.0</ns3:atemp>
            <ns3:hr>123</ns3:hr>
            <ns3:cad>0</ns3:cad>
          </ns3:TrackPointExtension>
        </extensions>
      </trkpt>
      <trkpt lat="22.58903793990612030029296875" lon="114.28413310088217258453369140625">
        <ele>10.3999996185302734375</ele>
        <time>2025-06-05T11:09:04.000Z</time>
        <extensions>
          <ns3:TrackPointExtension>
            <ns3:atemp>28.0</ns3:atemp>
            <ns3:hr>123</ns3:hr>
            <ns3:cad>0</ns3:cad>
          </ns3:TrackPointExtension>
        </extensions>
      </trkpt>
      <trkpt lat="22.5890749879181385040283203125" lon="114.2840500362217426300048828125">
        <ele>10.19999980926513671875</ele>
        <time>2025-06-05T11:09:05.000Z</time>
        <extensions>
          <ns3:TrackPointExtension>
            <ns3:atemp>28.0</ns3:atemp>
            <ns3:hr>123</ns3:hr>
            <ns3:cad>77</ns3:cad>
          </ns3:TrackPointExtension>
        </extensions>
      </trkpt>
      <trkpt lat="22.589115388691425323486328125" lon="114.283976443111896514892578125">
        <ele>10.19999980926513671875</ele>
        <time>2025-06-05T11:09:06.000Z</time>
        <extensions>
          <ns3:TrackPointExtension>
            <ns3:atemp>28.0</ns3:atemp>
            <ns3:hr>123</ns3:hr>
            <ns3:cad>76</ns3:cad>
          </ns3:TrackPointExtension>
        </extensions>
      </trkpt>
      <trkpt lat="22.5891561247408390045166015625" lon="114.28390176035463809967041015625">
        <ele>10</ele>
        <time>2025-06-05T11:09:07.000Z</time>
        <extensions>
          <ns3:TrackPointExtension>
            <ns3:atemp>28.0</ns3:atemp>
            <ns3:hr>123</ns3:hr>
            <ns3:cad>75</ns3:cad>
          </ns3:TrackPointExtension>
        </extensions>
      </trkpt>
      <trkpt lat="22.58920096792280673980712890625" lon="114.28382766433060169219970703125">
        <ele>10.19999980926513671875</ele>
        <time>2025-06-05T11:09:08.000Z</time>
        <extensions>
          <ns3:TrackPointExtension>
            <ns3:atemp>28.0</ns3:atemp>
            <ns3:hr>123</ns3:hr>
            <ns3:cad>75</ns3:cad>
          </ns3:TrackPointExtension>
        </extensions>
      </trkpt>
      <trkpt lat="22.58924488909542560577392578125" lon="114.2837559990584850311279296875">
        <ele>10.19999980926513671875</ele>
        <time>2025-06-05T11:09:09.000Z</time>
        <extensions>
          <ns3:TrackPointExtension>
            <ns3:atemp>28.0</ns3:atemp>
            <ns3:hr>122</ns3:hr>
            <ns3:cad>74</ns3:cad>
          </ns3:TrackPointExtension>
        </extensions>
      </trkpt>
      <trkpt lat="22.5892878882586956024169921875" lon="114.28368383087217807769775390625">
        <ele>10.3999996185302734375</ele>
        <time>2025-06-05T11:09:10.000Z</time>
        <extensions>
          <ns3:TrackPointExtension>
            <ns3:atemp>28.0</ns3:atemp>
            <ns3:hr>122</ns3:hr>
            <ns3:cad>71</ns3:cad>
          </ns3:TrackPointExtension>
        </extensions>
      </trkpt>
      <trkpt lat="22.58933373726904392242431640625" lon="114.28361526690423488616943359375">
        <ele>10.6000003814697265625</ele>
        <time>2025-06-05T11:09:11.000Z</time>
        <extensions>
          <ns3:TrackPointExtension>
            <ns3:atemp>28.0</ns3:atemp>
            <ns3:hr>122</ns3:hr>
            <ns3:cad>71</ns3:cad>
          </ns3:TrackPointExtension>
        </extensions>
      </trkpt>
      <trkpt lat="22.589378245174884796142578125" lon="114.283551312983036041259765625">
        <ele>10.80000019073486328125</ele>
        <time>2025-06-05T11:09:12.000Z</time>
        <extensions>
          <ns3:TrackPointExtension>
            <ns3:atemp>28.0</ns3:atemp>
            <ns3:hr>121</ns3:hr>
            <ns3:cad>71</ns3:cad>
          </ns3:TrackPointExtension>
        </extensions>
      </trkpt>
      <trkpt lat="22.58942225016653537750244140625" lon="114.28348719142377376556396484375">
        <ele>11</ele>
        <time>2025-06-05T11:09:13.000Z</time>
        <extensions>
          <ns3:TrackPointExtension>
            <ns3:atemp>28.0</ns3:atemp>
            <ns3:hr>121</ns3:hr>
            <ns3:cad>68</ns3:cad>
          </ns3:TrackPointExtension>
        </extensions>
      </trkpt>
      <trkpt lat="22.589464746415615081787109375" lon="114.28342424333095550537109375">
        <ele>11</ele>
        <time>2025-06-05T11:09:14.000Z</time>
        <extensions>
          <ns3:TrackPointExtension>
            <ns3:atemp>28.0</ns3:atemp>
            <ns3:hr>122</ns3:hr>
            <ns3:cad>67</ns3:cad>
          </ns3:TrackPointExtension>
        </extensions>
      </trkpt>
      <trkpt lat="22.5895058177411556243896484375" lon="114.28336095996201038360595703125">
        <ele>11.19999980926513671875</ele>
        <time>2025-06-05T11:09:15.000Z</time>
        <extensions>
          <ns3:TrackPointExtension>
            <ns3:atemp>28.0</ns3:atemp>
            <ns3:hr>121</ns3:hr>
            <ns3:cad>67</ns3:cad>
          </ns3:TrackPointExtension>
        </extensions>
      </trkpt>
      <trkpt lat="22.58954412303864955902099609375" lon="114.2832970060408115386962890625">
        <ele>11.19999980926513671875</ele>
        <time>2025-06-05T11:09:16.000Z</time>
        <extensions>
          <ns3:TrackPointExtension>
            <ns3:atemp>28.0</ns3:atemp>
            <ns3:hr>121</ns3:hr>
            <ns3:cad>66</ns3:cad>
          </ns3:TrackPointExtension>
        </extensions>
      </trkpt>
      <trkpt lat="22.5895805843174457550048828125" lon="114.2832309566438198089599609375">
        <ele>11.3999996185302734375</ele>
        <time>2025-06-05T11:09:17.000Z</time>
        <extensions>
          <ns3:TrackPointExtension>
            <ns3:atemp>28.0</ns3:atemp>
            <ns3:hr>121</ns3:hr>
            <ns3:cad>73</ns3:cad>
          </ns3:TrackPointExtension>
        </extensions>
      </trkpt>
      <trkpt lat="22.58961260318756103515625" lon="114.28316851146519184112548828125">
        <ele>11.3999996185302734375</ele>
        <time>2025-06-05T11:09:18.000Z</time>
        <extensions>
          <ns3:TrackPointExtension>
            <ns3:atemp>28.0</ns3:atemp>
            <ns3:hr>122</ns3:hr>
            <ns3:cad>81</ns3:cad>
          </ns3:TrackPointExtension>
        </extensions>
      </trkpt>
      <trkpt lat="22.5896379165351390838623046875" lon="114.28309961222112178802490234375">
        <ele>11.6000003814697265625</ele>
        <time>2025-06-05T11:09:19.000Z</time>
        <extensions>
          <ns3:TrackPointExtension>
            <ns3:atemp>28.0</ns3:atemp>
            <ns3:hr>122</ns3:hr>
            <ns3:cad>79</ns3:cad>
          </ns3:TrackPointExtension>
        </extensions>
      </trkpt>
      <trkpt lat="22.5896657444536685943603515625" lon="114.28303289227187633514404296875">
        <ele>11.80000019073486328125</ele>
        <time>2025-06-05T11:09:20.000Z</time>
        <extensions>
          <ns3:TrackPointExtension>
            <ns3:atemp>28.0</ns3:atemp>
            <ns3:hr>122</ns3:hr>
            <ns3:cad>78</ns3:cad>
          </ns3:TrackPointExtension>
        </extensions>
      </trkpt>
      <trkpt lat="22.58968879468739032745361328125" lon="114.28296826779842376708984375">
        <ele>12</ele>
        <time>2025-06-05T11:09:21.000Z</time>
        <extensions>
          <ns3:TrackPointExtension>
            <ns3:atemp>28.0</ns3:atemp>
            <ns3:hr>122</ns3:hr>
            <ns3:cad>78</ns3:cad>
          </ns3:TrackPointExtension>
        </extensions>
      </trkpt>
      <trkpt lat="22.58970824070274829864501953125" lon="114.2829077504575252532958984375">
        <ele>12</ele>
        <time>2025-06-05T11:09:22.000Z</time>
        <extensions>
          <ns3:TrackPointExtension>
            <ns3:atemp>28.0</ns3:atemp>
            <ns3:hr>122</ns3:hr>
            <ns3:cad>78</ns3:cad>
          </ns3:TrackPointExtension>
        </extensions>
      </trkpt>
      <trkpt lat="22.589706815779209136962890625" lon="114.28284932859241962432861328125">
        <ele>12.19999980926513671875</ele>
        <time>2025-06-05T11:09:23.000Z</time>
        <extensions>
          <ns3:TrackPointExtension>
            <ns3:atemp>28.0</ns3:atemp>
            <ns3:hr>122</ns3:hr>
            <ns3:cad>78</ns3:cad>
          </ns3:TrackPointExtension>
        </extensions>
      </trkpt>
      <trkpt lat="22.58968527428805828094482421875" lon="114.28280037827789783477783203125">
        <ele>12.3999996185302734375</ele>
        <time>2025-06-05T11:09:24.000Z</time>
        <extensions>
          <ns3:TrackPointExtension>
            <ns3:atemp>28.0</ns3:atemp>
            <ns3:hr>123</ns3:hr>
            <ns3:cad>0</ns3:cad>
          </ns3:TrackPointExtension>
        </extensions>
      </trkpt>
      <trkpt lat="22.58965157903730869293212890625" lon="114.28277456201612949371337890625">
        <ele>12.3999996185302734375</ele>
        <time>2025-06-05T11:09:25.000Z</time>
        <extensions>
          <ns3:TrackPointExtension>
            <ns3:atemp>28.0</ns3:atemp>
            <ns3:hr>123</ns3:hr>
            <ns3:cad>0</ns3:cad>
          </ns3:TrackPointExtension>
        </extensions>
      </trkpt>
      <trkpt lat="22.58959139697253704071044921875" lon="114.28274539299309253692626953125">
        <ele>12.19999980926513671875</ele>
        <time>2025-06-05T11:09:26.000Z</time>
        <extensions>
          <ns3:TrackPointExtension>
            <ns3:atemp>28.0</ns3:atemp>
            <ns3:hr>124</ns3:hr>
            <ns3:cad>0</ns3:cad>
          </ns3:TrackPointExtension>
        </extensions>
      </trkpt>
      <trkpt lat="22.58952618576586246490478515625" lon="114.28272611461579799652099609375">
        <ele>12.19999980926513671875</ele>
        <time>2025-06-05T11:09:27.000Z</time>
        <extensions>
          <ns3:TrackPointExtension>
            <ns3:atemp>28.0</ns3:atemp>
            <ns3:hr>126</ns3:hr>
            <ns3:cad>73</ns3:cad>
          </ns3:TrackPointExtension>
        </extensions>
      </trkpt>
      <trkpt lat="22.58945845998823642730712890625" lon="114.2827092669904232025146484375">
        <ele>12</ele>
        <time>2025-06-05T11:09:28.000Z</time>
        <extensions>
          <ns3:TrackPointExtension>
            <ns3:atemp>28.0</ns3:atemp>
            <ns3:hr>127</ns3:hr>
            <ns3:cad>73</ns3:cad>
          </ns3:TrackPointExtension>
        </extensions>
      </trkpt>
      <trkpt lat="22.5893794186413288116455078125" lon="114.2826854623854160308837890625">
        <ele>11.80000019073486328125</ele>
        <time>2025-06-05T11:09:29.000Z</time>
        <extensions>
          <ns3:TrackPointExtension>
            <ns3:atemp>28.0</ns3:atemp>
            <ns3:hr>128</ns3:hr>
            <ns3:cad>73</ns3:cad>
          </ns3:TrackPointExtension>
        </extensions>
      </trkpt>
      <trkpt lat="22.589336000382900238037109375" lon="114.2826572991907596588134765625">
        <ele>11.6000003814697265625</ele>
        <time>2025-06-05T11:09:30.000Z</time>
        <extensions>
          <ns3:TrackPointExtension>
            <ns3:atemp>28.0</ns3:atemp>
            <ns3:hr>127</ns3:hr>
            <ns3:cad>73</ns3:cad>
          </ns3:TrackPointExtension>
        </extensions>
      </trkpt>
      <trkpt lat="22.58930959738790988922119140625" lon="114.2826130427420139312744140625">
        <ele>11.6000003814697265625</ele>
        <time>2025-06-05T11:09:31.000Z</time>
        <extensions>
          <ns3:TrackPointExtension>
            <ns3:atemp>28.0</ns3:atemp>
            <ns3:hr>127</ns3:hr>
            <ns3:cad>0</ns3:cad>
          </ns3:TrackPointExtension>
        </extensions>
      </trkpt>
      <trkpt lat="22.58930540643632411956787109375" lon="114.28256803192198276519775390625">
        <ele>11.6000003814697265625</ele>
        <time>2025-06-05T11:09:32.000Z</time>
        <extensions>
          <ns3:TrackPointExtension>
            <ns3:atemp>28.0</ns3:atemp>
            <ns3:hr>127</ns3:hr>
            <ns3:cad>0</ns3:cad>
          </ns3:TrackPointExtension>
        </extensions>
      </trkpt>
      <trkpt lat="22.58930624462664127349853515625" lon="114.282517321407794952392578125">
        <ele>11.6000003814697265625</ele>
        <time>2025-06-05T11:09:33.000Z</time>
        <extensions>
          <ns3:TrackPointExtension>
            <ns3:atemp>28.0</ns3:atemp>
            <ns3:hr>126</ns3:hr>
            <ns3:cad>0</ns3:cad>
          </ns3:TrackPointExtension>
        </extensions>
      </trkpt>
      <trkpt lat="22.58931194432079792022705078125" lon="114.282460995018482208251953125">
        <ele>11.6000003814697265625</ele>
        <time>2025-06-05T11:09:34.000Z</time>
        <extensions>
          <ns3:TrackPointExtension>
            <ns3:atemp>28.0</ns3:atemp>
            <ns3:hr>126</ns3:hr>
            <ns3:cad>51</ns3:cad>
          </ns3:TrackPointExtension>
        </extensions>
      </trkpt>
      <trkpt lat="22.58931688964366912841796875" lon="114.282406009733676910400390625">
        <ele>11.6000003814697265625</ele>
        <time>2025-06-05T11:09:35.000Z</time>
        <extensions>
          <ns3:TrackPointExtension>
            <ns3:atemp>28.0</ns3:atemp>
            <ns3:hr>125</ns3:hr>
            <ns3:cad>51</ns3:cad>
          </ns3:TrackPointExtension>
        </extensions>
      </trkpt>
      <trkpt lat="22.5893284566700458526611328125" lon="114.28234557621181011199951171875">
        <ele>11.6000003814697265625</ele>
        <time>2025-06-05T11:09:36.000Z</time>
        <extensions>
          <ns3:TrackPointExtension>
            <ns3:atemp>28.0</ns3:atemp>
            <ns3:hr>125</ns3:hr>
            <ns3:cad>63</ns3:cad>
          </ns3:TrackPointExtension>
        </extensions>
      </trkpt>
      <trkpt lat="22.5893430411815643310546875" lon="114.28228673525154590606689453125">
        <ele>11.80000019073486328125</ele>
        <time>2025-06-05T11:09:37.000Z</time>
        <extensions>
          <ns3:TrackPointExtension>
            <ns3:atemp>28.0</ns3:atemp>
            <ns3:hr>126</ns3:hr>
            <ns3:cad>65</ns3:cad>
          </ns3:TrackPointExtension>
        </extensions>
      </trkpt>
      <trkpt lat="22.58935133926570415496826171875" lon="114.28222303278744220733642578125">
        <ele>11.80000019073486328125</ele>
        <time>2025-06-05T11:09:38.000Z</time>
        <extensions>
          <ns3:TrackPointExtension>
            <ns3:atemp>28.0</ns3:atemp>
            <ns3:hr>126</ns3:hr>
            <ns3:cad>66</ns3:cad>
          </ns3:TrackPointExtension>
        </extensions>
      </trkpt>
      <trkpt lat="22.58935687132179737091064453125" lon="114.2821597494184970855712890625">
        <ele>11.80000019073486328125</ele>
        <time>2025-06-05T11:09:39.000Z</time>
        <extensions>
          <ns3:TrackPointExtension>
            <ns3:atemp>28.0</ns3:atemp>
            <ns3:hr>126</ns3:hr>
            <ns3:cad>65</ns3:cad>
          </ns3:TrackPointExtension>
        </extensions>
      </trkpt>
      <trkpt lat="22.58936022408306598663330078125" lon="114.282094202935695648193359375">
        <ele>11.80000019073486328125</ele>
        <time>2025-06-05T11:09:40.000Z</time>
        <extensions>
          <ns3:TrackPointExtension>
            <ns3:atemp>28.0</ns3:atemp>
            <ns3:hr>126</ns3:hr>
            <ns3:cad>67</ns3:cad>
          </ns3:TrackPointExtension>
        </extensions>
      </trkpt>
      <trkpt lat="22.5893636606633663177490234375" lon="114.28202806971967220306396484375">
        <ele>11.80000019073486328125</ele>
        <time>2025-06-05T11:09:41.000Z</time>
        <extensions>
          <ns3:TrackPointExtension>
            <ns3:atemp>28.0</ns3:atemp>
            <ns3:hr>126</ns3:hr>
            <ns3:cad>68</ns3:cad>
          </ns3:TrackPointExtension>
        </extensions>
      </trkpt>
      <trkpt lat="22.5893670134246349334716796875" lon="114.28196269087493419647216796875">
        <ele>11.80000019073486328125</ele>
        <time>2025-06-05T11:09:42.000Z</time>
        <extensions>
          <ns3:TrackPointExtension>
            <ns3:atemp>28.0</ns3:atemp>
            <ns3:hr>127</ns3:hr>
            <ns3:cad>69</ns3:cad>
          </ns3:TrackPointExtension>
        </extensions>
      </trkpt>
      <trkpt lat="22.58937296457588672637939453125" lon="114.2818982340395450592041015625">
        <ele>11.80000019073486328125</ele>
        <time>2025-06-05T11:09:43.000Z</time>
        <extensions>
          <ns3:TrackPointExtension>
            <ns3:atemp>28.0</ns3:atemp>
            <ns3:hr>127</ns3:hr>
            <ns3:cad>69</ns3:cad>
          </ns3:TrackPointExtension>
        </extensions>
      </trkpt>
      <trkpt lat="22.58937967009842395782470703125" lon="114.28183293901383876800537109375">
        <ele>11.80000019073486328125</ele>
        <time>2025-06-05T11:09:44.000Z</time>
        <extensions>
          <ns3:TrackPointExtension>
            <ns3:atemp>28.0</ns3:atemp>
            <ns3:hr>127</ns3:hr>
            <ns3:cad>70</ns3:cad>
          </ns3:TrackPointExtension>
        </extensions>
      </trkpt>
      <trkpt lat="22.58938553743064403533935546875" lon="114.2817651294171810150146484375">
        <ele>11.80000019073486328125</ele>
        <time>2025-06-05T11:09:45.000Z</time>
        <extensions>
          <ns3:TrackPointExtension>
            <ns3:atemp>28.0</ns3:atemp>
            <ns3:hr>127</ns3:hr>
            <ns3:cad>69</ns3:cad>
          </ns3:TrackPointExtension>
        </extensions>
      </trkpt>
      <trkpt lat="22.5893914885818958282470703125" lon="114.28169832564890384674072265625">
        <ele>11.80000019073486328125</ele>
        <time>2025-06-05T11:09:46.000Z</time>
        <extensions>
          <ns3:TrackPointExtension>
            <ns3:atemp>28.0</ns3:atemp>
            <ns3:hr>126</ns3:hr>
            <ns3:cad>71</ns3:cad>
          </ns3:TrackPointExtension>
        </extensions>
      </trkpt>
      <trkpt lat="22.5893966853618621826171875" lon="114.28163194097578525543212890625">
        <ele>11.80000019073486328125</ele>
        <time>2025-06-05T11:09:47.000Z</time>
        <extensions>
          <ns3:TrackPointExtension>
            <ns3:atemp>28.0</ns3:atemp>
            <ns3:hr>127</ns3:hr>
            <ns3:cad>70</ns3:cad>
          </ns3:TrackPointExtension>
        </extensions>
      </trkpt>
      <trkpt lat="22.589397020637989044189453125" lon="114.28156740032136440277099609375">
        <ele>11.80000019073486328125</ele>
        <time>2025-06-05T11:09:48.000Z</time>
        <extensions>
          <ns3:TrackPointExtension>
            <ns3:atemp>28.0</ns3:atemp>
            <ns3:hr>127</ns3:hr>
            <ns3:cad>70</ns3:cad>
          </ns3:TrackPointExtension>
        </extensions>
      </trkpt>
      <trkpt lat="22.58940272033214569091796875" lon="114.2815036140382289886474609375">
        <ele>11.80000019073486328125</ele>
        <time>2025-06-05T11:09:49.000Z</time>
        <extensions>
          <ns3:TrackPointExtension>
            <ns3:atemp>28.0</ns3:atemp>
            <ns3:hr>126</ns3:hr>
            <ns3:cad>71</ns3:cad>
          </ns3:TrackPointExtension>
        </extensions>
      </trkpt>
      <trkpt lat="22.58940397761762142181396484375" lon="114.28143806755542755126953125">
        <ele>12</ele>
        <time>2025-06-05T11:09:50.000Z</time>
        <extensions>
          <ns3:TrackPointExtension>
            <ns3:atemp>28.0</ns3:atemp>
            <ns3:hr>127</ns3:hr>
            <ns3:cad>72</ns3:cad>
          </ns3:TrackPointExtension>
        </extensions>
      </trkpt>
      <trkpt lat="22.589401043951511383056640625" lon="114.2813725210726261138916015625">
        <ele>12</ele>
        <time>2025-06-05T11:09:51.000Z</time>
        <extensions>
          <ns3:TrackPointExtension>
            <ns3:atemp>28.0</ns3:atemp>
            <ns3:hr>126</ns3:hr>
            <ns3:cad>72</ns3:cad>
          </ns3:TrackPointExtension>
        </extensions>
      </trkpt>
      <trkpt lat="22.5893913209438323974609375" lon="114.28130420856177806854248046875">
        <ele>12</ele>
        <time>2025-06-05T11:09:52.000Z</time>
        <extensions>
          <ns3:TrackPointExtension>
            <ns3:atemp>28.0</ns3:atemp>
            <ns3:hr>126</ns3:hr>
            <ns3:cad>71</ns3:cad>
          </ns3:TrackPointExtension>
        </extensions>
      </trkpt>
      <trkpt lat="22.589378915727138519287109375" lon="114.281236566603183746337890625">
        <ele>11.80000019073486328125</ele>
        <time>2025-06-05T11:09:53.000Z</time>
        <extensions>
          <ns3:TrackPointExtension>
            <ns3:atemp>28.0</ns3:atemp>
            <ns3:hr>126</ns3:hr>
            <ns3:cad>71</ns3:cad>
          </ns3:TrackPointExtension>
        </extensions>
      </trkpt>
      <trkpt lat="22.58936609141528606414794921875" lon="114.281167499721050262451171875">
        <ele>11.80000019073486328125</ele>
        <time>2025-06-05T11:09:54.000Z</time>
        <extensions>
          <ns3:TrackPointExtension>
            <ns3:atemp>28.0</ns3:atemp>
            <ns3:hr>127</ns3:hr>
            <ns3:cad>101</ns3:cad>
          </ns3:TrackPointExtension>
        </extensions>
      </trkpt>
      <trkpt lat="22.58935083635151386260986328125" lon="114.2810969240963459014892578125">
        <ele>11.6000003814697265625</ele>
        <time>2025-06-05T11:09:55.000Z</time>
        <extensions>
          <ns3:TrackPointExtension>
            <ns3:atemp>28.0</ns3:atemp>
            <ns3:hr>127</ns3:hr>
            <ns3:cad>101</ns3:cad>
          </ns3:TrackPointExtension>
        </extensions>
      </trkpt>
      <trkpt lat="22.58933709003031253814697265625" lon="114.28102366626262664794921875">
        <ele>11.3999996185302734375</ele>
        <time>2025-06-05T11:09:56.000Z</time>
        <extensions>
          <ns3:TrackPointExtension>
            <ns3:atemp>28.0</ns3:atemp>
            <ns3:hr>127</ns3:hr>
            <ns3:cad>101</ns3:cad>
          </ns3:TrackPointExtension>
        </extensions>
      </trkpt>
      <trkpt lat="22.5893204100430011749267578125" lon="114.2809500731527805328369140625">
        <ele>11.19999980926513671875</ele>
        <time>2025-06-05T11:09:57.000Z</time>
        <extensions>
          <ns3:TrackPointExtension>
            <ns3:atemp>28.0</ns3:atemp>
            <ns3:hr>127</ns3:hr>
            <ns3:cad>101</ns3:cad>
          </ns3:TrackPointExtension>
        </extensions>
      </trkpt>
      <trkpt lat="22.58930657990276813507080078125" lon="114.28087103180587291717529296875">
        <ele>11</ele>
        <time>2025-06-05T11:09:58.000Z</time>
        <extensions>
          <ns3:TrackPointExtension>
            <ns3:atemp>28.0</ns3:atemp>
            <ns3:hr>127</ns3:hr>
            <ns3:cad>0</ns3:cad>
          </ns3:TrackPointExtension>
        </extensions>
      </trkpt>
      <trkpt lat="22.589299790561199188232421875" lon="114.28079140372574329376220703125">
        <ele>10.80000019073486328125</ele>
        <time>2025-06-05T11:09:59.000Z</time>
        <extensions>
          <ns3:TrackPointExtension>
            <ns3:atemp>28.0</ns3:atemp>
            <ns3:hr>127</ns3:hr>
            <ns3:cad>0</ns3:cad>
          </ns3:TrackPointExtension>
        </extensions>
      </trkpt>
      <trkpt lat="22.58929903618991374969482421875" lon="114.28071412257850170135498046875">
        <ele>10.6000003814697265625</ele>
        <time>2025-06-05T11:10:00.000Z</time>
        <extensions>
          <ns3:TrackPointExtension>
            <ns3:atemp>28.0</ns3:atemp>
            <ns3:hr>127</ns3:hr>
            <ns3:cad>0</ns3:cad>
          </ns3:TrackPointExtension>
        </extensions>
      </trkpt>
      <trkpt lat="22.58929534815251827239990234375" lon="114.2806399427354335784912109375">
        <ele>10.6000003814697265625</ele>
        <time>2025-06-05T11:10:01.000Z</time>
        <extensions>
          <ns3:TrackPointExtension>
            <ns3:atemp>28.0</ns3:atemp>
            <ns3:hr>127</ns3:hr>
            <ns3:cad>0</ns3:cad>
          </ns3:TrackPointExtension>
        </extensions>
      </trkpt>
      <trkpt lat="22.58929786272346973419189453125" lon="114.2805708758533000946044921875">
        <ele>10.3999996185302734375</ele>
        <time>2025-06-05T11:10:02.000Z</time>
        <extensions>
          <ns3:TrackPointExtension>
            <ns3:atemp>28.0</ns3:atemp>
            <ns3:hr>127</ns3:hr>
            <ns3:cad>0</ns3:cad>
          </ns3:TrackPointExtension>
        </extensions>
      </trkpt>
      <trkpt lat="22.58930523879826068878173828125" lon="114.28050826303660869598388671875">
        <ele>10.3999996185302734375</ele>
        <time>2025-06-05T11:10:03.000Z</time>
        <extensions>
          <ns3:TrackPointExtension>
            <ns3:atemp>28.0</ns3:atemp>
            <ns3:hr>128</ns3:hr>
            <ns3:cad>0</ns3:cad>
          </ns3:TrackPointExtension>
        </extensions>
      </trkpt>
      <trkpt lat="22.58930884301662445068359375" lon="114.2804511822760105133056640625">
        <ele>10.3999996185302734375</ele>
        <time>2025-06-05T11:10:04.000Z</time>
        <extensions>
          <ns3:TrackPointExtension>
            <ns3:atemp>28.0</ns3:atemp>
            <ns3:hr>128</ns3:hr>
            <ns3:cad>0</ns3:cad>
          </ns3:TrackPointExtension>
        </extensions>
      </trkpt>
      <trkpt lat="22.58931077085435390472412109375" lon="114.28039493970572948455810546875">
        <ele>10.19999980926513671875</ele>
        <time>2025-06-05T11:10:05.000Z</time>
        <extensions>
          <ns3:TrackPointExtension>
            <ns3:atemp>28.0</ns3:atemp>
            <ns3:hr>128</ns3:hr>
            <ns3:cad>0</ns3:cad>
          </ns3:TrackPointExtension>
        </extensions>
      </trkpt>
      <trkpt lat="22.58931630291044712066650390625" lon="114.2803390324115753173828125">
        <ele>10</ele>
        <time>2025-06-05T11:10:06.000Z</time>
        <extensions>
          <ns3:TrackPointExtension>
            <ns3:atemp>28.0</ns3:atemp>
            <ns3:hr>129</ns3:hr>
            <ns3:cad>0</ns3:cad>
          </ns3:TrackPointExtension>
        </extensions>
      </trkpt>
      <trkpt lat="22.58932502008974552154541015625" lon="114.2802801914513111114501953125">
        <ele>10.19999980926513671875</ele>
        <time>2025-06-05T11:10:07.000Z</time>
        <extensions>
          <ns3:TrackPointExtension>
            <ns3:atemp>28.0</ns3:atemp>
            <ns3:hr>129</ns3:hr>
            <ns3:cad>0</ns3:cad>
          </ns3:TrackPointExtension>
        </extensions>
      </trkpt>
      <trkpt lat="22.58933088742196559906005859375" lon="114.280224032700061798095703125">
        <ele>10</ele>
        <time>2025-06-05T11:10:08.000Z</time>
        <extensions>
          <ns3:TrackPointExtension>
            <ns3:atemp>28.0</ns3:atemp>
            <ns3:hr>129</ns3:hr>
            <ns3:cad>0</ns3:cad>
          </ns3:TrackPointExtension>
        </extensions>
      </trkpt>
      <trkpt lat="22.589325942099094390869140625" lon="114.2801665328443050384521484375">
        <ele>10</ele>
        <time>2025-06-05T11:10:09.000Z</time>
        <extensions>
          <ns3:TrackPointExtension>
            <ns3:atemp>28.0</ns3:atemp>
            <ns3:hr>129</ns3:hr>
            <ns3:cad>63</ns3:cad>
          </ns3:TrackPointExtension>
        </extensions>
      </trkpt>
      <trkpt lat="22.5893224216997623443603515625" lon="114.2801058478653430938720703125">
        <ele>10</ele>
        <time>2025-06-05T11:10:10.000Z</time>
        <extensions>
          <ns3:TrackPointExtension>
            <ns3:atemp>28.0</ns3:atemp>
            <ns3:hr>129</ns3:hr>
            <ns3:cad>60</ns3:cad>
          </ns3:TrackPointExtension>
        </extensions>
      </trkpt>
      <trkpt lat="22.58931881748139858245849609375" lon="114.280045665800571441650390625">
        <ele>10.19999980926513671875</ele>
        <time>2025-06-05T11:10:11.000Z</time>
        <extensions>
          <ns3:TrackPointExtension>
            <ns3:atemp>28.0</ns3:atemp>
            <ns3:hr>128</ns3:hr>
            <ns3:cad>60</ns3:cad>
          </ns3:TrackPointExtension>
        </extensions>
      </trkpt>
      <trkpt lat="22.58931881748139858245849609375" lon="114.2799930274486541748046875">
        <ele>10.19999980926513671875</ele>
        <time>2025-06-05T11:10:12.000Z</time>
        <extensions>
          <ns3:TrackPointExtension>
            <ns3:atemp>28.0</ns3:atemp>
            <ns3:hr>128</ns3:hr>
            <ns3:cad>60</ns3:cad>
          </ns3:TrackPointExtension>
        </extensions>
      </trkpt>
      <trkpt lat="22.58931730873882770538330078125" lon="114.27995103411376476287841796875">
        <ele>10.3999996185302734375</ele>
        <time>2025-06-05T11:10:13.000Z</time>
        <extensions>
          <ns3:TrackPointExtension>
            <ns3:atemp>28.0</ns3:atemp>
            <ns3:hr>129</ns3:hr>
            <ns3:cad>60</ns3:cad>
          </ns3:TrackPointExtension>
        </extensions>
      </trkpt>
      <trkpt lat="22.58930942974984645843505859375" lon="114.2799170874059200286865234375">
        <ele>10.3999996185302734375</ele>
        <time>2025-06-05T11:10:14.000Z</time>
        <extensions>
          <ns3:TrackPointExtension>
            <ns3:atemp>28.0</ns3:atemp>
            <ns3:hr>129</ns3:hr>
            <ns3:cad>60</ns3:cad>
          </ns3:TrackPointExtension>
        </extensions>
      </trkpt>
      <trkpt lat="22.589305154979228973388671875" lon="114.2798751778900623321533203125">
        <ele>10.3999996185302734375</ele>
        <time>2025-06-05T11:10:15.000Z</time>
        <extensions>
          <ns3:TrackPointExtension>
            <ns3:atemp>28.0</ns3:atemp>
            <ns3:hr>129</ns3:hr>
            <ns3:cad>0</ns3:cad>
          </ns3:TrackPointExtension>
        </extensions>
      </trkpt>
      <trkpt lat="22.58930272422730922698974609375" lon="114.27983586676418781280517578125">
        <ele>10.3999996185302734375</ele>
        <time>2025-06-05T11:10:16.000Z</time>
        <extensions>
          <ns3:TrackPointExtension>
            <ns3:atemp>28.0</ns3:atemp>
            <ns3:hr>129</ns3:hr>
            <ns3:cad>0</ns3:cad>
          </ns3:TrackPointExtension>
        </extensions>
      </trkpt>
      <trkpt lat="22.58930674754083156585693359375" lon="114.2798025906085968017578125">
        <ele>10.3999996185302734375</ele>
        <time>2025-06-05T11:10:17.000Z</time>
        <extensions>
          <ns3:TrackPointExtension>
            <ns3:atemp>28.0</ns3:atemp>
            <ns3:hr>129</ns3:hr>
            <ns3:cad>0</ns3:cad>
          </ns3:TrackPointExtension>
        </extensions>
      </trkpt>
      <trkpt lat="22.58930741809308528900146484375" lon="114.2797742597758769989013671875">
        <ele>10.19999980926513671875</ele>
        <time>2025-06-05T11:10:18.000Z</time>
        <extensions>
          <ns3:TrackPointExtension>
            <ns3:atemp>28.0</ns3:atemp>
            <ns3:hr>129</ns3:hr>
            <ns3:cad>0</ns3:cad>
          </ns3:TrackPointExtension>
        </extensions>
      </trkpt>
      <trkpt lat="22.589309513568878173828125" lon="114.2797417379915714263916015625">
        <ele>10.3999996185302734375</ele>
        <time>2025-06-05T11:10:19.000Z</time>
        <extensions>
          <ns3:TrackPointExtension>
            <ns3:atemp>28.0</ns3:atemp>
            <ns3:hr>128</ns3:hr>
            <ns3:cad>0</ns3:cad>
          </ns3:TrackPointExtension>
        </extensions>
      </trkpt>
      <trkpt lat="22.58931160904467105865478515625" lon="114.2797085456550121307373046875">
        <ele>10.3999996185302734375</ele>
        <time>2025-06-05T11:10:20.000Z</time>
        <extensions>
          <ns3:TrackPointExtension>
            <ns3:atemp>28.0</ns3:atemp>
            <ns3:hr>128</ns3:hr>
            <ns3:cad>0</ns3:cad>
          </ns3:TrackPointExtension>
        </extensions>
      </trkpt>
      <trkpt lat="22.5893123634159564971923828125" lon="114.27967208437621593475341796875">
        <ele>10.6000003814697265625</ele>
        <time>2025-06-05T11:10:21.000Z</time>
        <extensions>
          <ns3:TrackPointExtension>
            <ns3:atemp>28.0</ns3:atemp>
            <ns3:hr>128</ns3:hr>
            <ns3:cad>51</ns3:cad>
          </ns3:TrackPointExtension>
        </extensions>
      </trkpt>
      <trkpt lat="22.58931311778724193572998046875" lon="114.279628582298755645751953125">
        <ele>10.80000019073486328125</ele>
        <time>2025-06-05T11:10:22.000Z</time>
        <extensions>
          <ns3:TrackPointExtension>
            <ns3:atemp>28.0</ns3:atemp>
            <ns3:hr>127</ns3:hr>
            <ns3:cad>42</ns3:cad>
          </ns3:TrackPointExtension>
        </extensions>
      </trkpt>
      <trkpt lat="22.589314877986907958984375" lon="114.2795791290700435638427734375">
        <ele>11</ele>
        <time>2025-06-05T11:10:23.000Z</time>
        <extensions>
          <ns3:TrackPointExtension>
            <ns3:atemp>28.0</ns3:atemp>
            <ns3:hr>125</ns3:hr>
            <ns3:cad>68</ns3:cad>
          </ns3:TrackPointExtension>
        </extensions>
      </trkpt>
      <trkpt lat="22.5893143750727176666259765625" lon="114.2795278318226337432861328125">
        <ele>11.19999980926513671875</ele>
        <time>2025-06-05T11:10:24.000Z</time>
        <extensions>
          <ns3:TrackPointExtension>
            <ns3:atemp>28.0</ns3:atemp>
            <ns3:hr>124</ns3:hr>
            <ns3:cad>74</ns3:cad>
          </ns3:TrackPointExtension>
        </extensions>
      </trkpt>
      <trkpt lat="22.58931311778724193572998046875" lon="114.27947871387004852294921875">
        <ele>11.3999996185302734375</ele>
        <time>2025-06-05T11:10:25.000Z</time>
        <extensions>
          <ns3:TrackPointExtension>
            <ns3:atemp>28.0</ns3:atemp>
            <ns3:hr>124</ns3:hr>
            <ns3:cad>80</ns3:cad>
          </ns3:TrackPointExtension>
        </extensions>
      </trkpt>
      <trkpt lat="22.5893137045204639434814453125" lon="114.2794292606413364410400390625">
        <ele>11.80000019073486328125</ele>
        <time>2025-06-05T11:10:26.000Z</time>
        <extensions>
          <ns3:TrackPointExtension>
            <ns3:atemp>28.0</ns3:atemp>
            <ns3:hr>125</ns3:hr>
            <ns3:cad>79</ns3:cad>
          </ns3:TrackPointExtension>
        </extensions>
      </trkpt>
      <trkpt lat="22.589315213263034820556640625" lon="114.27938207052648067474365234375">
        <ele>12</ele>
        <time>2025-06-05T11:10:27.000Z</time>
        <extensions>
          <ns3:TrackPointExtension>
            <ns3:atemp>28.0</ns3:atemp>
            <ns3:hr>125</ns3:hr>
            <ns3:cad>80</ns3:cad>
          </ns3:TrackPointExtension>
        </extensions>
      </trkpt>
      <trkpt lat="22.5893175601959228515625" lon="114.279333539307117462158203125">
        <ele>12.19999980926513671875</ele>
        <time>2025-06-05T11:10:28.000Z</time>
        <extensions>
          <ns3:TrackPointExtension>
            <ns3:atemp>28.0</ns3:atemp>
            <ns3:hr>126</ns3:hr>
            <ns3:cad>78</ns3:cad>
          </ns3:TrackPointExtension>
        </extensions>
      </trkpt>
      <trkpt lat="22.589321918785572052001953125" lon="114.279281906783580780029296875">
        <ele>12.3999996185302734375</ele>
        <time>2025-06-05T11:10:29.000Z</time>
        <extensions>
          <ns3:TrackPointExtension>
            <ns3:atemp>28.0</ns3:atemp>
            <ns3:hr>126</ns3:hr>
            <ns3:cad>80</ns3:cad>
          </ns3:TrackPointExtension>
        </extensions>
      </trkpt>
      <trkpt lat="22.58933172561228275299072265625" lon="114.27923169918358325958251953125">
        <ele>12.80000019073486328125</ele>
        <time>2025-06-05T11:10:30.000Z</time>
        <extensions>
          <ns3:TrackPointExtension>
            <ns3:atemp>29.0</ns3:atemp>
            <ns3:hr>127</ns3:hr>
            <ns3:cad>85</ns3:cad>
          </ns3:TrackPointExtension>
        </extensions>
      </trkpt>
      <trkpt lat="22.58933457545936107635498046875" lon="114.27918174304068088531494140625">
        <ele>13</ele>
        <time>2025-06-05T11:10:31.000Z</time>
        <extensions>
          <ns3:TrackPointExtension>
            <ns3:atemp>28.0</ns3:atemp>
            <ns3:hr>128</ns3:hr>
            <ns3:cad>80</ns3:cad>
          </ns3:TrackPointExtension>
        </extensions>
      </trkpt>
      <trkpt lat="22.58933809585869312286376953125" lon="114.27912734448909759521484375">
        <ele>13.3999996185302734375</ele>
        <time>2025-06-05T11:10:32.000Z</time>
        <extensions>
          <ns3:TrackPointExtension>
            <ns3:atemp>28.0</ns3:atemp>
            <ns3:hr>130</ns3:hr>
            <ns3:cad>84</ns3:cad>
          </ns3:TrackPointExtension>
        </extensions>
      </trkpt>
      <trkpt lat="22.5893425382673740386962890625" lon="114.27907512523233890533447265625">
        <ele>13.80000019073486328125</ele>
        <time>2025-06-05T11:10:33.000Z</time>
        <extensions>
          <ns3:TrackPointExtension>
            <ns3:atemp>28.0</ns3:atemp>
            <ns3:hr>131</ns3:hr>
            <ns3:cad>83</ns3:cad>
          </ns3:TrackPointExtension>
        </extensions>
      </trkpt>
      <trkpt lat="22.5893455557525157928466796875" lon="114.27902382798492908477783203125">
        <ele>14.19999980926513671875</ele>
        <time>2025-06-05T11:10:34.000Z</time>
        <extensions>
          <ns3:TrackPointExtension>
            <ns3:atemp>28.0</ns3:atemp>
            <ns3:hr>132</ns3:hr>
            <ns3:cad>81</ns3:cad>
          </ns3:TrackPointExtension>
        </extensions>
      </trkpt>
      <trkpt lat="22.589346058666706085205078125" lon="114.278971441090106964111328125">
        <ele>14.6000003814697265625</ele>
        <time>2025-06-05T11:10:35.000Z</time>
        <extensions>
          <ns3:TrackPointExtension>
            <ns3:atemp>28.0</ns3:atemp>
            <ns3:hr>132</ns3:hr>
            <ns3:cad>80</ns3:cad>
          </ns3:TrackPointExtension>
        </extensions>
      </trkpt>
      <trkpt lat="22.58934773504734039306640625" lon="114.2789203114807605743408203125">
        <ele>14.80000019073486328125</ele>
        <time>2025-06-05T11:10:36.000Z</time>
        <extensions>
          <ns3:TrackPointExtension>
            <ns3:atemp>28.0</ns3:atemp>
            <ns3:hr>133</ns3:hr>
            <ns3:cad>81</ns3:cad>
          </ns3:TrackPointExtension>
        </extensions>
      </trkpt>
      <trkpt lat="22.589348070323467254638671875" lon="114.27886708639562129974365234375">
        <ele>15.19999980926513671875</ele>
        <time>2025-06-05T11:10:37.000Z</time>
        <extensions>
          <ns3:TrackPointExtension>
            <ns3:atemp>28.0</ns3:atemp>
            <ns3:hr>134</ns3:hr>
            <ns3:cad>81</ns3:cad>
          </ns3:TrackPointExtension>
        </extensions>
      </trkpt>
      <trkpt lat="22.58934714831411838531494140625" lon="114.27881578914821147918701171875">
        <ele>15.3999996185302734375</ele>
        <time>2025-06-05T11:10:38.000Z</time>
        <extensions>
          <ns3:TrackPointExtension>
            <ns3:atemp>28.0</ns3:atemp>
            <ns3:hr>136</ns3:hr>
            <ns3:cad>82</ns3:cad>
          </ns3:TrackPointExtension>
        </extensions>
      </trkpt>
      <trkpt lat="22.58934513665735721588134765625" lon="114.278763569891452789306640625">
        <ele>15.6000003814697265625</ele>
        <time>2025-06-05T11:10:39.000Z</time>
        <extensions>
          <ns3:TrackPointExtension>
            <ns3:atemp>28.0</ns3:atemp>
            <ns3:hr>137</ns3:hr>
            <ns3:cad>82</ns3:cad>
          </ns3:TrackPointExtension>
        </extensions>
      </trkpt>
      <trkpt lat="22.58934195153415203094482421875" lon="114.27871470339596271514892578125">
        <ele>16</ele>
        <time>2025-06-05T11:10:40.000Z</time>
        <extensions>
          <ns3:TrackPointExtension>
            <ns3:atemp>28.0</ns3:atemp>
            <ns3:hr>138</ns3:hr>
            <ns3:cad>80</ns3:cad>
          </ns3:TrackPointExtension>
        </extensions>
      </trkpt>
      <trkpt lat="22.5893411971628665924072265625" lon="114.27866457961499691009521484375">
        <ele>16.200000762939453125</ele>
        <time>2025-06-05T11:10:41.000Z</time>
        <extensions>
          <ns3:TrackPointExtension>
            <ns3:atemp>28.0</ns3:atemp>
            <ns3:hr>140</ns3:hr>
            <ns3:cad>80</ns3:cad>
          </ns3:TrackPointExtension>
        </extensions>
      </trkpt>
      <trkpt lat="22.58934128098189830780029296875" lon="114.27861328236758708953857421875">
        <ele>16.3999996185302734375</ele>
        <time>2025-06-05T11:10:42.000Z</time>
        <extensions>
          <ns3:TrackPointExtension>
            <ns3:atemp>29.0</ns3:atemp>
            <ns3:hr>141</ns3:hr>
            <ns3:cad>78</ns3:cad>
          </ns3:TrackPointExtension>
        </extensions>
      </trkpt>
      <trkpt lat="22.5893365032970905303955078125" lon="114.2785635776817798614501953125">
        <ele>16.799999237060546875</ele>
        <time>2025-06-05T11:10:43.000Z</time>
        <extensions>
          <ns3:TrackPointExtension>
            <ns3:atemp>28.0</ns3:atemp>
            <ns3:hr>142</ns3:hr>
            <ns3:cad>77</ns3:cad>
          </ns3:TrackPointExtension>
        </extensions>
      </trkpt>
      <trkpt lat="22.58932820521295070648193359375" lon="114.27851756103336811065673828125">
        <ele>17</ele>
        <time>2025-06-05T11:10:44.000Z</time>
        <extensions>
          <ns3:TrackPointExtension>
            <ns3:atemp>29.0</ns3:atemp>
            <ns3:hr>143</ns3:hr>
            <ns3:cad>77</ns3:cad>
          </ns3:TrackPointExtension>
        </extensions>
      </trkpt>
      <trkpt lat="22.5893150456249713897705078125" lon="114.2784767411649227142333984375">
        <ele>17.3999996185302734375</ele>
        <time>2025-06-05T11:10:45.000Z</time>
        <extensions>
          <ns3:TrackPointExtension>
            <ns3:atemp>29.0</ns3:atemp>
            <ns3:hr>144</ns3:hr>
            <ns3:cad>71</ns3:cad>
          </ns3:TrackPointExtension>
        </extensions>
      </trkpt>
      <trkpt lat="22.589297778904438018798828125" lon="114.27843726240098476409912109375">
        <ele>17.6000003814697265625</ele>
        <time>2025-06-05T11:10:46.000Z</time>
        <extensions>
          <ns3:TrackPointExtension>
            <ns3:atemp>29.0</ns3:atemp>
            <ns3:hr>145</ns3:hr>
            <ns3:cad>71</ns3:cad>
          </ns3:TrackPointExtension>
        </extensions>
      </trkpt>
      <trkpt lat="22.5892805121839046478271484375" lon="114.27839971147477626800537109375">
        <ele>17.799999237060546875</ele>
        <time>2025-06-05T11:10:47.000Z</time>
        <extensions>
          <ns3:TrackPointExtension>
            <ns3:atemp>28.0</ns3:atemp>
            <ns3:hr>146</ns3:hr>
            <ns3:cad>68</ns3:cad>
          </ns3:TrackPointExtension>
        </extensions>
      </trkpt>
      <trkpt lat="22.58927171118557453155517578125" lon="114.27835998125374317169189453125">
        <ele>18</ele>
        <time>2025-06-05T11:10:48.000Z</time>
        <extensions>
          <ns3:TrackPointExtension>
            <ns3:atemp>28.0</ns3:atemp>
            <ns3:hr>147</ns3:hr>
            <ns3:cad>65</ns3:cad>
          </ns3:TrackPointExtension>
        </extensions>
      </trkpt>
      <trkpt lat="22.58926726877689361572265625" lon="114.27831907756626605987548828125">
        <ele>18</ele>
        <time>2025-06-05T11:10:49.000Z</time>
        <extensions>
          <ns3:TrackPointExtension>
            <ns3:atemp>28.0</ns3:atemp>
            <ns3:hr>147</ns3:hr>
            <ns3:cad>67</ns3:cad>
          </ns3:TrackPointExtension>
        </extensions>
      </trkpt>
      <trkpt lat="22.5892674364149570465087890625" lon="114.27827632986009120941162109375">
        <ele>18</ele>
        <time>2025-06-05T11:10:50.000Z</time>
        <extensions>
          <ns3:TrackPointExtension>
            <ns3:atemp>28.0</ns3:atemp>
            <ns3:hr>147</ns3:hr>
            <ns3:cad>71</ns3:cad>
          </ns3:TrackPointExtension>
        </extensions>
      </trkpt>
      <trkpt lat="22.589265592396259307861328125" lon="114.278231151401996612548828125">
        <ele>18</ele>
        <time>2025-06-05T11:10:51.000Z</time>
        <extensions>
          <ns3:TrackPointExtension>
            <ns3:atemp>29.0</ns3:atemp>
            <ns3:hr>147</ns3:hr>
            <ns3:cad>51</ns3:cad>
          </ns3:TrackPointExtension>
        </extensions>
      </trkpt>
      <trkpt lat="22.58926332928240299224853515625" lon="114.27818412892520427703857421875">
        <ele>18</ele>
        <time>2025-06-05T11:10:52.000Z</time>
        <extensions>
          <ns3:TrackPointExtension>
            <ns3:atemp>28.0</ns3:atemp>
            <ns3:hr>148</ns3:hr>
            <ns3:cad>51</ns3:cad>
          </ns3:TrackPointExtension>
        </extensions>
      </trkpt>
      <trkpt lat="22.5892553664743900299072265625" lon="114.278135262429714202880859375">
        <ele>18</ele>
        <time>2025-06-05T11:10:53.000Z</time>
        <extensions>
          <ns3:TrackPointExtension>
            <ns3:atemp>29.0</ns3:atemp>
            <ns3:hr>149</ns3:hr>
            <ns3:cad>51</ns3:cad>
          </ns3:TrackPointExtension>
        </extensions>
      </trkpt>
      <trkpt lat="22.58924908004701137542724609375" lon="114.27809645421802997589111328125">
        <ele>18</ele>
        <time>2025-06-05T11:10:54.000Z</time>
        <extensions>
          <ns3:TrackPointExtension>
            <ns3:atemp>28.0</ns3:atemp>
            <ns3:hr>150</ns3:hr>
            <ns3:cad>51</ns3:cad>
          </ns3:TrackPointExtension>
        </extensions>
      </trkpt>
      <trkpt lat="22.58922745473682880401611328125" lon="114.27807281725108623504638671875">
        <ele>18</ele>
        <time>2025-06-05T11:10:55.000Z</time>
        <extensions>
          <ns3:TrackPointExtension>
            <ns3:atemp>28.0</ns3:atemp>
            <ns3:hr>151</ns3:hr>
            <ns3:cad>0</ns3:cad>
          </ns3:TrackPointExtension>
        </extensions>
      </trkpt>
      <trkpt lat="22.58920021355152130126953125" lon="114.27804775536060333251953125">
        <ele>18</ele>
        <time>2025-06-05T11:10:56.000Z</time>
        <extensions>
          <ns3:TrackPointExtension>
            <ns3:atemp>29.0</ns3:atemp>
            <ns3:hr>153</ns3:hr>
            <ns3:cad>0</ns3:cad>
          </ns3:TrackPointExtension>
        </extensions>
      </trkpt>
      <trkpt lat="22.58917397819459438323974609375" lon="114.27801917307078838348388671875">
        <ele>17.799999237060546875</ele>
        <time>2025-06-05T11:10:57.000Z</time>
        <extensions>
          <ns3:TrackPointExtension>
            <ns3:atemp>29.0</ns3:atemp>
            <ns3:hr>154</ns3:hr>
            <ns3:cad>0</ns3:cad>
          </ns3:TrackPointExtension>
        </extensions>
      </trkpt>
      <trkpt lat="22.58915335871279239654541015625" lon="114.27798413671553134918212890625">
        <ele>17.799999237060546875</ele>
        <time>2025-06-05T11:10:58.000Z</time>
        <extensions>
          <ns3:TrackPointExtension>
            <ns3:atemp>29.0</ns3:atemp>
            <ns3:hr>154</ns3:hr>
            <ns3:cad>0</ns3:cad>
          </ns3:TrackPointExtension>
        </extensions>
      </trkpt>
      <trkpt lat="22.58912913501262664794921875" lon="114.27794859744608402252197265625">
        <ele>17.6000003814697265625</ele>
        <time>2025-06-05T11:10:59.000Z</time>
        <extensions>
          <ns3:TrackPointExtension>
            <ns3:atemp>29.0</ns3:atemp>
            <ns3:hr>154</ns3:hr>
            <ns3:cad>0</ns3:cad>
          </ns3:TrackPointExtension>
        </extensions>
      </trkpt>
      <trkpt lat="22.5891108624637126922607421875" lon="114.277913980185985565185546875">
        <ele>17.3999996185302734375</ele>
        <time>2025-06-05T11:11:00.000Z</time>
        <extensions>
          <ns3:TrackPointExtension>
            <ns3:atemp>28.0</ns3:atemp>
            <ns3:hr>155</ns3:hr>
            <ns3:cad>0</ns3:cad>
          </ns3:TrackPointExtension>
        </extensions>
      </trkpt>
      <trkpt lat="22.58911413140594959259033203125" lon="114.27788011729717254638671875">
        <ele>17.3999996185302734375</ele>
        <time>2025-06-05T11:11:01.000Z</time>
        <extensions>
          <ns3:TrackPointExtension>
            <ns3:atemp>29.0</ns3:atemp>
            <ns3:hr>155</ns3:hr>
            <ns3:cad>0</ns3:cad>
          </ns3:TrackPointExtension>
        </extensions>
      </trkpt>
      <trkpt lat="22.58912217803299427032470703125" lon="114.2778447456657886505126953125">
        <ele>17.200000762939453125</ele>
        <time>2025-06-05T11:11:02.000Z</time>
        <extensions>
          <ns3:TrackPointExtension>
            <ns3:atemp>29.0</ns3:atemp>
            <ns3:hr>155</ns3:hr>
            <ns3:cad>0</ns3:cad>
          </ns3:TrackPointExtension>
        </extensions>
      </trkpt>
      <trkpt lat="22.58912418968975543975830078125" lon="114.27779973484575748443603515625">
        <ele>17.200000762939453125</ele>
        <time>2025-06-05T11:11:03.000Z</time>
        <extensions>
          <ns3:TrackPointExtension>
            <ns3:atemp>29.0</ns3:atemp>
            <ns3:hr>155</ns3:hr>
            <ns3:cad>49</ns3:cad>
          </ns3:TrackPointExtension>
        </extensions>
      </trkpt>
      <trkpt lat="22.58912217803299427032470703125" lon="114.2777548916637897491455078125">
        <ele>17</ele>
        <time>2025-06-05T11:11:04.000Z</time>
        <extensions>
          <ns3:TrackPointExtension>
            <ns3:atemp>29.0</ns3:atemp>
            <ns3:hr>155</ns3:hr>
            <ns3:cad>49</ns3:cad>
          </ns3:TrackPointExtension>
        </extensions>
      </trkpt>
      <trkpt lat="22.58912368677556514739990234375" lon="114.27770468406379222869873046875">
        <ele>16.799999237060546875</ele>
        <time>2025-06-05T11:11:05.000Z</time>
        <extensions>
          <ns3:TrackPointExtension>
            <ns3:atemp>29.0</ns3:atemp>
            <ns3:hr>155</ns3:hr>
            <ns3:cad>49</ns3:cad>
          </ns3:TrackPointExtension>
        </extensions>
      </trkpt>
      <trkpt lat="22.5891232676804065704345703125" lon="114.27765321917831897735595703125">
        <ele>16.6000003814697265625</ele>
        <time>2025-06-05T11:11:06.000Z</time>
        <extensions>
          <ns3:TrackPointExtension>
            <ns3:atemp>29.0</ns3:atemp>
            <ns3:hr>155</ns3:hr>
            <ns3:cad>49</ns3:cad>
          </ns3:TrackPointExtension>
        </extensions>
      </trkpt>
      <trkpt lat="22.5891336612403392791748046875" lon="114.2776030115783214569091796875">
        <ele>16.3999996185302734375</ele>
        <time>2025-06-05T11:11:07.000Z</time>
        <extensions>
          <ns3:TrackPointExtension>
            <ns3:atemp>29.0</ns3:atemp>
            <ns3:hr>154</ns3:hr>
            <ns3:cad>49</ns3:cad>
          </ns3:TrackPointExtension>
        </extensions>
      </trkpt>
      <trkpt lat="22.58914229460060596466064453125" lon="114.27754794247448444366455078125">
        <ele>16.200000762939453125</ele>
        <time>2025-06-05T11:11:08.000Z</time>
        <extensions>
          <ns3:TrackPointExtension>
            <ns3:atemp>29.0</ns3:atemp>
            <ns3:hr>153</ns3:hr>
            <ns3:cad>0</ns3:cad>
          </ns3:TrackPointExtension>
        </extensions>
      </trkpt>
      <trkpt lat="22.58914816193282604217529296875" lon="114.27749245427548885345458984375">
        <ele>16</ele>
        <time>2025-06-05T11:11:09.000Z</time>
        <extensions>
          <ns3:TrackPointExtension>
            <ns3:atemp>29.0</ns3:atemp>
            <ns3:hr>152</ns3:hr>
            <ns3:cad>0</ns3:cad>
          </ns3:TrackPointExtension>
        </extensions>
      </trkpt>
      <trkpt lat="22.589153945446014404296875" lon="114.277433864772319793701171875">
        <ele>15.80000019073486328125</ele>
        <time>2025-06-05T11:11:10.000Z</time>
        <extensions>
          <ns3:TrackPointExtension>
            <ns3:atemp>29.0</ns3:atemp>
            <ns3:hr>151</ns3:hr>
            <ns3:cad>0</ns3:cad>
          </ns3:TrackPointExtension>
        </extensions>
      </trkpt>
      <trkpt lat="22.5891594775021076202392578125" lon="114.27737963385879993438720703125">
        <ele>15.6000003814697265625</ele>
        <time>2025-06-05T11:11:11.000Z</time>
        <extensions>
          <ns3:TrackPointExtension>
            <ns3:atemp>29.0</ns3:atemp>
            <ns3:hr>150</ns3:hr>
            <ns3:cad>0</ns3:cad>
          </ns3:TrackPointExtension>
        </extensions>
      </trkpt>
      <trkpt lat="22.58916911669075489044189453125" lon="114.27732624113559722900390625">
        <ele>15.3999996185302734375</ele>
        <time>2025-06-05T11:11:12.000Z</time>
        <extensions>
          <ns3:TrackPointExtension>
            <ns3:atemp>29.0</ns3:atemp>
            <ns3:hr>149</ns3:hr>
            <ns3:cad>0</ns3:cad>
          </ns3:TrackPointExtension>
        </extensions>
      </trkpt>
      <trkpt lat="22.5891772471368312835693359375" lon="114.277268908917903900146484375">
        <ele>15</ele>
        <time>2025-06-05T11:11:13.000Z</time>
        <extensions>
          <ns3:TrackPointExtension>
            <ns3:atemp>29.0</ns3:atemp>
            <ns3:hr>150</ns3:hr>
            <ns3:cad>0</ns3:cad>
          </ns3:TrackPointExtension>
        </extensions>
      </trkpt>
      <trkpt lat="22.58916894905269145965576171875" lon="114.2772134207189083099365234375">
        <ele>14.80000019073486328125</ele>
        <time>2025-06-05T11:11:14.000Z</time>
        <extensions>
          <ns3:TrackPointExtension>
            <ns3:atemp>29.0</ns3:atemp>
            <ns3:hr>150</ns3:hr>
            <ns3:cad>0</ns3:cad>
          </ns3:TrackPointExtension>
        </extensions>
      </trkpt>
      <trkpt lat="22.58915738202631473541259765625" lon="114.27715516649186611175537109375">
        <ele>14.3999996185302734375</ele>
        <time>2025-06-05T11:11:15.000Z</time>
        <extensions>
          <ns3:TrackPointExtension>
            <ns3:atemp>29.0</ns3:atemp>
            <ns3:hr>150</ns3:hr>
            <ns3:cad>0</ns3:cad>
          </ns3:TrackPointExtension>
        </extensions>
      </trkpt>
      <trkpt lat="22.5891457311809062957763671875" lon="114.27709749899804592132568359375">
        <ele>14</ele>
        <time>2025-06-05T11:11:16.000Z</time>
        <extensions>
          <ns3:TrackPointExtension>
            <ns3:atemp>29.0</ns3:atemp>
            <ns3:hr>150</ns3:hr>
            <ns3:cad>0</ns3:cad>
          </ns3:TrackPointExtension>
        </extensions>
      </trkpt>
      <trkpt lat="22.58913709782063961029052734375" lon="114.277038238942623138427734375">
        <ele>13.80000019073486328125</ele>
        <time>2025-06-05T11:11:17.000Z</time>
        <extensions>
          <ns3:TrackPointExtension>
            <ns3:atemp>29.0</ns3:atemp>
            <ns3:hr>150</ns3:hr>
            <ns3:cad>0</ns3:cad>
          </ns3:TrackPointExtension>
        </extensions>
      </trkpt>
      <trkpt lat="22.5891443900763988494873046875" lon="114.27697964943945407867431640625">
        <ele>13.6000003814697265625</ele>
        <time>2025-06-05T11:11:18.000Z</time>
        <extensions>
          <ns3:TrackPointExtension>
            <ns3:atemp>29.0</ns3:atemp>
            <ns3:hr>149</ns3:hr>
            <ns3:cad>0</ns3:cad>
          </ns3:TrackPointExtension>
        </extensions>
      </trkpt>
      <trkpt lat="22.5891665183007717132568359375" lon="114.276928268373012542724609375">
        <ele>13.19999980926513671875</ele>
        <time>2025-06-05T11:11:19.000Z</time>
        <extensions>
          <ns3:TrackPointExtension>
            <ns3:atemp>29.0</ns3:atemp>
            <ns3:hr>149</ns3:hr>
            <ns3:cad>0</ns3:cad>
          </ns3:TrackPointExtension>
        </extensions>
      </trkpt>
      <trkpt lat="22.58918051607906818389892578125" lon="114.27687604911625385284423828125">
        <ele>13</ele>
        <time>2025-06-05T11:11:20.000Z</time>
        <extensions>
          <ns3:TrackPointExtension>
            <ns3:atemp>29.0</ns3:atemp>
            <ns3:hr>148</ns3:hr>
            <ns3:cad>0</ns3:cad>
          </ns3:TrackPointExtension>
        </extensions>
      </trkpt>
      <trkpt lat="22.5891960225999355316162109375" lon="114.2768238298594951629638671875">
        <ele>12.80000019073486328125</ele>
        <time>2025-06-05T11:11:21.000Z</time>
        <extensions>
          <ns3:TrackPointExtension>
            <ns3:atemp>29.0</ns3:atemp>
            <ns3:hr>148</ns3:hr>
            <ns3:cad>0</ns3:cad>
          </ns3:TrackPointExtension>
        </extensions>
      </trkpt>
      <trkpt lat="22.58920717053115367889404296875" lon="114.276769347488880157470703125">
        <ele>12.3999996185302734375</ele>
        <time>2025-06-05T11:11:22.000Z</time>
        <extensions>
          <ns3:TrackPointExtension>
            <ns3:atemp>29.0</ns3:atemp>
            <ns3:hr>146</ns3:hr>
            <ns3:cad>0</ns3:cad>
          </ns3:TrackPointExtension>
        </extensions>
      </trkpt>
      <trkpt lat="22.589213959872722625732421875" lon="114.27671344019472599029541015625">
        <ele>12.19999980926513671875</ele>
        <time>2025-06-05T11:11:23.000Z</time>
        <extensions>
          <ns3:TrackPointExtension>
            <ns3:atemp>29.0</ns3:atemp>
            <ns3:hr>145</ns3:hr>
            <ns3:cad>0</ns3:cad>
          </ns3:TrackPointExtension>
        </extensions>
      </trkpt>
      <trkpt lat="22.5892137922346591949462890625" lon="114.276659376919269561767578125">
        <ele>12</ele>
        <time>2025-06-05T11:11:24.000Z</time>
        <extensions>
          <ns3:TrackPointExtension>
            <ns3:atemp>28.0</ns3:atemp>
            <ns3:hr>144</ns3:hr>
            <ns3:cad>0</ns3:cad>
          </ns3:TrackPointExtension>
        </extensions>
      </trkpt>
      <trkpt lat="22.58922074921429157257080078125" lon="114.27661000750958919525146484375">
        <ele>11.6000003814697265625</ele>
        <time>2025-06-05T11:11:25.000Z</time>
        <extensions>
          <ns3:TrackPointExtension>
            <ns3:atemp>29.0</ns3:atemp>
            <ns3:hr>143</ns3:hr>
            <ns3:cad>0</ns3:cad>
          </ns3:TrackPointExtension>
        </extensions>
      </trkpt>
      <trkpt lat="22.5892349146306514739990234375" lon="114.27656306885182857513427734375">
        <ele>11.19999980926513671875</ele>
        <time>2025-06-05T11:11:26.000Z</time>
        <extensions>
          <ns3:TrackPointExtension>
            <ns3:atemp>29.0</ns3:atemp>
            <ns3:hr>142</ns3:hr>
            <ns3:cad>0</ns3:cad>
          </ns3:TrackPointExtension>
        </extensions>
      </trkpt>
      <trkpt lat="22.58924421854317188262939453125" lon="114.27651713602244853973388671875">
        <ele>10.6000003814697265625</ele>
        <time>2025-06-05T11:11:27.000Z</time>
        <extensions>
          <ns3:TrackPointExtension>
            <ns3:atemp>29.0</ns3:atemp>
            <ns3:hr>141</ns3:hr>
            <ns3:cad>0</ns3:cad>
          </ns3:TrackPointExtension>
        </extensions>
      </trkpt>
      <trkpt lat="22.5892510078847408294677734375" lon="114.27645988762378692626953125">
        <ele>9.6000003814697265625</ele>
        <time>2025-06-05T11:11:28.000Z</time>
        <extensions>
          <ns3:TrackPointExtension>
            <ns3:atemp>29.0</ns3:atemp>
            <ns3:hr>141</ns3:hr>
            <ns3:cad>0</ns3:cad>
          </ns3:TrackPointExtension>
        </extensions>
      </trkpt>
      <trkpt lat="22.5892577134072780609130859375" lon="114.2763919942080974578857421875">
        <ele>8.80000019073486328125</ele>
        <time>2025-06-05T11:11:29.000Z</time>
        <extensions>
          <ns3:TrackPointExtension>
            <ns3:atemp>29.0</ns3:atemp>
            <ns3:hr>140</ns3:hr>
            <ns3:cad>0</ns3:cad>
          </ns3:TrackPointExtension>
        </extensions>
      </trkpt>
      <trkpt lat="22.58926332928240299224853515625" lon="114.27632669918239116668701171875">
        <ele>8.19999980926513671875</ele>
        <time>2025-06-05T11:11:30.000Z</time>
        <extensions>
          <ns3:TrackPointExtension>
            <ns3:atemp>29.0</ns3:atemp>
            <ns3:hr>139</ns3:hr>
            <ns3:cad>0</ns3:cad>
          </ns3:TrackPointExtension>
        </extensions>
      </trkpt>
      <trkpt lat="22.5892751477658748626708984375" lon="114.2762585543096065521240234375">
        <ele>7.599999904632568359375</ele>
        <time>2025-06-05T11:11:31.000Z</time>
        <extensions>
          <ns3:TrackPointExtension>
            <ns3:atemp>29.0</ns3:atemp>
            <ns3:hr>138</ns3:hr>
            <ns3:cad>0</ns3:cad>
          </ns3:TrackPointExtension>
        </extensions>
      </trkpt>
      <trkpt lat="22.5892813503742218017578125" lon="114.27619158290326595306396484375">
        <ele>7.19999980926513671875</ele>
        <time>2025-06-05T11:11:32.000Z</time>
        <extensions>
          <ns3:TrackPointExtension>
            <ns3:atemp>29.0</ns3:atemp>
            <ns3:hr>138</ns3:hr>
            <ns3:cad>0</ns3:cad>
          </ns3:TrackPointExtension>
        </extensions>
      </trkpt>
      <trkpt lat="22.5892945937812328338623046875" lon="114.27612452767789363861083984375">
        <ele>7.19999980926513671875</ele>
        <time>2025-06-05T11:11:33.000Z</time>
        <extensions>
          <ns3:TrackPointExtension>
            <ns3:atemp>29.0</ns3:atemp>
            <ns3:hr>138</ns3:hr>
            <ns3:cad>0</ns3:cad>
          </ns3:TrackPointExtension>
        </extensions>
      </trkpt>
      <trkpt lat="22.5893076695501804351806640625" lon="114.27605621516704559326171875">
        <ele>7</ele>
        <time>2025-06-05T11:11:34.000Z</time>
        <extensions>
          <ns3:TrackPointExtension>
            <ns3:atemp>29.0</ns3:atemp>
            <ns3:hr>139</ns3:hr>
            <ns3:cad>0</ns3:cad>
          </ns3:TrackPointExtension>
        </extensions>
      </trkpt>
      <trkpt lat="22.58932217024266719818115234375" lon="114.27598807029426097869873046875">
        <ele>6.80000019073486328125</ele>
        <time>2025-06-05T11:11:35.000Z</time>
        <extensions>
          <ns3:TrackPointExtension>
            <ns3:atemp>29.0</ns3:atemp>
            <ns3:hr>139</ns3:hr>
            <ns3:cad>0</ns3:cad>
          </ns3:TrackPointExtension>
        </extensions>
      </trkpt>
      <trkpt lat="22.589336335659027099609375" lon="114.27592017687857151031494140625">
        <ele>6.599999904632568359375</ele>
        <time>2025-06-05T11:11:36.000Z</time>
        <extensions>
          <ns3:TrackPointExtension>
            <ns3:atemp>29.0</ns3:atemp>
            <ns3:hr>140</ns3:hr>
            <ns3:cad>54</ns3:cad>
          </ns3:TrackPointExtension>
        </extensions>
      </trkpt>
      <trkpt lat="22.58934698067605495452880859375" lon="114.27585094235837459564208984375">
        <ele>6.400000095367431640625</ele>
        <time>2025-06-05T11:11:37.000Z</time>
        <extensions>
          <ns3:TrackPointExtension>
            <ns3:atemp>29.0</ns3:atemp>
            <ns3:hr>139</ns3:hr>
            <ns3:cad>54</ns3:cad>
          </ns3:TrackPointExtension>
        </extensions>
      </trkpt>
      <trkpt lat="22.58935804478824138641357421875" lon="114.27578086964786052703857421875">
        <ele>6.19999980926513671875</ele>
        <time>2025-06-05T11:11:38.000Z</time>
        <extensions>
          <ns3:TrackPointExtension>
            <ns3:atemp>29.0</ns3:atemp>
            <ns3:hr>140</ns3:hr>
            <ns3:cad>51</ns3:cad>
          </ns3:TrackPointExtension>
        </extensions>
      </trkpt>
      <trkpt lat="22.58936961181461811065673828125" lon="114.2757080309092998504638671875">
        <ele>5.80000019073486328125</ele>
        <time>2025-06-05T11:11:39.000Z</time>
        <extensions>
          <ns3:TrackPointExtension>
            <ns3:atemp>29.0</ns3:atemp>
            <ns3:hr>140</ns3:hr>
            <ns3:cad>73</ns3:cad>
          </ns3:TrackPointExtension>
        </extensions>
      </trkpt>
      <trkpt lat="22.589381597936153411865234375" lon="114.27563385106623172760009765625">
        <ele>5.599999904632568359375</ele>
        <time>2025-06-05T11:11:40.000Z</time>
        <extensions>
          <ns3:TrackPointExtension>
            <ns3:atemp>29.0</ns3:atemp>
            <ns3:hr>140</ns3:hr>
            <ns3:cad>85</ns3:cad>
          </ns3:TrackPointExtension>
        </extensions>
      </trkpt>
      <trkpt lat="22.58939274586737155914306640625" lon="114.275558330118656158447265625">
        <ele>5.19999980926513671875</ele>
        <time>2025-06-05T11:11:41.000Z</time>
        <extensions>
          <ns3:TrackPointExtension>
            <ns3:atemp>29.0</ns3:atemp>
            <ns3:hr>140</ns3:hr>
            <ns3:cad>77</ns3:cad>
          </ns3:TrackPointExtension>
        </extensions>
      </trkpt>
      <trkpt lat="22.58940515108406543731689453125" lon="114.2754857428371906280517578125">
        <ele>5.19999980926513671875</ele>
        <time>2025-06-05T11:11:42.000Z</time>
        <extensions>
          <ns3:TrackPointExtension>
            <ns3:atemp>29.0</ns3:atemp>
            <ns3:hr>140</ns3:hr>
            <ns3:cad>79</ns3:cad>
          </ns3:TrackPointExtension>
        </extensions>
      </trkpt>
      <trkpt lat="22.58941655047237873077392578125" lon="114.27542061544954776763916015625">
        <ele>5.400000095367431640625</ele>
        <time>2025-06-05T11:11:43.000Z</time>
        <extensions>
          <ns3:TrackPointExtension>
            <ns3:atemp>29.0</ns3:atemp>
            <ns3:hr>137</ns3:hr>
            <ns3:cad>79</ns3:cad>
          </ns3:TrackPointExtension>
        </extensions>
      </trkpt>
      <trkpt lat="22.589414454996585845947265625" lon="114.27535406313836574554443359375">
        <ele>5.599999904632568359375</ele>
        <time>2025-06-05T11:11:44.000Z</time>
        <extensions>
          <ns3:TrackPointExtension>
            <ns3:atemp>29.0</ns3:atemp>
            <ns3:hr>132</ns3:hr>
            <ns3:cad>79</ns3:cad>
          </ns3:TrackPointExtension>
        </extensions>
      </trkpt>
      <trkpt lat="22.58939509280025959014892578125" lon="114.27529823966324329376220703125">
        <ele>5.80000019073486328125</ele>
        <time>2025-06-05T11:11:45.000Z</time>
        <extensions>
          <ns3:TrackPointExtension>
            <ns3:atemp>29.0</ns3:atemp>
            <ns3:hr>130</ns3:hr>
            <ns3:cad>79</ns3:cad>
          </ns3:TrackPointExtension>
        </extensions>
      </trkpt>
      <trkpt lat="22.589363157749176025390625" lon="114.27525180391967296600341796875">
        <ele>6.19999980926513671875</ele>
        <time>2025-06-05T11:11:46.000Z</time>
        <extensions>
          <ns3:TrackPointExtension>
            <ns3:atemp>29.0</ns3:atemp>
            <ns3:hr>128</ns3:hr>
            <ns3:cad>0</ns3:cad>
          </ns3:TrackPointExtension>
        </extensions>
      </trkpt>
      <trkpt lat="22.58932786993682384490966796875" lon="114.2752077989280223846435546875">
        <ele>6.400000095367431640625</ele>
        <time>2025-06-05T11:11:47.000Z</time>
        <extensions>
          <ns3:TrackPointExtension>
            <ns3:atemp>29.0</ns3:atemp>
            <ns3:hr>127</ns3:hr>
            <ns3:cad>0</ns3:cad>
          </ns3:TrackPointExtension>
        </extensions>
      </trkpt>
      <trkpt lat="22.58929450996220111846923828125" lon="114.27516446448862552642822265625">
        <ele>6.599999904632568359375</ele>
        <time>2025-06-05T11:11:48.000Z</time>
        <extensions>
          <ns3:TrackPointExtension>
            <ns3:atemp>29.0</ns3:atemp>
            <ns3:hr>126</ns3:hr>
            <ns3:cad>0</ns3:cad>
          </ns3:TrackPointExtension>
        </extensions>
      </trkpt>
      <trkpt lat="22.5892583839595317840576171875" lon="114.2751219682395458221435546875">
        <ele>6.80000019073486328125</ele>
        <time>2025-06-05T11:11:49.000Z</time>
        <extensions>
          <ns3:TrackPointExtension>
            <ns3:atemp>29.0</ns3:atemp>
            <ns3:hr>125</ns3:hr>
            <ns3:cad>0</ns3:cad>
          </ns3:TrackPointExtension>
        </extensions>
      </trkpt>
      <trkpt lat="22.58921504952013492584228515625" lon="114.27507947199046611785888671875">
        <ele>6.80000019073486328125</ele>
        <time>2025-06-05T11:11:50.000Z</time>
        <extensions>
          <ns3:TrackPointExtension>
            <ns3:atemp>29.0</ns3:atemp>
            <ns3:hr>125</ns3:hr>
            <ns3:cad>63</ns3:cad>
          </ns3:TrackPointExtension>
        </extensions>
      </trkpt>
      <trkpt lat="22.58917196653783321380615234375" lon="114.27504091523587703704833984375">
        <ele>6.80000019073486328125</ele>
        <time>2025-06-05T11:11:51.000Z</time>
        <extensions>
          <ns3:TrackPointExtension>
            <ns3:atemp>29.0</ns3:atemp>
            <ns3:hr>124</ns3:hr>
            <ns3:cad>66</ns3:cad>
          </ns3:TrackPointExtension>
        </extensions>
      </trkpt>
      <trkpt lat="22.58912804536521434783935546875" lon="114.2750029452145099639892578125">
        <ele>6.80000019073486328125</ele>
        <time>2025-06-05T11:11:52.000Z</time>
        <extensions>
          <ns3:TrackPointExtension>
            <ns3:atemp>29.0</ns3:atemp>
            <ns3:hr>124</ns3:hr>
            <ns3:cad>67</ns3:cad>
          </ns3:TrackPointExtension>
        </extensions>
      </trkpt>
      <trkpt lat="22.58908865042030811309814453125" lon="114.27496111951768398284912109375">
        <ele>6.599999904632568359375</ele>
        <time>2025-06-05T11:11:53.000Z</time>
        <extensions>
          <ns3:TrackPointExtension>
            <ns3:atemp>29.0</ns3:atemp>
            <ns3:hr>124</ns3:hr>
            <ns3:cad>67</ns3:cad>
          </ns3:TrackPointExtension>
        </extensions>
      </trkpt>
      <trkpt lat="22.58904791437089443206787109375" lon="114.2749201320111751556396484375">
        <ele>6.599999904632568359375</ele>
        <time>2025-06-05T11:11:54.000Z</time>
        <extensions>
          <ns3:TrackPointExtension>
            <ns3:atemp>29.0</ns3:atemp>
            <ns3:hr>124</ns3:hr>
            <ns3:cad>67</ns3:cad>
          </ns3:TrackPointExtension>
        </extensions>
      </trkpt>
      <trkpt lat="22.58901069872081279754638671875" lon="114.27488082088530063629150390625">
        <ele>6.599999904632568359375</ele>
        <time>2025-06-05T11:11:55.000Z</time>
        <extensions>
          <ns3:TrackPointExtension>
            <ns3:atemp>29.0</ns3:atemp>
            <ns3:hr>124</ns3:hr>
            <ns3:cad>67</ns3:cad>
          </ns3:TrackPointExtension>
        </extensions>
      </trkpt>
      <trkpt lat="22.58897415362298488616943359375" lon="114.27484192885458469390869140625">
        <ele>6.80000019073486328125</ele>
        <time>2025-06-05T11:11:56.000Z</time>
        <extensions>
          <ns3:TrackPointExtension>
            <ns3:atemp>29.0</ns3:atemp>
            <ns3:hr>125</ns3:hr>
            <ns3:cad>67</ns3:cad>
          </ns3:TrackPointExtension>
        </extensions>
      </trkpt>
      <trkpt lat="22.5889433920383453369140625" lon="114.27480270154774188995361328125">
        <ele>6.80000019073486328125</ele>
        <time>2025-06-05T11:11:57.000Z</time>
        <extensions>
          <ns3:TrackPointExtension>
            <ns3:atemp>29.0</ns3:atemp>
            <ns3:hr>125</ns3:hr>
            <ns3:cad>0</ns3:cad>
          </ns3:TrackPointExtension>
        </extensions>
      </trkpt>
      <trkpt lat="22.588912211358547210693359375" lon="114.27476582117378711700439453125">
        <ele>6.80000019073486328125</ele>
        <time>2025-06-05T11:11:58.000Z</time>
        <extensions>
          <ns3:TrackPointExtension>
            <ns3:atemp>29.0</ns3:atemp>
            <ns3:hr>126</ns3:hr>
            <ns3:cad>0</ns3:cad>
          </ns3:TrackPointExtension>
        </extensions>
      </trkpt>
      <trkpt lat="22.58887541480362415313720703125" lon="114.2747353948652744293212890625">
        <ele>6.80000019073486328125</ele>
        <time>2025-06-05T11:11:59.000Z</time>
        <extensions>
          <ns3:TrackPointExtension>
            <ns3:atemp>29.0</ns3:atemp>
            <ns3:hr>126</ns3:hr>
            <ns3:cad>0</ns3:cad>
          </ns3:TrackPointExtension>
        </extensions>
      </trkpt>
      <trkpt lat="22.58883568458259105682373046875" lon="114.2747038789093494415283203125">
        <ele>6.80000019073486328125</ele>
        <time>2025-06-05T11:12:00.000Z</time>
        <extensions>
          <ns3:TrackPointExtension>
            <ns3:atemp>29.0</ns3:atemp>
            <ns3:hr>125</ns3:hr>
            <ns3:cad>0</ns3:cad>
          </ns3:TrackPointExtension>
        </extensions>
      </trkpt>
      <trkpt lat="22.5887970440089702606201171875" lon="114.2746663279831409454345703125">
        <ele>6.80000019073486328125</ele>
        <time>2025-06-05T11:12:01.000Z</time>
        <extensions>
          <ns3:TrackPointExtension>
            <ns3:atemp>29.0</ns3:atemp>
            <ns3:hr>125</ns3:hr>
            <ns3:cad>58</ns3:cad>
          </ns3:TrackPointExtension>
        </extensions>
      </trkpt>
      <trkpt lat="22.588756978511810302734375" lon="114.2746274359524250030517578125">
        <ele>6.599999904632568359375</ele>
        <time>2025-06-05T11:12:02.000Z</time>
        <extensions>
          <ns3:TrackPointExtension>
            <ns3:atemp>29.0</ns3:atemp>
            <ns3:hr>125</ns3:hr>
            <ns3:cad>55</ns3:cad>
          </ns3:TrackPointExtension>
        </extensions>
      </trkpt>
      <trkpt lat="22.58872009813785552978515625" lon="114.274583347141742706298828125">
        <ele>6.599999904632568359375</ele>
        <time>2025-06-05T11:12:03.000Z</time>
        <extensions>
          <ns3:TrackPointExtension>
            <ns3:atemp>29.0</ns3:atemp>
            <ns3:hr>125</ns3:hr>
            <ns3:cad>60</ns3:cad>
          </ns3:TrackPointExtension>
        </extensions>
      </trkpt>
      <trkpt lat="22.5886793620884418487548828125" lon="114.2745416052639484405517578125">
        <ele>6.599999904632568359375</ele>
        <time>2025-06-05T11:12:04.000Z</time>
        <extensions>
          <ns3:TrackPointExtension>
            <ns3:atemp>29.0</ns3:atemp>
            <ns3:hr>126</ns3:hr>
            <ns3:cad>62</ns3:cad>
          </ns3:TrackPointExtension>
        </extensions>
      </trkpt>
      <trkpt lat="22.5886381231248378753662109375" lon="114.27450346760451793670654296875">
        <ele>6.400000095367431640625</ele>
        <time>2025-06-05T11:12:05.000Z</time>
        <extensions>
          <ns3:TrackPointExtension>
            <ns3:atemp>29.0</ns3:atemp>
            <ns3:hr>127</ns3:hr>
            <ns3:cad>62</ns3:cad>
          </ns3:TrackPointExtension>
        </extensions>
      </trkpt>
      <trkpt lat="22.58859797380864620208740234375" lon="114.27446792833507061004638671875">
        <ele>6.400000095367431640625</ele>
        <time>2025-06-05T11:12:06.000Z</time>
        <extensions>
          <ns3:TrackPointExtension>
            <ns3:atemp>29.0</ns3:atemp>
            <ns3:hr>128</ns3:hr>
            <ns3:cad>62</ns3:cad>
          </ns3:TrackPointExtension>
        </extensions>
      </trkpt>
      <trkpt lat="22.58856008760631084442138671875" lon="114.27442803047597408294677734375">
        <ele>6.400000095367431640625</ele>
        <time>2025-06-05T11:12:07.000Z</time>
        <extensions>
          <ns3:TrackPointExtension>
            <ns3:atemp>29.0</ns3:atemp>
            <ns3:hr>128</ns3:hr>
            <ns3:cad>62</ns3:cad>
          </ns3:TrackPointExtension>
        </extensions>
      </trkpt>
      <trkpt lat="22.58852371014654636383056640625" lon="114.2743877135217189788818359375">
        <ele>6.400000095367431640625</ele>
        <time>2025-06-05T11:12:08.000Z</time>
        <extensions>
          <ns3:TrackPointExtension>
            <ns3:atemp>29.0</ns3:atemp>
            <ns3:hr>129</ns3:hr>
            <ns3:cad>53</ns3:cad>
          </ns3:TrackPointExtension>
        </extensions>
      </trkpt>
      <trkpt lat="22.58848431520164012908935546875" lon="114.2743494920432567596435546875">
        <ele>6.400000095367431640625</ele>
        <time>2025-06-05T11:12:09.000Z</time>
        <extensions>
          <ns3:TrackPointExtension>
            <ns3:atemp>29.0</ns3:atemp>
            <ns3:hr>129</ns3:hr>
            <ns3:cad>60</ns3:cad>
          </ns3:TrackPointExtension>
        </extensions>
      </trkpt>
      <trkpt lat="22.588442154228687286376953125" lon="114.2743139527738094329833984375">
        <ele>6.599999904632568359375</ele>
        <time>2025-06-05T11:12:10.000Z</time>
        <extensions>
          <ns3:TrackPointExtension>
            <ns3:atemp>29.0</ns3:atemp>
            <ns3:hr>129</ns3:hr>
            <ns3:cad>60</ns3:cad>
          </ns3:TrackPointExtension>
        </extensions>
      </trkpt>
      <trkpt lat="22.5883994065225124359130859375" lon="114.27427430637180805206298828125">
        <ele>6.599999904632568359375</ele>
        <time>2025-06-05T11:12:11.000Z</time>
        <extensions>
          <ns3:TrackPointExtension>
            <ns3:atemp>29.0</ns3:atemp>
            <ns3:hr>128</ns3:hr>
            <ns3:cad>45</ns3:cad>
          </ns3:TrackPointExtension>
        </extensions>
      </trkpt>
      <trkpt lat="22.58835892193019390106201171875" lon="114.274234659969806671142578125">
        <ele>6.599999904632568359375</ele>
        <time>2025-06-05T11:12:12.000Z</time>
        <extensions>
          <ns3:TrackPointExtension>
            <ns3:atemp>29.0</ns3:atemp>
            <ns3:hr>128</ns3:hr>
            <ns3:cad>56</ns3:cad>
          </ns3:TrackPointExtension>
        </extensions>
      </trkpt>
      <trkpt lat="22.58831684477627277374267578125" lon="114.274198450148105621337890625">
        <ele>6.599999904632568359375</ele>
        <time>2025-06-05T11:12:13.000Z</time>
        <extensions>
          <ns3:TrackPointExtension>
            <ns3:atemp>29.0</ns3:atemp>
            <ns3:hr>127</ns3:hr>
            <ns3:cad>58</ns3:cad>
          </ns3:TrackPointExtension>
        </extensions>
      </trkpt>
      <trkpt lat="22.58827191777527332305908203125" lon="114.2741644196212291717529296875">
        <ele>6.599999904632568359375</ele>
        <time>2025-06-05T11:12:14.000Z</time>
        <extensions>
          <ns3:TrackPointExtension>
            <ns3:atemp>29.0</ns3:atemp>
            <ns3:hr>126</ns3:hr>
            <ns3:cad>61</ns3:cad>
          </ns3:TrackPointExtension>
        </extensions>
      </trkpt>
      <trkpt lat="22.5882274098694324493408203125" lon="114.27412846125662326812744140625">
        <ele>6.400000095367431640625</ele>
        <time>2025-06-05T11:12:15.000Z</time>
        <extensions>
          <ns3:TrackPointExtension>
            <ns3:atemp>29.0</ns3:atemp>
            <ns3:hr>125</ns3:hr>
            <ns3:cad>62</ns3:cad>
          </ns3:TrackPointExtension>
        </extensions>
      </trkpt>
      <trkpt lat="22.5881861709058284759521484375" lon="114.274089150130748748779296875">
        <ele>6.400000095367431640625</ele>
        <time>2025-06-05T11:12:16.000Z</time>
        <extensions>
          <ns3:TrackPointExtension>
            <ns3:atemp>29.0</ns3:atemp>
            <ns3:hr>125</ns3:hr>
            <ns3:cad>62</ns3:cad>
          </ns3:TrackPointExtension>
        </extensions>
      </trkpt>
      <trkpt lat="22.58814920671284198760986328125" lon="114.2740438878536224365234375">
        <ele>6.400000095367431640625</ele>
        <time>2025-06-05T11:12:17.000Z</time>
        <extensions>
          <ns3:TrackPointExtension>
            <ns3:atemp>29.0</ns3:atemp>
            <ns3:hr>126</ns3:hr>
            <ns3:cad>63</ns3:cad>
          </ns3:TrackPointExtension>
        </extensions>
      </trkpt>
      <trkpt lat="22.5881150923669338226318359375" lon="114.27399694919586181640625">
        <ele>6.19999980926513671875</ele>
        <time>2025-06-05T11:12:18.000Z</time>
        <extensions>
          <ns3:TrackPointExtension>
            <ns3:atemp>29.0</ns3:atemp>
            <ns3:hr>126</ns3:hr>
            <ns3:cad>64</ns3:cad>
          </ns3:TrackPointExtension>
        </extensions>
      </trkpt>
      <trkpt lat="22.5880775414407253265380859375" lon="114.27395093254745006561279296875">
        <ele>6.19999980926513671875</ele>
        <time>2025-06-05T11:12:19.000Z</time>
        <extensions>
          <ns3:TrackPointExtension>
            <ns3:atemp>29.0</ns3:atemp>
            <ns3:hr>126</ns3:hr>
            <ns3:cad>63</ns3:cad>
          </ns3:TrackPointExtension>
        </extensions>
      </trkpt>
      <trkpt lat="22.58803739212453365325927734375" lon="114.273905418813228607177734375">
        <ele>6.19999980926513671875</ele>
        <time>2025-06-05T11:12:20.000Z</time>
        <extensions>
          <ns3:TrackPointExtension>
            <ns3:atemp>29.0</ns3:atemp>
            <ns3:hr>126</ns3:hr>
            <ns3:cad>66</ns3:cad>
          </ns3:TrackPointExtension>
        </extensions>
      </trkpt>
      <trkpt lat="22.58799749426543712615966796875" lon="114.27386485040187835693359375">
        <ele>6.400000095367431640625</ele>
        <time>2025-06-05T11:12:21.000Z</time>
        <extensions>
          <ns3:TrackPointExtension>
            <ns3:atemp>29.0</ns3:atemp>
            <ns3:hr>126</ns3:hr>
            <ns3:cad>66</ns3:cad>
          </ns3:TrackPointExtension>
        </extensions>
      </trkpt>
      <trkpt lat="22.58795340545475482940673828125" lon="114.2738314904272556304931640625">
        <ele>6.400000095367431640625</ele>
        <time>2025-06-05T11:12:22.000Z</time>
        <extensions>
          <ns3:TrackPointExtension>
            <ns3:atemp>29.0</ns3:atemp>
            <ns3:hr>126</ns3:hr>
            <ns3:cad>66</ns3:cad>
          </ns3:TrackPointExtension>
        </extensions>
      </trkpt>
      <trkpt lat="22.58791233412921428680419921875" lon="114.27379519678652286529541015625">
        <ele>6.599999904632568359375</ele>
        <time>2025-06-05T11:12:23.000Z</time>
        <extensions>
          <ns3:TrackPointExtension>
            <ns3:atemp>29.0</ns3:atemp>
            <ns3:hr>126</ns3:hr>
            <ns3:cad>66</ns3:cad>
          </ns3:TrackPointExtension>
        </extensions>
      </trkpt>
      <trkpt lat="22.58787662722170352935791015625" lon="114.27375764586031436920166015625">
        <ele>6.599999904632568359375</ele>
        <time>2025-06-05T11:12:24.000Z</time>
        <extensions>
          <ns3:TrackPointExtension>
            <ns3:atemp>29.0</ns3:atemp>
            <ns3:hr>126</ns3:hr>
            <ns3:cad>66</ns3:cad>
          </ns3:TrackPointExtension>
        </extensions>
      </trkpt>
      <trkpt lat="22.58784930221736431121826171875" lon="114.2737185023725032806396484375">
        <ele>6.80000019073486328125</ele>
        <time>2025-06-05T11:12:25.000Z</time>
        <extensions>
          <ns3:TrackPointExtension>
            <ns3:atemp>29.0</ns3:atemp>
            <ns3:hr>125</ns3:hr>
            <ns3:cad>0</ns3:cad>
          </ns3:TrackPointExtension>
        </extensions>
      </trkpt>
      <trkpt lat="22.587830610573291778564453125" lon="114.27368648350238800048828125">
        <ele>6.80000019073486328125</ele>
        <time>2025-06-05T11:12:26.000Z</time>
        <extensions>
          <ns3:TrackPointExtension>
            <ns3:atemp>29.0</ns3:atemp>
            <ns3:hr>126</ns3:hr>
            <ns3:cad>0</ns3:cad>
          </ns3:TrackPointExtension>
        </extensions>
      </trkpt>
      <trkpt lat="22.5878083147108554840087890625" lon="114.27365035749971866607666015625">
        <ele>6.599999904632568359375</ele>
        <time>2025-06-05T11:12:27.000Z</time>
        <extensions>
          <ns3:TrackPointExtension>
            <ns3:atemp>29.0</ns3:atemp>
            <ns3:hr>126</ns3:hr>
            <ns3:cad>0</ns3:cad>
          </ns3:TrackPointExtension>
        </extensions>
      </trkpt>
      <trkpt lat="22.587781660258769989013671875" lon="114.273610375821590423583984375">
        <ele>6.400000095367431640625</ele>
        <time>2025-06-05T11:12:28.000Z</time>
        <extensions>
          <ns3:TrackPointExtension>
            <ns3:atemp>29.0</ns3:atemp>
            <ns3:hr>126</ns3:hr>
            <ns3:cad>0</ns3:cad>
          </ns3:TrackPointExtension>
        </extensions>
      </trkpt>
      <trkpt lat="22.5877511501312255859375" lon="114.27357207052409648895263671875">
        <ele>6.19999980926513671875</ele>
        <time>2025-06-05T11:12:29.000Z</time>
        <extensions>
          <ns3:TrackPointExtension>
            <ns3:atemp>29.0</ns3:atemp>
            <ns3:hr>126</ns3:hr>
            <ns3:cad>0</ns3:cad>
          </ns3:TrackPointExtension>
        </extensions>
      </trkpt>
      <trkpt lat="22.58772038854658603668212890625" lon="114.273536615073680877685546875">
        <ele>6</ele>
        <time>2025-06-05T11:12:30.000Z</time>
        <extensions>
          <ns3:TrackPointExtension>
            <ns3:atemp>29.0</ns3:atemp>
            <ns3:hr>125</ns3:hr>
            <ns3:cad>0</ns3:cad>
          </ns3:TrackPointExtension>
        </extensions>
      </trkpt>
      <trkpt lat="22.587682418525218963623046875" lon="114.27350769750773906707763671875">
        <ele>5.599999904632568359375</ele>
        <time>2025-06-05T11:12:31.000Z</time>
        <extensions>
          <ns3:TrackPointExtension>
            <ns3:atemp>29.0</ns3:atemp>
            <ns3:hr>125</ns3:hr>
            <ns3:cad>0</ns3:cad>
          </ns3:TrackPointExtension>
        </extensions>
      </trkpt>
      <trkpt lat="22.587646879255771636962890625" lon="114.27347886376082897186279296875">
        <ele>5.400000095367431640625</ele>
        <time>2025-06-05T11:12:32.000Z</time>
        <extensions>
          <ns3:TrackPointExtension>
            <ns3:atemp>29.0</ns3:atemp>
            <ns3:hr>125</ns3:hr>
            <ns3:cad>0</ns3:cad>
          </ns3:TrackPointExtension>
        </extensions>
      </trkpt>
      <trkpt lat="22.5876125134527683258056640625" lon="114.2734529636800289154052734375">
        <ele>5.19999980926513671875</ele>
        <time>2025-06-05T11:12:33.000Z</time>
        <extensions>
          <ns3:TrackPointExtension>
            <ns3:atemp>29.0</ns3:atemp>
            <ns3:hr>125</ns3:hr>
            <ns3:cad>0</ns3:cad>
          </ns3:TrackPointExtension>
        </extensions>
      </trkpt>
      <trkpt lat="22.587575800716876983642578125" lon="114.27342069335281848907470703125">
        <ele>5</ele>
        <time>2025-06-05T11:12:34.000Z</time>
        <extensions>
          <ns3:TrackPointExtension>
            <ns3:atemp>29.0</ns3:atemp>
            <ns3:hr>125</ns3:hr>
            <ns3:cad>0</ns3:cad>
          </ns3:TrackPointExtension>
        </extensions>
      </trkpt>
      <trkpt lat="22.58754034526646137237548828125" lon="114.2733813822269439697265625">
        <ele>4.80000019073486328125</ele>
        <time>2025-06-05T11:12:35.000Z</time>
        <extensions>
          <ns3:TrackPointExtension>
            <ns3:atemp>29.0</ns3:atemp>
            <ns3:hr>125</ns3:hr>
            <ns3:cad>53</ns3:cad>
          </ns3:TrackPointExtension>
        </extensions>
      </trkpt>
      <trkpt lat="22.5875038839876651763916015625" lon="114.273339807987213134765625">
        <ele>4.599999904632568359375</ele>
        <time>2025-06-05T11:12:36.000Z</time>
        <extensions>
          <ns3:TrackPointExtension>
            <ns3:atemp>29.0</ns3:atemp>
            <ns3:hr>125</ns3:hr>
            <ns3:cad>56</ns3:cad>
          </ns3:TrackPointExtension>
        </extensions>
      </trkpt>
      <trkpt lat="22.58746339939534664154052734375" lon="114.27330452017486095428466796875">
        <ele>4.599999904632568359375</ele>
        <time>2025-06-05T11:12:37.000Z</time>
        <extensions>
          <ns3:TrackPointExtension>
            <ns3:atemp>29.0</ns3:atemp>
            <ns3:hr>125</ns3:hr>
            <ns3:cad>59</ns3:cad>
          </ns3:TrackPointExtension>
        </extensions>
      </trkpt>
      <trkpt lat="22.58742266334593296051025390625" lon="114.27326831035315990447998046875">
        <ele>4.599999904632568359375</ele>
        <time>2025-06-05T11:12:38.000Z</time>
        <extensions>
          <ns3:TrackPointExtension>
            <ns3:atemp>29.0</ns3:atemp>
            <ns3:hr>125</ns3:hr>
            <ns3:cad>59</ns3:cad>
          </ns3:TrackPointExtension>
        </extensions>
      </trkpt>
      <trkpt lat="22.58738159202039241790771484375" lon="114.27323478274047374725341796875">
        <ele>4.599999904632568359375</ele>
        <time>2025-06-05T11:12:39.000Z</time>
        <extensions>
          <ns3:TrackPointExtension>
            <ns3:atemp>29.0</ns3:atemp>
            <ns3:hr>125</ns3:hr>
            <ns3:cad>59</ns3:cad>
          </ns3:TrackPointExtension>
        </extensions>
      </trkpt>
      <trkpt lat="22.58734144270420074462890625" lon="114.27320343442261219024658203125">
        <ele>4.599999904632568359375</ele>
        <time>2025-06-05T11:12:40.000Z</time>
        <extensions>
          <ns3:TrackPointExtension>
            <ns3:atemp>29.0</ns3:atemp>
            <ns3:hr>125</ns3:hr>
            <ns3:cad>59</ns3:cad>
          </ns3:TrackPointExtension>
        </extensions>
      </trkpt>
      <trkpt lat="22.587312944233417510986328125" lon="114.27316068671643733978271484375">
        <ele>4.599999904632568359375</ele>
        <time>2025-06-05T11:12:41.000Z</time>
        <extensions>
          <ns3:TrackPointExtension>
            <ns3:atemp>29.0</ns3:atemp>
            <ns3:hr>124</ns3:hr>
            <ns3:cad>59</ns3:cad>
          </ns3:TrackPointExtension>
        </extensions>
      </trkpt>
      <trkpt lat="22.5873047299683094024658203125" lon="114.27311575971543788909912109375">
        <ele>4.80000019073486328125</ele>
        <time>2025-06-05T11:12:42.000Z</time>
        <extensions>
          <ns3:TrackPointExtension>
            <ns3:atemp>29.0</ns3:atemp>
            <ns3:hr>123</ns3:hr>
            <ns3:cad>0</ns3:cad>
          </ns3:TrackPointExtension>
        </extensions>
      </trkpt>
      <trkpt lat="22.58729877881705760955810546875" lon="114.27307083271443843841552734375">
        <ele>4.80000019073486328125</ele>
        <time>2025-06-05T11:12:43.000Z</time>
        <extensions>
          <ns3:TrackPointExtension>
            <ns3:atemp>29.0</ns3:atemp>
            <ns3:hr>122</ns3:hr>
            <ns3:cad>0</ns3:cad>
          </ns3:TrackPointExtension>
        </extensions>
      </trkpt>
      <trkpt lat="22.58728536777198314666748046875" lon="114.2730271629989147186279296875">
        <ele>5</ele>
        <time>2025-06-05T11:12:44.000Z</time>
        <extensions>
          <ns3:TrackPointExtension>
            <ns3:atemp>29.0</ns3:atemp>
            <ns3:hr>121</ns3:hr>
            <ns3:cad>0</ns3:cad>
          </ns3:TrackPointExtension>
        </extensions>
      </trkpt>
      <trkpt lat="22.58726441301405429840087890625" lon="114.27298416383564472198486328125">
        <ele>5.19999980926513671875</ele>
        <time>2025-06-05T11:12:45.000Z</time>
        <extensions>
          <ns3:TrackPointExtension>
            <ns3:atemp>29.0</ns3:atemp>
            <ns3:hr>121</ns3:hr>
            <ns3:cad>51</ns3:cad>
          </ns3:TrackPointExtension>
        </extensions>
      </trkpt>
      <trkpt lat="22.58723683655261993408203125" lon="114.27295248024165630340576171875">
        <ele>5.19999980926513671875</ele>
        <time>2025-06-05T11:12:46.000Z</time>
        <extensions>
          <ns3:TrackPointExtension>
            <ns3:atemp>29.0</ns3:atemp>
            <ns3:hr>121</ns3:hr>
            <ns3:cad>55</ns3:cad>
          </ns3:TrackPointExtension>
        </extensions>
      </trkpt>
      <trkpt lat="22.5872064940631389617919921875" lon="114.27292414940893650054931640625">
        <ele>5.19999980926513671875</ele>
        <time>2025-06-05T11:12:47.000Z</time>
        <extensions>
          <ns3:TrackPointExtension>
            <ns3:atemp>29.0</ns3:atemp>
            <ns3:hr>121</ns3:hr>
            <ns3:cad>55</ns3:cad>
          </ns3:TrackPointExtension>
        </extensions>
      </trkpt>
      <trkpt lat="22.58717539720237255096435546875" lon="114.2728990875184535980224609375">
        <ele>5.19999980926513671875</ele>
        <time>2025-06-05T11:12:48.000Z</time>
        <extensions>
          <ns3:TrackPointExtension>
            <ns3:atemp>29.0</ns3:atemp>
            <ns3:hr>121</ns3:hr>
            <ns3:cad>55</ns3:cad>
          </ns3:TrackPointExtension>
        </extensions>
      </trkpt>
      <trkpt lat="22.58714471943676471710205078125" lon="114.27287737838923931121826171875">
        <ele>5.19999980926513671875</ele>
        <time>2025-06-05T11:12:49.000Z</time>
        <extensions>
          <ns3:TrackPointExtension>
            <ns3:atemp>29.0</ns3:atemp>
            <ns3:hr>121</ns3:hr>
            <ns3:cad>55</ns3:cad>
          </ns3:TrackPointExtension>
        </extensions>
      </trkpt>
      <trkpt lat="22.587111778557300567626953125" lon="114.27284938283264636993408203125">
        <ele>5.19999980926513671875</ele>
        <time>2025-06-05T11:12:50.000Z</time>
        <extensions>
          <ns3:TrackPointExtension>
            <ns3:atemp>29.0</ns3:atemp>
            <ns3:hr>121</ns3:hr>
            <ns3:cad>56</ns3:cad>
          </ns3:TrackPointExtension>
        </extensions>
      </trkpt>
      <trkpt lat="22.58707665838301181793212890625" lon="114.2728156037628650665283203125">
        <ele>5.19999980926513671875</ele>
        <time>2025-06-05T11:12:51.000Z</time>
        <extensions>
          <ns3:TrackPointExtension>
            <ns3:atemp>29.0</ns3:atemp>
            <ns3:hr>121</ns3:hr>
            <ns3:cad>59</ns3:cad>
          </ns3:TrackPointExtension>
        </extensions>
      </trkpt>
      <trkpt lat="22.5870390236377716064453125" lon="114.27277947776019573211669921875">
        <ele>5.19999980926513671875</ele>
        <time>2025-06-05T11:12:52.000Z</time>
        <extensions>
          <ns3:TrackPointExtension>
            <ns3:atemp>29.0</ns3:atemp>
            <ns3:hr>121</ns3:hr>
            <ns3:cad>65</ns3:cad>
          </ns3:TrackPointExtension>
        </extensions>
      </trkpt>
      <trkpt lat="22.58700172416865825653076171875" lon="114.27274393849074840545654296875">
        <ele>5.19999980926513671875</ele>
        <time>2025-06-05T11:12:53.000Z</time>
        <extensions>
          <ns3:TrackPointExtension>
            <ns3:atemp>29.0</ns3:atemp>
            <ns3:hr>121</ns3:hr>
            <ns3:cad>73</ns3:cad>
          </ns3:TrackPointExtension>
        </extensions>
      </trkpt>
      <trkpt lat="22.58695981465280055999755859375" lon="114.27270739339292049407958984375">
        <ele>5</ele>
        <time>2025-06-05T11:12:54.000Z</time>
        <extensions>
          <ns3:TrackPointExtension>
            <ns3:atemp>29.0</ns3:atemp>
            <ns3:hr>121</ns3:hr>
            <ns3:cad>73</ns3:cad>
          </ns3:TrackPointExtension>
        </extensions>
      </trkpt>
      <trkpt lat="22.5869164802134037017822265625" lon="114.2726697586476802825927734375">
        <ele>5</ele>
        <time>2025-06-05T11:12:55.000Z</time>
        <extensions>
          <ns3:TrackPointExtension>
            <ns3:atemp>29.0</ns3:atemp>
            <ns3:hr>122</ns3:hr>
            <ns3:cad>70</ns3:cad>
          </ns3:TrackPointExtension>
        </extensions>
      </trkpt>
      <trkpt lat="22.58687213994562625885009765625" lon="114.272631369531154632568359375">
        <ele>4.80000019073486328125</ele>
        <time>2025-06-05T11:12:56.000Z</time>
        <extensions>
          <ns3:TrackPointExtension>
            <ns3:atemp>29.0</ns3:atemp>
            <ns3:hr>122</ns3:hr>
            <ns3:cad>74</ns3:cad>
          </ns3:TrackPointExtension>
        </extensions>
      </trkpt>
      <trkpt lat="22.58682603947818279266357421875" lon="114.27259239368140697479248046875">
        <ele>4.80000019073486328125</ele>
        <time>2025-06-05T11:12:57.000Z</time>
        <extensions>
          <ns3:TrackPointExtension>
            <ns3:atemp>29.0</ns3:atemp>
            <ns3:hr>122</ns3:hr>
            <ns3:cad>72</ns3:cad>
          </ns3:TrackPointExtension>
        </extensions>
      </trkpt>
      <trkpt lat="22.58677960373461246490478515625" lon="114.27255216054618358612060546875">
        <ele>4.80000019073486328125</ele>
        <time>2025-06-05T11:12:58.000Z</time>
        <extensions>
          <ns3:TrackPointExtension>
            <ns3:atemp>29.0</ns3:atemp>
            <ns3:hr>121</ns3:hr>
            <ns3:cad>72</ns3:cad>
          </ns3:TrackPointExtension>
        </extensions>
      </trkpt>
      <trkpt lat="22.58673199452459812164306640625" lon="114.27251209504902362823486328125">
        <ele>4.599999904632568359375</ele>
        <time>2025-06-05T11:12:59.000Z</time>
        <extensions>
          <ns3:TrackPointExtension>
            <ns3:atemp>29.0</ns3:atemp>
            <ns3:hr>122</ns3:hr>
            <ns3:cad>76</ns3:cad>
          </ns3:TrackPointExtension>
        </extensions>
      </trkpt>
      <trkpt lat="22.58668488822877407073974609375" lon="114.27246985025703907012939453125">
        <ele>4.80000019073486328125</ele>
        <time>2025-06-05T11:13:00.000Z</time>
        <extensions>
          <ns3:TrackPointExtension>
            <ns3:atemp>29.0</ns3:atemp>
            <ns3:hr>121</ns3:hr>
            <ns3:cad>76</ns3:cad>
          </ns3:TrackPointExtension>
        </extensions>
      </trkpt>
      <trkpt lat="22.58663778193295001983642578125" lon="114.27242542617022991180419921875">
        <ele>4.80000019073486328125</ele>
        <time>2025-06-05T11:13:01.000Z</time>
        <extensions>
          <ns3:TrackPointExtension>
            <ns3:atemp>29.0</ns3:atemp>
            <ns3:hr>121</ns3:hr>
            <ns3:cad>75</ns3:cad>
          </ns3:TrackPointExtension>
        </extensions>
      </trkpt>
      <trkpt lat="22.586592100560665130615234375" lon="114.2723800800740718841552734375">
        <ele>4.80000019073486328125</ele>
        <time>2025-06-05T11:13:02.000Z</time>
        <extensions>
          <ns3:TrackPointExtension>
            <ns3:atemp>29.0</ns3:atemp>
            <ns3:hr>122</ns3:hr>
            <ns3:cad>74</ns3:cad>
          </ns3:TrackPointExtension>
        </extensions>
      </trkpt>
      <trkpt lat="22.58654625155031681060791015625" lon="114.2723353207111358642578125">
        <ele>5</ele>
        <time>2025-06-05T11:13:03.000Z</time>
        <extensions>
          <ns3:TrackPointExtension>
            <ns3:atemp>29.0</ns3:atemp>
            <ns3:hr>122</ns3:hr>
            <ns3:cad>73</ns3:cad>
          </ns3:TrackPointExtension>
        </extensions>
      </trkpt>
      <trkpt lat="22.58649931289255619049072265625" lon="114.27228829823434352874755859375">
        <ele>5</ele>
        <time>2025-06-05T11:13:04.000Z</time>
        <extensions>
          <ns3:TrackPointExtension>
            <ns3:atemp>29.0</ns3:atemp>
            <ns3:hr>122</ns3:hr>
            <ns3:cad>72</ns3:cad>
          </ns3:TrackPointExtension>
        </extensions>
      </trkpt>
      <trkpt lat="22.58645287714898586273193359375" lon="114.27224353887140750885009765625">
        <ele>5</ele>
        <time>2025-06-05T11:13:05.000Z</time>
        <extensions>
          <ns3:TrackPointExtension>
            <ns3:atemp>29.0</ns3:atemp>
            <ns3:hr>122</ns3:hr>
            <ns3:cad>72</ns3:cad>
          </ns3:TrackPointExtension>
        </extensions>
      </trkpt>
      <trkpt lat="22.58640669286251068115234375" lon="114.2722007073462009429931640625">
        <ele>5</ele>
        <time>2025-06-05T11:13:06.000Z</time>
        <extensions>
          <ns3:TrackPointExtension>
            <ns3:atemp>29.0</ns3:atemp>
            <ns3:hr>122</ns3:hr>
            <ns3:cad>45</ns3:cad>
          </ns3:TrackPointExtension>
        </extensions>
      </trkpt>
      <trkpt lat="22.58636034093797206878662109375" lon="114.27215402014553546905517578125">
        <ele>5</ele>
        <time>2025-06-05T11:13:07.000Z</time>
        <extensions>
          <ns3:TrackPointExtension>
            <ns3:atemp>29.0</ns3:atemp>
            <ns3:hr>123</ns3:hr>
            <ns3:cad>52</ns3:cad>
          </ns3:TrackPointExtension>
        </extensions>
      </trkpt>
      <trkpt lat="22.5863116420805454254150390625" lon="114.272111020982265472412109375">
        <ele>5</ele>
        <time>2025-06-05T11:13:08.000Z</time>
        <extensions>
          <ns3:TrackPointExtension>
            <ns3:atemp>29.0</ns3:atemp>
            <ns3:hr>123</ns3:hr>
            <ns3:cad>69</ns3:cad>
          </ns3:TrackPointExtension>
        </extensions>
      </trkpt>
      <trkpt lat="22.58626428432762622833251953125" lon="114.2720669321715831756591796875">
        <ele>5.19999980926513671875</ele>
        <time>2025-06-05T11:13:09.000Z</time>
        <extensions>
          <ns3:TrackPointExtension>
            <ns3:atemp>29.0</ns3:atemp>
            <ns3:hr>123</ns3:hr>
            <ns3:cad>69</ns3:cad>
          </ns3:TrackPointExtension>
        </extensions>
      </trkpt>
      <trkpt lat="22.5862170942127704620361328125" lon="114.27202343009412288665771484375">
        <ele>5</ele>
        <time>2025-06-05T11:13:10.000Z</time>
        <extensions>
          <ns3:TrackPointExtension>
            <ns3:atemp>29.0</ns3:atemp>
            <ns3:hr>124</ns3:hr>
            <ns3:cad>69</ns3:cad>
          </ns3:TrackPointExtension>
        </extensions>
      </trkpt>
      <trkpt lat="22.58617141284048557281494140625" lon="114.271983616054058074951171875">
        <ele>5.19999980926513671875</ele>
        <time>2025-06-05T11:13:11.000Z</time>
        <extensions>
          <ns3:TrackPointExtension>
            <ns3:atemp>29.0</ns3:atemp>
            <ns3:hr>125</ns3:hr>
            <ns3:cad>69</ns3:cad>
          </ns3:TrackPointExtension>
        </extensions>
      </trkpt>
      <trkpt lat="22.58613067679107189178466796875" lon="114.27194547839462757110595703125">
        <ele>5.19999980926513671875</ele>
        <time>2025-06-05T11:13:12.000Z</time>
        <extensions>
          <ns3:TrackPointExtension>
            <ns3:atemp>29.0</ns3:atemp>
            <ns3:hr>126</ns3:hr>
            <ns3:cad>0</ns3:cad>
          </ns3:TrackPointExtension>
        </extensions>
      </trkpt>
      <trkpt lat="22.5860920362174510955810546875" lon="114.27190725691616535186767578125">
        <ele>5.19999980926513671875</ele>
        <time>2025-06-05T11:13:13.000Z</time>
        <extensions>
          <ns3:TrackPointExtension>
            <ns3:atemp>29.0</ns3:atemp>
            <ns3:hr>127</ns3:hr>
            <ns3:cad>0</ns3:cad>
          </ns3:TrackPointExtension>
        </extensions>
      </trkpt>
      <trkpt lat="22.58605523966252803802490234375" lon="114.2718659341335296630859375">
        <ele>5.19999980926513671875</ele>
        <time>2025-06-05T11:13:14.000Z</time>
        <extensions>
          <ns3:TrackPointExtension>
            <ns3:atemp>29.0</ns3:atemp>
            <ns3:hr>127</ns3:hr>
            <ns3:cad>0</ns3:cad>
          </ns3:TrackPointExtension>
        </extensions>
      </trkpt>
      <trkpt lat="22.58601416833698749542236328125" lon="114.271825365722179412841796875">
        <ele>5.19999980926513671875</ele>
        <time>2025-06-05T11:13:15.000Z</time>
        <extensions>
          <ns3:TrackPointExtension>
            <ns3:atemp>29.0</ns3:atemp>
            <ns3:hr>125</ns3:hr>
            <ns3:cad>0</ns3:cad>
          </ns3:TrackPointExtension>
        </extensions>
      </trkpt>
      <trkpt lat="22.58597058244049549102783203125" lon="114.2717812769114971160888671875">
        <ele>5.19999980926513671875</ele>
        <time>2025-06-05T11:13:16.000Z</time>
        <extensions>
          <ns3:TrackPointExtension>
            <ns3:atemp>29.0</ns3:atemp>
            <ns3:hr>124</ns3:hr>
            <ns3:cad>69</ns3:cad>
          </ns3:TrackPointExtension>
        </extensions>
      </trkpt>
      <trkpt lat="22.58592389523983001708984375" lon="114.27173509262502193450927734375">
        <ele>5</ele>
        <time>2025-06-05T11:13:17.000Z</time>
        <extensions>
          <ns3:TrackPointExtension>
            <ns3:atemp>29.0</ns3:atemp>
            <ns3:hr>123</ns3:hr>
            <ns3:cad>69</ns3:cad>
          </ns3:TrackPointExtension>
        </extensions>
      </trkpt>
      <trkpt lat="22.58587536402046680450439453125" lon="114.27168966270983219146728515625">
        <ele>5</ele>
        <time>2025-06-05T11:13:18.000Z</time>
        <extensions>
          <ns3:TrackPointExtension>
            <ns3:atemp>29.0</ns3:atemp>
            <ns3:hr>123</ns3:hr>
            <ns3:cad>73</ns3:cad>
          </ns3:TrackPointExtension>
        </extensions>
      </trkpt>
      <trkpt lat="22.58582557551562786102294921875" lon="114.2716438136994838714599609375">
        <ele>5</ele>
        <time>2025-06-05T11:13:19.000Z</time>
        <extensions>
          <ns3:TrackPointExtension>
            <ns3:atemp>29.0</ns3:atemp>
            <ns3:hr>123</ns3:hr>
            <ns3:cad>73</ns3:cad>
          </ns3:TrackPointExtension>
        </extensions>
      </trkpt>
      <trkpt lat="22.5857757031917572021484375" lon="114.27160064689815044403076171875">
        <ele>5</ele>
        <time>2025-06-05T11:13:20.000Z</time>
        <extensions>
          <ns3:TrackPointExtension>
            <ns3:atemp>29.0</ns3:atemp>
            <ns3:hr>124</ns3:hr>
            <ns3:cad>73</ns3:cad>
          </ns3:TrackPointExtension>
        </extensions>
      </trkpt>
      <trkpt lat="22.58573320694267749786376953125" lon="114.27155077457427978515625">
        <ele>5.19999980926513671875</ele>
        <time>2025-06-05T11:13:21.000Z</time>
        <extensions>
          <ns3:TrackPointExtension>
            <ns3:atemp>29.0</ns3:atemp>
            <ns3:hr>124</ns3:hr>
            <ns3:cad>73</ns3:cad>
          </ns3:TrackPointExtension>
        </extensions>
      </trkpt>
      <trkpt lat="22.58570395410060882568359375" lon="114.27149084396660327911376953125">
        <ele>5.400000095367431640625</ele>
        <time>2025-06-05T11:13:22.000Z</time>
        <extensions>
          <ns3:TrackPointExtension>
            <ns3:atemp>29.0</ns3:atemp>
            <ns3:hr>124</ns3:hr>
            <ns3:cad>73</ns3:cad>
          </ns3:TrackPointExtension>
        </extensions>
      </trkpt>
      <trkpt lat="22.5857041217386722564697265625" lon="114.27142806351184844970703125">
        <ele>5.599999904632568359375</ele>
        <time>2025-06-05T11:13:23.000Z</time>
        <extensions>
          <ns3:TrackPointExtension>
            <ns3:atemp>29.0</ns3:atemp>
            <ns3:hr>125</ns3:hr>
            <ns3:cad>73</ns3:cad>
          </ns3:TrackPointExtension>
        </extensions>
      </trkpt>
      <trkpt lat="22.58572482503950595855712890625" lon="114.27137148566544055938720703125">
        <ele>5.80000019073486328125</ele>
        <time>2025-06-05T11:13:24.000Z</time>
        <extensions>
          <ns3:TrackPointExtension>
            <ns3:atemp>29.0</ns3:atemp>
            <ns3:hr>125</ns3:hr>
            <ns3:cad>0</ns3:cad>
          </ns3:TrackPointExtension>
        </extensions>
      </trkpt>
      <trkpt lat="22.5857627950608730316162109375" lon="114.27132052369415760040283203125">
        <ele>5.80000019073486328125</ele>
        <time>2025-06-05T11:13:25.000Z</time>
        <extensions>
          <ns3:TrackPointExtension>
            <ns3:atemp>29.0</ns3:atemp>
            <ns3:hr>126</ns3:hr>
            <ns3:cad>0</ns3:cad>
          </ns3:TrackPointExtension>
        </extensions>
      </trkpt>
      <trkpt lat="22.5858030281960964202880859375" lon="114.27127291448414325714111328125">
        <ele>5.599999904632568359375</ele>
        <time>2025-06-05T11:13:26.000Z</time>
        <extensions>
          <ns3:TrackPointExtension>
            <ns3:atemp>29.0</ns3:atemp>
            <ns3:hr>126</ns3:hr>
            <ns3:cad>0</ns3:cad>
          </ns3:TrackPointExtension>
        </extensions>
      </trkpt>
      <trkpt lat="22.58585147559642791748046875" lon="114.2712331004440784454345703125">
        <ele>5.599999904632568359375</ele>
        <time>2025-06-05T11:13:27.000Z</time>
        <extensions>
          <ns3:TrackPointExtension>
            <ns3:atemp>29.0</ns3:atemp>
            <ns3:hr>126</ns3:hr>
            <ns3:cad>67</ns3:cad>
          </ns3:TrackPointExtension>
        </extensions>
      </trkpt>
      <trkpt lat="22.58590352721512317657470703125" lon="114.2711968906223773956298828125">
        <ele>5.400000095367431640625</ele>
        <time>2025-06-05T11:13:28.000Z</time>
        <extensions>
          <ns3:TrackPointExtension>
            <ns3:atemp>29.0</ns3:atemp>
            <ns3:hr>125</ns3:hr>
            <ns3:cad>71</ns3:cad>
          </ns3:TrackPointExtension>
        </extensions>
      </trkpt>
      <trkpt lat="22.58595096878707408905029296875" lon="114.2711522988975048065185546875">
        <ele>5.19999980926513671875</ele>
        <time>2025-06-05T11:13:29.000Z</time>
        <extensions>
          <ns3:TrackPointExtension>
            <ns3:atemp>29.0</ns3:atemp>
            <ns3:hr>126</ns3:hr>
            <ns3:cad>72</ns3:cad>
          </ns3:TrackPointExtension>
        </extensions>
      </trkpt>
      <trkpt lat="22.5860010087490081787109375" lon="114.27110728807747364044189453125">
        <ele>5</ele>
        <time>2025-06-05T11:13:30.000Z</time>
        <extensions>
          <ns3:TrackPointExtension>
            <ns3:atemp>29.0</ns3:atemp>
            <ns3:hr>126</ns3:hr>
            <ns3:cad>72</ns3:cad>
          </ns3:TrackPointExtension>
        </extensions>
      </trkpt>
      <trkpt lat="22.58604953996837139129638671875" lon="114.27106169052422046661376953125">
        <ele>5</ele>
        <time>2025-06-05T11:13:31.000Z</time>
        <extensions>
          <ns3:TrackPointExtension>
            <ns3:atemp>29.0</ns3:atemp>
            <ns3:hr>126</ns3:hr>
            <ns3:cad>73</ns3:cad>
          </ns3:TrackPointExtension>
        </extensions>
      </trkpt>
      <trkpt lat="22.58609413169324398040771484375" lon="114.27101223729550838470458984375">
        <ele>4.80000019073486328125</ele>
        <time>2025-06-05T11:13:32.000Z</time>
        <extensions>
          <ns3:TrackPointExtension>
            <ns3:atemp>29.0</ns3:atemp>
            <ns3:hr>125</ns3:hr>
            <ns3:cad>73</ns3:cad>
          </ns3:TrackPointExtension>
        </extensions>
      </trkpt>
      <trkpt lat="22.58613754995167255401611328125" lon="114.270959682762622833251953125">
        <ele>4.80000019073486328125</ele>
        <time>2025-06-05T11:13:33.000Z</time>
        <extensions>
          <ns3:TrackPointExtension>
            <ns3:atemp>29.0</ns3:atemp>
            <ns3:hr>125</ns3:hr>
            <ns3:cad>73</ns3:cad>
          </ns3:TrackPointExtension>
        </extensions>
      </trkpt>
      <trkpt lat="22.586181052029132843017578125" lon="114.2709075473248958587646484375">
        <ele>4.80000019073486328125</ele>
        <time>2025-06-05T11:13:34.000Z</time>
        <extensions>
          <ns3:TrackPointExtension>
            <ns3:atemp>29.0</ns3:atemp>
            <ns3:hr>125</ns3:hr>
            <ns3:cad>72</ns3:cad>
          </ns3:TrackPointExtension>
        </extensions>
      </trkpt>
      <trkpt lat="22.5862263143062591552734375" lon="114.27085884846746921539306640625">
        <ele>4.80000019073486328125</ele>
        <time>2025-06-05T11:13:35.000Z</time>
        <extensions>
          <ns3:TrackPointExtension>
            <ns3:atemp>29.0</ns3:atemp>
            <ns3:hr>126</ns3:hr>
            <ns3:cad>74</ns3:cad>
          </ns3:TrackPointExtension>
        </extensions>
      </trkpt>
      <trkpt lat="22.5862710736691951751708984375" lon="114.27081140689551830291748046875">
        <ele>4.80000019073486328125</ele>
        <time>2025-06-05T11:13:36.000Z</time>
        <extensions>
          <ns3:TrackPointExtension>
            <ns3:atemp>29.0</ns3:atemp>
            <ns3:hr>126</ns3:hr>
            <ns3:cad>72</ns3:cad>
          </ns3:TrackPointExtension>
        </extensions>
      </trkpt>
      <trkpt lat="22.58631541393697261810302734375" lon="114.27076245658099651336669921875">
        <ele>5</ele>
        <time>2025-06-05T11:13:37.000Z</time>
        <extensions>
          <ns3:TrackPointExtension>
            <ns3:atemp>29.0</ns3:atemp>
            <ns3:hr>126</ns3:hr>
            <ns3:cad>71</ns3:cad>
          </ns3:TrackPointExtension>
        </extensions>
      </trkpt>
      <trkpt lat="22.58635975420475006103515625" lon="114.270716272294521331787109375">
        <ele>5</ele>
        <time>2025-06-05T11:13:38.000Z</time>
        <extensions>
          <ns3:TrackPointExtension>
            <ns3:atemp>29.0</ns3:atemp>
            <ns3:hr>126</ns3:hr>
            <ns3:cad>74</ns3:cad>
          </ns3:TrackPointExtension>
        </extensions>
      </trkpt>
      <trkpt lat="22.58640694431960582733154296875" lon="114.270674698054790496826171875">
        <ele>5</ele>
        <time>2025-06-05T11:13:39.000Z</time>
        <extensions>
          <ns3:TrackPointExtension>
            <ns3:atemp>29.0</ns3:atemp>
            <ns3:hr>127</ns3:hr>
            <ns3:cad>74</ns3:cad>
          </ns3:TrackPointExtension>
        </extensions>
      </trkpt>
      <trkpt lat="22.58644734509289264678955078125" lon="114.27062935195863246917724609375">
        <ele>4.80000019073486328125</ele>
        <time>2025-06-05T11:13:40.000Z</time>
        <extensions>
          <ns3:TrackPointExtension>
            <ns3:atemp>29.0</ns3:atemp>
            <ns3:hr>127</ns3:hr>
            <ns3:cad>74</ns3:cad>
          </ns3:TrackPointExtension>
        </extensions>
      </trkpt>
      <trkpt lat="22.5864906795322895050048828125" lon="114.27058023400604724884033203125">
        <ele>5</ele>
        <time>2025-06-05T11:13:41.000Z</time>
        <extensions>
          <ns3:TrackPointExtension>
            <ns3:atemp>29.0</ns3:atemp>
            <ns3:hr>127</ns3:hr>
            <ns3:cad>74</ns3:cad>
          </ns3:TrackPointExtension>
        </extensions>
      </trkpt>
      <trkpt lat="22.58653543889522552490234375" lon="114.27053580991923809051513671875">
        <ele>5</ele>
        <time>2025-06-05T11:13:42.000Z</time>
        <extensions>
          <ns3:TrackPointExtension>
            <ns3:atemp>29.0</ns3:atemp>
            <ns3:hr>128</ns3:hr>
            <ns3:cad>0</ns3:cad>
          </ns3:TrackPointExtension>
        </extensions>
      </trkpt>
      <trkpt lat="22.58657642640173435211181640625" lon="114.27048861980438232421875">
        <ele>5</ele>
        <time>2025-06-05T11:13:43.000Z</time>
        <extensions>
          <ns3:TrackPointExtension>
            <ns3:atemp>29.0</ns3:atemp>
            <ns3:hr>128</ns3:hr>
            <ns3:cad>71</ns3:cad>
          </ns3:TrackPointExtension>
        </extensions>
      </trkpt>
      <trkpt lat="22.586618252098560333251953125" lon="114.270439334213733673095703125">
        <ele>5</ele>
        <time>2025-06-05T11:13:44.000Z</time>
        <extensions>
          <ns3:TrackPointExtension>
            <ns3:atemp>29.0</ns3:atemp>
            <ns3:hr>129</ns3:hr>
            <ns3:cad>70</ns3:cad>
          </ns3:TrackPointExtension>
        </extensions>
      </trkpt>
      <trkpt lat="22.58665882050991058349609375" lon="114.2703925631940364837646484375">
        <ele>5</ele>
        <time>2025-06-05T11:13:45.000Z</time>
        <extensions>
          <ns3:TrackPointExtension>
            <ns3:atemp>29.0</ns3:atemp>
            <ns3:hr>129</ns3:hr>
            <ns3:cad>68</ns3:cad>
          </ns3:TrackPointExtension>
        </extensions>
      </trkpt>
      <trkpt lat="22.586704082787036895751953125" lon="114.27034671418368816375732421875">
        <ele>5.19999980926513671875</ele>
        <time>2025-06-05T11:13:46.000Z</time>
        <extensions>
          <ns3:TrackPointExtension>
            <ns3:atemp>29.0</ns3:atemp>
            <ns3:hr>129</ns3:hr>
            <ns3:cad>70</ns3:cad>
          </ns3:TrackPointExtension>
        </extensions>
      </trkpt>
      <trkpt lat="22.5867498479783535003662109375" lon="114.27030145190656185150146484375">
        <ele>5.19999980926513671875</ele>
        <time>2025-06-05T11:13:47.000Z</time>
        <extensions>
          <ns3:TrackPointExtension>
            <ns3:atemp>29.0</ns3:atemp>
            <ns3:hr>129</ns3:hr>
            <ns3:cad>68</ns3:cad>
          </ns3:TrackPointExtension>
        </extensions>
      </trkpt>
      <trkpt lat="22.5868001393973827362060546875" lon="114.27026038058102130889892578125">
        <ele>5.19999980926513671875</ele>
        <time>2025-06-05T11:13:48.000Z</time>
        <extensions>
          <ns3:TrackPointExtension>
            <ns3:atemp>29.0</ns3:atemp>
            <ns3:hr>128</ns3:hr>
            <ns3:cad>71</ns3:cad>
          </ns3:TrackPointExtension>
        </extensions>
      </trkpt>
      <trkpt lat="22.58685084991157054901123046875" lon="114.27021930925548076629638671875">
        <ele>5.400000095367431640625</ele>
        <time>2025-06-05T11:13:49.000Z</time>
        <extensions>
          <ns3:TrackPointExtension>
            <ns3:atemp>29.0</ns3:atemp>
            <ns3:hr>128</ns3:hr>
            <ns3:cad>71</ns3:cad>
          </ns3:TrackPointExtension>
        </extensions>
      </trkpt>
      <trkpt lat="22.58689980022609233856201171875" lon="114.2701779864728450775146484375">
        <ele>5.400000095367431640625</ele>
        <time>2025-06-05T11:13:50.000Z</time>
        <extensions>
          <ns3:TrackPointExtension>
            <ns3:atemp>29.0</ns3:atemp>
            <ns3:hr>128</ns3:hr>
            <ns3:cad>72</ns3:cad>
          </ns3:TrackPointExtension>
        </extensions>
      </trkpt>
      <trkpt lat="22.5869483314454555511474609375" lon="114.27013481967151165008544921875">
        <ele>5.599999904632568359375</ele>
        <time>2025-06-05T11:13:51.000Z</time>
        <extensions>
          <ns3:TrackPointExtension>
            <ns3:atemp>29.0</ns3:atemp>
            <ns3:hr>129</ns3:hr>
            <ns3:cad>72</ns3:cad>
          </ns3:TrackPointExtension>
        </extensions>
      </trkpt>
      <trkpt lat="22.5869966112077236175537109375" lon="114.27009006030857563018798828125">
        <ele>5.599999904632568359375</ele>
        <time>2025-06-05T11:13:52.000Z</time>
        <extensions>
          <ns3:TrackPointExtension>
            <ns3:atemp>29.0</ns3:atemp>
            <ns3:hr>129</ns3:hr>
            <ns3:cad>74</ns3:cad>
          </ns3:TrackPointExtension>
        </extensions>
      </trkpt>
      <trkpt lat="22.58704547770321369171142578125" lon="114.27004630677402019500732421875">
        <ele>5.599999904632568359375</ele>
        <time>2025-06-05T11:13:53.000Z</time>
        <extensions>
          <ns3:TrackPointExtension>
            <ns3:atemp>29.0</ns3:atemp>
            <ns3:hr>129</ns3:hr>
            <ns3:cad>73</ns3:cad>
          </ns3:TrackPointExtension>
        </extensions>
      </trkpt>
      <trkpt lat="22.587096691131591796875" lon="114.27000171504914760589599609375">
        <ele>5.599999904632568359375</ele>
        <time>2025-06-05T11:13:54.000Z</time>
        <extensions>
          <ns3:TrackPointExtension>
            <ns3:atemp>29.0</ns3:atemp>
            <ns3:hr>130</ns3:hr>
            <ns3:cad>74</ns3:cad>
          </ns3:TrackPointExtension>
        </extensions>
      </trkpt>
      <trkpt lat="22.58714966475963592529296875" lon="114.269959889352321624755859375">
        <ele>5.400000095367431640625</ele>
        <time>2025-06-05T11:13:55.000Z</time>
        <extensions>
          <ns3:TrackPointExtension>
            <ns3:atemp>29.0</ns3:atemp>
            <ns3:hr>130</ns3:hr>
            <ns3:cad>75</ns3:cad>
          </ns3:TrackPointExtension>
        </extensions>
      </trkpt>
      <trkpt lat="22.58720138110220432281494140625" lon="114.2699168063700199127197265625">
        <ele>5.19999980926513671875</ele>
        <time>2025-06-05T11:13:56.000Z</time>
        <extensions>
          <ns3:TrackPointExtension>
            <ns3:atemp>29.0</ns3:atemp>
            <ns3:hr>130</ns3:hr>
            <ns3:cad>75</ns3:cad>
          </ns3:TrackPointExtension>
        </extensions>
      </trkpt>
      <trkpt lat="22.58725636638700962066650390625" lon="114.26987380720674991607666015625">
        <ele>5.19999980926513671875</ele>
        <time>2025-06-05T11:13:57.000Z</time>
        <extensions>
          <ns3:TrackPointExtension>
            <ns3:atemp>29.0</ns3:atemp>
            <ns3:hr>130</ns3:hr>
            <ns3:cad>76</ns3:cad>
          </ns3:TrackPointExtension>
        </extensions>
      </trkpt>
      <trkpt lat="22.587312944233417510986328125" lon="114.2698346637189388275146484375">
        <ele>5</ele>
        <time>2025-06-05T11:13:58.000Z</time>
        <extensions>
          <ns3:TrackPointExtension>
            <ns3:atemp>29.0</ns3:atemp>
            <ns3:hr>129</ns3:hr>
            <ns3:cad>76</ns3:cad>
          </ns3:TrackPointExtension>
        </extensions>
      </trkpt>
      <trkpt lat="22.5873742997646331787109375" lon="114.269799292087554931640625">
        <ele>5</ele>
        <time>2025-06-05T11:13:59.000Z</time>
        <extensions>
          <ns3:TrackPointExtension>
            <ns3:atemp>29.0</ns3:atemp>
            <ns3:hr>130</ns3:hr>
            <ns3:cad>78</ns3:cad>
          </ns3:TrackPointExtension>
        </extensions>
      </trkpt>
      <trkpt lat="22.58743775077164173126220703125" lon="114.26976735703647136688232421875">
        <ele>5</ele>
        <time>2025-06-05T11:14:00.000Z</time>
        <extensions>
          <ns3:TrackPointExtension>
            <ns3:atemp>29.0</ns3:atemp>
            <ns3:hr>130</ns3:hr>
            <ns3:cad>78</ns3:cad>
          </ns3:TrackPointExtension>
        </extensions>
      </trkpt>
      <trkpt lat="22.58749508298933506011962890625" lon="114.26973827183246612548828125">
        <ele>5.19999980926513671875</ele>
        <time>2025-06-05T11:14:01.000Z</time>
        <extensions>
          <ns3:TrackPointExtension>
            <ns3:atemp>29.0</ns3:atemp>
            <ns3:hr>130</ns3:hr>
            <ns3:cad>82</ns3:cad>
          </ns3:TrackPointExtension>
        </extensions>
      </trkpt>
      <trkpt lat="22.58755870163440704345703125" lon="114.26970742642879486083984375">
        <ele>5.19999980926513671875</ele>
        <time>2025-06-05T11:14:02.000Z</time>
        <extensions>
          <ns3:TrackPointExtension>
            <ns3:atemp>29.0</ns3:atemp>
            <ns3:hr>130</ns3:hr>
            <ns3:cad>82</ns3:cad>
          </ns3:TrackPointExtension>
        </extensions>
      </trkpt>
      <trkpt lat="22.587610669434070587158203125" lon="114.26966627128422260284423828125">
        <ele>5.400000095367431640625</ele>
        <time>2025-06-05T11:14:03.000Z</time>
        <extensions>
          <ns3:TrackPointExtension>
            <ns3:atemp>29.0</ns3:atemp>
            <ns3:hr>130</ns3:hr>
            <ns3:cad>82</ns3:cad>
          </ns3:TrackPointExtension>
        </extensions>
      </trkpt>
      <trkpt lat="22.58766389451920986175537109375" lon="114.26962687633931636810302734375">
        <ele>5.400000095367431640625</ele>
        <time>2025-06-05T11:14:04.000Z</time>
        <extensions>
          <ns3:TrackPointExtension>
            <ns3:atemp>29.0</ns3:atemp>
            <ns3:hr>130</ns3:hr>
            <ns3:cad>82</ns3:cad>
          </ns3:TrackPointExtension>
        </extensions>
      </trkpt>
      <trkpt lat="22.58771753869950771331787109375" lon="114.2695912532508373260498046875">
        <ele>5.400000095367431640625</ele>
        <time>2025-06-05T11:14:05.000Z</time>
        <extensions>
          <ns3:TrackPointExtension>
            <ns3:atemp>29.0</ns3:atemp>
            <ns3:hr>131</ns3:hr>
            <ns3:cad>0</ns3:cad>
          </ns3:TrackPointExtension>
        </extensions>
      </trkpt>
      <trkpt lat="22.58776950649917125701904296875" lon="114.26955898292362689971923828125">
        <ele>5.19999980926513671875</ele>
        <time>2025-06-05T11:14:06.000Z</time>
        <extensions>
          <ns3:TrackPointExtension>
            <ns3:atemp>29.0</ns3:atemp>
            <ns3:hr>131</ns3:hr>
            <ns3:cad>0</ns3:cad>
          </ns3:TrackPointExtension>
        </extensions>
      </trkpt>
      <trkpt lat="22.58782449178397655487060546875" lon="114.269526712596416473388671875">
        <ele>5.19999980926513671875</ele>
        <time>2025-06-05T11:14:07.000Z</time>
        <extensions>
          <ns3:TrackPointExtension>
            <ns3:atemp>29.0</ns3:atemp>
            <ns3:hr>131</ns3:hr>
            <ns3:cad>0</ns3:cad>
          </ns3:TrackPointExtension>
        </extensions>
      </trkpt>
      <trkpt lat="22.5878787226974964141845703125" lon="114.26949159242212772369384765625">
        <ele>5</ele>
        <time>2025-06-05T11:14:08.000Z</time>
        <extensions>
          <ns3:TrackPointExtension>
            <ns3:atemp>29.0</ns3:atemp>
            <ns3:hr>130</ns3:hr>
            <ns3:cad>0</ns3:cad>
          </ns3:TrackPointExtension>
        </extensions>
      </trkpt>
      <trkpt lat="22.58793328888714313507080078125" lon="114.26945798099040985107421875">
        <ele>5</ele>
        <time>2025-06-05T11:14:09.000Z</time>
        <extensions>
          <ns3:TrackPointExtension>
            <ns3:atemp>29.0</ns3:atemp>
            <ns3:hr>130</ns3:hr>
            <ns3:cad>74</ns3:cad>
          </ns3:TrackPointExtension>
        </extensions>
      </trkpt>
      <trkpt lat="22.5879885256290435791015625" lon="114.26942839287221431732177734375">
        <ele>5</ele>
        <time>2025-06-05T11:14:10.000Z</time>
        <extensions>
          <ns3:TrackPointExtension>
            <ns3:atemp>29.0</ns3:atemp>
            <ns3:hr>130</ns3:hr>
            <ns3:cad>74</ns3:cad>
          </ns3:TrackPointExtension>
        </extensions>
      </trkpt>
      <trkpt lat="22.58804208599030971527099609375" lon="114.26939721219241619110107421875">
        <ele>5</ele>
        <time>2025-06-05T11:14:11.000Z</time>
        <extensions>
          <ns3:TrackPointExtension>
            <ns3:atemp>29.0</ns3:atemp>
            <ns3:hr>130</ns3:hr>
            <ns3:cad>74</ns3:cad>
          </ns3:TrackPointExtension>
        </extensions>
      </trkpt>
      <trkpt lat="22.58809589780867099761962890625" lon="114.2693666182458400726318359375">
        <ele>4.80000019073486328125</ele>
        <time>2025-06-05T11:14:12.000Z</time>
        <extensions>
          <ns3:TrackPointExtension>
            <ns3:atemp>29.0</ns3:atemp>
            <ns3:hr>131</ns3:hr>
            <ns3:cad>74</ns3:cad>
          </ns3:TrackPointExtension>
        </extensions>
      </trkpt>
      <trkpt lat="22.58814350701868534088134765625" lon="114.26933200098574161529541015625">
        <ele>4.80000019073486328125</ele>
        <time>2025-06-05T11:14:13.000Z</time>
        <extensions>
          <ns3:TrackPointExtension>
            <ns3:atemp>29.0</ns3:atemp>
            <ns3:hr>131</ns3:hr>
            <ns3:cad>0</ns3:cad>
          </ns3:TrackPointExtension>
        </extensions>
      </trkpt>
      <trkpt lat="22.58819011040031909942626953125" lon="114.2692972160875797271728515625">
        <ele>4.80000019073486328125</ele>
        <time>2025-06-05T11:14:14.000Z</time>
        <extensions>
          <ns3:TrackPointExtension>
            <ns3:atemp>29.0</ns3:atemp>
            <ns3:hr>131</ns3:hr>
            <ns3:cad>0</ns3:cad>
          </ns3:TrackPointExtension>
        </extensions>
      </trkpt>
      <trkpt lat="22.588232271373271942138671875" lon="114.26926092244684696197509765625">
        <ele>4.80000019073486328125</ele>
        <time>2025-06-05T11:14:15.000Z</time>
        <extensions>
          <ns3:TrackPointExtension>
            <ns3:atemp>29.0</ns3:atemp>
            <ns3:hr>132</ns3:hr>
            <ns3:cad>0</ns3:cad>
          </ns3:TrackPointExtension>
        </extensions>
      </trkpt>
      <trkpt lat="22.58826806209981441497802734375" lon="114.269219599664211273193359375">
        <ele>4.80000019073486328125</ele>
        <time>2025-06-05T11:14:16.000Z</time>
        <extensions>
          <ns3:TrackPointExtension>
            <ns3:atemp>29.0</ns3:atemp>
            <ns3:hr>131</ns3:hr>
            <ns3:cad>0</ns3:cad>
          </ns3:TrackPointExtension>
        </extensions>
      </trkpt>
      <trkpt lat="22.58828817866742610931396484375" lon="114.26917274482548236846923828125">
        <ele>5</ele>
        <time>2025-06-05T11:14:17.000Z</time>
        <extensions>
          <ns3:TrackPointExtension>
            <ns3:atemp>29.0</ns3:atemp>
            <ns3:hr>131</ns3:hr>
            <ns3:cad>0</ns3:cad>
          </ns3:TrackPointExtension>
        </extensions>
      </trkpt>
      <trkpt lat="22.58829102851450443267822265625" lon="114.26912429742515087127685546875">
        <ele>5.19999980926513671875</ele>
        <time>2025-06-05T11:14:18.000Z</time>
        <extensions>
          <ns3:TrackPointExtension>
            <ns3:atemp>29.0</ns3:atemp>
            <ns3:hr>130</ns3:hr>
            <ns3:cad>54</ns3:cad>
          </ns3:TrackPointExtension>
        </extensions>
      </trkpt>
      <trkpt lat="22.58828683756291866302490234375" lon="114.269076101481914520263671875">
        <ele>5.19999980926513671875</ele>
        <time>2025-06-05T11:14:19.000Z</time>
        <extensions>
          <ns3:TrackPointExtension>
            <ns3:atemp>29.0</ns3:atemp>
            <ns3:hr>130</ns3:hr>
            <ns3:cad>53</ns3:cad>
          </ns3:TrackPointExtension>
        </extensions>
      </trkpt>
      <trkpt lat="22.58826839737594127655029296875" lon="114.26903394050896167755126953125">
        <ele>5.599999904632568359375</ele>
        <time>2025-06-05T11:14:20.000Z</time>
        <extensions>
          <ns3:TrackPointExtension>
            <ns3:atemp>29.0</ns3:atemp>
            <ns3:hr>129</ns3:hr>
            <ns3:cad>58</ns3:cad>
          </ns3:TrackPointExtension>
        </extensions>
      </trkpt>
      <trkpt lat="22.588246352970600128173828125" lon="114.2689887620508670806884765625">
        <ele>5.80000019073486328125</ele>
        <time>2025-06-05T11:14:21.000Z</time>
        <extensions>
          <ns3:TrackPointExtension>
            <ns3:atemp>29.0</ns3:atemp>
            <ns3:hr>128</ns3:hr>
            <ns3:cad>58</ns3:cad>
          </ns3:TrackPointExtension>
        </extensions>
      </trkpt>
      <trkpt lat="22.5882277451455593109130859375" lon="114.26894391886889934539794921875">
        <ele>6</ele>
        <time>2025-06-05T11:14:22.000Z</time>
        <extensions>
          <ns3:TrackPointExtension>
            <ns3:atemp>29.0</ns3:atemp>
            <ns3:hr>128</ns3:hr>
            <ns3:cad>41</ns3:cad>
          </ns3:TrackPointExtension>
        </extensions>
      </trkpt>
      <trkpt lat="22.58819530718028545379638671875" lon="114.26890754140913486480712890625">
        <ele>6.19999980926513671875</ele>
        <time>2025-06-05T11:14:23.000Z</time>
        <extensions>
          <ns3:TrackPointExtension>
            <ns3:atemp>29.0</ns3:atemp>
            <ns3:hr>127</ns3:hr>
            <ns3:cad>41</ns3:cad>
          </ns3:TrackPointExtension>
        </extensions>
      </trkpt>
      <trkpt lat="22.58815658278763294219970703125" lon="114.26887786947190761566162109375">
        <ele>6.400000095367431640625</ele>
        <time>2025-06-05T11:14:24.000Z</time>
        <extensions>
          <ns3:TrackPointExtension>
            <ns3:atemp>29.0</ns3:atemp>
            <ns3:hr>126</ns3:hr>
            <ns3:cad>65</ns3:cad>
          </ns3:TrackPointExtension>
        </extensions>
      </trkpt>
      <trkpt lat="22.58811702020466327667236328125" lon="114.26884836517274379730224609375">
        <ele>6.599999904632568359375</ele>
        <time>2025-06-05T11:14:25.000Z</time>
        <extensions>
          <ns3:TrackPointExtension>
            <ns3:atemp>29.0</ns3:atemp>
            <ns3:hr>126</ns3:hr>
            <ns3:cad>64</ns3:cad>
          </ns3:TrackPointExtension>
        </extensions>
      </trkpt>
      <trkpt lat="22.58808047510683536529541015625" lon="114.26881802268326282501220703125">
        <ele>6.599999904632568359375</ele>
        <time>2025-06-05T11:14:26.000Z</time>
        <extensions>
          <ns3:TrackPointExtension>
            <ns3:atemp>29.0</ns3:atemp>
            <ns3:hr>126</ns3:hr>
            <ns3:cad>63</ns3:cad>
          </ns3:TrackPointExtension>
        </extensions>
      </trkpt>
      <trkpt lat="22.58804158307611942291259765625" lon="114.26879002712666988372802734375">
        <ele>6.80000019073486328125</ele>
        <time>2025-06-05T11:14:27.000Z</time>
        <extensions>
          <ns3:TrackPointExtension>
            <ns3:atemp>29.0</ns3:atemp>
            <ns3:hr>126</ns3:hr>
            <ns3:cad>63</ns3:cad>
          </ns3:TrackPointExtension>
        </extensions>
      </trkpt>
      <trkpt lat="22.58800285868346691131591796875" lon="114.26876186393201351165771484375">
        <ele>6.80000019073486328125</ele>
        <time>2025-06-05T11:14:28.000Z</time>
        <extensions>
          <ns3:TrackPointExtension>
            <ns3:atemp>29.0</ns3:atemp>
            <ns3:hr>126</ns3:hr>
            <ns3:cad>65</ns3:cad>
          </ns3:TrackPointExtension>
        </extensions>
      </trkpt>
      <trkpt lat="22.5879655592143535614013671875" lon="114.2687319405376911163330078125">
        <ele>6.80000019073486328125</ele>
        <time>2025-06-05T11:14:29.000Z</time>
        <extensions>
          <ns3:TrackPointExtension>
            <ns3:atemp>29.0</ns3:atemp>
            <ns3:hr>127</ns3:hr>
            <ns3:cad>63</ns3:cad>
          </ns3:TrackPointExtension>
        </extensions>
      </trkpt>
      <trkpt lat="22.58792943321168422698974609375" lon="114.26869883202016353607177734375">
        <ele>6.80000019073486328125</ele>
        <time>2025-06-05T11:14:30.000Z</time>
        <extensions>
          <ns3:TrackPointExtension>
            <ns3:atemp>29.0</ns3:atemp>
            <ns3:hr>126</ns3:hr>
            <ns3:cad>64</ns3:cad>
          </ns3:TrackPointExtension>
        </extensions>
      </trkpt>
      <trkpt lat="22.587890625" lon="114.26866647787392139434814453125">
        <ele>7</ele>
        <time>2025-06-05T11:14:31.000Z</time>
        <extensions>
          <ns3:TrackPointExtension>
            <ns3:atemp>29.0</ns3:atemp>
            <ns3:hr>126</ns3:hr>
            <ns3:cad>65</ns3:cad>
          </ns3:TrackPointExtension>
        </extensions>
      </trkpt>
      <trkpt lat="22.58785114623606204986572265625" lon="114.268634207546710968017578125">
        <ele>7</ele>
        <time>2025-06-05T11:14:32.000Z</time>
        <extensions>
          <ns3:TrackPointExtension>
            <ns3:atemp>29.0</ns3:atemp>
            <ns3:hr>126</ns3:hr>
            <ns3:cad>65</ns3:cad>
          </ns3:TrackPointExtension>
        </extensions>
      </trkpt>
      <trkpt lat="22.58781108073890209197998046875" lon="114.26860093139111995697021484375">
        <ele>7.19999980926513671875</ele>
        <time>2025-06-05T11:14:33.000Z</time>
        <extensions>
          <ns3:TrackPointExtension>
            <ns3:atemp>29.0</ns3:atemp>
            <ns3:hr>126</ns3:hr>
            <ns3:cad>68</ns3:cad>
          </ns3:TrackPointExtension>
        </extensions>
      </trkpt>
      <trkpt lat="22.58777252398431301116943359375" lon="114.26856773905456066131591796875">
        <ele>7.19999980926513671875</ele>
        <time>2025-06-05T11:14:34.000Z</time>
        <extensions>
          <ns3:TrackPointExtension>
            <ns3:atemp>29.0</ns3:atemp>
            <ns3:hr>125</ns3:hr>
            <ns3:cad>68</ns3:cad>
          </ns3:TrackPointExtension>
        </extensions>
      </trkpt>
      <trkpt lat="22.58773312903940677642822265625" lon="114.26853354088962078094482421875">
        <ele>7.19999980926513671875</ele>
        <time>2025-06-05T11:14:35.000Z</time>
        <extensions>
          <ns3:TrackPointExtension>
            <ns3:atemp>29.0</ns3:atemp>
            <ns3:hr>126</ns3:hr>
            <ns3:cad>71</ns3:cad>
          </ns3:TrackPointExtension>
        </extensions>
      </trkpt>
      <trkpt lat="22.587691806256771087646484375" lon="114.2684985883533954620361328125">
        <ele>7.400000095367431640625</ele>
        <time>2025-06-05T11:14:36.000Z</time>
        <extensions>
          <ns3:TrackPointExtension>
            <ns3:atemp>29.0</ns3:atemp>
            <ns3:hr>126</ns3:hr>
            <ns3:cad>69</ns3:cad>
          </ns3:TrackPointExtension>
        </extensions>
      </trkpt>
      <trkpt lat="22.58765417151153087615966796875" lon="114.26845860667526721954345703125">
        <ele>7.400000095367431640625</ele>
        <time>2025-06-05T11:14:37.000Z</time>
        <extensions>
          <ns3:TrackPointExtension>
            <ns3:atemp>29.0</ns3:atemp>
            <ns3:hr>126</ns3:hr>
            <ns3:cad>72</ns3:cad>
          </ns3:TrackPointExtension>
        </extensions>
      </trkpt>
      <trkpt lat="22.58761796168982982635498046875" lon="114.26841870881617069244384765625">
        <ele>7.400000095367431640625</ele>
        <time>2025-06-05T11:14:38.000Z</time>
        <extensions>
          <ns3:TrackPointExtension>
            <ns3:atemp>29.0</ns3:atemp>
            <ns3:hr>126</ns3:hr>
            <ns3:cad>70</ns3:cad>
          </ns3:TrackPointExtension>
        </extensions>
      </trkpt>
      <trkpt lat="22.58758024312555789947509765625" lon="114.26837998442351818084716796875">
        <ele>7.400000095367431640625</ele>
        <time>2025-06-05T11:14:39.000Z</time>
        <extensions>
          <ns3:TrackPointExtension>
            <ns3:atemp>29.0</ns3:atemp>
            <ns3:hr>126</ns3:hr>
            <ns3:cad>72</ns3:cad>
          </ns3:TrackPointExtension>
        </extensions>
      </trkpt>
      <trkpt lat="22.58754537440836429595947265625" lon="114.26833949983119964599609375">
        <ele>7.400000095367431640625</ele>
        <time>2025-06-05T11:14:40.000Z</time>
        <extensions>
          <ns3:TrackPointExtension>
            <ns3:atemp>29.0</ns3:atemp>
            <ns3:hr>126</ns3:hr>
            <ns3:cad>71</ns3:cad>
          </ns3:TrackPointExtension>
        </extensions>
      </trkpt>
      <trkpt lat="22.5875109247863292694091796875" lon="114.2683004401624202728271484375">
        <ele>7.19999980926513671875</ele>
        <time>2025-06-05T11:14:41.000Z</time>
        <extensions>
          <ns3:TrackPointExtension>
            <ns3:atemp>29.0</ns3:atemp>
            <ns3:hr>127</ns3:hr>
            <ns3:cad>70</ns3:cad>
          </ns3:TrackPointExtension>
        </extensions>
      </trkpt>
      <trkpt lat="22.58747714571654796600341796875" lon="114.26825962029397487640380859375">
        <ele>7.400000095367431640625</ele>
        <time>2025-06-05T11:14:42.000Z</time>
        <extensions>
          <ns3:TrackPointExtension>
            <ns3:atemp>29.0</ns3:atemp>
            <ns3:hr>127</ns3:hr>
            <ns3:cad>72</ns3:cad>
          </ns3:TrackPointExtension>
        </extensions>
      </trkpt>
      <trkpt lat="22.58744412101805210113525390625" lon="114.268217794597148895263671875">
        <ele>7.400000095367431640625</ele>
        <time>2025-06-05T11:14:43.000Z</time>
        <extensions>
          <ns3:TrackPointExtension>
            <ns3:atemp>29.0</ns3:atemp>
            <ns3:hr>127</ns3:hr>
            <ns3:cad>72</ns3:cad>
          </ns3:TrackPointExtension>
        </extensions>
      </trkpt>
      <trkpt lat="22.58741076104342937469482421875" lon="114.26817328669130802154541015625">
        <ele>7.599999904632568359375</ele>
        <time>2025-06-05T11:14:44.000Z</time>
        <extensions>
          <ns3:TrackPointExtension>
            <ns3:atemp>29.0</ns3:atemp>
            <ns3:hr>127</ns3:hr>
            <ns3:cad>73</ns3:cad>
          </ns3:TrackPointExtension>
        </extensions>
      </trkpt>
      <trkpt lat="22.58737723343074321746826171875" lon="114.2681294493377208709716796875">
        <ele>7.599999904632568359375</ele>
        <time>2025-06-05T11:14:45.000Z</time>
        <extensions>
          <ns3:TrackPointExtension>
            <ns3:atemp>29.0</ns3:atemp>
            <ns3:hr>128</ns3:hr>
            <ns3:cad>72</ns3:cad>
          </ns3:TrackPointExtension>
        </extensions>
      </trkpt>
      <trkpt lat="22.58734370581805706024169921875" lon="114.26808427087962627410888671875">
        <ele>7.599999904632568359375</ele>
        <time>2025-06-05T11:14:46.000Z</time>
        <extensions>
          <ns3:TrackPointExtension>
            <ns3:atemp>29.0</ns3:atemp>
            <ns3:hr>128</ns3:hr>
            <ns3:cad>73</ns3:cad>
          </ns3:TrackPointExtension>
        </extensions>
      </trkpt>
      <trkpt lat="22.5873090885579586029052734375" lon="114.26804085262119770050048828125">
        <ele>7.599999904632568359375</ele>
        <time>2025-06-05T11:14:47.000Z</time>
        <extensions>
          <ns3:TrackPointExtension>
            <ns3:atemp>29.0</ns3:atemp>
            <ns3:hr>128</ns3:hr>
            <ns3:cad>75</ns3:cad>
          </ns3:TrackPointExtension>
        </extensions>
      </trkpt>
      <trkpt lat="22.587274052202701568603515625" lon="114.26799617707729339599609375">
        <ele>7.599999904632568359375</ele>
        <time>2025-06-05T11:14:48.000Z</time>
        <extensions>
          <ns3:TrackPointExtension>
            <ns3:atemp>29.0</ns3:atemp>
            <ns3:hr>128</ns3:hr>
            <ns3:cad>74</ns3:cad>
          </ns3:TrackPointExtension>
        </extensions>
      </trkpt>
      <trkpt lat="22.58724060840904712677001953125" lon="114.26795032806694507598876953125">
        <ele>7.599999904632568359375</ele>
        <time>2025-06-05T11:14:49.000Z</time>
        <extensions>
          <ns3:TrackPointExtension>
            <ns3:atemp>29.0</ns3:atemp>
            <ns3:hr>128</ns3:hr>
            <ns3:cad>75</ns3:cad>
          </ns3:TrackPointExtension>
        </extensions>
      </trkpt>
      <trkpt lat="22.58720506913959980010986328125" lon="114.2679054848849773406982421875">
        <ele>7.80000019073486328125</ele>
        <time>2025-06-05T11:14:50.000Z</time>
        <extensions>
          <ns3:TrackPointExtension>
            <ns3:atemp>29.0</ns3:atemp>
            <ns3:hr>128</ns3:hr>
            <ns3:cad>74</ns3:cad>
          </ns3:TrackPointExtension>
        </extensions>
      </trkpt>
      <trkpt lat="22.58716885931789875030517578125" lon="114.26786282099783420562744140625">
        <ele>7.80000019073486328125</ele>
        <time>2025-06-05T11:14:51.000Z</time>
        <extensions>
          <ns3:TrackPointExtension>
            <ns3:atemp>29.0</ns3:atemp>
            <ns3:hr>128</ns3:hr>
            <ns3:cad>76</ns3:cad>
          </ns3:TrackPointExtension>
        </extensions>
      </trkpt>
      <trkpt lat="22.58713348768651485443115234375" lon="114.2678206600248813629150390625">
        <ele>8</ele>
        <time>2025-06-05T11:14:52.000Z</time>
        <extensions>
          <ns3:TrackPointExtension>
            <ns3:atemp>29.0</ns3:atemp>
            <ns3:hr>128</ns3:hr>
            <ns3:cad>78</ns3:cad>
          </ns3:TrackPointExtension>
        </extensions>
      </trkpt>
      <trkpt lat="22.587098367512226104736328125" lon="114.26778302527964115142822265625">
        <ele>8</ele>
        <time>2025-06-05T11:14:53.000Z</time>
        <extensions>
          <ns3:TrackPointExtension>
            <ns3:atemp>29.0</ns3:atemp>
            <ns3:hr>128</ns3:hr>
            <ns3:cad>78</ns3:cad>
          </ns3:TrackPointExtension>
        </extensions>
      </trkpt>
      <trkpt lat="22.58706810884177684783935546875" lon="114.26774346269667148590087890625">
        <ele>8.19999980926513671875</ele>
        <time>2025-06-05T11:14:54.000Z</time>
        <extensions>
          <ns3:TrackPointExtension>
            <ns3:atemp>29.0</ns3:atemp>
            <ns3:hr>129</ns3:hr>
            <ns3:cad>78</ns3:cad>
          </ns3:TrackPointExtension>
        </extensions>
      </trkpt>
      <trkpt lat="22.5870355032384395599365234375" lon="114.26770624704658985137939453125">
        <ele>8.19999980926513671875</ele>
        <time>2025-06-05T11:14:55.000Z</time>
        <extensions>
          <ns3:TrackPointExtension>
            <ns3:atemp>29.0</ns3:atemp>
            <ns3:hr>129</ns3:hr>
            <ns3:cad>78</ns3:cad>
          </ns3:TrackPointExtension>
        </extensions>
      </trkpt>
      <trkpt lat="22.587007172405719757080078125" lon="114.2676682770252227783203125">
        <ele>8.3999996185302734375</ele>
        <time>2025-06-05T11:14:56.000Z</time>
        <extensions>
          <ns3:TrackPointExtension>
            <ns3:atemp>29.0</ns3:atemp>
            <ns3:hr>129</ns3:hr>
            <ns3:cad>0</ns3:cad>
          </ns3:TrackPointExtension>
        </extensions>
      </trkpt>
      <trkpt lat="22.58697624318301677703857421875" lon="114.26762863062322139739990234375">
        <ele>8.19999980926513671875</ele>
        <time>2025-06-05T11:14:57.000Z</time>
        <extensions>
          <ns3:TrackPointExtension>
            <ns3:atemp>29.0</ns3:atemp>
            <ns3:hr>130</ns3:hr>
            <ns3:cad>0</ns3:cad>
          </ns3:TrackPointExtension>
        </extensions>
      </trkpt>
      <trkpt lat="22.58694321848452091217041015625" lon="114.267587475478649139404296875">
        <ele>8.19999980926513671875</ele>
        <time>2025-06-05T11:14:58.000Z</time>
        <extensions>
          <ns3:TrackPointExtension>
            <ns3:atemp>29.0</ns3:atemp>
            <ns3:hr>129</ns3:hr>
            <ns3:cad>0</ns3:cad>
          </ns3:TrackPointExtension>
        </extensions>
      </trkpt>
      <trkpt lat="22.58690985850989818572998046875" lon="114.2675433866679668426513671875">
        <ele>8</ele>
        <time>2025-06-05T11:14:59.000Z</time>
        <extensions>
          <ns3:TrackPointExtension>
            <ns3:atemp>29.0</ns3:atemp>
            <ns3:hr>130</ns3:hr>
            <ns3:cad>0</ns3:cad>
          </ns3:TrackPointExtension>
        </extensions>
      </trkpt>
      <trkpt lat="22.58687381632626056671142578125" lon="114.26750055514276027679443359375">
        <ele>7.80000019073486328125</ele>
        <time>2025-06-05T11:15:00.000Z</time>
        <extensions>
          <ns3:TrackPointExtension>
            <ns3:atemp>29.0</ns3:atemp>
            <ns3:hr>130</ns3:hr>
            <ns3:cad>0</ns3:cad>
          </ns3:TrackPointExtension>
        </extensions>
      </trkpt>
      <trkpt lat="22.58683827705681324005126953125" lon="114.2674602381885051727294921875">
        <ele>7.400000095367431640625</ele>
        <time>2025-06-05T11:15:01.000Z</time>
        <extensions>
          <ns3:TrackPointExtension>
            <ns3:atemp>29.0</ns3:atemp>
            <ns3:hr>131</ns3:hr>
            <ns3:cad>0</ns3:cad>
          </ns3:TrackPointExtension>
        </extensions>
      </trkpt>
      <trkpt lat="22.58680424652993679046630859375" lon="114.26741925068199634552001953125">
        <ele>7.19999980926513671875</ele>
        <time>2025-06-05T11:15:02.000Z</time>
        <extensions>
          <ns3:TrackPointExtension>
            <ns3:atemp>29.0</ns3:atemp>
            <ns3:hr>131</ns3:hr>
            <ns3:cad>0</ns3:cad>
          </ns3:TrackPointExtension>
        </extensions>
      </trkpt>
      <trkpt lat="22.5867696292698383331298828125" lon="114.267374910414218902587890625">
        <ele>7</ele>
        <time>2025-06-05T11:15:03.000Z</time>
        <extensions>
          <ns3:TrackPointExtension>
            <ns3:atemp>29.0</ns3:atemp>
            <ns3:hr>131</ns3:hr>
            <ns3:cad>0</ns3:cad>
          </ns3:TrackPointExtension>
        </extensions>
      </trkpt>
      <trkpt lat="22.586734592914581298828125" lon="114.2673294804990291595458984375">
        <ele>6.599999904632568359375</ele>
        <time>2025-06-05T11:15:04.000Z</time>
        <extensions>
          <ns3:TrackPointExtension>
            <ns3:atemp>29.0</ns3:atemp>
            <ns3:hr>130</ns3:hr>
            <ns3:cad>0</ns3:cad>
          </ns3:TrackPointExtension>
        </extensions>
      </trkpt>
      <trkpt lat="22.58669863454997539520263671875" lon="114.26728539168834686279296875">
        <ele>6.400000095367431640625</ele>
        <time>2025-06-05T11:15:05.000Z</time>
        <extensions>
          <ns3:TrackPointExtension>
            <ns3:atemp>29.0</ns3:atemp>
            <ns3:hr>131</ns3:hr>
            <ns3:cad>0</ns3:cad>
          </ns3:TrackPointExtension>
        </extensions>
      </trkpt>
      <trkpt lat="22.58666175417602062225341796875" lon="114.267240464687347412109375">
        <ele>6</ele>
        <time>2025-06-05T11:15:06.000Z</time>
        <extensions>
          <ns3:TrackPointExtension>
            <ns3:atemp>29.0</ns3:atemp>
            <ns3:hr>131</ns3:hr>
            <ns3:cad>0</ns3:cad>
          </ns3:TrackPointExtension>
        </extensions>
      </trkpt>
      <trkpt lat="22.58662571199238300323486328125" lon="114.267197884619235992431640625">
        <ele>5.599999904632568359375</ele>
        <time>2025-06-05T11:15:07.000Z</time>
        <extensions>
          <ns3:TrackPointExtension>
            <ns3:atemp>29.0</ns3:atemp>
            <ns3:hr>132</ns3:hr>
            <ns3:cad>0</ns3:cad>
          </ns3:TrackPointExtension>
        </extensions>
      </trkpt>
      <trkpt lat="22.58659168146550655364990234375" lon="114.26715689711272716522216796875">
        <ele>5.400000095367431640625</ele>
        <time>2025-06-05T11:15:08.000Z</time>
        <extensions>
          <ns3:TrackPointExtension>
            <ns3:atemp>29.0</ns3:atemp>
            <ns3:hr>132</ns3:hr>
            <ns3:cad>0</ns3:cad>
          </ns3:TrackPointExtension>
        </extensions>
      </trkpt>
      <trkpt lat="22.58654214441776275634765625" lon="114.267183803021907806396484375">
        <ele>5.19999980926513671875</ele>
        <time>2025-06-05T11:15:09.000Z</time>
        <extensions>
          <ns3:TrackPointExtension>
            <ns3:atemp>29.0</ns3:atemp>
            <ns3:hr>132</ns3:hr>
            <ns3:cad>0</ns3:cad>
          </ns3:TrackPointExtension>
        </extensions>
      </trkpt>
      <trkpt lat="22.58651305921375751495361328125" lon="114.26714189350605010986328125">
        <ele>5</ele>
        <time>2025-06-05T11:15:10.000Z</time>
        <extensions>
          <ns3:TrackPointExtension>
            <ns3:atemp>29.0</ns3:atemp>
            <ns3:hr>131</ns3:hr>
            <ns3:cad>0</ns3:cad>
          </ns3:TrackPointExtension>
        </extensions>
      </trkpt>
      <trkpt lat="22.58649042807519435882568359375" lon="114.26710434257984161376953125">
        <ele>4.80000019073486328125</ele>
        <time>2025-06-05T11:15:11.000Z</time>
        <extensions>
          <ns3:TrackPointExtension>
            <ns3:atemp>29.0</ns3:atemp>
            <ns3:hr>131</ns3:hr>
            <ns3:cad>0</ns3:cad>
          </ns3:TrackPointExtension>
        </extensions>
      </trkpt>
      <trkpt lat="22.58647148497402667999267578125" lon="114.2670701444149017333984375">
        <ele>4.80000019073486328125</ele>
        <time>2025-06-05T11:15:12.000Z</time>
        <extensions>
          <ns3:TrackPointExtension>
            <ns3:atemp>29.0</ns3:atemp>
            <ns3:hr>131</ns3:hr>
            <ns3:cad>0</ns3:cad>
          </ns3:TrackPointExtension>
        </extensions>
      </trkpt>
      <trkpt lat="22.5864517875015735626220703125" lon="114.267036616802215576171875">
        <ele>4.400000095367431640625</ele>
        <time>2025-06-05T11:15:13.000Z</time>
        <extensions>
          <ns3:TrackPointExtension>
            <ns3:atemp>29.0</ns3:atemp>
            <ns3:hr>130</ns3:hr>
            <ns3:cad>0</ns3:cad>
          </ns3:TrackPointExtension>
        </extensions>
      </trkpt>
      <trkpt lat="22.58643276058137416839599609375" lon="114.26700317300856113433837890625">
        <ele>4.19999980926513671875</ele>
        <time>2025-06-05T11:15:14.000Z</time>
        <extensions>
          <ns3:TrackPointExtension>
            <ns3:atemp>29.0</ns3:atemp>
            <ns3:hr>130</ns3:hr>
            <ns3:cad>0</ns3:cad>
          </ns3:TrackPointExtension>
        </extensions>
      </trkpt>
      <trkpt lat="22.5864142365753650665283203125" lon="114.26697014831006526947021484375">
        <ele>4</ele>
        <time>2025-06-05T11:15:15.000Z</time>
        <extensions>
          <ns3:TrackPointExtension>
            <ns3:atemp>29.0</ns3:atemp>
            <ns3:hr>130</ns3:hr>
            <ns3:cad>0</ns3:cad>
          </ns3:TrackPointExtension>
        </extensions>
      </trkpt>
      <trkpt lat="22.586396299302577972412109375" lon="114.266937710344791412353515625">
        <ele>3.7999999523162841796875</ele>
        <time>2025-06-05T11:15:16.000Z</time>
        <extensions>
          <ns3:TrackPointExtension>
            <ns3:atemp>29.0</ns3:atemp>
            <ns3:hr>129</ns3:hr>
            <ns3:cad>73</ns3:cad>
          </ns3:TrackPointExtension>
        </extensions>
      </trkpt>
      <trkpt lat="22.5863803736865520477294921875" lon="114.26690979860723018646240234375">
        <ele>3.7999999523162841796875</ele>
        <time>2025-06-05T11:15:17.000Z</time>
        <extensions>
          <ns3:TrackPointExtension>
            <ns3:atemp>29.0</ns3:atemp>
            <ns3:hr>129</ns3:hr>
            <ns3:cad>78</ns3:cad>
          </ns3:TrackPointExtension>
        </extensions>
      </trkpt>
      <trkpt lat="22.58680910803377628326416015625" lon="114.2664664797484874725341796875">
        <ele>4.599999904632568359375</ele>
        <time>2025-06-05T11:15:23.000Z</time>
        <extensions>
          <ns3:TrackPointExtension>
            <ns3:atemp>29.0</ns3:atemp>
            <ns3:hr>127</ns3:hr>
            <ns3:cad>94</ns3:cad>
          </ns3:TrackPointExtension>
        </extensions>
      </trkpt>
      <trkpt lat="22.58682587184011936187744140625" lon="114.26640705205500125885009765625">
        <ele>4.80000019073486328125</ele>
        <time>2025-06-05T11:15:24.000Z</time>
        <extensions>
          <ns3:TrackPointExtension>
            <ns3:atemp>29.0</ns3:atemp>
            <ns3:hr>127</ns3:hr>
            <ns3:cad>93</ns3:cad>
          </ns3:TrackPointExtension>
        </extensions>
      </trkpt>
      <trkpt lat="22.58684766478836536407470703125" lon="114.26634988747537136077880859375">
        <ele>5</ele>
        <time>2025-06-05T11:15:25.000Z</time>
        <extensions>
          <ns3:TrackPointExtension>
            <ns3:atemp>29.0</ns3:atemp>
            <ns3:hr>126</ns3:hr>
            <ns3:cad>90</ns3:cad>
          </ns3:TrackPointExtension>
        </extensions>
      </trkpt>
      <trkpt lat="22.5868713855743408203125" lon="114.2662887834012508392333984375">
        <ele>5.19999980926513671875</ele>
        <time>2025-06-05T11:15:26.000Z</time>
        <extensions>
          <ns3:TrackPointExtension>
            <ns3:atemp>29.0</ns3:atemp>
            <ns3:hr>125</ns3:hr>
            <ns3:cad>90</ns3:cad>
          </ns3:TrackPointExtension>
        </extensions>
      </trkpt>
      <trkpt lat="22.5868920050561428070068359375" lon="114.26623421721160411834716796875">
        <ele>5.400000095367431640625</ele>
        <time>2025-06-05T11:15:27.000Z</time>
        <extensions>
          <ns3:TrackPointExtension>
            <ns3:atemp>29.0</ns3:atemp>
            <ns3:hr>125</ns3:hr>
            <ns3:cad>90</ns3:cad>
          </ns3:TrackPointExtension>
        </extensions>
      </trkpt>
      <trkpt lat="22.586910612881183624267578125" lon="114.26618074066936969757080078125">
        <ele>5.599999904632568359375</ele>
        <time>2025-06-05T11:15:28.000Z</time>
        <extensions>
          <ns3:TrackPointExtension>
            <ns3:atemp>29.0</ns3:atemp>
            <ns3:hr>126</ns3:hr>
            <ns3:cad>87</ns3:cad>
          </ns3:TrackPointExtension>
        </extensions>
      </trkpt>
      <trkpt lat="22.58693450130522251129150390625" lon="114.2661275155842304229736328125">
        <ele>5.80000019073486328125</ele>
        <time>2025-06-05T11:15:29.000Z</time>
        <extensions>
          <ns3:TrackPointExtension>
            <ns3:atemp>29.0</ns3:atemp>
            <ns3:hr>127</ns3:hr>
            <ns3:cad>86</ns3:cad>
          </ns3:TrackPointExtension>
        </extensions>
      </trkpt>
      <trkpt lat="22.58695696480572223663330078125" lon="114.26607445813715457916259765625">
        <ele>5.80000019073486328125</ele>
        <time>2025-06-05T11:15:30.000Z</time>
        <extensions>
          <ns3:TrackPointExtension>
            <ns3:atemp>29.0</ns3:atemp>
            <ns3:hr>128</ns3:hr>
            <ns3:cad>86</ns3:cad>
          </ns3:TrackPointExtension>
        </extensions>
      </trkpt>
      <trkpt lat="22.58697808720171451568603515625" lon="114.26601804792881011962890625">
        <ele>6</ele>
        <time>2025-06-05T11:15:31.000Z</time>
        <extensions>
          <ns3:TrackPointExtension>
            <ns3:atemp>29.0</ns3:atemp>
            <ns3:hr>128</ns3:hr>
            <ns3:cad>86</ns3:cad>
          </ns3:TrackPointExtension>
        </extensions>
      </trkpt>
      <trkpt lat="22.5869982875883579254150390625" lon="114.26596532575786113739013671875">
        <ele>6</ele>
        <time>2025-06-05T11:15:32.000Z</time>
        <extensions>
          <ns3:TrackPointExtension>
            <ns3:atemp>29.0</ns3:atemp>
            <ns3:hr>129</ns3:hr>
            <ns3:cad>89</ns3:cad>
          </ns3:TrackPointExtension>
        </extensions>
      </trkpt>
      <trkpt lat="22.58701949380338191986083984375" lon="114.2659142799675464630126953125">
        <ele>6.19999980926513671875</ele>
        <time>2025-06-05T11:15:33.000Z</time>
        <extensions>
          <ns3:TrackPointExtension>
            <ns3:atemp>29.0</ns3:atemp>
            <ns3:hr>129</ns3:hr>
            <ns3:cad>88</ns3:cad>
          </ns3:TrackPointExtension>
        </extensions>
      </trkpt>
      <trkpt lat="22.587039358913898468017578125" lon="114.2658646591007709503173828125">
        <ele>6.400000095367431640625</ele>
        <time>2025-06-05T11:15:34.000Z</time>
        <extensions>
          <ns3:TrackPointExtension>
            <ns3:atemp>29.0</ns3:atemp>
            <ns3:hr>129</ns3:hr>
            <ns3:cad>88</ns3:cad>
          </ns3:TrackPointExtension>
        </extensions>
      </trkpt>
      <trkpt lat="22.5870604813098907470703125" lon="114.2658116854727268218994140625">
        <ele>6.400000095367431640625</ele>
        <time>2025-06-05T11:15:35.000Z</time>
        <extensions>
          <ns3:TrackPointExtension>
            <ns3:atemp>29.0</ns3:atemp>
            <ns3:hr>130</ns3:hr>
            <ns3:cad>86</ns3:cad>
          </ns3:TrackPointExtension>
        </extensions>
      </trkpt>
      <trkpt lat="22.58708286099135875701904296875" lon="114.2657607235014438629150390625">
        <ele>6.599999904632568359375</ele>
        <time>2025-06-05T11:15:36.000Z</time>
        <extensions>
          <ns3:TrackPointExtension>
            <ns3:atemp>29.0</ns3:atemp>
            <ns3:hr>130</ns3:hr>
            <ns3:cad>86</ns3:cad>
          </ns3:TrackPointExtension>
        </extensions>
      </trkpt>
      <trkpt lat="22.58710515685379505157470703125" lon="114.2657127790153026580810546875">
        <ele>6.80000019073486328125</ele>
        <time>2025-06-05T11:15:37.000Z</time>
        <extensions>
          <ns3:TrackPointExtension>
            <ns3:atemp>29.0</ns3:atemp>
            <ns3:hr>131</ns3:hr>
            <ns3:cad>87</ns3:cad>
          </ns3:TrackPointExtension>
        </extensions>
      </trkpt>
      <trkpt lat="22.58712627924978733062744140625" lon="114.26566190086305141448974609375">
        <ele>7</ele>
        <time>2025-06-05T11:15:38.000Z</time>
        <extensions>
          <ns3:TrackPointExtension>
            <ns3:atemp>29.0</ns3:atemp>
            <ns3:hr>132</ns3:hr>
            <ns3:cad>84</ns3:cad>
          </ns3:TrackPointExtension>
        </extensions>
      </trkpt>
      <trkpt lat="22.587147317826747894287109375" lon="114.26561496220529079437255859375">
        <ele>7</ele>
        <time>2025-06-05T11:15:39.000Z</time>
        <extensions>
          <ns3:TrackPointExtension>
            <ns3:atemp>29.0</ns3:atemp>
            <ns3:hr>132</ns3:hr>
            <ns3:cad>84</ns3:cad>
          </ns3:TrackPointExtension>
        </extensions>
      </trkpt>
      <trkpt lat="22.58716768585145473480224609375" lon="114.26557187922298908233642578125">
        <ele>7</ele>
        <time>2025-06-05T11:15:40.000Z</time>
        <extensions>
          <ns3:TrackPointExtension>
            <ns3:atemp>29.0</ns3:atemp>
            <ns3:hr>133</ns3:hr>
            <ns3:cad>98</ns3:cad>
          </ns3:TrackPointExtension>
        </extensions>
      </trkpt>
      <trkpt lat="22.58718830533325672149658203125" lon="114.26553265191614627838134765625">
        <ele>7.19999980926513671875</ele>
        <time>2025-06-05T11:15:41.000Z</time>
        <extensions>
          <ns3:TrackPointExtension>
            <ns3:atemp>29.0</ns3:atemp>
            <ns3:hr>133</ns3:hr>
            <ns3:cad>98</ns3:cad>
          </ns3:TrackPointExtension>
        </extensions>
      </trkpt>
      <trkpt lat="22.58720733225345611572265625" lon="114.2654918320477008819580078125">
        <ele>7.19999980926513671875</ele>
        <time>2025-06-05T11:15:42.000Z</time>
        <extensions>
          <ns3:TrackPointExtension>
            <ns3:atemp>29.0</ns3:atemp>
            <ns3:hr>133</ns3:hr>
            <ns3:cad>98</ns3:cad>
          </ns3:TrackPointExtension>
        </extensions>
      </trkpt>
      <trkpt lat="22.58723071776330471038818359375" lon="114.26544983871281147003173828125">
        <ele>7.400000095367431640625</ele>
        <time>2025-06-05T11:15:43.000Z</time>
        <extensions>
          <ns3:TrackPointExtension>
            <ns3:atemp>29.0</ns3:atemp>
            <ns3:hr>133</ns3:hr>
            <ns3:cad>98</ns3:cad>
          </ns3:TrackPointExtension>
        </extensions>
      </trkpt>
      <trkpt lat="22.58725552819669246673583984375" lon="114.26540390588343143463134765625">
        <ele>7.400000095367431640625</ele>
        <time>2025-06-05T11:15:44.000Z</time>
        <extensions>
          <ns3:TrackPointExtension>
            <ns3:atemp>29.0</ns3:atemp>
            <ns3:hr>134</ns3:hr>
            <ns3:cad>71</ns3:cad>
          </ns3:TrackPointExtension>
        </extensions>
      </trkpt>
      <trkpt lat="22.58728436194360256195068359375" lon="114.26535847596824169158935546875">
        <ele>7.400000095367431640625</ele>
        <time>2025-06-05T11:15:45.000Z</time>
        <extensions>
          <ns3:TrackPointExtension>
            <ns3:atemp>29.0</ns3:atemp>
            <ns3:hr>134</ns3:hr>
            <ns3:cad>70</ns3:cad>
          </ns3:TrackPointExtension>
        </extensions>
      </trkpt>
      <trkpt lat="22.58730850182473659515380859375" lon="114.26530566997826099395751953125">
        <ele>7.400000095367431640625</ele>
        <time>2025-06-05T11:15:46.000Z</time>
        <extensions>
          <ns3:TrackPointExtension>
            <ns3:atemp>29.0</ns3:atemp>
            <ns3:hr>134</ns3:hr>
            <ns3:cad>74</ns3:cad>
          </ns3:TrackPointExtension>
        </extensions>
      </trkpt>
      <trkpt lat="22.58733079768717288970947265625" lon="114.2652514390647411346435546875">
        <ele>7.400000095367431640625</ele>
        <time>2025-06-05T11:15:47.000Z</time>
        <extensions>
          <ns3:TrackPointExtension>
            <ns3:atemp>29.0</ns3:atemp>
            <ns3:hr>134</ns3:hr>
            <ns3:cad>77</ns3:cad>
          </ns3:TrackPointExtension>
        </extensions>
      </trkpt>
      <trkpt lat="22.5873546861112117767333984375" lon="114.265192933380603790283203125">
        <ele>7.19999980926513671875</ele>
        <time>2025-06-05T11:15:48.000Z</time>
        <extensions>
          <ns3:TrackPointExtension>
            <ns3:atemp>29.0</ns3:atemp>
            <ns3:hr>134</ns3:hr>
            <ns3:cad>78</ns3:cad>
          </ns3:TrackPointExtension>
        </extensions>
      </trkpt>
      <trkpt lat="22.5873808376491069793701171875" lon="114.26513719372451305389404296875">
        <ele>7.19999980926513671875</ele>
        <time>2025-06-05T11:15:49.000Z</time>
        <extensions>
          <ns3:TrackPointExtension>
            <ns3:atemp>29.0</ns3:atemp>
            <ns3:hr>134</ns3:hr>
            <ns3:cad>57</ns3:cad>
          </ns3:TrackPointExtension>
        </extensions>
      </trkpt>
      <trkpt lat="22.58741729892790317535400390625" lon="114.265091679990291595458984375">
        <ele>7</ele>
        <time>2025-06-05T11:15:50.000Z</time>
        <extensions>
          <ns3:TrackPointExtension>
            <ns3:atemp>29.0</ns3:atemp>
            <ns3:hr>135</ns3:hr>
            <ns3:cad>57</ns3:cad>
          </ns3:TrackPointExtension>
        </extensions>
      </trkpt>
      <trkpt lat="22.58745954371988773345947265625" lon="114.26504985429346561431884765625">
        <ele>7</ele>
        <time>2025-06-05T11:15:51.000Z</time>
        <extensions>
          <ns3:TrackPointExtension>
            <ns3:atemp>29.0</ns3:atemp>
            <ns3:hr>135</ns3:hr>
            <ns3:cad>57</ns3:cad>
          </ns3:TrackPointExtension>
        </extensions>
      </trkpt>
      <trkpt lat="22.58750128559768199920654296875" lon="114.2650123871862888336181640625">
        <ele>7</ele>
        <time>2025-06-05T11:15:52.000Z</time>
        <extensions>
          <ns3:TrackPointExtension>
            <ns3:atemp>29.0</ns3:atemp>
            <ns3:hr>135</ns3:hr>
            <ns3:cad>57</ns3:cad>
          </ns3:TrackPointExtension>
        </extensions>
      </trkpt>
      <trkpt lat="22.5875405967235565185546875" lon="114.26498229615390300750732421875">
        <ele>7</ele>
        <time>2025-06-05T11:15:53.000Z</time>
        <extensions>
          <ns3:TrackPointExtension>
            <ns3:atemp>29.0</ns3:atemp>
            <ns3:hr>136</ns3:hr>
            <ns3:cad>0</ns3:cad>
          </ns3:TrackPointExtension>
        </extensions>
      </trkpt>
      <trkpt lat="22.587556354701519012451171875" lon="114.26494692452251911163330078125">
        <ele>7.19999980926513671875</ele>
        <time>2025-06-05T11:15:54.000Z</time>
        <extensions>
          <ns3:TrackPointExtension>
            <ns3:atemp>29.0</ns3:atemp>
            <ns3:hr>136</ns3:hr>
            <ns3:cad>0</ns3:cad>
          </ns3:TrackPointExtension>
        </extensions>
      </trkpt>
      <trkpt lat="22.5875595398247241973876953125" lon="114.26491834223270416259765625">
        <ele>7.19999980926513671875</ele>
        <time>2025-06-05T11:15:55.000Z</time>
        <extensions>
          <ns3:TrackPointExtension>
            <ns3:atemp>29.0</ns3:atemp>
            <ns3:hr>135</ns3:hr>
            <ns3:cad>0</ns3:cad>
          </ns3:TrackPointExtension>
        </extensions>
      </trkpt>
      <trkpt lat="22.5875566899776458740234375" lon="114.26491004414856433868408203125">
        <ele>7.19999980926513671875</ele>
        <time>2025-06-05T11:15:56.000Z</time>
        <extensions>
          <ns3:TrackPointExtension>
            <ns3:atemp>29.0</ns3:atemp>
            <ns3:hr>135</ns3:hr>
            <ns3:cad>0</ns3:cad>
          </ns3:TrackPointExtension>
        </extensions>
      </trkpt>
      <trkpt lat="22.5875625573098659515380859375" lon="114.264913313090801239013671875">
        <ele>7.400000095367431640625</ele>
        <time>2025-06-05T11:15:57.000Z</time>
        <extensions>
          <ns3:TrackPointExtension>
            <ns3:atemp>29.0</ns3:atemp>
            <ns3:hr>135</ns3:hr>
            <ns3:cad>0</ns3:cad>
          </ns3:TrackPointExtension>
        </extensions>
      </trkpt>
      <trkpt lat="22.5875593721866607666015625" lon="114.26492311991751194000244140625">
        <ele>7.400000095367431640625</ele>
        <time>2025-06-05T11:15:58.000Z</time>
        <extensions>
          <ns3:TrackPointExtension>
            <ns3:atemp>29.0</ns3:atemp>
            <ns3:hr>134</ns3:hr>
            <ns3:cad>0</ns3:cad>
          </ns3:TrackPointExtension>
        </extensions>
      </trkpt>
      <trkpt lat="22.5875826738774776458740234375" lon="114.26488875411450862884521484375">
        <ele>7.19999980926513671875</ele>
        <time>2025-06-05T11:15:59.000Z</time>
        <extensions>
          <ns3:TrackPointExtension>
            <ns3:atemp>29.0</ns3:atemp>
            <ns3:hr>134</ns3:hr>
            <ns3:cad>0</ns3:cad>
          </ns3:TrackPointExtension>
        </extensions>
      </trkpt>
      <trkpt lat="22.587534897029399871826171875" lon="114.2648668773472309112548828125">
        <ele>6.19999980926513671875</ele>
        <time>2025-06-05T11:16:19.000Z</time>
        <extensions>
          <ns3:TrackPointExtension>
            <ns3:atemp>29.0</ns3:atemp>
            <ns3:hr>137</ns3:hr>
            <ns3:cad>0</ns3:cad>
          </ns3:TrackPointExtension>
        </extensions>
      </trkpt>
      <trkpt lat="22.58753749541938304901123046875" lon="114.264837540686130523681640625">
        <ele>6.19999980926513671875</ele>
        <time>2025-06-05T11:16:20.000Z</time>
        <extensions>
          <ns3:TrackPointExtension>
            <ns3:atemp>29.0</ns3:atemp>
            <ns3:hr>136</ns3:hr>
            <ns3:cad>0</ns3:cad>
          </ns3:TrackPointExtension>
        </extensions>
      </trkpt>
      <trkpt lat="22.5875441171228885650634765625" lon="114.264810383319854736328125">
        <ele>6.400000095367431640625</ele>
        <time>2025-06-05T11:16:21.000Z</time>
        <extensions>
          <ns3:TrackPointExtension>
            <ns3:atemp>29.0</ns3:atemp>
            <ns3:hr>136</ns3:hr>
            <ns3:cad>0</ns3:cad>
          </ns3:TrackPointExtension>
        </extensions>
      </trkpt>
      <trkpt lat="22.5875566899776458740234375" lon="114.2647766880691051483154296875">
        <ele>6.400000095367431640625</ele>
        <time>2025-06-05T11:16:22.000Z</time>
        <extensions>
          <ns3:TrackPointExtension>
            <ns3:atemp>29.0</ns3:atemp>
            <ns3:hr>136</ns3:hr>
            <ns3:cad>0</ns3:cad>
          </ns3:TrackPointExtension>
        </extensions>
      </trkpt>
      <trkpt lat="22.58756767027080059051513671875" lon="114.2647367902100086212158203125">
        <ele>6.400000095367431640625</ele>
        <time>2025-06-05T11:16:23.000Z</time>
        <extensions>
          <ns3:TrackPointExtension>
            <ns3:atemp>29.0</ns3:atemp>
            <ns3:hr>136</ns3:hr>
            <ns3:cad>0</ns3:cad>
          </ns3:TrackPointExtension>
        </extensions>
      </trkpt>
      <trkpt lat="22.58758845739066600799560546875" lon="114.26469446159899234771728515625">
        <ele>6.400000095367431640625</ele>
        <time>2025-06-05T11:16:24.000Z</time>
        <extensions>
          <ns3:TrackPointExtension>
            <ns3:atemp>29.0</ns3:atemp>
            <ns3:hr>135</ns3:hr>
            <ns3:cad>55</ns3:cad>
          </ns3:TrackPointExtension>
        </extensions>
      </trkpt>
      <trkpt lat="22.58761561475694179534912109375" lon="114.26465305499732494354248046875">
        <ele>6.400000095367431640625</ele>
        <time>2025-06-05T11:16:25.000Z</time>
        <extensions>
          <ns3:TrackPointExtension>
            <ns3:atemp>29.0</ns3:atemp>
            <ns3:hr>135</ns3:hr>
            <ns3:cad>56</ns3:cad>
          </ns3:TrackPointExtension>
        </extensions>
      </trkpt>
      <trkpt lat="22.587641179561614990234375" lon="114.26461282186210155487060546875">
        <ele>6.400000095367431640625</ele>
        <time>2025-06-05T11:16:26.000Z</time>
        <extensions>
          <ns3:TrackPointExtension>
            <ns3:atemp>29.0</ns3:atemp>
            <ns3:hr>135</ns3:hr>
            <ns3:cad>62</ns3:cad>
          </ns3:TrackPointExtension>
        </extensions>
      </trkpt>
      <trkpt lat="22.5876644812524318695068359375" lon="114.26456336863338947296142578125">
        <ele>6.400000095367431640625</ele>
        <time>2025-06-05T11:16:27.000Z</time>
        <extensions>
          <ns3:TrackPointExtension>
            <ns3:atemp>29.0</ns3:atemp>
            <ns3:hr>135</ns3:hr>
            <ns3:cad>67</ns3:cad>
          </ns3:TrackPointExtension>
        </extensions>
      </trkpt>
      <trkpt lat="22.5876805745065212249755859375" lon="114.26450771279633045196533203125">
        <ele>6.400000095367431640625</ele>
        <time>2025-06-05T11:16:28.000Z</time>
        <extensions>
          <ns3:TrackPointExtension>
            <ns3:atemp>29.0</ns3:atemp>
            <ns3:hr>135</ns3:hr>
            <ns3:cad>68</ns3:cad>
          </ns3:TrackPointExtension>
        </extensions>
      </trkpt>
      <trkpt lat="22.58768954314291477203369140625" lon="114.26444887183606624603271484375">
        <ele>6.400000095367431640625</ele>
        <time>2025-06-05T11:16:29.000Z</time>
        <extensions>
          <ns3:TrackPointExtension>
            <ns3:atemp>29.0</ns3:atemp>
            <ns3:hr>134</ns3:hr>
            <ns3:cad>72</ns3:cad>
          </ns3:TrackPointExtension>
        </extensions>
      </trkpt>
      <trkpt lat="22.5876996852457523345947265625" lon="114.2643867619335651397705078125">
        <ele>6.400000095367431640625</ele>
        <time>2025-06-05T11:16:30.000Z</time>
        <extensions>
          <ns3:TrackPointExtension>
            <ns3:atemp>29.0</ns3:atemp>
            <ns3:hr>134</ns3:hr>
            <ns3:cad>72</ns3:cad>
          </ns3:TrackPointExtension>
        </extensions>
      </trkpt>
      <trkpt lat="22.58772508241236209869384765625" lon="114.2643351294100284576416015625">
        <ele>6.400000095367431640625</ele>
        <time>2025-06-05T11:16:31.000Z</time>
        <extensions>
          <ns3:TrackPointExtension>
            <ns3:atemp>29.0</ns3:atemp>
            <ns3:hr>134</ns3:hr>
            <ns3:cad>76</ns3:cad>
          </ns3:TrackPointExtension>
        </extensions>
      </trkpt>
      <trkpt lat="22.5877516530454158782958984375" lon="114.264284670352935791015625">
        <ele>6.400000095367431640625</ele>
        <time>2025-06-05T11:16:32.000Z</time>
        <extensions>
          <ns3:TrackPointExtension>
            <ns3:atemp>29.0</ns3:atemp>
            <ns3:hr>133</ns3:hr>
            <ns3:cad>76</ns3:cad>
          </ns3:TrackPointExtension>
        </extensions>
      </trkpt>
      <trkpt lat="22.587775625288486480712890625" lon="114.26423161290585994720458984375">
        <ele>6.599999904632568359375</ele>
        <time>2025-06-05T11:16:33.000Z</time>
        <extensions>
          <ns3:TrackPointExtension>
            <ns3:atemp>29.0</ns3:atemp>
            <ns3:hr>133</ns3:hr>
            <ns3:cad>76</ns3:cad>
          </ns3:TrackPointExtension>
        </extensions>
      </trkpt>
      <trkpt lat="22.5878052972257137298583984375" lon="114.26417671144008636474609375">
        <ele>6.599999904632568359375</ele>
        <time>2025-06-05T11:16:34.000Z</time>
        <extensions>
          <ns3:TrackPointExtension>
            <ns3:atemp>29.0</ns3:atemp>
            <ns3:hr>131</ns3:hr>
            <ns3:cad>76</ns3:cad>
          </ns3:TrackPointExtension>
        </extensions>
      </trkpt>
      <trkpt lat="22.587827257812023162841796875" lon="114.264118373394012451171875">
        <ele>6.599999904632568359375</ele>
        <time>2025-06-05T11:16:35.000Z</time>
        <extensions>
          <ns3:TrackPointExtension>
            <ns3:atemp>29.0</ns3:atemp>
            <ns3:hr>124</ns3:hr>
            <ns3:cad>81</ns3:cad>
          </ns3:TrackPointExtension>
        </extensions>
      </trkpt>
      <trkpt lat="22.58785097859799861907958984375" lon="114.264056682586669921875">
        <ele>6.80000019073486328125</ele>
        <time>2025-06-05T11:16:36.000Z</time>
        <extensions>
          <ns3:TrackPointExtension>
            <ns3:atemp>29.0</ns3:atemp>
            <ns3:hr>122</ns3:hr>
            <ns3:cad>81</ns3:cad>
          </ns3:TrackPointExtension>
        </extensions>
      </trkpt>
      <trkpt lat="22.58787411265075206756591796875" lon="114.26399591378867626190185546875">
        <ele>6.80000019073486328125</ele>
        <time>2025-06-05T11:16:37.000Z</time>
        <extensions>
          <ns3:TrackPointExtension>
            <ns3:atemp>29.0</ns3:atemp>
            <ns3:hr>121</ns3:hr>
            <ns3:cad>84</ns3:cad>
          </ns3:TrackPointExtension>
        </extensions>
      </trkpt>
      <trkpt lat="22.58789691142737865447998046875" lon="114.26393187604844570159912109375">
        <ele>6.599999904632568359375</ele>
        <time>2025-06-05T11:16:38.000Z</time>
        <extensions>
          <ns3:TrackPointExtension>
            <ns3:atemp>29.0</ns3:atemp>
            <ns3:hr>121</ns3:hr>
            <ns3:cad>83</ns3:cad>
          </ns3:TrackPointExtension>
        </extensions>
      </trkpt>
      <trkpt lat="22.587921805679798126220703125" lon="114.2638675868511199951171875">
        <ele>6.599999904632568359375</ele>
        <time>2025-06-05T11:16:39.000Z</time>
        <extensions>
          <ns3:TrackPointExtension>
            <ns3:atemp>29.0</ns3:atemp>
            <ns3:hr>121</ns3:hr>
            <ns3:cad>81</ns3:cad>
          </ns3:TrackPointExtension>
        </extensions>
      </trkpt>
      <trkpt lat="22.5879434309899806976318359375" lon="114.26380413584411144256591796875">
        <ele>6.80000019073486328125</ele>
        <time>2025-06-05T11:16:40.000Z</time>
        <extensions>
          <ns3:TrackPointExtension>
            <ns3:atemp>29.0</ns3:atemp>
            <ns3:hr>121</ns3:hr>
            <ns3:cad>80</ns3:cad>
          </ns3:TrackPointExtension>
        </extensions>
      </trkpt>
      <trkpt lat="22.58796815760433673858642578125" lon="114.26374579779803752899169921875">
        <ele>6.80000019073486328125</ele>
        <time>2025-06-05T11:16:41.000Z</time>
        <extensions>
          <ns3:TrackPointExtension>
            <ns3:atemp>29.0</ns3:atemp>
            <ns3:hr>121</ns3:hr>
            <ns3:cad>80</ns3:cad>
          </ns3:TrackPointExtension>
        </extensions>
      </trkpt>
      <trkpt lat="22.588000260293483734130859375" lon="114.2636967636644840240478515625">
        <ele>7</ele>
        <time>2025-06-05T11:16:42.000Z</time>
        <extensions>
          <ns3:TrackPointExtension>
            <ns3:atemp>29.0</ns3:atemp>
            <ns3:hr>121</ns3:hr>
            <ns3:cad>80</ns3:cad>
          </ns3:TrackPointExtension>
        </extensions>
      </trkpt>
      <trkpt lat="22.58803839795291423797607421875" lon="114.2636699415743350982666015625">
        <ele>7</ele>
        <time>2025-06-05T11:16:43.000Z</time>
        <extensions>
          <ns3:TrackPointExtension>
            <ns3:atemp>29.0</ns3:atemp>
            <ns3:hr>122</ns3:hr>
            <ns3:cad>80</ns3:cad>
          </ns3:TrackPointExtension>
        </extensions>
      </trkpt>
      <trkpt lat="22.58808164857327938079833984375" lon="114.26365108229219913482666015625">
        <ele>7.19999980926513671875</ele>
        <time>2025-06-05T11:16:44.000Z</time>
        <extensions>
          <ns3:TrackPointExtension>
            <ns3:atemp>29.0</ns3:atemp>
            <ns3:hr>121</ns3:hr>
            <ns3:cad>80</ns3:cad>
          </ns3:TrackPointExtension>
        </extensions>
      </trkpt>
      <trkpt lat="22.5881140865385532379150390625" lon="114.26362442784011363983154296875">
        <ele>7.400000095367431640625</ele>
        <time>2025-06-05T11:16:45.000Z</time>
        <extensions>
          <ns3:TrackPointExtension>
            <ns3:atemp>29.0</ns3:atemp>
            <ns3:hr>121</ns3:hr>
            <ns3:cad>0</ns3:cad>
          </ns3:TrackPointExtension>
        </extensions>
      </trkpt>
      <trkpt lat="22.5881387293338775634765625" lon="114.26358419470489025115966796875">
        <ele>7.400000095367431640625</ele>
        <time>2025-06-05T11:16:46.000Z</time>
        <extensions>
          <ns3:TrackPointExtension>
            <ns3:atemp>29.0</ns3:atemp>
            <ns3:hr>121</ns3:hr>
            <ns3:cad>53</ns3:cad>
          </ns3:TrackPointExtension>
        </extensions>
      </trkpt>
      <trkpt lat="22.58815951645374298095703125" lon="114.26353742368519306182861328125">
        <ele>7.599999904632568359375</ele>
        <time>2025-06-05T11:16:47.000Z</time>
        <extensions>
          <ns3:TrackPointExtension>
            <ns3:atemp>29.0</ns3:atemp>
            <ns3:hr>120</ns3:hr>
            <ns3:cad>53</ns3:cad>
          </ns3:TrackPointExtension>
        </extensions>
      </trkpt>
      <trkpt lat="22.5881816446781158447265625" lon="114.2634865455329418182373046875">
        <ele>7.599999904632568359375</ele>
        <time>2025-06-05T11:16:48.000Z</time>
        <extensions>
          <ns3:TrackPointExtension>
            <ns3:atemp>29.0</ns3:atemp>
            <ns3:hr>120</ns3:hr>
            <ns3:cad>53</ns3:cad>
          </ns3:TrackPointExtension>
        </extensions>
      </trkpt>
      <trkpt lat="22.58820134215056896209716796875" lon="114.26343415863811969757080078125">
        <ele>7.599999904632568359375</ele>
        <time>2025-06-05T11:16:49.000Z</time>
        <extensions>
          <ns3:TrackPointExtension>
            <ns3:atemp>29.0</ns3:atemp>
            <ns3:hr>120</ns3:hr>
            <ns3:cad>68</ns3:cad>
          </ns3:TrackPointExtension>
        </extensions>
      </trkpt>
      <trkpt lat="22.5882257334887981414794921875" lon="114.26338051445782184600830078125">
        <ele>7.599999904632568359375</ele>
        <time>2025-06-05T11:16:50.000Z</time>
        <extensions>
          <ns3:TrackPointExtension>
            <ns3:atemp>29.0</ns3:atemp>
            <ns3:hr>120</ns3:hr>
            <ns3:cad>72</ns3:cad>
          </ns3:TrackPointExtension>
        </extensions>
      </trkpt>
      <trkpt lat="22.58825297467410564422607421875" lon="114.2633229307830333709716796875">
        <ele>7.599999904632568359375</ele>
        <time>2025-06-05T11:16:51.000Z</time>
        <extensions>
          <ns3:TrackPointExtension>
            <ns3:atemp>29.0</ns3:atemp>
            <ns3:hr>120</ns3:hr>
            <ns3:cad>74</ns3:cad>
          </ns3:TrackPointExtension>
        </extensions>
      </trkpt>
      <trkpt lat="22.58827887475490570068359375" lon="114.26326668821275234222412109375">
        <ele>7.599999904632568359375</ele>
        <time>2025-06-05T11:16:52.000Z</time>
        <extensions>
          <ns3:TrackPointExtension>
            <ns3:atemp>29.0</ns3:atemp>
            <ns3:hr>120</ns3:hr>
            <ns3:cad>74</ns3:cad>
          </ns3:TrackPointExtension>
        </extensions>
      </trkpt>
      <trkpt lat="22.588304020464420318603515625" lon="114.26320709288120269775390625">
        <ele>7.400000095367431640625</ele>
        <time>2025-06-05T11:16:53.000Z</time>
        <extensions>
          <ns3:TrackPointExtension>
            <ns3:atemp>29.0</ns3:atemp>
            <ns3:hr>120</ns3:hr>
            <ns3:cad>75</ns3:cad>
          </ns3:TrackPointExtension>
        </extensions>
      </trkpt>
      <trkpt lat="22.5883293338119983673095703125" lon="114.2631460726261138916015625">
        <ele>7.400000095367431640625</ele>
        <time>2025-06-05T11:16:54.000Z</time>
        <extensions>
          <ns3:TrackPointExtension>
            <ns3:atemp>29.0</ns3:atemp>
            <ns3:hr>120</ns3:hr>
            <ns3:cad>78</ns3:cad>
          </ns3:TrackPointExtension>
        </extensions>
      </trkpt>
      <trkpt lat="22.58835439570248126983642578125" lon="114.26308597438037395477294921875">
        <ele>7.400000095367431640625</ele>
        <time>2025-06-05T11:16:55.000Z</time>
        <extensions>
          <ns3:TrackPointExtension>
            <ns3:atemp>29.0</ns3:atemp>
            <ns3:hr>121</ns3:hr>
            <ns3:cad>79</ns3:cad>
          </ns3:TrackPointExtension>
        </extensions>
      </trkpt>
      <trkpt lat="22.58837870322167873382568359375" lon="114.2630248703062534332275390625">
        <ele>7.599999904632568359375</ele>
        <time>2025-06-05T11:16:56.000Z</time>
        <extensions>
          <ns3:TrackPointExtension>
            <ns3:atemp>29.0</ns3:atemp>
            <ns3:hr>121</ns3:hr>
            <ns3:cad>78</ns3:cad>
          </ns3:TrackPointExtension>
        </extensions>
      </trkpt>
      <trkpt lat="22.58840359747409820556640625" lon="114.2629651911556720733642578125">
        <ele>7.599999904632568359375</ele>
        <time>2025-06-05T11:16:57.000Z</time>
        <extensions>
          <ns3:TrackPointExtension>
            <ns3:atemp>29.0</ns3:atemp>
            <ns3:hr>122</ns3:hr>
            <ns3:cad>77</ns3:cad>
          </ns3:TrackPointExtension>
        </extensions>
      </trkpt>
      <trkpt lat="22.588429413735866546630859375" lon="114.26290593110024929046630859375">
        <ele>7.599999904632568359375</ele>
        <time>2025-06-05T11:16:58.000Z</time>
        <extensions>
          <ns3:TrackPointExtension>
            <ns3:atemp>29.0</ns3:atemp>
            <ns3:hr>122</ns3:hr>
            <ns3:cad>78</ns3:cad>
          </ns3:TrackPointExtension>
        </extensions>
      </trkpt>
      <trkpt lat="22.5884553976356983184814453125" lon="114.2628444917500019073486328125">
        <ele>7.599999904632568359375</ele>
        <time>2025-06-05T11:16:59.000Z</time>
        <extensions>
          <ns3:TrackPointExtension>
            <ns3:atemp>29.0</ns3:atemp>
            <ns3:hr>122</ns3:hr>
            <ns3:cad>78</ns3:cad>
          </ns3:TrackPointExtension>
        </extensions>
      </trkpt>
      <trkpt lat="22.58847928605973720550537109375" lon="114.26278774626553058624267578125">
        <ele>7.80000019073486328125</ele>
        <time>2025-06-05T11:17:00.000Z</time>
        <extensions>
          <ns3:TrackPointExtension>
            <ns3:atemp>29.0</ns3:atemp>
            <ns3:hr>123</ns3:hr>
            <ns3:cad>78</ns3:cad>
          </ns3:TrackPointExtension>
        </extensions>
      </trkpt>
      <trkpt lat="22.588501162827014923095703125" lon="114.2627258040010929107666015625">
        <ele>7.80000019073486328125</ele>
        <time>2025-06-05T11:17:01.000Z</time>
        <extensions>
          <ns3:TrackPointExtension>
            <ns3:atemp>29.0</ns3:atemp>
            <ns3:hr>123</ns3:hr>
            <ns3:cad>60</ns3:cad>
          </ns3:TrackPointExtension>
        </extensions>
      </trkpt>
      <trkpt lat="22.588523961603641510009765625" lon="114.26266721449792385101318359375">
        <ele>7.80000019073486328125</ele>
        <time>2025-06-05T11:17:02.000Z</time>
        <extensions>
          <ns3:TrackPointExtension>
            <ns3:atemp>29.0</ns3:atemp>
            <ns3:hr>124</ns3:hr>
            <ns3:cad>68</ns3:cad>
          </ns3:TrackPointExtension>
        </extensions>
      </trkpt>
      <trkpt lat="22.58854751475155353546142578125" lon="114.26261306740343570709228515625">
        <ele>7.80000019073486328125</ele>
        <time>2025-06-05T11:17:03.000Z</time>
        <extensions>
          <ns3:TrackPointExtension>
            <ns3:atemp>29.0</ns3:atemp>
            <ns3:hr>125</ns3:hr>
            <ns3:cad>68</ns3:cad>
          </ns3:TrackPointExtension>
        </extensions>
      </trkpt>
      <trkpt lat="22.588576264679431915283203125" lon="114.26256210543215274810791015625">
        <ele>8</ele>
        <time>2025-06-05T11:17:04.000Z</time>
        <extensions>
          <ns3:TrackPointExtension>
            <ns3:atemp>29.0</ns3:atemp>
            <ns3:hr>126</ns3:hr>
            <ns3:cad>68</ns3:cad>
          </ns3:TrackPointExtension>
        </extensions>
      </trkpt>
      <trkpt lat="22.58859847672283649444580078125" lon="114.262514412403106689453125">
        <ele>8</ele>
        <time>2025-06-05T11:17:05.000Z</time>
        <extensions>
          <ns3:TrackPointExtension>
            <ns3:atemp>29.0</ns3:atemp>
            <ns3:hr>126</ns3:hr>
            <ns3:cad>68</ns3:cad>
          </ns3:TrackPointExtension>
        </extensions>
      </trkpt>
      <trkpt lat="22.58860786445438861846923828125" lon="114.2624683119356632232666015625">
        <ele>8</ele>
        <time>2025-06-05T11:17:06.000Z</time>
        <extensions>
          <ns3:TrackPointExtension>
            <ns3:atemp>29.0</ns3:atemp>
            <ns3:hr>126</ns3:hr>
            <ns3:cad>68</ns3:cad>
          </ns3:TrackPointExtension>
        </extensions>
      </trkpt>
      <trkpt lat="22.58860853500664234161376953125" lon="114.26243084482848644256591796875">
        <ele>8.19999980926513671875</ele>
        <time>2025-06-05T11:17:07.000Z</time>
        <extensions>
          <ns3:TrackPointExtension>
            <ns3:atemp>29.0</ns3:atemp>
            <ns3:hr>126</ns3:hr>
            <ns3:cad>0</ns3:cad>
          </ns3:TrackPointExtension>
        </extensions>
      </trkpt>
      <trkpt lat="22.5886186771094799041748046875" lon="114.26239262335002422332763671875">
        <ele>8.19999980926513671875</ele>
        <time>2025-06-05T11:17:08.000Z</time>
        <extensions>
          <ns3:TrackPointExtension>
            <ns3:atemp>29.0</ns3:atemp>
            <ns3:hr>127</ns3:hr>
            <ns3:cad>0</ns3:cad>
          </ns3:TrackPointExtension>
        </extensions>
      </trkpt>
      <trkpt lat="22.58863938041031360626220703125" lon="114.2623529769480228424072265625">
        <ele>8.19999980926513671875</ele>
        <time>2025-06-05T11:17:09.000Z</time>
        <extensions>
          <ns3:TrackPointExtension>
            <ns3:atemp>29.0</ns3:atemp>
            <ns3:hr>126</ns3:hr>
            <ns3:cad>0</ns3:cad>
          </ns3:TrackPointExtension>
        </extensions>
      </trkpt>
      <trkpt lat="22.5886532105505466461181640625" lon="114.26231257617473602294921875">
        <ele>8.19999980926513671875</ele>
        <time>2025-06-05T11:17:10.000Z</time>
        <extensions>
          <ns3:TrackPointExtension>
            <ns3:atemp>29.0</ns3:atemp>
            <ns3:hr>126</ns3:hr>
            <ns3:cad>0</ns3:cad>
          </ns3:TrackPointExtension>
        </extensions>
      </trkpt>
      <trkpt lat="22.58866536431014537811279296875" lon="114.262269325554370880126953125">
        <ele>8.19999980926513671875</ele>
        <time>2025-06-05T11:17:11.000Z</time>
        <extensions>
          <ns3:TrackPointExtension>
            <ns3:atemp>29.0</ns3:atemp>
            <ns3:hr>126</ns3:hr>
            <ns3:cad>0</ns3:cad>
          </ns3:TrackPointExtension>
        </extensions>
      </trkpt>
      <trkpt lat="22.58867525495588779449462890625" lon="114.26222431473433971405029296875">
        <ele>8.19999980926513671875</ele>
        <time>2025-06-05T11:17:12.000Z</time>
        <extensions>
          <ns3:TrackPointExtension>
            <ns3:atemp>29.0</ns3:atemp>
            <ns3:hr>125</ns3:hr>
            <ns3:cad>48</ns3:cad>
          </ns3:TrackPointExtension>
        </extensions>
      </trkpt>
      <trkpt lat="22.58868749253451824188232421875" lon="114.2621813155710697174072265625">
        <ele>8.19999980926513671875</ele>
        <time>2025-06-05T11:17:13.000Z</time>
        <extensions>
          <ns3:TrackPointExtension>
            <ns3:atemp>29.0</ns3:atemp>
            <ns3:hr>125</ns3:hr>
            <ns3:cad>48</ns3:cad>
          </ns3:TrackPointExtension>
        </extensions>
      </trkpt>
      <trkpt lat="22.5887018255889415740966796875" lon="114.26213965751230716705322265625">
        <ele>8.19999980926513671875</ele>
        <time>2025-06-05T11:17:14.000Z</time>
        <extensions>
          <ns3:TrackPointExtension>
            <ns3:atemp>29.0</ns3:atemp>
            <ns3:hr>125</ns3:hr>
            <ns3:cad>48</ns3:cad>
          </ns3:TrackPointExtension>
        </extensions>
      </trkpt>
      <trkpt lat="22.5887149013578891754150390625" lon="114.2621000111103057861328125">
        <ele>8.19999980926513671875</ele>
        <time>2025-06-05T11:17:15.000Z</time>
        <extensions>
          <ns3:TrackPointExtension>
            <ns3:atemp>29.0</ns3:atemp>
            <ns3:hr>126</ns3:hr>
            <ns3:cad>48</ns3:cad>
          </ns3:TrackPointExtension>
        </extensions>
      </trkpt>
      <trkpt lat="22.58872789330780506134033203125" lon="114.2620616219937801361083984375">
        <ele>8.3999996185302734375</ele>
        <time>2025-06-05T11:17:16.000Z</time>
        <extensions>
          <ns3:TrackPointExtension>
            <ns3:atemp>29.0</ns3:atemp>
            <ns3:hr>125</ns3:hr>
            <ns3:cad>48</ns3:cad>
          </ns3:TrackPointExtension>
        </extensions>
      </trkpt>
      <trkpt lat="22.58874432183802127838134765625" lon="114.26202180795371532440185546875">
        <ele>8.6000003814697265625</ele>
        <time>2025-06-05T11:17:17.000Z</time>
        <extensions>
          <ns3:TrackPointExtension>
            <ns3:atemp>29.0</ns3:atemp>
            <ns3:hr>126</ns3:hr>
            <ns3:cad>0</ns3:cad>
          </ns3:TrackPointExtension>
        </extensions>
      </trkpt>
      <trkpt lat="22.5887621752917766571044921875" lon="114.26197864115238189697265625">
        <ele>8.6000003814697265625</ele>
        <time>2025-06-05T11:17:18.000Z</time>
        <extensions>
          <ns3:TrackPointExtension>
            <ns3:atemp>29.0</ns3:atemp>
            <ns3:hr>126</ns3:hr>
            <ns3:cad>0</ns3:cad>
          </ns3:TrackPointExtension>
        </extensions>
      </trkpt>
      <trkpt lat="22.5887809507548809051513671875" lon="114.26193463616073131561279296875">
        <ele>8.6000003814697265625</ele>
        <time>2025-06-05T11:17:19.000Z</time>
        <extensions>
          <ns3:TrackPointExtension>
            <ns3:atemp>29.0</ns3:atemp>
            <ns3:hr>126</ns3:hr>
            <ns3:cad>53</ns3:cad>
          </ns3:TrackPointExtension>
        </extensions>
      </trkpt>
      <trkpt lat="22.58880131877958774566650390625" lon="114.261887781322002410888671875">
        <ele>8.6000003814697265625</ele>
        <time>2025-06-05T11:17:20.000Z</time>
        <extensions>
          <ns3:TrackPointExtension>
            <ns3:atemp>29.0</ns3:atemp>
            <ns3:hr>125</ns3:hr>
            <ns3:cad>62</ns3:cad>
          </ns3:TrackPointExtension>
        </extensions>
      </trkpt>
      <trkpt lat="22.58882227353751659393310546875" lon="114.26183782517910003662109375">
        <ele>8.6000003814697265625</ele>
        <time>2025-06-05T11:17:21.000Z</time>
        <extensions>
          <ns3:TrackPointExtension>
            <ns3:atemp>29.0</ns3:atemp>
            <ns3:hr>125</ns3:hr>
            <ns3:cad>62</ns3:cad>
          </ns3:TrackPointExtension>
        </extensions>
      </trkpt>
      <trkpt lat="22.58884540759027004241943359375" lon="114.26178795285522937774658203125">
        <ele>8.6000003814697265625</ele>
        <time>2025-06-05T11:17:22.000Z</time>
        <extensions>
          <ns3:TrackPointExtension>
            <ns3:atemp>29.0</ns3:atemp>
            <ns3:hr>125</ns3:hr>
            <ns3:cad>66</ns3:cad>
          </ns3:TrackPointExtension>
        </extensions>
      </trkpt>
      <trkpt lat="22.58886569179594516754150390625" lon="114.26173883490264415740966796875">
        <ele>8.6000003814697265625</ele>
        <time>2025-06-05T11:17:23.000Z</time>
        <extensions>
          <ns3:TrackPointExtension>
            <ns3:atemp>29.0</ns3:atemp>
            <ns3:hr>126</ns3:hr>
            <ns3:cad>66</ns3:cad>
          </ns3:TrackPointExtension>
        </extensions>
      </trkpt>
      <trkpt lat="22.58888513781130313873291015625" lon="114.26168669946491718292236328125">
        <ele>8.6000003814697265625</ele>
        <time>2025-06-05T11:17:24.000Z</time>
        <extensions>
          <ns3:TrackPointExtension>
            <ns3:atemp>29.0</ns3:atemp>
            <ns3:hr>126</ns3:hr>
            <ns3:cad>67</ns3:cad>
          </ns3:TrackPointExtension>
        </extensions>
      </trkpt>
      <trkpt lat="22.58890743367373943328857421875" lon="114.26163439638912677764892578125">
        <ele>8.6000003814697265625</ele>
        <time>2025-06-05T11:17:25.000Z</time>
        <extensions>
          <ns3:TrackPointExtension>
            <ns3:atemp>29.0</ns3:atemp>
            <ns3:hr>127</ns3:hr>
            <ns3:cad>68</ns3:cad>
          </ns3:TrackPointExtension>
        </extensions>
      </trkpt>
      <trkpt lat="22.5889274664223194122314453125" lon="114.26158368587493896484375">
        <ele>8.6000003814697265625</ele>
        <time>2025-06-05T11:17:26.000Z</time>
        <extensions>
          <ns3:TrackPointExtension>
            <ns3:atemp>29.0</ns3:atemp>
            <ns3:hr>128</ns3:hr>
            <ns3:cad>68</ns3:cad>
          </ns3:TrackPointExtension>
        </extensions>
      </trkpt>
      <trkpt lat="22.58895135484635829925537109375" lon="114.2615362443029880523681640625">
        <ele>8.80000019073486328125</ele>
        <time>2025-06-05T11:17:27.000Z</time>
        <extensions>
          <ns3:TrackPointExtension>
            <ns3:atemp>29.0</ns3:atemp>
            <ns3:hr>128</ns3:hr>
            <ns3:cad>68</ns3:cad>
          </ns3:TrackPointExtension>
        </extensions>
      </trkpt>
      <trkpt lat="22.58897448889911174774169921875" lon="114.2614849470555782318115234375">
        <ele>8.80000019073486328125</ele>
        <time>2025-06-05T11:17:28.000Z</time>
        <extensions>
          <ns3:TrackPointExtension>
            <ns3:atemp>29.0</ns3:atemp>
            <ns3:hr>129</ns3:hr>
            <ns3:cad>68</ns3:cad>
          </ns3:TrackPointExtension>
        </extensions>
      </trkpt>
      <trkpt lat="22.58899862878024578094482421875" lon="114.26143675111234188079833984375">
        <ele>8.80000019073486328125</ele>
        <time>2025-06-05T11:17:29.000Z</time>
        <extensions>
          <ns3:TrackPointExtension>
            <ns3:atemp>29.0</ns3:atemp>
            <ns3:hr>129</ns3:hr>
            <ns3:cad>0</ns3:cad>
          </ns3:TrackPointExtension>
        </extensions>
      </trkpt>
      <trkpt lat="22.5890210084617137908935546875" lon="114.26138830371201038360595703125">
        <ele>8.80000019073486328125</ele>
        <time>2025-06-05T11:17:30.000Z</time>
        <extensions>
          <ns3:TrackPointExtension>
            <ns3:atemp>29.0</ns3:atemp>
            <ns3:hr>129</ns3:hr>
            <ns3:cad>0</ns3:cad>
          </ns3:TrackPointExtension>
        </extensions>
      </trkpt>
      <trkpt lat="22.5890371017158031463623046875" lon="114.2613401077687740325927734375">
        <ele>8.80000019073486328125</ele>
        <time>2025-06-05T11:17:31.000Z</time>
        <extensions>
          <ns3:TrackPointExtension>
            <ns3:atemp>29.0</ns3:atemp>
            <ns3:hr>129</ns3:hr>
            <ns3:cad>0</ns3:cad>
          </ns3:TrackPointExtension>
        </extensions>
      </trkpt>
      <trkpt lat="22.589052021503448486328125" lon="114.26129124127328395843505859375">
        <ele>8.80000019073486328125</ele>
        <time>2025-06-05T11:17:32.000Z</time>
        <extensions>
          <ns3:TrackPointExtension>
            <ns3:atemp>29.0</ns3:atemp>
            <ns3:hr>129</ns3:hr>
            <ns3:cad>0</ns3:cad>
          </ns3:TrackPointExtension>
        </extensions>
      </trkpt>
      <trkpt lat="22.58906853385269641876220703125" lon="114.261242039501667022705078125">
        <ele>8.80000019073486328125</ele>
        <time>2025-06-05T11:17:33.000Z</time>
        <extensions>
          <ns3:TrackPointExtension>
            <ns3:atemp>29.0</ns3:atemp>
            <ns3:hr>129</ns3:hr>
            <ns3:cad>0</ns3:cad>
          </ns3:TrackPointExtension>
        </extensions>
      </trkpt>
      <trkpt lat="22.58908362127840518951416015625" lon="114.2611885629594326019287109375">
        <ele>8.80000019073486328125</ele>
        <time>2025-06-05T11:17:34.000Z</time>
        <extensions>
          <ns3:TrackPointExtension>
            <ns3:atemp>29.0</ns3:atemp>
            <ns3:hr>129</ns3:hr>
            <ns3:cad>0</ns3:cad>
          </ns3:TrackPointExtension>
        </extensions>
      </trkpt>
      <trkpt lat="22.5890994630753993988037109375" lon="114.26115109585225582122802734375">
        <ele>8.80000019073486328125</ele>
        <time>2025-06-05T11:17:35.000Z</time>
        <extensions>
          <ns3:TrackPointExtension>
            <ns3:atemp>29.0</ns3:atemp>
            <ns3:hr>129</ns3:hr>
            <ns3:cad>0</ns3:cad>
          </ns3:TrackPointExtension>
        </extensions>
      </trkpt>
      <trkpt lat="22.589112706482410430908203125" lon="114.26111756823956966400146484375">
        <ele>8.80000019073486328125</ele>
        <time>2025-06-05T11:17:36.000Z</time>
        <extensions>
          <ns3:TrackPointExtension>
            <ns3:atemp>29.0</ns3:atemp>
            <ns3:hr>130</ns3:hr>
            <ns3:cad>0</ns3:cad>
          </ns3:TrackPointExtension>
        </extensions>
      </trkpt>
      <trkpt lat="22.58912955410778522491455078125" lon="114.26108412444591522216796875">
        <ele>9</ele>
        <time>2025-06-05T11:17:37.000Z</time>
        <extensions>
          <ns3:TrackPointExtension>
            <ns3:atemp>29.0</ns3:atemp>
            <ns3:hr>129</ns3:hr>
            <ns3:cad>113</ns3:cad>
          </ns3:TrackPointExtension>
        </extensions>
      </trkpt>
      <trkpt lat="22.5891443900763988494873046875" lon="114.26104984246194362640380859375">
        <ele>9.19999980926513671875</ele>
        <time>2025-06-05T11:17:38.000Z</time>
        <extensions>
          <ns3:TrackPointExtension>
            <ns3:atemp>29.0</ns3:atemp>
            <ns3:hr>129</ns3:hr>
            <ns3:cad>113</ns3:cad>
          </ns3:TrackPointExtension>
        </extensions>
      </trkpt>
      <trkpt lat="22.58915520273149013519287109375" lon="114.2610137164592742919921875">
        <ele>9.19999980926513671875</ele>
        <time>2025-06-05T11:17:39.000Z</time>
        <extensions>
          <ns3:TrackPointExtension>
            <ns3:atemp>29.0</ns3:atemp>
            <ns3:hr>128</ns3:hr>
            <ns3:cad>43</ns3:cad>
          </ns3:TrackPointExtension>
        </extensions>
      </trkpt>
      <trkpt lat="22.589169032871723175048828125" lon="114.2609759978950023651123046875">
        <ele>9.19999980926513671875</ele>
        <time>2025-06-05T11:17:40.000Z</time>
        <extensions>
          <ns3:TrackPointExtension>
            <ns3:atemp>29.0</ns3:atemp>
            <ns3:hr>128</ns3:hr>
            <ns3:cad>43</ns3:cad>
          </ns3:TrackPointExtension>
        </extensions>
      </trkpt>
      <trkpt lat="22.58918344974517822265625" lon="114.2609344236552715301513671875">
        <ele>9.19999980926513671875</ele>
        <time>2025-06-05T11:17:41.000Z</time>
        <extensions>
          <ns3:TrackPointExtension>
            <ns3:atemp>29.0</ns3:atemp>
            <ns3:hr>129</ns3:hr>
            <ns3:cad>43</ns3:cad>
          </ns3:TrackPointExtension>
        </extensions>
      </trkpt>
      <trkpt lat="22.58920063264667987823486328125" lon="114.26089259795844554901123046875">
        <ele>9.19999980926513671875</ele>
        <time>2025-06-05T11:17:42.000Z</time>
        <extensions>
          <ns3:TrackPointExtension>
            <ns3:atemp>29.0</ns3:atemp>
            <ns3:hr>129</ns3:hr>
            <ns3:cad>56</ns3:cad>
          </ns3:TrackPointExtension>
        </extensions>
      </trkpt>
      <trkpt lat="22.5892221741378307342529296875" lon="114.26085202954709529876708984375">
        <ele>9</ele>
        <time>2025-06-05T11:17:43.000Z</time>
        <extensions>
          <ns3:TrackPointExtension>
            <ns3:atemp>29.0</ns3:atemp>
            <ns3:hr>129</ns3:hr>
            <ns3:cad>49</ns3:cad>
          </ns3:TrackPointExtension>
        </extensions>
      </trkpt>
      <trkpt lat="22.58924321271479129791259765625" lon="114.2608125507831573486328125">
        <ele>9</ele>
        <time>2025-06-05T11:17:44.000Z</time>
        <extensions>
          <ns3:TrackPointExtension>
            <ns3:atemp>29.0</ns3:atemp>
            <ns3:hr>129</ns3:hr>
            <ns3:cad>49</ns3:cad>
          </ns3:TrackPointExtension>
        </extensions>
      </trkpt>
      <trkpt lat="22.5892617367208003997802734375" lon="114.26077106036245822906494140625">
        <ele>9.19999980926513671875</ele>
        <time>2025-06-05T11:17:45.000Z</time>
        <extensions>
          <ns3:TrackPointExtension>
            <ns3:atemp>29.0</ns3:atemp>
            <ns3:hr>129</ns3:hr>
            <ns3:cad>55</ns3:cad>
          </ns3:TrackPointExtension>
        </extensions>
      </trkpt>
      <trkpt lat="22.58927992545068264007568359375" lon="114.2607295699417591094970703125">
        <ele>9.19999980926513671875</ele>
        <time>2025-06-05T11:17:46.000Z</time>
        <extensions>
          <ns3:TrackPointExtension>
            <ns3:atemp>29.0</ns3:atemp>
            <ns3:hr>129</ns3:hr>
            <ns3:cad>42</ns3:cad>
          </ns3:TrackPointExtension>
        </extensions>
      </trkpt>
      <trkpt lat="22.58930155076086521148681640625" lon="114.26069143228232860565185546875">
        <ele>9.19999980926513671875</ele>
        <time>2025-06-05T11:17:47.000Z</time>
        <extensions>
          <ns3:TrackPointExtension>
            <ns3:atemp>29.0</ns3:atemp>
            <ns3:hr>128</ns3:hr>
            <ns3:cad>42</ns3:cad>
          </ns3:TrackPointExtension>
        </extensions>
      </trkpt>
      <trkpt lat="22.58931563235819339752197265625" lon="114.260660670697689056396484375">
        <ele>9.3999996185302734375</ele>
        <time>2025-06-05T11:17:48.000Z</time>
        <extensions>
          <ns3:TrackPointExtension>
            <ns3:atemp>29.0</ns3:atemp>
            <ns3:hr>128</ns3:hr>
            <ns3:cad>42</ns3:cad>
          </ns3:TrackPointExtension>
        </extensions>
      </trkpt>
      <trkpt lat="22.589323930442333221435546875" lon="114.2606380395591259002685546875">
        <ele>9.3999996185302734375</ele>
        <time>2025-06-05T11:17:49.000Z</time>
        <extensions>
          <ns3:TrackPointExtension>
            <ns3:atemp>29.0</ns3:atemp>
            <ns3:hr>128</ns3:hr>
            <ns3:cad>42</ns3:cad>
          </ns3:TrackPointExtension>
        </extensions>
      </trkpt>
      <trkpt lat="22.589328624308109283447265625" lon="114.26062504760921001434326171875">
        <ele>9.3999996185302734375</ele>
        <time>2025-06-05T11:17:50.000Z</time>
        <extensions>
          <ns3:TrackPointExtension>
            <ns3:atemp>29.0</ns3:atemp>
            <ns3:hr>128</ns3:hr>
            <ns3:cad>0</ns3:cad>
          </ns3:TrackPointExtension>
        </extensions>
      </trkpt>
      <trkpt lat="22.5893304683268070220947265625" lon="114.2606192640960216522216796875">
        <ele>9.3999996185302734375</ele>
        <time>2025-06-05T11:17:51.000Z</time>
        <extensions>
          <ns3:TrackPointExtension>
            <ns3:atemp>29.0</ns3:atemp>
            <ns3:hr>128</ns3:hr>
            <ns3:cad>0</ns3:cad>
          </ns3:TrackPointExtension>
        </extensions>
      </trkpt>
      <trkpt lat="22.5893391855061054229736328125" lon="114.2606145702302455902099609375">
        <ele>9.3999996185302734375</ele>
        <time>2025-06-05T11:17:52.000Z</time>
        <extensions>
          <ns3:TrackPointExtension>
            <ns3:atemp>29.0</ns3:atemp>
            <ns3:hr>127</ns3:hr>
            <ns3:cad>0</ns3:cad>
          </ns3:TrackPointExtension>
        </extensions>
      </trkpt>
      <trkpt lat="22.589339353144168853759765625" lon="114.260604344308376312255859375">
        <ele>9.3999996185302734375</ele>
        <time>2025-06-05T11:17:53.000Z</time>
        <extensions>
          <ns3:TrackPointExtension>
            <ns3:atemp>29.0</ns3:atemp>
            <ns3:hr>126</ns3:hr>
            <ns3:cad>0</ns3:cad>
          </ns3:TrackPointExtension>
        </extensions>
      </trkpt>
      <trkpt lat="22.5893375091254711151123046875" lon="114.260591603815555572509765625">
        <ele>9.3999996185302734375</ele>
        <time>2025-06-05T11:17:54.000Z</time>
        <extensions>
          <ns3:TrackPointExtension>
            <ns3:atemp>29.0</ns3:atemp>
            <ns3:hr>125</ns3:hr>
            <ns3:cad>0</ns3:cad>
          </ns3:TrackPointExtension>
        </extensions>
      </trkpt>
      <trkpt lat="22.5893341563642024993896484375" lon="114.26058196462690830230712890625">
        <ele>9.19999980926513671875</ele>
        <time>2025-06-05T11:17:55.000Z</time>
        <extensions>
          <ns3:TrackPointExtension>
            <ns3:atemp>29.0</ns3:atemp>
            <ns3:hr>124</ns3:hr>
            <ns3:cad>0</ns3:cad>
          </ns3:TrackPointExtension>
        </extensions>
      </trkpt>
      <trkpt lat="22.5893281213939189910888671875" lon="114.2605713196098804473876953125">
        <ele>9.19999980926513671875</ele>
        <time>2025-06-05T11:17:56.000Z</time>
        <extensions>
          <ns3:TrackPointExtension>
            <ns3:atemp>29.0</ns3:atemp>
            <ns3:hr>123</ns3:hr>
            <ns3:cad>0</ns3:cad>
          </ns3:TrackPointExtension>
        </extensions>
      </trkpt>
      <trkpt lat="22.58932367898523807525634765625" lon="114.2605709843337535858154296875">
        <ele>9</ele>
        <time>2025-06-05T11:17:57.000Z</time>
        <extensions>
          <ns3:TrackPointExtension>
            <ns3:atemp>29.0</ns3:atemp>
            <ns3:hr>123</ns3:hr>
            <ns3:cad>0</ns3:cad>
          </ns3:TrackPointExtension>
        </extensions>
      </trkpt>
      <trkpt lat="22.58932284079492092132568359375" lon="114.260568805038928985595703125">
        <ele>9</ele>
        <time>2025-06-05T11:17:58.000Z</time>
        <extensions>
          <ns3:TrackPointExtension>
            <ns3:atemp>29.0</ns3:atemp>
            <ns3:hr>123</ns3:hr>
            <ns3:cad>0</ns3:cad>
          </ns3:TrackPointExtension>
        </extensions>
      </trkpt>
      <trkpt lat="22.5893537700176239013671875" lon="114.26055933348834514617919921875">
        <ele>8.80000019073486328125</ele>
        <time>2025-06-05T11:17:59.000Z</time>
        <extensions>
          <ns3:TrackPointExtension>
            <ns3:atemp>29.0</ns3:atemp>
            <ns3:hr>123</ns3:hr>
            <ns3:cad>0</ns3:cad>
          </ns3:TrackPointExtension>
        </extensions>
      </trkpt>
      <trkpt lat="22.58932217024266719818115234375" lon="114.26049613393843173980712890625">
        <ele>7.19999980926513671875</ele>
        <time>2025-06-05T11:18:49.000Z</time>
        <extensions>
          <ns3:TrackPointExtension>
            <ns3:atemp>29.0</ns3:atemp>
            <ns3:hr>122</ns3:hr>
          </ns3:TrackPointExtension>
        </extensions>
      </trkpt>
      <trkpt lat="22.589325942099094390869140625" lon="114.26046512089669704437255859375">
        <ele>7.400000095367431640625</ele>
        <time>2025-06-05T11:18:50.000Z</time>
        <extensions>
          <ns3:TrackPointExtension>
            <ns3:atemp>29.0</ns3:atemp>
            <ns3:hr>122</ns3:hr>
          </ns3:TrackPointExtension>
        </extensions>
      </trkpt>
      <trkpt lat="22.58932493627071380615234375" lon="114.260429330170154571533203125">
        <ele>7.599999904632568359375</ele>
        <time>2025-06-05T11:18:51.000Z</time>
        <extensions>
          <ns3:TrackPointExtension>
            <ns3:atemp>29.0</ns3:atemp>
            <ns3:hr>122</ns3:hr>
          </ns3:TrackPointExtension>
        </extensions>
      </trkpt>
      <trkpt lat="22.58931764401495456695556640625" lon="114.260390102863311767578125">
        <ele>7.599999904632568359375</ele>
        <time>2025-06-05T11:18:52.000Z</time>
        <extensions>
          <ns3:TrackPointExtension>
            <ns3:atemp>29.0</ns3:atemp>
            <ns3:hr>122</ns3:hr>
          </ns3:TrackPointExtension>
        </extensions>
      </trkpt>
      <trkpt lat="22.589307837188243865966796875" lon="114.26035045646131038665771484375">
        <ele>7.80000019073486328125</ele>
        <time>2025-06-05T11:18:53.000Z</time>
        <extensions>
          <ns3:TrackPointExtension>
            <ns3:atemp>29.0</ns3:atemp>
            <ns3:hr>122</ns3:hr>
            <ns3:cad>45</ns3:cad>
          </ns3:TrackPointExtension>
        </extensions>
      </trkpt>
      <trkpt lat="22.58930657990276813507080078125" lon="114.26030502654612064361572265625">
        <ele>7.80000019073486328125</ele>
        <time>2025-06-05T11:18:54.000Z</time>
        <extensions>
          <ns3:TrackPointExtension>
            <ns3:atemp>29.0</ns3:atemp>
            <ns3:hr>122</ns3:hr>
            <ns3:cad>57</ns3:cad>
          </ns3:TrackPointExtension>
        </extensions>
      </trkpt>
      <trkpt lat="22.589309178292751312255859375" lon="114.260258339345455169677734375">
        <ele>7.80000019073486328125</ele>
        <time>2025-06-05T11:18:55.000Z</time>
        <extensions>
          <ns3:TrackPointExtension>
            <ns3:atemp>29.0</ns3:atemp>
            <ns3:hr>121</ns3:hr>
            <ns3:cad>57</ns3:cad>
          </ns3:TrackPointExtension>
        </extensions>
      </trkpt>
      <trkpt lat="22.5892893970012664794921875" lon="114.2602199502289295196533203125">
        <ele>7.80000019073486328125</ele>
        <time>2025-06-05T11:18:56.000Z</time>
        <extensions>
          <ns3:TrackPointExtension>
            <ns3:atemp>29.0</ns3:atemp>
            <ns3:hr>120</ns3:hr>
            <ns3:cad>57</ns3:cad>
          </ns3:TrackPointExtension>
        </extensions>
      </trkpt>
      <trkpt lat="22.58926014415919780731201171875" lon="114.26018835045397281646728515625">
        <ele>8</ele>
        <time>2025-06-05T11:18:57.000Z</time>
        <extensions>
          <ns3:TrackPointExtension>
            <ns3:atemp>29.0</ns3:atemp>
            <ns3:hr>119</ns3:hr>
            <ns3:cad>57</ns3:cad>
          </ns3:TrackPointExtension>
        </extensions>
      </trkpt>
      <trkpt lat="22.58922393433749675750732421875" lon="114.2601585946977138519287109375">
        <ele>8</ele>
        <time>2025-06-05T11:18:58.000Z</time>
        <extensions>
          <ns3:TrackPointExtension>
            <ns3:atemp>29.0</ns3:atemp>
            <ns3:hr>117</ns3:hr>
            <ns3:cad>57</ns3:cad>
          </ns3:TrackPointExtension>
        </extensions>
      </trkpt>
      <trkpt lat="22.5891821086406707763671875" lon="114.2601384781301021575927734375">
        <ele>8.19999980926513671875</ele>
        <time>2025-06-05T11:18:59.000Z</time>
        <extensions>
          <ns3:TrackPointExtension>
            <ns3:atemp>29.0</ns3:atemp>
            <ns3:hr>116</ns3:hr>
            <ns3:cad>68</ns3:cad>
          </ns3:TrackPointExtension>
        </extensions>
      </trkpt>
      <trkpt lat="22.58913776837289333343505859375" lon="114.26011995412409305572509765625">
        <ele>8.19999980926513671875</ele>
        <time>2025-06-05T11:19:00.000Z</time>
        <extensions>
          <ns3:TrackPointExtension>
            <ns3:atemp>29.0</ns3:atemp>
            <ns3:hr>117</ns3:hr>
            <ns3:cad>72</ns3:cad>
          </ns3:TrackPointExtension>
        </extensions>
      </trkpt>
      <trkpt lat="22.5890964455902576446533203125" lon="114.26009128801524639129638671875">
        <ele>8.3999996185302734375</ele>
        <time>2025-06-05T11:19:01.000Z</time>
        <extensions>
          <ns3:TrackPointExtension>
            <ns3:atemp>29.0</ns3:atemp>
            <ns3:hr>117</ns3:hr>
            <ns3:cad>71</ns3:cad>
          </ns3:TrackPointExtension>
        </extensions>
      </trkpt>
      <trkpt lat="22.58905780501663684844970703125" lon="114.2600560002028942108154296875">
        <ele>8.6000003814697265625</ele>
        <time>2025-06-05T11:19:02.000Z</time>
        <extensions>
          <ns3:TrackPointExtension>
            <ns3:atemp>29.0</ns3:atemp>
            <ns3:hr>117</ns3:hr>
            <ns3:cad>71</ns3:cad>
          </ns3:TrackPointExtension>
        </extensions>
      </trkpt>
      <trkpt lat="22.5890173204243183135986328125" lon="114.26002456806600093841552734375">
        <ele>8.80000019073486328125</ele>
        <time>2025-06-05T11:19:03.000Z</time>
        <extensions>
          <ns3:TrackPointExtension>
            <ns3:atemp>29.0</ns3:atemp>
            <ns3:hr>117</ns3:hr>
            <ns3:cad>75</ns3:cad>
          </ns3:TrackPointExtension>
        </extensions>
      </trkpt>
      <trkpt lat="22.58897348307073116302490234375" lon="114.25999640487134456634521484375">
        <ele>9</ele>
        <time>2025-06-05T11:19:04.000Z</time>
        <extensions>
          <ns3:TrackPointExtension>
            <ns3:atemp>29.0</ns3:atemp>
            <ns3:hr>118</ns3:hr>
            <ns3:cad>78</ns3:cad>
          </ns3:TrackPointExtension>
        </extensions>
      </trkpt>
      <trkpt lat="22.5889274664223194122314453125" lon="114.25996941514313220977783203125">
        <ele>9</ele>
        <time>2025-06-05T11:19:05.000Z</time>
        <extensions>
          <ns3:TrackPointExtension>
            <ns3:atemp>29.0</ns3:atemp>
            <ns3:hr>118</ns3:hr>
            <ns3:cad>78</ns3:cad>
          </ns3:TrackPointExtension>
        </extensions>
      </trkpt>
      <trkpt lat="22.5888795219361782073974609375" lon="114.259943850338459014892578125">
        <ele>9.19999980926513671875</ele>
        <time>2025-06-05T11:19:06.000Z</time>
        <extensions>
          <ns3:TrackPointExtension>
            <ns3:atemp>29.0</ns3:atemp>
            <ns3:hr>118</ns3:hr>
            <ns3:cad>80</ns3:cad>
          </ns3:TrackPointExtension>
        </extensions>
      </trkpt>
      <trkpt lat="22.58883350528776645660400390625" lon="114.25991468131542205810546875">
        <ele>9.3999996185302734375</ele>
        <time>2025-06-05T11:19:07.000Z</time>
        <extensions>
          <ns3:TrackPointExtension>
            <ns3:atemp>29.0</ns3:atemp>
            <ns3:hr>117</ns3:hr>
            <ns3:cad>79</ns3:cad>
          </ns3:TrackPointExtension>
        </extensions>
      </trkpt>
      <trkpt lat="22.58879209868609905242919921875" lon="114.2598843388259410858154296875">
        <ele>9.3999996185302734375</ele>
        <time>2025-06-05T11:19:08.000Z</time>
        <extensions>
          <ns3:TrackPointExtension>
            <ns3:atemp>29.0</ns3:atemp>
            <ns3:hr>118</ns3:hr>
            <ns3:cad>79</ns3:cad>
          </ns3:TrackPointExtension>
        </extensions>
      </trkpt>
      <trkpt lat="22.58875220082700252532958984375" lon="114.2598541639745235443115234375">
        <ele>9.6000003814697265625</ele>
        <time>2025-06-05T11:19:09.000Z</time>
        <extensions>
          <ns3:TrackPointExtension>
            <ns3:atemp>29.0</ns3:atemp>
            <ns3:hr>118</ns3:hr>
            <ns3:cad>79</ns3:cad>
          </ns3:TrackPointExtension>
        </extensions>
      </trkpt>
      <trkpt lat="22.58871800266206264495849609375" lon="114.25981585867702960968017578125">
        <ele>9.80000019073486328125</ele>
        <time>2025-06-05T11:19:10.000Z</time>
        <extensions>
          <ns3:TrackPointExtension>
            <ns3:atemp>29.0</ns3:atemp>
            <ns3:hr>118</ns3:hr>
            <ns3:cad>79</ns3:cad>
          </ns3:TrackPointExtension>
        </extensions>
      </trkpt>
      <trkpt lat="22.5886981375515460968017578125" lon="114.2597740329802036285400390625">
        <ele>10</ele>
        <time>2025-06-05T11:19:11.000Z</time>
        <extensions>
          <ns3:TrackPointExtension>
            <ns3:atemp>29.0</ns3:atemp>
            <ns3:hr>119</ns3:hr>
            <ns3:cad>79</ns3:cad>
          </ns3:TrackPointExtension>
        </extensions>
      </trkpt>
      <trkpt lat="22.588715739548206329345703125" lon="114.25975165329873561859130859375">
        <ele>10</ele>
        <time>2025-06-05T11:19:12.000Z</time>
        <extensions>
          <ns3:TrackPointExtension>
            <ns3:atemp>29.0</ns3:atemp>
            <ns3:hr>119</ns3:hr>
            <ns3:cad>0</ns3:cad>
          </ns3:TrackPointExtension>
        </extensions>
      </trkpt>
      <trkpt lat="22.58872806094586849212646484375" lon="114.25973639823496341705322265625">
        <ele>10</ele>
        <time>2025-06-05T11:19:13.000Z</time>
        <extensions>
          <ns3:TrackPointExtension>
            <ns3:atemp>29.0</ns3:atemp>
            <ns3:hr>119</ns3:hr>
            <ns3:cad>0</ns3:cad>
          </ns3:TrackPointExtension>
        </extensions>
      </trkpt>
      <trkpt lat="22.58873342536389827728271484375" lon="114.25972164608538150787353515625">
        <ele>10</ele>
        <time>2025-06-05T11:19:14.000Z</time>
        <extensions>
          <ns3:TrackPointExtension>
            <ns3:atemp>29.0</ns3:atemp>
            <ns3:hr>118</ns3:hr>
            <ns3:cad>0</ns3:cad>
          </ns3:TrackPointExtension>
        </extensions>
      </trkpt>
      <trkpt lat="22.58874448947608470916748046875" lon="114.25970370881259441375732421875">
        <ele>10</ele>
        <time>2025-06-05T11:19:15.000Z</time>
        <extensions>
          <ns3:TrackPointExtension>
            <ns3:atemp>29.0</ns3:atemp>
            <ns3:hr>118</ns3:hr>
            <ns3:cad>0</ns3:cad>
          </ns3:TrackPointExtension>
        </extensions>
      </trkpt>
      <trkpt lat="22.5887571461498737335205078125" lon="114.2596905492246150970458984375">
        <ele>10.19999980926513671875</ele>
        <time>2025-06-05T11:19:16.000Z</time>
        <extensions>
          <ns3:TrackPointExtension>
            <ns3:atemp>29.0</ns3:atemp>
            <ns3:hr>118</ns3:hr>
            <ns3:cad>0</ns3:cad>
          </ns3:TrackPointExtension>
        </extensions>
      </trkpt>
      <trkpt lat="22.588775418698787689208984375" lon="114.25967688672244548797607421875">
        <ele>10.19999980926513671875</ele>
        <time>2025-06-05T11:19:17.000Z</time>
        <extensions>
          <ns3:TrackPointExtension>
            <ns3:atemp>29.0</ns3:atemp>
            <ns3:hr>118</ns3:hr>
            <ns3:cad>0</ns3:cad>
          </ns3:TrackPointExtension>
        </extensions>
      </trkpt>
    </trkseg>
  </trk>
</gpx>
